condition,epoch,mean,std,min,max,n,source
Grasp pose prior,1,0.0,0.0,0.0,0.0,5,/home/lzha/code/DEXTRAH/cluster_results/a1001/franka_cube_seed_sweep600_c7e66a0_20260612_092951/success_rate_plot_means.csv
Grasp pose prior,2,0.0,0.0,0.0,0.0,5,/home/lzha/code/DEXTRAH/cluster_results/a1001/franka_cube_seed_sweep600_c7e66a0_20260612_092951/success_rate_plot_means.csv
Grasp pose prior,3,0.0,0.0,0.0,0.0,5,/home/lzha/code/DEXTRAH/cluster_results/a1001/franka_cube_seed_sweep600_c7e66a0_20260612_092951/success_rate_plot_means.csv
Grasp pose prior,4,0.0,0.0,0.0,0.0,5,/home/lzha/code/DEXTRAH/cluster_results/a1001/franka_cube_seed_sweep600_c7e66a0_20260612_092951/success_rate_plot_means.csv
Grasp pose prior,5,0.0,0.0,0.0,0.0,5,/home/lzha/code/DEXTRAH/cluster_results/a1001/franka_cube_seed_sweep600_c7e66a0_20260612_092951/success_rate_plot_means.csv
Grasp pose prior,6,0.0,0.0,0.0,0.0,5,/home/lzha/code/DEXTRAH/cluster_results/a1001/franka_cube_seed_sweep600_c7e66a0_20260612_092951/success_rate_plot_means.csv
Grasp pose prior,7,0.0,0.0,0.0,0.0,5,/home/lzha/code/DEXTRAH/cluster_results/a1001/franka_cube_seed_sweep600_c7e66a0_20260612_092951/success_rate_plot_means.csv
Grasp pose prior,8,0.0,0.0,0.0,0.0,5,/home/lzha/code/DEXTRAH/cluster_results/a1001/franka_cube_seed_sweep600_c7e66a0_20260612_092951/success_rate_plot_means.csv
Grasp pose prior,9,0.0,0.0,0.0,0.0,5,/home/lzha/code/DEXTRAH/cluster_results/a1001/franka_cube_seed_sweep600_c7e66a0_20260612_092951/success_rate_plot_means.csv
Grasp pose prior,10,0.0,0.0,0.0,0.0,5,/home/lzha/code/DEXTRAH/cluster_results/a1001/franka_cube_seed_sweep600_c7e66a0_20260612_092951/success_rate_plot_means.csv
Grasp pose prior,11,0.0,0.0,0.0,0.0,5,/home/lzha/code/DEXTRAH/cluster_results/a1001/franka_cube_seed_sweep600_c7e66a0_20260612_092951/success_rate_plot_means.csv
Grasp pose prior,12,0.0,0.0,0.0,0.0,5,/home/lzha/code/DEXTRAH/cluster_results/a1001/franka_cube_seed_sweep600_c7e66a0_20260612_092951/success_rate_plot_means.csv
Grasp pose prior,13,9.765625e-05,0.00021836601342771383,0.0,0.00048828125,5,/home/lzha/code/DEXTRAH/cluster_results/a1001/franka_cube_seed_sweep600_c7e66a0_20260612_092951/success_rate_plot_means.csv
Grasp pose prior,14,0.0001953125,0.00043673202685542766,0.0,0.0009765625,5,/home/lzha/code/DEXTRAH/cluster_results/a1001/franka_cube_seed_sweep600_c7e66a0_20260612_092951/success_rate_plot_means.csv
Grasp pose prior,15,9.765625e-05,0.00021836601342771383,0.0,0.00048828125,5,/home/lzha/code/DEXTRAH/cluster_results/a1001/franka_cube_seed_sweep600_c7e66a0_20260612_092951/success_rate_plot_means.csv
Grasp pose prior,16,9.765625e-05,0.00021836601342771383,0.0,0.00048828125,5,/home/lzha/code/DEXTRAH/cluster_results/a1001/franka_cube_seed_sweep600_c7e66a0_20260612_092951/success_rate_plot_means.csv
Grasp pose prior,17,0.000390625,0.0005348853100636387,0.0,0.0009765625,5,/home/lzha/code/DEXTRAH/cluster_results/a1001/franka_cube_seed_sweep600_c7e66a0_20260612_092951/success_rate_plot_means.csv
Grasp pose prior,18,0.000390625,0.0006366408598830712,0.0,0.00146484375,5,/home/lzha/code/DEXTRAH/cluster_results/a1001/franka_cube_seed_sweep600_c7e66a0_20260612_092951/success_rate_plot_means.csv
Grasp pose prior,19,0.00107421875,0.0014810303601663184,0.0,0.0029296875,5,/home/lzha/code/DEXTRAH/cluster_results/a1001/franka_cube_seed_sweep600_c7e66a0_20260612_092951/success_rate_plot_means.csv
Grasp pose prior,20,0.0015625,0.0019953922599318897,0.0,0.00439453125,5,/home/lzha/code/DEXTRAH/cluster_results/a1001/franka_cube_seed_sweep600_c7e66a0_20260612_092951/success_rate_plot_means.csv
Grasp pose prior,21,0.00322265625,0.005299595137193413,0.0,0.01220703125,5,/home/lzha/code/DEXTRAH/cluster_results/a1001/franka_cube_seed_sweep600_c7e66a0_20260612_092951/success_rate_plot_means.csv
Grasp pose prior,22,0.01201171875,0.017906013101072534,0.0,0.0400390625,5,/home/lzha/code/DEXTRAH/cluster_results/a1001/franka_cube_seed_sweep600_c7e66a0_20260612_092951/success_rate_plot_means.csv
Grasp pose prior,23,0.01044921875,0.01504825459748286,0.0,0.03271484375,5,/home/lzha/code/DEXTRAH/cluster_results/a1001/franka_cube_seed_sweep600_c7e66a0_20260612_092951/success_rate_plot_means.csv
Grasp pose prior,24,0.01005859375,0.014776458802473986,0.0,0.03271484375,5,/home/lzha/code/DEXTRAH/cluster_results/a1001/franka_cube_seed_sweep600_c7e66a0_20260612_092951/success_rate_plot_means.csv
Grasp pose prior,25,0.0083984375,0.013413966663442594,0.0,0.03125,5,/home/lzha/code/DEXTRAH/cluster_results/a1001/franka_cube_seed_sweep600_c7e66a0_20260612_092951/success_rate_plot_means.csv
Grasp pose prior,26,0.01171875,0.01680851023247901,0.0,0.03857421875,5,/home/lzha/code/DEXTRAH/cluster_results/a1001/franka_cube_seed_sweep600_c7e66a0_20260612_092951/success_rate_plot_means.csv
Grasp pose prior,27,0.0109375,0.015473971015602273,0.0,0.03369140625,5,/home/lzha/code/DEXTRAH/cluster_results/a1001/franka_cube_seed_sweep600_c7e66a0_20260612_092951/success_rate_plot_means.csv
Grasp pose prior,28,0.01005859375,0.013235934871546782,0.0,0.0283203125,5,/home/lzha/code/DEXTRAH/cluster_results/a1001/franka_cube_seed_sweep600_c7e66a0_20260612_092951/success_rate_plot_means.csv
Grasp pose prior,29,0.01171875,0.018857394059890155,0.0,0.04443359375,5,/home/lzha/code/DEXTRAH/cluster_results/a1001/franka_cube_seed_sweep600_c7e66a0_20260612_092951/success_rate_plot_means.csv
Grasp pose prior,30,0.0361328125,0.07018268044858882,0.0,0.1611328125,5,/home/lzha/code/DEXTRAH/cluster_results/a1001/franka_cube_seed_sweep600_c7e66a0_20260612_092951/success_rate_plot_means.csv
Grasp pose prior,31,0.021484375,0.03792282781044453,0.0,0.0888671875,5,/home/lzha/code/DEXTRAH/cluster_results/a1001/franka_cube_seed_sweep600_c7e66a0_20260612_092951/success_rate_plot_means.csv
Grasp pose prior,32,0.034765625,0.04884692021074315,0.0,0.111328125,5,/home/lzha/code/DEXTRAH/cluster_results/a1001/franka_cube_seed_sweep600_c7e66a0_20260612_092951/success_rate_plot_means.csv
Grasp pose prior,33,0.0392578125,0.05368274295501597,0.0,0.11962890625,5,/home/lzha/code/DEXTRAH/cluster_results/a1001/franka_cube_seed_sweep600_c7e66a0_20260612_092951/success_rate_plot_means.csv
Grasp pose prior,34,0.04052734375,0.050375860845816134,0.0,0.10400390625,5,/home/lzha/code/DEXTRAH/cluster_results/a1001/franka_cube_seed_sweep600_c7e66a0_20260612_092951/success_rate_plot_means.csv
Grasp pose prior,35,0.04697265625,0.05527227285930705,0.0,0.12158203125,5,/home/lzha/code/DEXTRAH/cluster_results/a1001/franka_cube_seed_sweep600_c7e66a0_20260612_092951/success_rate_plot_means.csv
Grasp pose prior,36,0.05703125,0.06595720042036715,0.0,0.1474609375,5,/home/lzha/code/DEXTRAH/cluster_results/a1001/franka_cube_seed_sweep600_c7e66a0_20260612_092951/success_rate_plot_means.csv
Grasp pose prior,37,0.04599609375,0.0580299206870584,0.0,0.142578125,5,/home/lzha/code/DEXTRAH/cluster_results/a1001/franka_cube_seed_sweep600_c7e66a0_20260612_092951/success_rate_plot_means.csv
Grasp pose prior,38,0.05126953125,0.061419687135595806,0.0,0.1376953125,5,/home/lzha/code/DEXTRAH/cluster_results/a1001/franka_cube_seed_sweep600_c7e66a0_20260612_092951/success_rate_plot_means.csv
Grasp pose prior,39,0.07578125,0.07970314620256469,0.0,0.173828125,5,/home/lzha/code/DEXTRAH/cluster_results/a1001/franka_cube_seed_sweep600_c7e66a0_20260612_092951/success_rate_plot_means.csv
Grasp pose prior,40,0.09697265625,0.08803603964529653,0.0,0.19287109375,5,/home/lzha/code/DEXTRAH/cluster_results/a1001/franka_cube_seed_sweep600_c7e66a0_20260612_092951/success_rate_plot_means.csv
Grasp pose prior,41,0.1349609375,0.08961630517556675,0.0,0.23828125,5,/home/lzha/code/DEXTRAH/cluster_results/a1001/franka_cube_seed_sweep600_c7e66a0_20260612_092951/success_rate_plot_means.csv
Grasp pose prior,42,0.15458984375,0.10896201502534628,0.0,0.244140625,5,/home/lzha/code/DEXTRAH/cluster_results/a1001/franka_cube_seed_sweep600_c7e66a0_20260612_092951/success_rate_plot_means.csv
Grasp pose prior,43,0.17431640625,0.13011343994973848,0.0,0.28857421875,5,/home/lzha/code/DEXTRAH/cluster_results/a1001/franka_cube_seed_sweep600_c7e66a0_20260612_092951/success_rate_plot_means.csv
Grasp pose prior,44,0.1892578125,0.13462339995698744,0.0009765625,0.29931640625,5,/home/lzha/code/DEXTRAH/cluster_results/a1001/franka_cube_seed_sweep600_c7e66a0_20260612_092951/success_rate_plot_means.csv
Grasp pose prior,45,0.20224609375,0.1372519422994736,0.00048828125,0.32421875,5,/home/lzha/code/DEXTRAH/cluster_results/a1001/franka_cube_seed_sweep600_c7e66a0_20260612_092951/success_rate_plot_means.csv
Grasp pose prior,46,0.2240234375,0.15196823398032602,0.0,0.37841796875,5,/home/lzha/code/DEXTRAH/cluster_results/a1001/franka_cube_seed_sweep600_c7e66a0_20260612_092951/success_rate_plot_means.csv
Grasp pose prior,47,0.2185546875,0.14480177846311676,0.00048828125,0.3525390625,5,/home/lzha/code/DEXTRAH/cluster_results/a1001/franka_cube_seed_sweep600_c7e66a0_20260612_092951/success_rate_plot_means.csv
Grasp pose prior,48,0.29599609375,0.18709469540536985,0.0009765625,0.4423828125,5,/home/lzha/code/DEXTRAH/cluster_results/a1001/franka_cube_seed_sweep600_c7e66a0_20260612_092951/success_rate_plot_means.csv
Grasp pose prior,49,0.33154296875,0.18856825105458802,0.005859375,0.455078125,5,/home/lzha/code/DEXTRAH/cluster_results/a1001/franka_cube_seed_sweep600_c7e66a0_20260612_092951/success_rate_plot_means.csv
Grasp pose prior,50,0.35283203125,0.20012461832976297,0.013671875,0.4853515625,5,/home/lzha/code/DEXTRAH/cluster_results/a1001/franka_cube_seed_sweep600_c7e66a0_20260612_092951/success_rate_plot_means.csv
Grasp pose prior,51,0.3810546875,0.1962060249772308,0.05224609375,0.54541015625,5,/home/lzha/code/DEXTRAH/cluster_results/a1001/franka_cube_seed_sweep600_c7e66a0_20260612_092951/success_rate_plot_means.csv
Grasp pose prior,52,0.4064453125,0.20966821891723547,0.05126953125,0.58251953125,5,/home/lzha/code/DEXTRAH/cluster_results/a1001/franka_cube_seed_sweep600_c7e66a0_20260612_092951/success_rate_plot_means.csv
Grasp pose prior,53,0.42099609375,0.22315692491566866,0.044921875,0.61865234375,5,/home/lzha/code/DEXTRAH/cluster_results/a1001/franka_cube_seed_sweep600_c7e66a0_20260612_092951/success_rate_plot_means.csv
Grasp pose prior,54,0.439453125,0.23160055241691843,0.0498046875,0.666015625,5,/home/lzha/code/DEXTRAH/cluster_results/a1001/franka_cube_seed_sweep600_c7e66a0_20260612_092951/success_rate_plot_means.csv
Grasp pose prior,55,0.46005859375,0.21603269871706465,0.091796875,0.658203125,5,/home/lzha/code/DEXTRAH/cluster_results/a1001/franka_cube_seed_sweep600_c7e66a0_20260612_092951/success_rate_plot_means.csv
Grasp pose prior,56,0.48583984375,0.22326710212363585,0.11181640625,0.7060546875,5,/home/lzha/code/DEXTRAH/cluster_results/a1001/franka_cube_seed_sweep600_c7e66a0_20260612_092951/success_rate_plot_means.csv
Grasp pose prior,57,0.46455078125,0.2235204689330341,0.11328125,0.68505859375,5,/home/lzha/code/DEXTRAH/cluster_results/a1001/franka_cube_seed_sweep600_c7e66a0_20260612_092951/success_rate_plot_means.csv
Grasp pose prior,58,0.5373046875,0.2386620652200975,0.13330078125,0.74853515625,5,/home/lzha/code/DEXTRAH/cluster_results/a1001/franka_cube_seed_sweep600_c7e66a0_20260612_092951/success_rate_plot_means.csv
Grasp pose prior,59,0.56953125,0.17501412743356054,0.27197265625,0.7236328125,5,/home/lzha/code/DEXTRAH/cluster_results/a1001/franka_cube_seed_sweep600_c7e66a0_20260612_092951/success_rate_plot_means.csv
Grasp pose prior,60,0.5650390625,0.19280321689312122,0.2392578125,0.7412109375,5,/home/lzha/code/DEXTRAH/cluster_results/a1001/franka_cube_seed_sweep600_c7e66a0_20260612_092951/success_rate_plot_means.csv
Grasp pose prior,61,0.57880859375,0.18384181369278596,0.2666015625,0.72607421875,5,/home/lzha/code/DEXTRAH/cluster_results/a1001/franka_cube_seed_sweep600_c7e66a0_20260612_092951/success_rate_plot_means.csv
Grasp pose prior,62,0.590234375,0.18449388970488953,0.2744140625,0.71826171875,5,/home/lzha/code/DEXTRAH/cluster_results/a1001/franka_cube_seed_sweep600_c7e66a0_20260612_092951/success_rate_plot_means.csv
Grasp pose prior,63,0.60380859375,0.173089539239248,0.30908203125,0.7373046875,5,/home/lzha/code/DEXTRAH/cluster_results/a1001/franka_cube_seed_sweep600_c7e66a0_20260612_092951/success_rate_plot_means.csv
Grasp pose prior,64,0.6123046875,0.1611779352066695,0.34130859375,0.74365234375,5,/home/lzha/code/DEXTRAH/cluster_results/a1001/franka_cube_seed_sweep600_c7e66a0_20260612_092951/success_rate_plot_means.csv
Grasp pose prior,65,0.622265625,0.17040476968116336,0.326171875,0.7373046875,5,/home/lzha/code/DEXTRAH/cluster_results/a1001/franka_cube_seed_sweep600_c7e66a0_20260612_092951/success_rate_plot_means.csv
Grasp pose prior,66,0.5203125,0.17471587412989592,0.22314453125,0.67333984375,5,/home/lzha/code/DEXTRAH/cluster_results/a1001/franka_cube_seed_sweep600_c7e66a0_20260612_092951/success_rate_plot_means.csv
Grasp pose prior,67,0.6392578125,0.22316066424858816,0.244140625,0.77294921875,5,/home/lzha/code/DEXTRAH/cluster_results/a1001/franka_cube_seed_sweep600_c7e66a0_20260612_092951/success_rate_plot_means.csv
Grasp pose prior,68,0.65986328125,0.14731235723929595,0.39892578125,0.75390625,5,/home/lzha/code/DEXTRAH/cluster_results/a1001/franka_cube_seed_sweep600_c7e66a0_20260612_092951/success_rate_plot_means.csv
Grasp pose prior,69,0.67021484375,0.14092248604051227,0.42138671875,0.7685546875,5,/home/lzha/code/DEXTRAH/cluster_results/a1001/franka_cube_seed_sweep600_c7e66a0_20260612_092951/success_rate_plot_means.csv
Grasp pose prior,70,0.666015625,0.14137491964511628,0.41845703125,0.76416015625,5,/home/lzha/code/DEXTRAH/cluster_results/a1001/franka_cube_seed_sweep600_c7e66a0_20260612_092951/success_rate_plot_means.csv
Grasp pose prior,71,0.683984375,0.1240476569609832,0.4658203125,0.75634765625,5,/home/lzha/code/DEXTRAH/cluster_results/a1001/franka_cube_seed_sweep600_c7e66a0_20260612_092951/success_rate_plot_means.csv
Grasp pose prior,72,0.69873046875,0.10340904651225506,0.51806640625,0.77490234375,5,/home/lzha/code/DEXTRAH/cluster_results/a1001/franka_cube_seed_sweep600_c7e66a0_20260612_092951/success_rate_plot_means.csv
Grasp pose prior,73,0.7080078125,0.09191886425647987,0.54931640625,0.771484375,5,/home/lzha/code/DEXTRAH/cluster_results/a1001/franka_cube_seed_sweep600_c7e66a0_20260612_092951/success_rate_plot_means.csv
Grasp pose prior,74,0.717578125,0.08601694769539617,0.5703125,0.78466796875,5,/home/lzha/code/DEXTRAH/cluster_results/a1001/franka_cube_seed_sweep600_c7e66a0_20260612_092951/success_rate_plot_means.csv
Grasp pose prior,75,0.58515625,0.12518468564736615,0.38037109375,0.68603515625,5,/home/lzha/code/DEXTRAH/cluster_results/a1001/franka_cube_seed_sweep600_c7e66a0_20260612_092951/success_rate_plot_means.csv
Grasp pose prior,76,0.7029296875,0.16447056476244862,0.4130859375,0.82080078125,5,/home/lzha/code/DEXTRAH/cluster_results/a1001/franka_cube_seed_sweep600_c7e66a0_20260612_092951/success_rate_plot_means.csv
Grasp pose prior,77,0.73955078125,0.06415335562560155,0.63037109375,0.80078125,5,/home/lzha/code/DEXTRAH/cluster_results/a1001/franka_cube_seed_sweep600_c7e66a0_20260612_092951/success_rate_plot_means.csv
Grasp pose prior,78,0.73857421875,0.07686095939130766,0.61279296875,0.822265625,5,/home/lzha/code/DEXTRAH/cluster_results/a1001/franka_cube_seed_sweep600_c7e66a0_20260612_092951/success_rate_plot_means.csv
Grasp pose prior,79,0.74482421875,0.05964990520357848,0.6474609375,0.806640625,5,/home/lzha/code/DEXTRAH/cluster_results/a1001/franka_cube_seed_sweep600_c7e66a0_20260612_092951/success_rate_plot_means.csv
Grasp pose prior,80,0.750390625,0.06154416658476084,0.6513671875,0.81494140625,5,/home/lzha/code/DEXTRAH/cluster_results/a1001/franka_cube_seed_sweep600_c7e66a0_20260612_092951/success_rate_plot_means.csv
Grasp pose prior,81,0.7541015625,0.06258824794010776,0.64892578125,0.81640625,5,/home/lzha/code/DEXTRAH/cluster_results/a1001/franka_cube_seed_sweep600_c7e66a0_20260612_092951/success_rate_plot_means.csv
Grasp pose prior,82,0.7525390625,0.05921041867876587,0.65234375,0.80029296875,5,/home/lzha/code/DEXTRAH/cluster_results/a1001/franka_cube_seed_sweep600_c7e66a0_20260612_092951/success_rate_plot_means.csv
Grasp pose prior,83,0.76181640625,0.0512001949306592,0.6748046875,0.8037109375,5,/home/lzha/code/DEXTRAH/cluster_results/a1001/franka_cube_seed_sweep600_c7e66a0_20260612_092951/success_rate_plot_means.csv
Grasp pose prior,84,0.76201171875,0.065227686373511,0.65087890625,0.81884765625,5,/home/lzha/code/DEXTRAH/cluster_results/a1001/franka_cube_seed_sweep600_c7e66a0_20260612_092951/success_rate_plot_means.csv
Grasp pose prior,85,0.69794921875,0.1388997529337301,0.50244140625,0.8232421875,5,/home/lzha/code/DEXTRAH/cluster_results/a1001/franka_cube_seed_sweep600_c7e66a0_20260612_092951/success_rate_plot_means.csv
Grasp pose prior,86,0.7921875,0.04802885880781832,0.71337890625,0.83984375,5,/home/lzha/code/DEXTRAH/cluster_results/a1001/franka_cube_seed_sweep600_c7e66a0_20260612_092951/success_rate_plot_means.csv
Grasp pose prior,87,0.78134765625,0.05437752202641638,0.6982421875,0.8330078125,5,/home/lzha/code/DEXTRAH/cluster_results/a1001/franka_cube_seed_sweep600_c7e66a0_20260612_092951/success_rate_plot_means.csv
Grasp pose prior,88,0.78056640625,0.043719035498755075,0.71044921875,0.82958984375,5,/home/lzha/code/DEXTRAH/cluster_results/a1001/franka_cube_seed_sweep600_c7e66a0_20260612_092951/success_rate_plot_means.csv
Grasp pose prior,89,0.78056640625,0.03152837740588856,0.7353515625,0.81787109375,5,/home/lzha/code/DEXTRAH/cluster_results/a1001/franka_cube_seed_sweep600_c7e66a0_20260612_092951/success_rate_plot_means.csv
Grasp pose prior,90,0.79609375,0.03599000495336127,0.7353515625,0.828125,5,/home/lzha/code/DEXTRAH/cluster_results/a1001/franka_cube_seed_sweep600_c7e66a0_20260612_092951/success_rate_plot_means.csv
Grasp pose prior,91,0.78857421875,0.03423196337174045,0.7353515625,0.82421875,5,/home/lzha/code/DEXTRAH/cluster_results/a1001/franka_cube_seed_sweep600_c7e66a0_20260612_092951/success_rate_plot_means.csv
Grasp pose prior,92,0.79775390625,0.020849094786536147,0.76904296875,0.8193359375,5,/home/lzha/code/DEXTRAH/cluster_results/a1001/franka_cube_seed_sweep600_c7e66a0_20260612_092951/success_rate_plot_means.csv
Grasp pose prior,93,0.79658203125,0.037312164356249206,0.73388671875,0.8330078125,5,/home/lzha/code/DEXTRAH/cluster_results/a1001/franka_cube_seed_sweep600_c7e66a0_20260612_092951/success_rate_plot_means.csv
Grasp pose prior,94,0.663671875,0.07713715676030564,0.57666015625,0.748046875,5,/home/lzha/code/DEXTRAH/cluster_results/a1001/franka_cube_seed_sweep600_c7e66a0_20260612_092951/success_rate_plot_means.csv
Grasp pose prior,95,0.82548828125,0.02632329607862342,0.78271484375,0.85302734375,5,/home/lzha/code/DEXTRAH/cluster_results/a1001/franka_cube_seed_sweep600_c7e66a0_20260612_092951/success_rate_plot_means.csv
Grasp pose prior,96,0.79951171875,0.029504876848981003,0.75439453125,0.82470703125,5,/home/lzha/code/DEXTRAH/cluster_results/a1001/franka_cube_seed_sweep600_c7e66a0_20260612_092951/success_rate_plot_means.csv
Grasp pose prior,97,0.80205078125,0.028923400739739483,0.75927734375,0.83447265625,5,/home/lzha/code/DEXTRAH/cluster_results/a1001/franka_cube_seed_sweep600_c7e66a0_20260612_092951/success_rate_plot_means.csv
Grasp pose prior,98,0.8044921875,0.021990552607692677,0.7841796875,0.83203125,5,/home/lzha/code/DEXTRAH/cluster_results/a1001/franka_cube_seed_sweep600_c7e66a0_20260612_092951/success_rate_plot_means.csv
Grasp pose prior,99,0.812109375,0.02386691578711948,0.7900390625,0.845703125,5,/home/lzha/code/DEXTRAH/cluster_results/a1001/franka_cube_seed_sweep600_c7e66a0_20260612_092951/success_rate_plot_means.csv
Grasp pose prior,100,0.81923828125,0.018968956734097903,0.78662109375,0.83447265625,5,/home/lzha/code/DEXTRAH/cluster_results/a1001/franka_cube_seed_sweep600_c7e66a0_20260612_092951/success_rate_plot_means.csv
Grasp pose prior,101,0.81640625,0.019637771047060746,0.7958984375,0.83837890625,5,/home/lzha/code/DEXTRAH/cluster_results/a1001/franka_cube_seed_sweep600_c7e66a0_20260612_092951/success_rate_plot_means.csv
Grasp pose prior,102,0.81259765625,0.03257864313605503,0.76953125,0.8466796875,5,/home/lzha/code/DEXTRAH/cluster_results/a1001/franka_cube_seed_sweep600_c7e66a0_20260612_092951/success_rate_plot_means.csv
Grasp pose prior,103,0.6703125,0.08142402791610422,0.576171875,0.755859375,5,/home/lzha/code/DEXTRAH/cluster_results/a1001/franka_cube_seed_sweep600_c7e66a0_20260612_092951/success_rate_plot_means.csv
Grasp pose prior,104,0.83955078125,0.030349340958957683,0.80615234375,0.88427734375,5,/home/lzha/code/DEXTRAH/cluster_results/a1001/franka_cube_seed_sweep600_c7e66a0_20260612_092951/success_rate_plot_means.csv
Grasp pose prior,105,0.8337890625,0.017018545469357188,0.82080078125,0.86083984375,5,/home/lzha/code/DEXTRAH/cluster_results/a1001/franka_cube_seed_sweep600_c7e66a0_20260612_092951/success_rate_plot_means.csv
Grasp pose prior,106,0.82080078125,0.02704126073437576,0.7890625,0.8505859375,5,/home/lzha/code/DEXTRAH/cluster_results/a1001/franka_cube_seed_sweep600_c7e66a0_20260612_092951/success_rate_plot_means.csv
Grasp pose prior,107,0.82451171875,0.012408493799965774,0.8154296875,0.845703125,5,/home/lzha/code/DEXTRAH/cluster_results/a1001/franka_cube_seed_sweep600_c7e66a0_20260612_092951/success_rate_plot_means.csv
Grasp pose prior,108,0.82177734375,0.02049909133758138,0.7978515625,0.85205078125,5,/home/lzha/code/DEXTRAH/cluster_results/a1001/franka_cube_seed_sweep600_c7e66a0_20260612_092951/success_rate_plot_means.csv
Grasp pose prior,109,0.827734375,0.02099439037421803,0.80517578125,0.857421875,5,/home/lzha/code/DEXTRAH/cluster_results/a1001/franka_cube_seed_sweep600_c7e66a0_20260612_092951/success_rate_plot_means.csv
Grasp pose prior,110,0.82685546875,0.009459307201736098,0.81982421875,0.8427734375,5,/home/lzha/code/DEXTRAH/cluster_results/a1001/franka_cube_seed_sweep600_c7e66a0_20260612_092951/success_rate_plot_means.csv
Grasp pose prior,111,0.82529296875,0.012397921517205106,0.81591796875,0.84375,5,/home/lzha/code/DEXTRAH/cluster_results/a1001/franka_cube_seed_sweep600_c7e66a0_20260612_092951/success_rate_plot_means.csv
Grasp pose prior,112,0.827734375,0.021351908742733232,0.79052734375,0.84130859375,5,/home/lzha/code/DEXTRAH/cluster_results/a1001/franka_cube_seed_sweep600_c7e66a0_20260612_092951/success_rate_plot_means.csv
Grasp pose prior,113,0.73779296875,0.11179561504984245,0.6142578125,0.85791015625,5,/home/lzha/code/DEXTRAH/cluster_results/a1001/franka_cube_seed_sweep600_c7e66a0_20260612_092951/success_rate_plot_means.csv
Grasp pose prior,114,0.844921875,0.017088448603767216,0.82666015625,0.8701171875,5,/home/lzha/code/DEXTRAH/cluster_results/a1001/franka_cube_seed_sweep600_c7e66a0_20260612_092951/success_rate_plot_means.csv
Grasp pose prior,115,0.83671875,0.022254593107214424,0.81201171875,0.865234375,5,/home/lzha/code/DEXTRAH/cluster_results/a1001/franka_cube_seed_sweep600_c7e66a0_20260612_092951/success_rate_plot_means.csv
Grasp pose prior,116,0.83720703125,0.010976015124808253,0.81787109375,0.84521484375,5,/home/lzha/code/DEXTRAH/cluster_results/a1001/franka_cube_seed_sweep600_c7e66a0_20260612_092951/success_rate_plot_means.csv
Grasp pose prior,117,0.83212890625,0.022203110052609765,0.79541015625,0.853515625,5,/home/lzha/code/DEXTRAH/cluster_results/a1001/franka_cube_seed_sweep600_c7e66a0_20260612_092951/success_rate_plot_means.csv
Grasp pose prior,118,0.83671875,0.013595805396424347,0.81787109375,0.85400390625,5,/home/lzha/code/DEXTRAH/cluster_results/a1001/franka_cube_seed_sweep600_c7e66a0_20260612_092951/success_rate_plot_means.csv
Grasp pose prior,119,0.83740234375,0.011086242714592508,0.826171875,0.85205078125,5,/home/lzha/code/DEXTRAH/cluster_results/a1001/franka_cube_seed_sweep600_c7e66a0_20260612_092951/success_rate_plot_means.csv
Grasp pose prior,120,0.83291015625,0.016181201548999255,0.810546875,0.85205078125,5,/home/lzha/code/DEXTRAH/cluster_results/a1001/franka_cube_seed_sweep600_c7e66a0_20260612_092951/success_rate_plot_means.csv
Grasp pose prior,121,0.8296875,0.02283830828893612,0.798828125,0.853515625,5,/home/lzha/code/DEXTRAH/cluster_results/a1001/franka_cube_seed_sweep600_c7e66a0_20260612_092951/success_rate_plot_means.csv
Grasp pose prior,122,0.69306640625,0.0738650275146086,0.61669921875,0.7724609375,5,/home/lzha/code/DEXTRAH/cluster_results/a1001/franka_cube_seed_sweep600_c7e66a0_20260612_092951/success_rate_plot_means.csv
Grasp pose prior,123,0.85654296875,0.023193102383444637,0.8408203125,0.8974609375,5,/home/lzha/code/DEXTRAH/cluster_results/a1001/franka_cube_seed_sweep600_c7e66a0_20260612_092951/success_rate_plot_means.csv
Grasp pose prior,124,0.841015625,0.015408349070206578,0.82421875,0.85693359375,5,/home/lzha/code/DEXTRAH/cluster_results/a1001/franka_cube_seed_sweep600_c7e66a0_20260612_092951/success_rate_plot_means.csv
Grasp pose prior,125,0.83291015625,0.01696522645564763,0.80615234375,0.85107421875,5,/home/lzha/code/DEXTRAH/cluster_results/a1001/franka_cube_seed_sweep600_c7e66a0_20260612_092951/success_rate_plot_means.csv
Grasp pose prior,126,0.83720703125,0.013204374536378944,0.82666015625,0.859375,5,/home/lzha/code/DEXTRAH/cluster_results/a1001/franka_cube_seed_sweep600_c7e66a0_20260612_092951/success_rate_plot_means.csv
Grasp pose prior,127,0.83603515625,0.0158462124026458,0.81591796875,0.85400390625,5,/home/lzha/code/DEXTRAH/cluster_results/a1001/franka_cube_seed_sweep600_c7e66a0_20260612_092951/success_rate_plot_means.csv
Grasp pose prior,128,0.84736328125,0.013271911928589428,0.8310546875,0.85888671875,5,/home/lzha/code/DEXTRAH/cluster_results/a1001/franka_cube_seed_sweep600_c7e66a0_20260612_092951/success_rate_plot_means.csv
Grasp pose prior,129,0.84033203125,0.010271330062481753,0.8271484375,0.85595703125,5,/home/lzha/code/DEXTRAH/cluster_results/a1001/franka_cube_seed_sweep600_c7e66a0_20260612_092951/success_rate_plot_means.csv
Grasp pose prior,130,0.837109375,0.01819003309719772,0.814453125,0.85791015625,5,/home/lzha/code/DEXTRAH/cluster_results/a1001/franka_cube_seed_sweep600_c7e66a0_20260612_092951/success_rate_plot_means.csv
Grasp pose prior,131,0.841796875,0.01722532791246351,0.8173828125,0.85888671875,5,/home/lzha/code/DEXTRAH/cluster_results/a1001/franka_cube_seed_sweep600_c7e66a0_20260612_092951/success_rate_plot_means.csv
Grasp pose prior,132,0.8623046875,0.028339248114648583,0.83984375,0.9091796875,5,/home/lzha/code/DEXTRAH/cluster_results/a1001/franka_cube_seed_sweep600_c7e66a0_20260612_092951/success_rate_plot_means.csv
Grasp pose prior,133,0.84892578125,0.009125766251673105,0.83935546875,0.85986328125,5,/home/lzha/code/DEXTRAH/cluster_results/a1001/franka_cube_seed_sweep600_c7e66a0_20260612_092951/success_rate_plot_means.csv
Grasp pose prior,134,0.8455078125,0.02590560974876056,0.8125,0.88134765625,5,/home/lzha/code/DEXTRAH/cluster_results/a1001/franka_cube_seed_sweep600_c7e66a0_20260612_092951/success_rate_plot_means.csv
Grasp pose prior,135,0.838671875,0.012297516201417304,0.82275390625,0.853515625,5,/home/lzha/code/DEXTRAH/cluster_results/a1001/franka_cube_seed_sweep600_c7e66a0_20260612_092951/success_rate_plot_means.csv
Grasp pose prior,136,0.83232421875,0.01794591364769124,0.80810546875,0.85693359375,5,/home/lzha/code/DEXTRAH/cluster_results/a1001/franka_cube_seed_sweep600_c7e66a0_20260612_092951/success_rate_plot_means.csv
Grasp pose prior,137,0.8470703125,0.016367985744630456,0.822265625,0.86572265625,5,/home/lzha/code/DEXTRAH/cluster_results/a1001/franka_cube_seed_sweep600_c7e66a0_20260612_092951/success_rate_plot_means.csv
Grasp pose prior,138,0.84482421875,0.009514595865556417,0.83251953125,0.8564453125,5,/home/lzha/code/DEXTRAH/cluster_results/a1001/franka_cube_seed_sweep600_c7e66a0_20260612_092951/success_rate_plot_means.csv
Grasp pose prior,139,0.8396484375,0.019346045732232538,0.81005859375,0.86279296875,5,/home/lzha/code/DEXTRAH/cluster_results/a1001/franka_cube_seed_sweep600_c7e66a0_20260612_092951/success_rate_plot_means.csv
Grasp pose prior,140,0.842578125,0.01951476354965455,0.81640625,0.8671875,5,/home/lzha/code/DEXTRAH/cluster_results/a1001/franka_cube_seed_sweep600_c7e66a0_20260612_092951/success_rate_plot_means.csv
Grasp pose prior,141,0.7109375,0.07080919939178708,0.63330078125,0.79541015625,5,/home/lzha/code/DEXTRAH/cluster_results/a1001/franka_cube_seed_sweep600_c7e66a0_20260612_092951/success_rate_plot_means.csv
Grasp pose prior,142,0.85576171875,0.015280160814407686,0.83642578125,0.87646484375,5,/home/lzha/code/DEXTRAH/cluster_results/a1001/franka_cube_seed_sweep600_c7e66a0_20260612_092951/success_rate_plot_means.csv
Grasp pose prior,143,0.8498046875,0.021549749612791873,0.81884765625,0.87646484375,5,/home/lzha/code/DEXTRAH/cluster_results/a1001/franka_cube_seed_sweep600_c7e66a0_20260612_092951/success_rate_plot_means.csv
Grasp pose prior,144,0.84658203125,0.016898341107633656,0.82080078125,0.8623046875,5,/home/lzha/code/DEXTRAH/cluster_results/a1001/franka_cube_seed_sweep600_c7e66a0_20260612_092951/success_rate_plot_means.csv
Grasp pose prior,145,0.84072265625,0.017306109298955177,0.81298828125,0.85546875,5,/home/lzha/code/DEXTRAH/cluster_results/a1001/franka_cube_seed_sweep600_c7e66a0_20260612_092951/success_rate_plot_means.csv
Grasp pose prior,146,0.84755859375,0.01689481349113954,0.8330078125,0.87353515625,5,/home/lzha/code/DEXTRAH/cluster_results/a1001/franka_cube_seed_sweep600_c7e66a0_20260612_092951/success_rate_plot_means.csv
Grasp pose prior,147,0.85048828125,0.009786354950904737,0.83837890625,0.86572265625,5,/home/lzha/code/DEXTRAH/cluster_results/a1001/franka_cube_seed_sweep600_c7e66a0_20260612_092951/success_rate_plot_means.csv
Grasp pose prior,148,0.845703125,0.014505323024914989,0.82666015625,0.86474609375,5,/home/lzha/code/DEXTRAH/cluster_results/a1001/franka_cube_seed_sweep600_c7e66a0_20260612_092951/success_rate_plot_means.csv
Grasp pose prior,149,0.8390625,0.020550202655025027,0.81298828125,0.86328125,5,/home/lzha/code/DEXTRAH/cluster_results/a1001/franka_cube_seed_sweep600_c7e66a0_20260612_092951/success_rate_plot_means.csv
Grasp pose prior,150,0.6986328125,0.07649857324005246,0.615234375,0.78369140625,5,/home/lzha/code/DEXTRAH/cluster_results/a1001/franka_cube_seed_sweep600_c7e66a0_20260612_092951/success_rate_plot_means.csv
Grasp pose prior,151,0.86005859375,0.024663278793822536,0.83349609375,0.88720703125,5,/home/lzha/code/DEXTRAH/cluster_results/a1001/franka_cube_seed_sweep600_c7e66a0_20260612_092951/success_rate_plot_means.csv
Grasp pose prior,152,0.8576171875,0.022660669356154184,0.83447265625,0.88232421875,5,/home/lzha/code/DEXTRAH/cluster_results/a1001/franka_cube_seed_sweep600_c7e66a0_20260612_092951/success_rate_plot_means.csv
Grasp pose prior,153,0.85185546875,0.020869668428193447,0.8203125,0.876953125,5,/home/lzha/code/DEXTRAH/cluster_results/a1001/franka_cube_seed_sweep600_c7e66a0_20260612_092951/success_rate_plot_means.csv
Grasp pose prior,154,0.8494140625,0.01089972375642193,0.8369140625,0.8623046875,5,/home/lzha/code/DEXTRAH/cluster_results/a1001/franka_cube_seed_sweep600_c7e66a0_20260612_092951/success_rate_plot_means.csv
Grasp pose prior,155,0.8470703125,0.018661672446317674,0.81689453125,0.8642578125,5,/home/lzha/code/DEXTRAH/cluster_results/a1001/franka_cube_seed_sweep600_c7e66a0_20260612_092951/success_rate_plot_means.csv
Grasp pose prior,156,0.85146484375,0.018384940021449216,0.82421875,0.8720703125,5,/home/lzha/code/DEXTRAH/cluster_results/a1001/franka_cube_seed_sweep600_c7e66a0_20260612_092951/success_rate_plot_means.csv
Grasp pose prior,157,0.84697265625,0.017674837034518234,0.82958984375,0.8701171875,5,/home/lzha/code/DEXTRAH/cluster_results/a1001/franka_cube_seed_sweep600_c7e66a0_20260612_092951/success_rate_plot_means.csv
Grasp pose prior,158,0.84140625,0.013189921803043798,0.82861328125,0.8603515625,5,/home/lzha/code/DEXTRAH/cluster_results/a1001/franka_cube_seed_sweep600_c7e66a0_20260612_092951/success_rate_plot_means.csv
Grasp pose prior,159,0.8494140625,0.012180635524261546,0.8359375,0.86181640625,5,/home/lzha/code/DEXTRAH/cluster_results/a1001/franka_cube_seed_sweep600_c7e66a0_20260612_092951/success_rate_plot_means.csv
Grasp pose prior,160,0.85478515625,0.022658038890852723,0.83154296875,0.8818359375,5,/home/lzha/code/DEXTRAH/cluster_results/a1001/franka_cube_seed_sweep600_c7e66a0_20260612_092951/success_rate_plot_means.csv
Grasp pose prior,161,0.8521484375,0.029697777826169083,0.826171875,0.90087890625,5,/home/lzha/code/DEXTRAH/cluster_results/a1001/franka_cube_seed_sweep600_c7e66a0_20260612_092951/success_rate_plot_means.csv
Grasp pose prior,162,0.84892578125,0.024510551516033197,0.80712890625,0.87109375,5,/home/lzha/code/DEXTRAH/cluster_results/a1001/franka_cube_seed_sweep600_c7e66a0_20260612_092951/success_rate_plot_means.csv
Grasp pose prior,163,0.84912109375,0.010352253440973725,0.8369140625,0.85986328125,5,/home/lzha/code/DEXTRAH/cluster_results/a1001/franka_cube_seed_sweep600_c7e66a0_20260612_092951/success_rate_plot_means.csv
Grasp pose prior,164,0.84326171875,0.02486401768842581,0.7998046875,0.86328125,5,/home/lzha/code/DEXTRAH/cluster_results/a1001/franka_cube_seed_sweep600_c7e66a0_20260612_092951/success_rate_plot_means.csv
Grasp pose prior,165,0.8505859375,0.020034412342703752,0.81640625,0.869140625,5,/home/lzha/code/DEXTRAH/cluster_results/a1001/franka_cube_seed_sweep600_c7e66a0_20260612_092951/success_rate_plot_means.csv
Grasp pose prior,166,0.84765625,0.00886334709993718,0.8349609375,0.8583984375,5,/home/lzha/code/DEXTRAH/cluster_results/a1001/franka_cube_seed_sweep600_c7e66a0_20260612_092951/success_rate_plot_means.csv
Grasp pose prior,167,0.8392578125,0.02034557291000017,0.81591796875,0.86083984375,5,/home/lzha/code/DEXTRAH/cluster_results/a1001/franka_cube_seed_sweep600_c7e66a0_20260612_092951/success_rate_plot_means.csv
Grasp pose prior,168,0.85205078125,0.022261020117294663,0.82177734375,0.873046875,5,/home/lzha/code/DEXTRAH/cluster_results/a1001/franka_cube_seed_sweep600_c7e66a0_20260612_092951/success_rate_plot_means.csv
Grasp pose prior,169,0.7072265625,0.06783999821617916,0.6396484375,0.796875,5,/home/lzha/code/DEXTRAH/cluster_results/a1001/franka_cube_seed_sweep600_c7e66a0_20260612_092951/success_rate_plot_means.csv
Grasp pose prior,170,0.86611328125,0.02741211111451277,0.82861328125,0.90185546875,5,/home/lzha/code/DEXTRAH/cluster_results/a1001/franka_cube_seed_sweep600_c7e66a0_20260612_092951/success_rate_plot_means.csv
Grasp pose prior,171,0.8537109375,0.02969015009244997,0.8037109375,0.880859375,5,/home/lzha/code/DEXTRAH/cluster_results/a1001/franka_cube_seed_sweep600_c7e66a0_20260612_092951/success_rate_plot_means.csv
Grasp pose prior,172,0.841796875,0.022753591903676283,0.810546875,0.869140625,5,/home/lzha/code/DEXTRAH/cluster_results/a1001/franka_cube_seed_sweep600_c7e66a0_20260612_092951/success_rate_plot_means.csv
Grasp pose prior,173,0.848828125,0.02301043199222366,0.81103515625,0.8740234375,5,/home/lzha/code/DEXTRAH/cluster_results/a1001/franka_cube_seed_sweep600_c7e66a0_20260612_092951/success_rate_plot_means.csv
Grasp pose prior,174,0.850390625,0.021408223527582423,0.82275390625,0.869140625,5,/home/lzha/code/DEXTRAH/cluster_results/a1001/franka_cube_seed_sweep600_c7e66a0_20260612_092951/success_rate_plot_means.csv
Grasp pose prior,175,0.85224609375,0.019029191731112834,0.8232421875,0.875,5,/home/lzha/code/DEXTRAH/cluster_results/a1001/franka_cube_seed_sweep600_c7e66a0_20260612_092951/success_rate_plot_means.csv
Grasp pose prior,176,0.8470703125,0.01909111002201178,0.8212890625,0.8623046875,5,/home/lzha/code/DEXTRAH/cluster_results/a1001/franka_cube_seed_sweep600_c7e66a0_20260612_092951/success_rate_plot_means.csv
Grasp pose prior,177,0.84970703125,0.024519790596993486,0.8212890625,0.88037109375,5,/home/lzha/code/DEXTRAH/cluster_results/a1001/franka_cube_seed_sweep600_c7e66a0_20260612_092951/success_rate_plot_means.csv
Grasp pose prior,178,0.70859375,0.07478549800783754,0.623046875,0.78955078125,5,/home/lzha/code/DEXTRAH/cluster_results/a1001/franka_cube_seed_sweep600_c7e66a0_20260612_092951/success_rate_plot_means.csv
Grasp pose prior,179,0.861328125,0.03002234898027563,0.833984375,0.90771484375,5,/home/lzha/code/DEXTRAH/cluster_results/a1001/franka_cube_seed_sweep600_c7e66a0_20260612_092951/success_rate_plot_means.csv
Grasp pose prior,180,0.8591796875,0.022265303760018163,0.82177734375,0.8779296875,5,/home/lzha/code/DEXTRAH/cluster_results/a1001/franka_cube_seed_sweep600_c7e66a0_20260612_092951/success_rate_plot_means.csv
Grasp pose prior,181,0.84501953125,0.02721834033959979,0.80126953125,0.86962890625,5,/home/lzha/code/DEXTRAH/cluster_results/a1001/franka_cube_seed_sweep600_c7e66a0_20260612_092951/success_rate_plot_means.csv
Grasp pose prior,182,0.851953125,0.011587810136086974,0.83251953125,0.86083984375,5,/home/lzha/code/DEXTRAH/cluster_results/a1001/franka_cube_seed_sweep600_c7e66a0_20260612_092951/success_rate_plot_means.csv
Grasp pose prior,183,0.8525390625,0.025119211165804654,0.8134765625,0.8759765625,5,/home/lzha/code/DEXTRAH/cluster_results/a1001/franka_cube_seed_sweep600_c7e66a0_20260612_092951/success_rate_plot_means.csv
Grasp pose prior,184,0.854296875,0.02363654493382422,0.818359375,0.87744140625,5,/home/lzha/code/DEXTRAH/cluster_results/a1001/franka_cube_seed_sweep600_c7e66a0_20260612_092951/success_rate_plot_means.csv
Grasp pose prior,185,0.853125,0.01718860969429047,0.83544921875,0.87255859375,5,/home/lzha/code/DEXTRAH/cluster_results/a1001/franka_cube_seed_sweep600_c7e66a0_20260612_092951/success_rate_plot_means.csv
Grasp pose prior,186,0.846875,0.01619666516865275,0.8232421875,0.8671875,5,/home/lzha/code/DEXTRAH/cluster_results/a1001/franka_cube_seed_sweep600_c7e66a0_20260612_092951/success_rate_plot_means.csv
Grasp pose prior,187,0.8509765625,0.01760319934722949,0.83056640625,0.87646484375,5,/home/lzha/code/DEXTRAH/cluster_results/a1001/franka_cube_seed_sweep600_c7e66a0_20260612_092951/success_rate_plot_means.csv
Grasp pose prior,188,0.85126953125,0.04556033006061231,0.78759765625,0.9150390625,5,/home/lzha/code/DEXTRAH/cluster_results/a1001/franka_cube_seed_sweep600_c7e66a0_20260612_092951/success_rate_plot_means.csv
Grasp pose prior,189,0.86171875,0.017354260258538645,0.84033203125,0.87744140625,5,/home/lzha/code/DEXTRAH/cluster_results/a1001/franka_cube_seed_sweep600_c7e66a0_20260612_092951/success_rate_plot_means.csv
Grasp pose prior,190,0.851171875,0.02528335211729468,0.80712890625,0.87158203125,5,/home/lzha/code/DEXTRAH/cluster_results/a1001/franka_cube_seed_sweep600_c7e66a0_20260612_092951/success_rate_plot_means.csv
Grasp pose prior,191,0.85205078125,0.015563845166512918,0.83154296875,0.86962890625,5,/home/lzha/code/DEXTRAH/cluster_results/a1001/franka_cube_seed_sweep600_c7e66a0_20260612_092951/success_rate_plot_means.csv
Grasp pose prior,192,0.84296875,0.023054425570616877,0.8046875,0.865234375,5,/home/lzha/code/DEXTRAH/cluster_results/a1001/franka_cube_seed_sweep600_c7e66a0_20260612_092951/success_rate_plot_means.csv
Grasp pose prior,193,0.85,0.016173832724194794,0.82373046875,0.86376953125,5,/home/lzha/code/DEXTRAH/cluster_results/a1001/franka_cube_seed_sweep600_c7e66a0_20260612_092951/success_rate_plot_means.csv
Grasp pose prior,194,0.85126953125,0.014441903371718247,0.83349609375,0.869140625,5,/home/lzha/code/DEXTRAH/cluster_results/a1001/franka_cube_seed_sweep600_c7e66a0_20260612_092951/success_rate_plot_means.csv
Grasp pose prior,195,0.85712890625,0.016181938246923516,0.83642578125,0.875,5,/home/lzha/code/DEXTRAH/cluster_results/a1001/franka_cube_seed_sweep600_c7e66a0_20260612_092951/success_rate_plot_means.csv
Grasp pose prior,196,0.851953125,0.016014582902453337,0.830078125,0.86767578125,5,/home/lzha/code/DEXTRAH/cluster_results/a1001/franka_cube_seed_sweep600_c7e66a0_20260612_092951/success_rate_plot_means.csv
Grasp pose prior,197,0.713671875,0.07313925058124357,0.63671875,0.7978515625,5,/home/lzha/code/DEXTRAH/cluster_results/a1001/franka_cube_seed_sweep600_c7e66a0_20260612_092951/success_rate_plot_means.csv
Grasp pose prior,198,0.8580078125,0.029697777826169083,0.81201171875,0.88818359375,5,/home/lzha/code/DEXTRAH/cluster_results/a1001/franka_cube_seed_sweep600_c7e66a0_20260612_092951/success_rate_plot_means.csv
Grasp pose prior,199,0.853515625,0.028613447898405493,0.8134765625,0.884765625,5,/home/lzha/code/DEXTRAH/cluster_results/a1001/franka_cube_seed_sweep600_c7e66a0_20260612_092951/success_rate_plot_means.csv
Grasp pose prior,200,0.85966796875,0.02432748320118233,0.82177734375,0.8857421875,5,/home/lzha/code/DEXTRAH/cluster_results/a1001/franka_cube_seed_sweep600_c7e66a0_20260612_092951/success_rate_plot_means.csv
Grasp pose prior,201,0.845703125,0.016701788453600656,0.81787109375,0.85888671875,5,/home/lzha/code/DEXTRAH/cluster_results/a1001/franka_cube_seed_sweep600_c7e66a0_20260612_092951/success_rate_plot_means.csv
Grasp pose prior,202,0.85390625,0.014588908991558102,0.83837890625,0.869140625,5,/home/lzha/code/DEXTRAH/cluster_results/a1001/franka_cube_seed_sweep600_c7e66a0_20260612_092951/success_rate_plot_means.csv
Grasp pose prior,203,0.85986328125,0.020736149773033275,0.83251953125,0.87939453125,5,/home/lzha/code/DEXTRAH/cluster_results/a1001/franka_cube_seed_sweep600_c7e66a0_20260612_092951/success_rate_plot_means.csv
Grasp pose prior,204,0.8509765625,0.016724612910377124,0.8291015625,0.8720703125,5,/home/lzha/code/DEXTRAH/cluster_results/a1001/franka_cube_seed_sweep600_c7e66a0_20260612_092951/success_rate_plot_means.csv
Grasp pose prior,205,0.84208984375,0.01276367561089272,0.82958984375,0.857421875,5,/home/lzha/code/DEXTRAH/cluster_results/a1001/franka_cube_seed_sweep600_c7e66a0_20260612_092951/success_rate_plot_means.csv
Grasp pose prior,206,0.7052734375,0.07338170305922363,0.63037109375,0.78857421875,5,/home/lzha/code/DEXTRAH/cluster_results/a1001/franka_cube_seed_sweep600_c7e66a0_20260612_092951/success_rate_plot_means.csv
Grasp pose prior,207,0.87333984375,0.023616362592327488,0.841796875,0.8994140625,5,/home/lzha/code/DEXTRAH/cluster_results/a1001/franka_cube_seed_sweep600_c7e66a0_20260612_092951/success_rate_plot_means.csv
Grasp pose prior,208,0.86103515625,0.019587930450870622,0.8369140625,0.88134765625,5,/home/lzha/code/DEXTRAH/cluster_results/a1001/franka_cube_seed_sweep600_c7e66a0_20260612_092951/success_rate_plot_means.csv
Grasp pose prior,209,0.8591796875,0.021580153163475974,0.82470703125,0.87890625,5,/home/lzha/code/DEXTRAH/cluster_results/a1001/franka_cube_seed_sweep600_c7e66a0_20260612_092951/success_rate_plot_means.csv
Grasp pose prior,210,0.85537109375,0.010003213366160186,0.84423828125,0.86376953125,5,/home/lzha/code/DEXTRAH/cluster_results/a1001/franka_cube_seed_sweep600_c7e66a0_20260612_092951/success_rate_plot_means.csv
Grasp pose prior,211,0.84677734375,0.0212034411030808,0.81689453125,0.8681640625,5,/home/lzha/code/DEXTRAH/cluster_results/a1001/franka_cube_seed_sweep600_c7e66a0_20260612_092951/success_rate_plot_means.csv
Grasp pose prior,212,0.8552734375,0.01307281291459493,0.83935546875,0.87109375,5,/home/lzha/code/DEXTRAH/cluster_results/a1001/franka_cube_seed_sweep600_c7e66a0_20260612_092951/success_rate_plot_means.csv
Grasp pose prior,213,0.85263671875,0.014682577403972125,0.83349609375,0.873046875,5,/home/lzha/code/DEXTRAH/cluster_results/a1001/franka_cube_seed_sweep600_c7e66a0_20260612_092951/success_rate_plot_means.csv
Grasp pose prior,214,0.8505859375,0.0062243890546786924,0.84326171875,0.85791015625,5,/home/lzha/code/DEXTRAH/cluster_results/a1001/franka_cube_seed_sweep600_c7e66a0_20260612_092951/success_rate_plot_means.csv
Grasp pose prior,215,0.8595703125,0.016215055011722997,0.83349609375,0.87744140625,5,/home/lzha/code/DEXTRAH/cluster_results/a1001/franka_cube_seed_sweep600_c7e66a0_20260612_092951/success_rate_plot_means.csv
Grasp pose prior,216,0.81416015625,0.09380123010247676,0.6669921875,0.88720703125,5,/home/lzha/code/DEXTRAH/cluster_results/a1001/franka_cube_seed_sweep600_c7e66a0_20260612_092951/success_rate_plot_means.csv
Grasp pose prior,217,0.86689453125,0.025713930960130606,0.82958984375,0.89892578125,5,/home/lzha/code/DEXTRAH/cluster_results/a1001/franka_cube_seed_sweep600_c7e66a0_20260612_092951/success_rate_plot_means.csv
Grasp pose prior,218,0.86494140625,0.02769807400945069,0.8330078125,0.896484375,5,/home/lzha/code/DEXTRAH/cluster_results/a1001/franka_cube_seed_sweep600_c7e66a0_20260612_092951/success_rate_plot_means.csv
Grasp pose prior,219,0.84677734375,0.011520747501175427,0.82861328125,0.85986328125,5,/home/lzha/code/DEXTRAH/cluster_results/a1001/franka_cube_seed_sweep600_c7e66a0_20260612_092951/success_rate_plot_means.csv
Grasp pose prior,220,0.8490234375,0.017569306598804433,0.8203125,0.86572265625,5,/home/lzha/code/DEXTRAH/cluster_results/a1001/franka_cube_seed_sweep600_c7e66a0_20260612_092951/success_rate_plot_means.csv
Grasp pose prior,221,0.85732421875,0.014270849668767262,0.8369140625,0.87451171875,5,/home/lzha/code/DEXTRAH/cluster_results/a1001/franka_cube_seed_sweep600_c7e66a0_20260612_092951/success_rate_plot_means.csv
Grasp pose prior,222,0.85498046875,0.01184522409248848,0.83984375,0.87158203125,5,/home/lzha/code/DEXTRAH/cluster_results/a1001/franka_cube_seed_sweep600_c7e66a0_20260612_092951/success_rate_plot_means.csv
Grasp pose prior,223,0.85283203125,0.013804635825543494,0.8369140625,0.86767578125,5,/home/lzha/code/DEXTRAH/cluster_results/a1001/franka_cube_seed_sweep600_c7e66a0_20260612_092951/success_rate_plot_means.csv
Grasp pose prior,224,0.85673828125,0.022104099035084694,0.81982421875,0.87548828125,5,/home/lzha/code/DEXTRAH/cluster_results/a1001/franka_cube_seed_sweep600_c7e66a0_20260612_092951/success_rate_plot_means.csv
Grasp pose prior,225,0.713671875,0.07848321805750957,0.62939453125,0.80029296875,5,/home/lzha/code/DEXTRAH/cluster_results/a1001/franka_cube_seed_sweep600_c7e66a0_20260612_092951/success_rate_plot_means.csv
Grasp pose prior,226,0.86767578125,0.02286856255341112,0.841796875,0.90087890625,5,/home/lzha/code/DEXTRAH/cluster_results/a1001/franka_cube_seed_sweep600_c7e66a0_20260612_092951/success_rate_plot_means.csv
Grasp pose prior,227,0.854296875,0.025448308124776668,0.822265625,0.88134765625,5,/home/lzha/code/DEXTRAH/cluster_results/a1001/franka_cube_seed_sweep600_c7e66a0_20260612_092951/success_rate_plot_means.csv
Grasp pose prior,228,0.85517578125,0.017130253563745142,0.83251953125,0.87353515625,5,/home/lzha/code/DEXTRAH/cluster_results/a1001/franka_cube_seed_sweep600_c7e66a0_20260612_092951/success_rate_plot_means.csv
Grasp pose prior,229,0.84619140625,0.013363215022855477,0.830078125,0.86181640625,5,/home/lzha/code/DEXTRAH/cluster_results/a1001/franka_cube_seed_sweep600_c7e66a0_20260612_092951/success_rate_plot_means.csv
Grasp pose prior,230,0.8595703125,0.017795825314399032,0.8349609375,0.8779296875,5,/home/lzha/code/DEXTRAH/cluster_results/a1001/franka_cube_seed_sweep600_c7e66a0_20260612_092951/success_rate_plot_means.csv
Grasp pose prior,231,0.8595703125,0.016542576736795676,0.83642578125,0.8779296875,5,/home/lzha/code/DEXTRAH/cluster_results/a1001/franka_cube_seed_sweep600_c7e66a0_20260612_092951/success_rate_plot_means.csv
Grasp pose prior,232,0.85439453125,0.010325734287411174,0.8388671875,0.86328125,5,/home/lzha/code/DEXTRAH/cluster_results/a1001/franka_cube_seed_sweep600_c7e66a0_20260612_092951/success_rate_plot_means.csv
Grasp pose prior,233,0.8501953125,0.012110949998380856,0.83056640625,0.86181640625,5,/home/lzha/code/DEXTRAH/cluster_results/a1001/franka_cube_seed_sweep600_c7e66a0_20260612_092951/success_rate_plot_means.csv
Grasp pose prior,234,0.7064453125,0.06852258001018673,0.6259765625,0.783203125,5,/home/lzha/code/DEXTRAH/cluster_results/a1001/franka_cube_seed_sweep600_c7e66a0_20260612_092951/success_rate_plot_means.csv
Grasp pose prior,235,0.872265625,0.02181092824437666,0.8564453125,0.90966796875,5,/home/lzha/code/DEXTRAH/cluster_results/a1001/franka_cube_seed_sweep600_c7e66a0_20260612_092951/success_rate_plot_means.csv
Grasp pose prior,236,0.86171875,0.017226711973203558,0.845703125,0.8837890625,5,/home/lzha/code/DEXTRAH/cluster_results/a1001/franka_cube_seed_sweep600_c7e66a0_20260612_092951/success_rate_plot_means.csv
Grasp pose prior,237,0.85625,0.019315211429806432,0.82861328125,0.87646484375,5,/home/lzha/code/DEXTRAH/cluster_results/a1001/franka_cube_seed_sweep600_c7e66a0_20260612_092951/success_rate_plot_means.csv
Grasp pose prior,238,0.8529296875,0.007504296661499268,0.84619140625,0.86474609375,5,/home/lzha/code/DEXTRAH/cluster_results/a1001/franka_cube_seed_sweep600_c7e66a0_20260612_092951/success_rate_plot_means.csv
Grasp pose prior,239,0.855078125,0.016908919541431196,0.8251953125,0.86669921875,5,/home/lzha/code/DEXTRAH/cluster_results/a1001/franka_cube_seed_sweep600_c7e66a0_20260612_092951/success_rate_plot_means.csv
Grasp pose prior,240,0.85869140625,0.008005430285905937,0.8447265625,0.865234375,5,/home/lzha/code/DEXTRAH/cluster_results/a1001/franka_cube_seed_sweep600_c7e66a0_20260612_092951/success_rate_plot_means.csv
Grasp pose prior,241,0.85263671875,0.009688415484086402,0.8408203125,0.86572265625,5,/home/lzha/code/DEXTRAH/cluster_results/a1001/franka_cube_seed_sweep600_c7e66a0_20260612_092951/success_rate_plot_means.csv
Grasp pose prior,242,0.8521484375,0.011093767192988439,0.83740234375,0.8681640625,5,/home/lzha/code/DEXTRAH/cluster_results/a1001/franka_cube_seed_sweep600_c7e66a0_20260612_092951/success_rate_plot_means.csv
Grasp pose prior,243,0.852734375,0.014052832777409123,0.83056640625,0.86767578125,5,/home/lzha/code/DEXTRAH/cluster_results/a1001/franka_cube_seed_sweep600_c7e66a0_20260612_092951/success_rate_plot_means.csv
Grasp pose prior,244,0.76787109375,0.10994766724433358,0.6494140625,0.88134765625,5,/home/lzha/code/DEXTRAH/cluster_results/a1001/franka_cube_seed_sweep600_c7e66a0_20260612_092951/success_rate_plot_means.csv
Grasp pose prior,245,0.861328125,0.0325394669561448,0.80908203125,0.88818359375,5,/home/lzha/code/DEXTRAH/cluster_results/a1001/franka_cube_seed_sweep600_c7e66a0_20260612_092951/success_rate_plot_means.csv
Grasp pose prior,246,0.85205078125,0.015871018518696295,0.830078125,0.87158203125,5,/home/lzha/code/DEXTRAH/cluster_results/a1001/franka_cube_seed_sweep600_c7e66a0_20260612_092951/success_rate_plot_means.csv
Grasp pose prior,247,0.859375,0.009347748886267894,0.8505859375,0.8740234375,5,/home/lzha/code/DEXTRAH/cluster_results/a1001/franka_cube_seed_sweep600_c7e66a0_20260612_092951/success_rate_plot_means.csv
Grasp pose prior,248,0.85048828125,0.023879399398586368,0.8134765625,0.88037109375,5,/home/lzha/code/DEXTRAH/cluster_results/a1001/franka_cube_seed_sweep600_c7e66a0_20260612_092951/success_rate_plot_means.csv
Grasp pose prior,249,0.8546875,0.0068932447232737505,0.845703125,0.86181640625,5,/home/lzha/code/DEXTRAH/cluster_results/a1001/franka_cube_seed_sweep600_c7e66a0_20260612_092951/success_rate_plot_means.csv
Grasp pose prior,250,0.8546875,0.008376549876267068,0.845703125,0.86376953125,5,/home/lzha/code/DEXTRAH/cluster_results/a1001/franka_cube_seed_sweep600_c7e66a0_20260612_092951/success_rate_plot_means.csv
Grasp pose prior,251,0.8572265625,0.010997715452684829,0.8486328125,0.8759765625,5,/home/lzha/code/DEXTRAH/cluster_results/a1001/franka_cube_seed_sweep600_c7e66a0_20260612_092951/success_rate_plot_means.csv
Grasp pose prior,252,0.84833984375,0.017952555117015857,0.8193359375,0.8681640625,5,/home/lzha/code/DEXTRAH/cluster_results/a1001/franka_cube_seed_sweep600_c7e66a0_20260612_092951/success_rate_plot_means.csv
Grasp pose prior,253,0.7216796875,0.07593754646708005,0.63916015625,0.7978515625,5,/home/lzha/code/DEXTRAH/cluster_results/a1001/franka_cube_seed_sweep600_c7e66a0_20260612_092951/success_rate_plot_means.csv
Grasp pose prior,254,0.8759765625,0.017510176833047956,0.85498046875,0.8984375,5,/home/lzha/code/DEXTRAH/cluster_results/a1001/franka_cube_seed_sweep600_c7e66a0_20260612_092951/success_rate_plot_means.csv
Grasp pose prior,255,0.85791015625,0.01364569200437707,0.83984375,0.869140625,5,/home/lzha/code/DEXTRAH/cluster_results/a1001/franka_cube_seed_sweep600_c7e66a0_20260612_092951/success_rate_plot_means.csv
Grasp pose prior,256,0.86376953125,0.01603912861880551,0.84375,0.8818359375,5,/home/lzha/code/DEXTRAH/cluster_results/a1001/franka_cube_seed_sweep600_c7e66a0_20260612_092951/success_rate_plot_means.csv
Grasp pose prior,257,0.85712890625,0.012665228778807403,0.84130859375,0.873046875,5,/home/lzha/code/DEXTRAH/cluster_results/a1001/franka_cube_seed_sweep600_c7e66a0_20260612_092951/success_rate_plot_means.csv
Grasp pose prior,258,0.853515625,0.012395998315220804,0.83837890625,0.8662109375,5,/home/lzha/code/DEXTRAH/cluster_results/a1001/franka_cube_seed_sweep600_c7e66a0_20260612_092951/success_rate_plot_means.csv
Grasp pose prior,259,0.861328125,0.008645474223450085,0.84912109375,0.87255859375,5,/home/lzha/code/DEXTRAH/cluster_results/a1001/franka_cube_seed_sweep600_c7e66a0_20260612_092951/success_rate_plot_means.csv
Grasp pose prior,260,0.85888671875,0.010945562388408152,0.84619140625,0.87646484375,5,/home/lzha/code/DEXTRAH/cluster_results/a1001/franka_cube_seed_sweep600_c7e66a0_20260612_092951/success_rate_plot_means.csv
Grasp pose prior,261,0.8470703125,0.011766463737430942,0.83447265625,0.8583984375,5,/home/lzha/code/DEXTRAH/cluster_results/a1001/franka_cube_seed_sweep600_c7e66a0_20260612_092951/success_rate_plot_means.csv
Grasp pose prior,262,0.8607421875,0.00922838644916207,0.84716796875,0.873046875,5,/home/lzha/code/DEXTRAH/cluster_results/a1001/franka_cube_seed_sweep600_c7e66a0_20260612_092951/success_rate_plot_means.csv
Grasp pose prior,263,0.88173828125,0.017309553095240026,0.8623046875,0.9091796875,5,/home/lzha/code/DEXTRAH/cluster_results/a1001/franka_cube_seed_sweep600_c7e66a0_20260612_092951/success_rate_plot_means.csv
Grasp pose prior,264,0.87001953125,0.0252408820581848,0.8349609375,0.9052734375,5,/home/lzha/code/DEXTRAH/cluster_results/a1001/franka_cube_seed_sweep600_c7e66a0_20260612_092951/success_rate_plot_means.csv
Grasp pose prior,265,0.8697265625,0.02602681054112008,0.830078125,0.89306640625,5,/home/lzha/code/DEXTRAH/cluster_results/a1001/franka_cube_seed_sweep600_c7e66a0_20260612_092951/success_rate_plot_means.csv
Grasp pose prior,266,0.85888671875,0.0073485922574669975,0.85009765625,0.86962890625,5,/home/lzha/code/DEXTRAH/cluster_results/a1001/franka_cube_seed_sweep600_c7e66a0_20260612_092951/success_rate_plot_means.csv
Grasp pose prior,267,0.85126953125,0.006055474999190428,0.841796875,0.857421875,5,/home/lzha/code/DEXTRAH/cluster_results/a1001/franka_cube_seed_sweep600_c7e66a0_20260612_092951/success_rate_plot_means.csv
Grasp pose prior,268,0.8658203125,0.01970261735133594,0.84326171875,0.88916015625,5,/home/lzha/code/DEXTRAH/cluster_results/a1001/franka_cube_seed_sweep600_c7e66a0_20260612_092951/success_rate_plot_means.csv
Grasp pose prior,269,0.85634765625,0.006934625253377803,0.845703125,0.86376953125,5,/home/lzha/code/DEXTRAH/cluster_results/a1001/franka_cube_seed_sweep600_c7e66a0_20260612_092951/success_rate_plot_means.csv
Grasp pose prior,270,0.85693359375,0.007176239480810092,0.84423828125,0.861328125,5,/home/lzha/code/DEXTRAH/cluster_results/a1001/franka_cube_seed_sweep600_c7e66a0_20260612_092951/success_rate_plot_means.csv
Grasp pose prior,271,0.8626953125,0.019385442073367395,0.82861328125,0.87646484375,5,/home/lzha/code/DEXTRAH/cluster_results/a1001/franka_cube_seed_sweep600_c7e66a0_20260612_092951/success_rate_plot_means.csv
Grasp pose prior,272,0.721875,0.06845051820167351,0.6484375,0.79931640625,5,/home/lzha/code/DEXTRAH/cluster_results/a1001/franka_cube_seed_sweep600_c7e66a0_20260612_092951/success_rate_plot_means.csv
Grasp pose prior,273,0.87353515625,0.022933630011362068,0.83984375,0.90380859375,5,/home/lzha/code/DEXTRAH/cluster_results/a1001/franka_cube_seed_sweep600_c7e66a0_20260612_092951/success_rate_plot_means.csv
Grasp pose prior,274,0.86689453125,0.01975156502619189,0.8349609375,0.88134765625,5,/home/lzha/code/DEXTRAH/cluster_results/a1001/franka_cube_seed_sweep600_c7e66a0_20260612_092951/success_rate_plot_means.csv
Grasp pose prior,275,0.86083984375,0.008436109640220213,0.85009765625,0.87353515625,5,/home/lzha/code/DEXTRAH/cluster_results/a1001/franka_cube_seed_sweep600_c7e66a0_20260612_092951/success_rate_plot_means.csv
Grasp pose prior,276,0.8455078125,0.008960991989808174,0.83544921875,0.857421875,5,/home/lzha/code/DEXTRAH/cluster_results/a1001/franka_cube_seed_sweep600_c7e66a0_20260612_092951/success_rate_plot_means.csv
Grasp pose prior,277,0.86162109375,0.010645203175466997,0.84326171875,0.87109375,5,/home/lzha/code/DEXTRAH/cluster_results/a1001/franka_cube_seed_sweep600_c7e66a0_20260612_092951/success_rate_plot_means.csv
Grasp pose prior,278,0.861328125,0.007242381335054358,0.85302734375,0.87158203125,5,/home/lzha/code/DEXTRAH/cluster_results/a1001/franka_cube_seed_sweep600_c7e66a0_20260612_092951/success_rate_plot_means.csv
Grasp pose prior,279,0.8611328125,0.01804858178989321,0.833984375,0.88330078125,5,/home/lzha/code/DEXTRAH/cluster_results/a1001/franka_cube_seed_sweep600_c7e66a0_20260612_092951/success_rate_plot_means.csv
Grasp pose prior,280,0.86015625,0.023550650533774323,0.822265625,0.87841796875,5,/home/lzha/code/DEXTRAH/cluster_results/a1001/franka_cube_seed_sweep600_c7e66a0_20260612_092951/success_rate_plot_means.csv
Grasp pose prior,281,0.722265625,0.07104567694508547,0.6416015625,0.806640625,5,/home/lzha/code/DEXTRAH/cluster_results/a1001/franka_cube_seed_sweep600_c7e66a0_20260612_092951/success_rate_plot_means.csv
Grasp pose prior,282,0.875390625,0.022501767406983574,0.861328125,0.9140625,5,/home/lzha/code/DEXTRAH/cluster_results/a1001/franka_cube_seed_sweep600_c7e66a0_20260612_092951/success_rate_plot_means.csv
Grasp pose prior,283,0.865625,0.020424519280854665,0.83740234375,0.888671875,5,/home/lzha/code/DEXTRAH/cluster_results/a1001/franka_cube_seed_sweep600_c7e66a0_20260612_092951/success_rate_plot_means.csv
Grasp pose prior,284,0.866015625,0.01729301661848186,0.84326171875,0.88427734375,5,/home/lzha/code/DEXTRAH/cluster_results/a1001/franka_cube_seed_sweep600_c7e66a0_20260612_092951/success_rate_plot_means.csv
Grasp pose prior,285,0.85390625,0.010548457274251018,0.84130859375,0.86669921875,5,/home/lzha/code/DEXTRAH/cluster_results/a1001/franka_cube_seed_sweep600_c7e66a0_20260612_092951/success_rate_plot_means.csv
Grasp pose prior,286,0.86005859375,0.008475583630836333,0.85205078125,0.87060546875,5,/home/lzha/code/DEXTRAH/cluster_results/a1001/franka_cube_seed_sweep600_c7e66a0_20260612_092951/success_rate_plot_means.csv
Grasp pose prior,287,0.8609375,0.011887417374413001,0.85107421875,0.87841796875,5,/home/lzha/code/DEXTRAH/cluster_results/a1001/franka_cube_seed_sweep600_c7e66a0_20260612_092951/success_rate_plot_means.csv
Grasp pose prior,288,0.86220703125,0.01376918494688638,0.84912109375,0.88525390625,5,/home/lzha/code/DEXTRAH/cluster_results/a1001/franka_cube_seed_sweep600_c7e66a0_20260612_092951/success_rate_plot_means.csv
Grasp pose prior,289,0.852734375,0.011349782301373635,0.8388671875,0.86376953125,5,/home/lzha/code/DEXTRAH/cluster_results/a1001/franka_cube_seed_sweep600_c7e66a0_20260612_092951/success_rate_plot_means.csv
Grasp pose prior,290,0.8630859375,0.007466074188885704,0.8544921875,0.87255859375,5,/home/lzha/code/DEXTRAH/cluster_results/a1001/franka_cube_seed_sweep600_c7e66a0_20260612_092951/success_rate_plot_means.csv
Grasp pose prior,291,0.865625,0.028557983709161173,0.8330078125,0.90283203125,5,/home/lzha/code/DEXTRAH/cluster_results/a1001/franka_cube_seed_sweep600_c7e66a0_20260612_092951/success_rate_plot_means.csv
Grasp pose prior,292,0.86494140625,0.022794420576887565,0.83251953125,0.88671875,5,/home/lzha/code/DEXTRAH/cluster_results/a1001/franka_cube_seed_sweep600_c7e66a0_20260612_092951/success_rate_plot_means.csv
Grasp pose prior,293,0.8625,0.012618079375405095,0.84423828125,0.87451171875,5,/home/lzha/code/DEXTRAH/cluster_results/a1001/franka_cube_seed_sweep600_c7e66a0_20260612_092951/success_rate_plot_means.csv
Grasp pose prior,294,0.856640625,0.012398883006331156,0.83544921875,0.86572265625,5,/home/lzha/code/DEXTRAH/cluster_results/a1001/franka_cube_seed_sweep600_c7e66a0_20260612_092951/success_rate_plot_means.csv
Grasp pose prior,295,0.858203125,0.01713373270620719,0.82861328125,0.873046875,5,/home/lzha/code/DEXTRAH/cluster_results/a1001/franka_cube_seed_sweep600_c7e66a0_20260612_092951/success_rate_plot_means.csv
Grasp pose prior,296,0.86962890625,0.005132762705475742,0.86328125,0.87744140625,5,/home/lzha/code/DEXTRAH/cluster_results/a1001/franka_cube_seed_sweep600_c7e66a0_20260612_092951/success_rate_plot_means.csv
Grasp pose prior,297,0.8578125,0.005090785749600924,0.8515625,0.865234375,5,/home/lzha/code/DEXTRAH/cluster_results/a1001/franka_cube_seed_sweep600_c7e66a0_20260612_092951/success_rate_plot_means.csv
Grasp pose prior,298,0.85283203125,0.01507200126618787,0.8271484375,0.8671875,5,/home/lzha/code/DEXTRAH/cluster_results/a1001/franka_cube_seed_sweep600_c7e66a0_20260612_092951/success_rate_plot_means.csv
Grasp pose prior,299,0.861328125,0.018676358885649686,0.828125,0.87158203125,5,/home/lzha/code/DEXTRAH/cluster_results/a1001/franka_cube_seed_sweep600_c7e66a0_20260612_092951/success_rate_plot_means.csv
Grasp pose prior,300,0.72265625,0.06876016021558949,0.638671875,0.796875,5,/home/lzha/code/DEXTRAH/cluster_results/a1001/franka_cube_seed_sweep600_c7e66a0_20260612_092951/success_rate_plot_means.csv
Grasp pose prior,301,0.87587890625,0.018306965795649107,0.84423828125,0.8916015625,5,/home/lzha/code/DEXTRAH/cluster_results/a1001/franka_cube_seed_sweep600_c7e66a0_20260612_092951/success_rate_plot_means.csv
Grasp pose prior,302,0.862109375,0.018985289249462127,0.83935546875,0.88623046875,5,/home/lzha/code/DEXTRAH/cluster_results/a1001/franka_cube_seed_sweep600_c7e66a0_20260612_092951/success_rate_plot_means.csv
Grasp pose prior,303,0.8607421875,0.008565126781872571,0.85009765625,0.8740234375,5,/home/lzha/code/DEXTRAH/cluster_results/a1001/franka_cube_seed_sweep600_c7e66a0_20260612_092951/success_rate_plot_means.csv
Grasp pose prior,304,0.86220703125,0.012626579261431611,0.84375,0.873046875,5,/home/lzha/code/DEXTRAH/cluster_results/a1001/franka_cube_seed_sweep600_c7e66a0_20260612_092951/success_rate_plot_means.csv
Grasp pose prior,305,0.85859375,0.018209683133279753,0.8330078125,0.880859375,5,/home/lzha/code/DEXTRAH/cluster_results/a1001/franka_cube_seed_sweep600_c7e66a0_20260612_092951/success_rate_plot_means.csv
Grasp pose prior,306,0.85654296875,0.007464477338436708,0.8505859375,0.86767578125,5,/home/lzha/code/DEXTRAH/cluster_results/a1001/franka_cube_seed_sweep600_c7e66a0_20260612_092951/success_rate_plot_means.csv
Grasp pose prior,307,0.86162109375,0.011828103069249814,0.841796875,0.873046875,5,/home/lzha/code/DEXTRAH/cluster_results/a1001/franka_cube_seed_sweep600_c7e66a0_20260612_092951/success_rate_plot_means.csv
Grasp pose prior,308,0.85703125,0.01208631719820092,0.8369140625,0.86865234375,5,/home/lzha/code/DEXTRAH/cluster_results/a1001/franka_cube_seed_sweep600_c7e66a0_20260612_092951/success_rate_plot_means.csv
Grasp pose prior,309,0.72021484375,0.0719978940443828,0.634765625,0.79345703125,5,/home/lzha/code/DEXTRAH/cluster_results/a1001/franka_cube_seed_sweep600_c7e66a0_20260612_092951/success_rate_plot_means.csv
Grasp pose prior,310,0.88798828125,0.009708082422334889,0.87744140625,0.90185546875,5,/home/lzha/code/DEXTRAH/cluster_results/a1001/franka_cube_seed_sweep600_c7e66a0_20260612_092951/success_rate_plot_means.csv
Grasp pose prior,311,0.867578125,0.02773850101351121,0.8349609375,0.9013671875,5,/home/lzha/code/DEXTRAH/cluster_results/a1001/franka_cube_seed_sweep600_c7e66a0_20260612_092951/success_rate_plot_means.csv
Grasp pose prior,312,0.8701171875,0.017977107219243255,0.845703125,0.8916015625,5,/home/lzha/code/DEXTRAH/cluster_results/a1001/franka_cube_seed_sweep600_c7e66a0_20260612_092951/success_rate_plot_means.csv
Grasp pose prior,313,0.8701171875,0.0031455319157043765,0.86572265625,0.8740234375,5,/home/lzha/code/DEXTRAH/cluster_results/a1001/franka_cube_seed_sweep600_c7e66a0_20260612_092951/success_rate_plot_means.csv
Grasp pose prior,314,0.85927734375,0.009445434468557001,0.84716796875,0.8720703125,5,/home/lzha/code/DEXTRAH/cluster_results/a1001/franka_cube_seed_sweep600_c7e66a0_20260612_092951/success_rate_plot_means.csv
Grasp pose prior,315,0.8625,0.020875379730242897,0.83447265625,0.884765625,5,/home/lzha/code/DEXTRAH/cluster_results/a1001/franka_cube_seed_sweep600_c7e66a0_20260612_092951/success_rate_plot_means.csv
Grasp pose prior,316,0.865625,0.007488394340890943,0.85693359375,0.87353515625,5,/home/lzha/code/DEXTRAH/cluster_results/a1001/franka_cube_seed_sweep600_c7e66a0_20260612_092951/success_rate_plot_means.csv
Grasp pose prior,317,0.8568359375,0.005582231479307735,0.85107421875,0.86474609375,5,/home/lzha/code/DEXTRAH/cluster_results/a1001/franka_cube_seed_sweep600_c7e66a0_20260612_092951/success_rate_plot_means.csv
Grasp pose prior,318,0.85771484375,0.011495887020843415,0.84375,0.86962890625,5,/home/lzha/code/DEXTRAH/cluster_results/a1001/franka_cube_seed_sweep600_c7e66a0_20260612_092951/success_rate_plot_means.csv
Grasp pose prior,319,0.88251953125,0.022555211461808868,0.85595703125,0.9169921875,5,/home/lzha/code/DEXTRAH/cluster_results/a1001/franka_cube_seed_sweep600_c7e66a0_20260612_092951/success_rate_plot_means.csv
Grasp pose prior,320,0.866796875,0.02223262013783709,0.84423828125,0.89990234375,5,/home/lzha/code/DEXTRAH/cluster_results/a1001/franka_cube_seed_sweep600_c7e66a0_20260612_092951/success_rate_plot_means.csv
Grasp pose prior,321,0.8697265625,0.011962392368450293,0.85205078125,0.88525390625,5,/home/lzha/code/DEXTRAH/cluster_results/a1001/franka_cube_seed_sweep600_c7e66a0_20260612_092951/success_rate_plot_means.csv
Grasp pose prior,322,0.86494140625,0.010349950125016643,0.85302734375,0.87646484375,5,/home/lzha/code/DEXTRAH/cluster_results/a1001/franka_cube_seed_sweep600_c7e66a0_20260612_092951/success_rate_plot_means.csv
Grasp pose prior,323,0.85302734375,0.020658394337213067,0.8193359375,0.875,5,/home/lzha/code/DEXTRAH/cluster_results/a1001/franka_cube_seed_sweep600_c7e66a0_20260612_092951/success_rate_plot_means.csv
Grasp pose prior,324,0.86552734375,0.004536025063474059,0.8603515625,0.87158203125,5,/home/lzha/code/DEXTRAH/cluster_results/a1001/franka_cube_seed_sweep600_c7e66a0_20260612_092951/success_rate_plot_means.csv
Grasp pose prior,325,0.86298828125,0.01118046783560282,0.8515625,0.88134765625,5,/home/lzha/code/DEXTRAH/cluster_results/a1001/franka_cube_seed_sweep600_c7e66a0_20260612_092951/success_rate_plot_means.csv
Grasp pose prior,326,0.86298828125,0.00854561939117397,0.8525390625,0.8720703125,5,/home/lzha/code/DEXTRAH/cluster_results/a1001/franka_cube_seed_sweep600_c7e66a0_20260612_092951/success_rate_plot_means.csv
Grasp pose prior,327,0.86083984375,0.017544183811739923,0.8310546875,0.87646484375,5,/home/lzha/code/DEXTRAH/cluster_results/a1001/franka_cube_seed_sweep600_c7e66a0_20260612_092951/success_rate_plot_means.csv
Grasp pose prior,328,0.72451171875,0.06735927889539871,0.64599609375,0.79736328125,5,/home/lzha/code/DEXTRAH/cluster_results/a1001/franka_cube_seed_sweep600_c7e66a0_20260612_092951/success_rate_plot_means.csv
Grasp pose prior,329,0.85595703125,0.01367623395914152,0.84130859375,0.87548828125,5,/home/lzha/code/DEXTRAH/cluster_results/a1001/franka_cube_seed_sweep600_c7e66a0_20260612_092951/success_rate_plot_means.csv
Grasp pose prior,330,0.86015625,0.016248104278319984,0.84765625,0.88720703125,5,/home/lzha/code/DEXTRAH/cluster_results/a1001/franka_cube_seed_sweep600_c7e66a0_20260612_092951/success_rate_plot_means.csv
Grasp pose prior,331,0.85888671875,0.0121286546370842,0.8466796875,0.87841796875,5,/home/lzha/code/DEXTRAH/cluster_results/a1001/franka_cube_seed_sweep600_c7e66a0_20260612_092951/success_rate_plot_means.csv
Grasp pose prior,332,0.85185546875,0.01120177210003633,0.84130859375,0.86669921875,5,/home/lzha/code/DEXTRAH/cluster_results/a1001/franka_cube_seed_sweep600_c7e66a0_20260612_092951/success_rate_plot_means.csv
Grasp pose prior,333,0.86416015625,0.008812090059309365,0.85009765625,0.873046875,5,/home/lzha/code/DEXTRAH/cluster_results/a1001/franka_cube_seed_sweep600_c7e66a0_20260612_092951/success_rate_plot_means.csv
Grasp pose prior,334,0.8609375,0.005055538713103431,0.85498046875,0.86865234375,5,/home/lzha/code/DEXTRAH/cluster_results/a1001/franka_cube_seed_sweep600_c7e66a0_20260612_092951/success_rate_plot_means.csv
Grasp pose prior,335,0.86025390625,0.005688005026727915,0.85302734375,0.86865234375,5,/home/lzha/code/DEXTRAH/cluster_results/a1001/franka_cube_seed_sweep600_c7e66a0_20260612_092951/success_rate_plot_means.csv
Grasp pose prior,336,0.85751953125,0.018552759973894068,0.8271484375,0.875,5,/home/lzha/code/DEXTRAH/cluster_results/a1001/franka_cube_seed_sweep600_c7e66a0_20260612_092951/success_rate_plot_means.csv
Grasp pose prior,337,0.725390625,0.07649872907193676,0.6376953125,0.8125,5,/home/lzha/code/DEXTRAH/cluster_results/a1001/franka_cube_seed_sweep600_c7e66a0_20260612_092951/success_rate_plot_means.csv
Grasp pose prior,338,0.8685546875,0.025833723824123647,0.83837890625,0.89990234375,5,/home/lzha/code/DEXTRAH/cluster_results/a1001/franka_cube_seed_sweep600_c7e66a0_20260612_092951/success_rate_plot_means.csv
Grasp pose prior,339,0.8724609375,0.014436949880448639,0.85302734375,0.88623046875,5,/home/lzha/code/DEXTRAH/cluster_results/a1001/franka_cube_seed_sweep600_c7e66a0_20260612_092951/success_rate_plot_means.csv
Grasp pose prior,340,0.8697265625,0.011395902774094779,0.85400390625,0.87890625,5,/home/lzha/code/DEXTRAH/cluster_results/a1001/franka_cube_seed_sweep600_c7e66a0_20260612_092951/success_rate_plot_means.csv
Grasp pose prior,341,0.86591796875,0.0037122222282711353,0.8603515625,0.8701171875,5,/home/lzha/code/DEXTRAH/cluster_results/a1001/franka_cube_seed_sweep600_c7e66a0_20260612_092951/success_rate_plot_means.csv
Grasp pose prior,342,0.86240234375,0.005375530837704252,0.85498046875,0.86767578125,5,/home/lzha/code/DEXTRAH/cluster_results/a1001/franka_cube_seed_sweep600_c7e66a0_20260612_092951/success_rate_plot_means.csv
Grasp pose prior,343,0.86826171875,0.008267684478039663,0.8544921875,0.87646484375,5,/home/lzha/code/DEXTRAH/cluster_results/a1001/franka_cube_seed_sweep600_c7e66a0_20260612_092951/success_rate_plot_means.csv
Grasp pose prior,344,0.8595703125,0.010745516174613796,0.84716796875,0.87646484375,5,/home/lzha/code/DEXTRAH/cluster_results/a1001/franka_cube_seed_sweep600_c7e66a0_20260612_092951/success_rate_plot_means.csv
Grasp pose prior,345,0.85546875,0.012094205152832847,0.837890625,0.86865234375,5,/home/lzha/code/DEXTRAH/cluster_results/a1001/franka_cube_seed_sweep600_c7e66a0_20260612_092951/success_rate_plot_means.csv
Grasp pose prior,346,0.86767578125,0.014538159112265045,0.84228515625,0.87744140625,5,/home/lzha/code/DEXTRAH/cluster_results/a1001/franka_cube_seed_sweep600_c7e66a0_20260612_092951/success_rate_plot_means.csv
Grasp pose prior,347,0.855078125,0.08938774818254729,0.69677734375,0.9130859375,5,/home/lzha/code/DEXTRAH/cluster_results/a1001/franka_cube_seed_sweep600_c7e66a0_20260612_092951/success_rate_plot_means.csv
Grasp pose prior,348,0.8861328125,0.006256862687359901,0.88037109375,0.89599609375,5,/home/lzha/code/DEXTRAH/cluster_results/a1001/franka_cube_seed_sweep600_c7e66a0_20260612_092951/success_rate_plot_means.csv
Grasp pose prior,349,0.87236328125,0.024081227334767023,0.83935546875,0.896484375,5,/home/lzha/code/DEXTRAH/cluster_results/a1001/franka_cube_seed_sweep600_c7e66a0_20260612_092951/success_rate_plot_means.csv
Grasp pose prior,350,0.8630859375,0.005069666934538051,0.8564453125,0.86767578125,5,/home/lzha/code/DEXTRAH/cluster_results/a1001/franka_cube_seed_sweep600_c7e66a0_20260612_092951/success_rate_plot_means.csv
Grasp pose prior,351,0.8625,0.014437775580348106,0.8388671875,0.87841796875,5,/home/lzha/code/DEXTRAH/cluster_results/a1001/franka_cube_seed_sweep600_c7e66a0_20260612_092951/success_rate_plot_means.csv
Grasp pose prior,352,0.86806640625,0.014005247767421163,0.8544921875,0.8857421875,5,/home/lzha/code/DEXTRAH/cluster_results/a1001/franka_cube_seed_sweep600_c7e66a0_20260612_092951/success_rate_plot_means.csv
Grasp pose prior,353,0.863671875,0.010980358621268258,0.8544921875,0.88232421875,5,/home/lzha/code/DEXTRAH/cluster_results/a1001/franka_cube_seed_sweep600_c7e66a0_20260612_092951/success_rate_plot_means.csv
Grasp pose prior,354,0.86630859375,0.018235196524110982,0.8369140625,0.88330078125,5,/home/lzha/code/DEXTRAH/cluster_results/a1001/franka_cube_seed_sweep600_c7e66a0_20260612_092951/success_rate_plot_means.csv
Grasp pose prior,355,0.861328125,0.008192364128692635,0.84716796875,0.8671875,5,/home/lzha/code/DEXTRAH/cluster_results/a1001/franka_cube_seed_sweep600_c7e66a0_20260612_092951/success_rate_plot_means.csv
Grasp pose prior,356,0.72822265625,0.07264781615827084,0.6376953125,0.81298828125,5,/home/lzha/code/DEXTRAH/cluster_results/a1001/franka_cube_seed_sweep600_c7e66a0_20260612_092951/success_rate_plot_means.csv
Grasp pose prior,357,0.88798828125,0.0173067981130333,0.8720703125,0.91455078125,5,/home/lzha/code/DEXTRAH/cluster_results/a1001/franka_cube_seed_sweep600_c7e66a0_20260612_092951/success_rate_plot_means.csv
Grasp pose prior,358,0.8697265625,0.022095468413823444,0.8310546875,0.88525390625,5,/home/lzha/code/DEXTRAH/cluster_results/a1001/franka_cube_seed_sweep600_c7e66a0_20260612_092951/success_rate_plot_means.csv
Grasp pose prior,359,0.86064453125,0.016888461924615846,0.841796875,0.88720703125,5,/home/lzha/code/DEXTRAH/cluster_results/a1001/franka_cube_seed_sweep600_c7e66a0_20260612_092951/success_rate_plot_means.csv
Grasp pose prior,360,0.85947265625,0.005183606260582114,0.85302734375,0.8662109375,5,/home/lzha/code/DEXTRAH/cluster_results/a1001/franka_cube_seed_sweep600_c7e66a0_20260612_092951/success_rate_plot_means.csv
Grasp pose prior,361,0.86376953125,0.011865334843967644,0.85009765625,0.876953125,5,/home/lzha/code/DEXTRAH/cluster_results/a1001/franka_cube_seed_sweep600_c7e66a0_20260612_092951/success_rate_plot_means.csv
Grasp pose prior,362,0.867578125,0.008839104500546537,0.85400390625,0.8759765625,5,/home/lzha/code/DEXTRAH/cluster_results/a1001/franka_cube_seed_sweep600_c7e66a0_20260612_092951/success_rate_plot_means.csv
Grasp pose prior,363,0.8642578125,0.007524919437217989,0.85205078125,0.87109375,5,/home/lzha/code/DEXTRAH/cluster_results/a1001/franka_cube_seed_sweep600_c7e66a0_20260612_092951/success_rate_plot_means.csv
Grasp pose prior,364,0.85712890625,0.012508961326359414,0.84130859375,0.87353515625,5,/home/lzha/code/DEXTRAH/cluster_results/a1001/franka_cube_seed_sweep600_c7e66a0_20260612_092951/success_rate_plot_means.csv
Grasp pose prior,365,0.86396484375,0.013903588886886252,0.84814453125,0.87939453125,5,/home/lzha/code/DEXTRAH/cluster_results/a1001/franka_cube_seed_sweep600_c7e66a0_20260612_092951/success_rate_plot_means.csv
Grasp pose prior,366,0.88173828125,0.01606660498030812,0.86572265625,0.90576171875,5,/home/lzha/code/DEXTRAH/cluster_results/a1001/franka_cube_seed_sweep600_c7e66a0_20260612_092951/success_rate_plot_means.csv
Grasp pose prior,367,0.86787109375,0.01066757647290029,0.849609375,0.87548828125,5,/home/lzha/code/DEXTRAH/cluster_results/a1001/franka_cube_seed_sweep600_c7e66a0_20260612_092951/success_rate_plot_means.csv
Grasp pose prior,368,0.8671875,0.010083924037140323,0.8505859375,0.87646484375,5,/home/lzha/code/DEXTRAH/cluster_results/a1001/franka_cube_seed_sweep600_c7e66a0_20260612_092951/success_rate_plot_means.csv
Grasp pose prior,369,0.86259765625,0.0064000243663324,0.8544921875,0.87109375,5,/home/lzha/code/DEXTRAH/cluster_results/a1001/franka_cube_seed_sweep600_c7e66a0_20260612_092951/success_rate_plot_means.csv
Grasp pose prior,370,0.85947265625,0.009743627568736512,0.84765625,0.87158203125,5,/home/lzha/code/DEXTRAH/cluster_results/a1001/franka_cube_seed_sweep600_c7e66a0_20260612_092951/success_rate_plot_means.csv
Grasp pose prior,371,0.8701171875,0.011784685923971847,0.8525390625,0.87890625,5,/home/lzha/code/DEXTRAH/cluster_results/a1001/franka_cube_seed_sweep600_c7e66a0_20260612_092951/success_rate_plot_means.csv
Grasp pose prior,372,0.86318359375,0.011832133774110125,0.84619140625,0.87890625,5,/home/lzha/code/DEXTRAH/cluster_results/a1001/franka_cube_seed_sweep600_c7e66a0_20260612_092951/success_rate_plot_means.csv
Grasp pose prior,373,0.8642578125,0.009128378464765585,0.85009765625,0.873046875,5,/home/lzha/code/DEXTRAH/cluster_results/a1001/franka_cube_seed_sweep600_c7e66a0_20260612_092951/success_rate_plot_means.csv
Grasp pose prior,374,0.8642578125,0.011955414596382124,0.84814453125,0.8798828125,5,/home/lzha/code/DEXTRAH/cluster_results/a1001/franka_cube_seed_sweep600_c7e66a0_20260612_092951/success_rate_plot_means.csv
Grasp pose prior,375,0.76044921875,0.08915619857043185,0.666015625,0.8935546875,5,/home/lzha/code/DEXTRAH/cluster_results/a1001/franka_cube_seed_sweep600_c7e66a0_20260612_092951/success_rate_plot_means.csv
Grasp pose prior,376,0.86123046875,0.020095012998859105,0.833984375,0.88232421875,5,/home/lzha/code/DEXTRAH/cluster_results/a1001/franka_cube_seed_sweep600_c7e66a0_20260612_092951/success_rate_plot_means.csv
Grasp pose prior,377,0.86953125,0.021527057211790632,0.84814453125,0.8974609375,5,/home/lzha/code/DEXTRAH/cluster_results/a1001/franka_cube_seed_sweep600_c7e66a0_20260612_092951/success_rate_plot_means.csv
Grasp pose prior,378,0.865234375,0.012558419091417661,0.85205078125,0.8798828125,5,/home/lzha/code/DEXTRAH/cluster_results/a1001/franka_cube_seed_sweep600_c7e66a0_20260612_092951/success_rate_plot_means.csv
Grasp pose prior,379,0.856640625,0.009249031634805917,0.84326171875,0.86572265625,5,/home/lzha/code/DEXTRAH/cluster_results/a1001/franka_cube_seed_sweep600_c7e66a0_20260612_092951/success_rate_plot_means.csv
Grasp pose prior,380,0.86533203125,0.010958623923351738,0.85009765625,0.87548828125,5,/home/lzha/code/DEXTRAH/cluster_results/a1001/franka_cube_seed_sweep600_c7e66a0_20260612_092951/success_rate_plot_means.csv
Grasp pose prior,381,0.86005859375,0.007975592573865398,0.84765625,0.8681640625,5,/home/lzha/code/DEXTRAH/cluster_results/a1001/franka_cube_seed_sweep600_c7e66a0_20260612_092951/success_rate_plot_means.csv
Grasp pose prior,382,0.8587890625,0.010319960236583665,0.8447265625,0.8720703125,5,/home/lzha/code/DEXTRAH/cluster_results/a1001/franka_cube_seed_sweep600_c7e66a0_20260612_092951/success_rate_plot_means.csv
Grasp pose prior,383,0.8603515625,0.01290023907580362,0.84130859375,0.87353515625,5,/home/lzha/code/DEXTRAH/cluster_results/a1001/franka_cube_seed_sweep600_c7e66a0_20260612_092951/success_rate_plot_means.csv
Grasp pose prior,384,0.72939453125,0.06522293447350747,0.642578125,0.79736328125,5,/home/lzha/code/DEXTRAH/cluster_results/a1001/franka_cube_seed_sweep600_c7e66a0_20260612_092951/success_rate_plot_means.csv
Grasp pose prior,385,0.89052734375,0.017202474833025026,0.86962890625,0.91552734375,5,/home/lzha/code/DEXTRAH/cluster_results/a1001/franka_cube_seed_sweep600_c7e66a0_20260612_092951/success_rate_plot_means.csv
Grasp pose prior,386,0.87275390625,0.015558482681862535,0.85009765625,0.89111328125,5,/home/lzha/code/DEXTRAH/cluster_results/a1001/franka_cube_seed_sweep600_c7e66a0_20260612_092951/success_rate_plot_means.csv
Grasp pose prior,387,0.86875,0.01228684842777469,0.86083984375,0.89013671875,5,/home/lzha/code/DEXTRAH/cluster_results/a1001/franka_cube_seed_sweep600_c7e66a0_20260612_092951/success_rate_plot_means.csv
Grasp pose prior,388,0.862109375,0.003099720751582789,0.857421875,0.865234375,5,/home/lzha/code/DEXTRAH/cluster_results/a1001/franka_cube_seed_sweep600_c7e66a0_20260612_092951/success_rate_plot_means.csv
Grasp pose prior,389,0.86650390625,0.006637752135924386,0.857421875,0.873046875,5,/home/lzha/code/DEXTRAH/cluster_results/a1001/franka_cube_seed_sweep600_c7e66a0_20260612_092951/success_rate_plot_means.csv
Grasp pose prior,390,0.86318359375,0.008866036630297957,0.84765625,0.86865234375,5,/home/lzha/code/DEXTRAH/cluster_results/a1001/franka_cube_seed_sweep600_c7e66a0_20260612_092951/success_rate_plot_means.csv
Grasp pose prior,391,0.8587890625,0.01627303032038303,0.8349609375,0.87939453125,5,/home/lzha/code/DEXTRAH/cluster_results/a1001/franka_cube_seed_sweep600_c7e66a0_20260612_092951/success_rate_plot_means.csv
Grasp pose prior,392,0.86044921875,0.01421225598611437,0.83984375,0.873046875,5,/home/lzha/code/DEXTRAH/cluster_results/a1001/franka_cube_seed_sweep600_c7e66a0_20260612_092951/success_rate_plot_means.csv
Grasp pose prior,393,0.86904296875,0.01371279451233053,0.85205078125,0.88623046875,5,/home/lzha/code/DEXTRAH/cluster_results/a1001/franka_cube_seed_sweep600_c7e66a0_20260612_092951/success_rate_plot_means.csv
Grasp pose prior,394,0.890625,0.017128165739053108,0.87646484375,0.919921875,5,/home/lzha/code/DEXTRAH/cluster_results/a1001/franka_cube_seed_sweep600_c7e66a0_20260612_092951/success_rate_plot_means.csv
Grasp pose prior,395,0.878515625,0.013764855422851767,0.86474609375,0.9013671875,5,/home/lzha/code/DEXTRAH/cluster_results/a1001/franka_cube_seed_sweep600_c7e66a0_20260612_092951/success_rate_plot_means.csv
Grasp pose prior,396,0.8615234375,0.016078472107754028,0.8388671875,0.875,5,/home/lzha/code/DEXTRAH/cluster_results/a1001/franka_cube_seed_sweep600_c7e66a0_20260612_092951/success_rate_plot_means.csv
Grasp pose prior,397,0.86376953125,0.01061941561080642,0.8515625,0.87548828125,5,/home/lzha/code/DEXTRAH/cluster_results/a1001/franka_cube_seed_sweep600_c7e66a0_20260612_092951/success_rate_plot_means.csv
Grasp pose prior,398,0.85849609375,0.015059341036094714,0.83837890625,0.87548828125,5,/home/lzha/code/DEXTRAH/cluster_results/a1001/franka_cube_seed_sweep600_c7e66a0_20260612_092951/success_rate_plot_means.csv
Grasp pose prior,399,0.873828125,0.010140509512174618,0.85791015625,0.88427734375,5,/home/lzha/code/DEXTRAH/cluster_results/a1001/franka_cube_seed_sweep600_c7e66a0_20260612_092951/success_rate_plot_means.csv
Grasp pose prior,400,0.85986328125,0.006668213029173664,0.85400390625,0.8701171875,5,/home/lzha/code/DEXTRAH/cluster_results/a1001/franka_cube_seed_sweep600_c7e66a0_20260612_092951/success_rate_plot_means.csv
Grasp pose prior,401,0.86396484375,0.004791629072401209,0.85888671875,0.87060546875,5,/home/lzha/code/DEXTRAH/cluster_results/a1001/franka_cube_seed_sweep600_c7e66a0_20260612_092951/success_rate_plot_means.csv
Grasp pose prior,402,0.86591796875,0.011552779777224817,0.8505859375,0.875,5,/home/lzha/code/DEXTRAH/cluster_results/a1001/franka_cube_seed_sweep600_c7e66a0_20260612_092951/success_rate_plot_means.csv
Grasp pose prior,403,0.7439453125,0.06187373150382575,0.6611328125,0.81396484375,5,/home/lzha/code/DEXTRAH/cluster_results/a1001/franka_cube_seed_sweep600_c7e66a0_20260612_092951/success_rate_plot_means.csv
Grasp pose prior,404,0.88173828125,0.01173603055325661,0.8681640625,0.89599609375,5,/home/lzha/code/DEXTRAH/cluster_results/a1001/franka_cube_seed_sweep600_c7e66a0_20260612_092951/success_rate_plot_means.csv
Grasp pose prior,405,0.86865234375,0.01857074243724279,0.837890625,0.88720703125,5,/home/lzha/code/DEXTRAH/cluster_results/a1001/franka_cube_seed_sweep600_c7e66a0_20260612_092951/success_rate_plot_means.csv
Grasp pose prior,406,0.8609375,0.01906611674033683,0.82763671875,0.87451171875,5,/home/lzha/code/DEXTRAH/cluster_results/a1001/franka_cube_seed_sweep600_c7e66a0_20260612_092951/success_rate_plot_means.csv
Grasp pose prior,407,0.86201171875,0.01687080613756928,0.8486328125,0.890625,5,/home/lzha/code/DEXTRAH/cluster_results/a1001/franka_cube_seed_sweep600_c7e66a0_20260612_092951/success_rate_plot_means.csv
Grasp pose prior,408,0.86650390625,0.01568059567195843,0.84765625,0.88330078125,5,/home/lzha/code/DEXTRAH/cluster_results/a1001/franka_cube_seed_sweep600_c7e66a0_20260612_092951/success_rate_plot_means.csv
Grasp pose prior,409,0.8685546875,0.01307190099572705,0.84814453125,0.880859375,5,/home/lzha/code/DEXTRAH/cluster_results/a1001/franka_cube_seed_sweep600_c7e66a0_20260612_092951/success_rate_plot_means.csv
Grasp pose prior,410,0.87216796875,0.012135532798811726,0.8544921875,0.88525390625,5,/home/lzha/code/DEXTRAH/cluster_results/a1001/franka_cube_seed_sweep600_c7e66a0_20260612_092951/success_rate_plot_means.csv
Grasp pose prior,411,0.85947265625,0.007187858240902403,0.8525390625,0.86962890625,5,/home/lzha/code/DEXTRAH/cluster_results/a1001/franka_cube_seed_sweep600_c7e66a0_20260612_092951/success_rate_plot_means.csv
Grasp pose prior,412,0.7357421875,0.07203215956372247,0.6357421875,0.814453125,5,/home/lzha/code/DEXTRAH/cluster_results/a1001/franka_cube_seed_sweep600_c7e66a0_20260612_092951/success_rate_plot_means.csv
Grasp pose prior,413,0.87529296875,0.02231076667100981,0.84912109375,0.908203125,5,/home/lzha/code/DEXTRAH/cluster_results/a1001/franka_cube_seed_sweep600_c7e66a0_20260612_092951/success_rate_plot_means.csv
Grasp pose prior,414,0.85888671875,0.025738026770397365,0.82666015625,0.88671875,5,/home/lzha/code/DEXTRAH/cluster_results/a1001/franka_cube_seed_sweep600_c7e66a0_20260612_092951/success_rate_plot_means.csv
Grasp pose prior,415,0.873046875,0.017527188570114812,0.85009765625,0.896484375,5,/home/lzha/code/DEXTRAH/cluster_results/a1001/franka_cube_seed_sweep600_c7e66a0_20260612_092951/success_rate_plot_means.csv
Grasp pose prior,416,0.86435546875,0.011034508070012362,0.85400390625,0.88232421875,5,/home/lzha/code/DEXTRAH/cluster_results/a1001/franka_cube_seed_sweep600_c7e66a0_20260612_092951/success_rate_plot_means.csv
Grasp pose prior,417,0.86279296875,0.008583201089476048,0.8544921875,0.87451171875,5,/home/lzha/code/DEXTRAH/cluster_results/a1001/franka_cube_seed_sweep600_c7e66a0_20260612_092951/success_rate_plot_means.csv
Grasp pose prior,418,0.8673828125,0.008718247703385017,0.8564453125,0.8798828125,5,/home/lzha/code/DEXTRAH/cluster_results/a1001/franka_cube_seed_sweep600_c7e66a0_20260612_092951/success_rate_plot_means.csv
Grasp pose prior,419,0.86904296875,0.007929122228158803,0.8603515625,0.880859375,5,/home/lzha/code/DEXTRAH/cluster_results/a1001/franka_cube_seed_sweep600_c7e66a0_20260612_092951/success_rate_plot_means.csv
Grasp pose prior,420,0.86103515625,0.014487231453355934,0.841796875,0.87548828125,5,/home/lzha/code/DEXTRAH/cluster_results/a1001/franka_cube_seed_sweep600_c7e66a0_20260612_092951/success_rate_plot_means.csv
Grasp pose prior,421,0.8669921875,0.00995662820388658,0.8564453125,0.87744140625,5,/home/lzha/code/DEXTRAH/cluster_results/a1001/franka_cube_seed_sweep600_c7e66a0_20260612_092951/success_rate_plot_means.csv
Grasp pose prior,422,0.82880859375,0.06686119864112539,0.73681640625,0.8896484375,5,/home/lzha/code/DEXTRAH/cluster_results/a1001/franka_cube_seed_sweep600_c7e66a0_20260612_092951/success_rate_plot_means.csv
Grasp pose prior,423,0.8708984375,0.025399074615682513,0.83251953125,0.89501953125,5,/home/lzha/code/DEXTRAH/cluster_results/a1001/franka_cube_seed_sweep600_c7e66a0_20260612_092951/success_rate_plot_means.csv
Grasp pose prior,424,0.869140625,0.013943828428997692,0.8525390625,0.8857421875,5,/home/lzha/code/DEXTRAH/cluster_results/a1001/franka_cube_seed_sweep600_c7e66a0_20260612_092951/success_rate_plot_means.csv
Grasp pose prior,425,0.86279296875,0.012728135154040112,0.84912109375,0.8759765625,5,/home/lzha/code/DEXTRAH/cluster_results/a1001/franka_cube_seed_sweep600_c7e66a0_20260612_092951/success_rate_plot_means.csv
Grasp pose prior,426,0.856640625,0.007771192063411236,0.849609375,0.86669921875,5,/home/lzha/code/DEXTRAH/cluster_results/a1001/franka_cube_seed_sweep600_c7e66a0_20260612_092951/success_rate_plot_means.csv
Grasp pose prior,427,0.86259765625,0.010441686464510632,0.84912109375,0.87744140625,5,/home/lzha/code/DEXTRAH/cluster_results/a1001/franka_cube_seed_sweep600_c7e66a0_20260612_092951/success_rate_plot_means.csv
Grasp pose prior,428,0.8626953125,0.013062778305666382,0.84716796875,0.8759765625,5,/home/lzha/code/DEXTRAH/cluster_results/a1001/franka_cube_seed_sweep600_c7e66a0_20260612_092951/success_rate_plot_means.csv
Grasp pose prior,429,0.8666015625,0.012441114964211783,0.84765625,0.8818359375,5,/home/lzha/code/DEXTRAH/cluster_results/a1001/franka_cube_seed_sweep600_c7e66a0_20260612_092951/success_rate_plot_means.csv
Grasp pose prior,430,0.86630859375,0.012565062000684862,0.8447265625,0.8759765625,5,/home/lzha/code/DEXTRAH/cluster_results/a1001/franka_cube_seed_sweep600_c7e66a0_20260612_092951/success_rate_plot_means.csv
Grasp pose prior,431,0.7380859375,0.060366059077614234,0.654296875,0.8115234375,5,/home/lzha/code/DEXTRAH/cluster_results/a1001/franka_cube_seed_sweep600_c7e66a0_20260612_092951/success_rate_plot_means.csv
Grasp pose prior,432,0.88310546875,0.021524842038167583,0.849609375,0.9072265625,5,/home/lzha/code/DEXTRAH/cluster_results/a1001/franka_cube_seed_sweep600_c7e66a0_20260612_092951/success_rate_plot_means.csv
Grasp pose prior,433,0.87373046875,0.022036582355575523,0.849609375,0.896484375,5,/home/lzha/code/DEXTRAH/cluster_results/a1001/franka_cube_seed_sweep600_c7e66a0_20260612_092951/success_rate_plot_means.csv
Grasp pose prior,434,0.862890625,0.022835698286037532,0.8271484375,0.88427734375,5,/home/lzha/code/DEXTRAH/cluster_results/a1001/franka_cube_seed_sweep600_c7e66a0_20260612_092951/success_rate_plot_means.csv
Grasp pose prior,435,0.85673828125,0.009708082422334889,0.84521484375,0.869140625,5,/home/lzha/code/DEXTRAH/cluster_results/a1001/franka_cube_seed_sweep600_c7e66a0_20260612_092951/success_rate_plot_means.csv
Grasp pose prior,436,0.86611328125,0.008791774755117795,0.85400390625,0.8759765625,5,/home/lzha/code/DEXTRAH/cluster_results/a1001/franka_cube_seed_sweep600_c7e66a0_20260612_092951/success_rate_plot_means.csv
Grasp pose prior,437,0.86484375,0.011269675110108648,0.85546875,0.8828125,5,/home/lzha/code/DEXTRAH/cluster_results/a1001/franka_cube_seed_sweep600_c7e66a0_20260612_092951/success_rate_plot_means.csv
Grasp pose prior,438,0.86201171875,0.008297908510253126,0.84765625,0.8681640625,5,/home/lzha/code/DEXTRAH/cluster_results/a1001/franka_cube_seed_sweep600_c7e66a0_20260612_092951/success_rate_plot_means.csv
Grasp pose prior,439,0.8658203125,0.018008246757914702,0.83544921875,0.88232421875,5,/home/lzha/code/DEXTRAH/cluster_results/a1001/franka_cube_seed_sweep600_c7e66a0_20260612_092951/success_rate_plot_means.csv
Grasp pose prior,440,0.736328125,0.06992061336806972,0.6396484375,0.80859375,5,/home/lzha/code/DEXTRAH/cluster_results/a1001/franka_cube_seed_sweep600_c7e66a0_20260612_092951/success_rate_plot_means.csv
Grasp pose prior,441,0.8849609375,0.025241354340310378,0.84326171875,0.9111328125,5,/home/lzha/code/DEXTRAH/cluster_results/a1001/franka_cube_seed_sweep600_c7e66a0_20260612_092951/success_rate_plot_means.csv
Grasp pose prior,442,0.88330078125,0.014406365714777275,0.86962890625,0.9072265625,5,/home/lzha/code/DEXTRAH/cluster_results/a1001/franka_cube_seed_sweep600_c7e66a0_20260612_092951/success_rate_plot_means.csv
Grasp pose prior,443,0.87490234375,0.020195609999924313,0.84521484375,0.8955078125,5,/home/lzha/code/DEXTRAH/cluster_results/a1001/franka_cube_seed_sweep600_c7e66a0_20260612_092951/success_rate_plot_means.csv
Grasp pose prior,444,0.85859375,0.012082371289771174,0.83984375,0.87158203125,5,/home/lzha/code/DEXTRAH/cluster_results/a1001/franka_cube_seed_sweep600_c7e66a0_20260612_092951/success_rate_plot_means.csv
Grasp pose prior,445,0.8681640625,0.0068620455676539046,0.8583984375,0.87646484375,5,/home/lzha/code/DEXTRAH/cluster_results/a1001/franka_cube_seed_sweep600_c7e66a0_20260612_092951/success_rate_plot_means.csv
Grasp pose prior,446,0.86298828125,0.00955335711046531,0.8515625,0.8759765625,5,/home/lzha/code/DEXTRAH/cluster_results/a1001/franka_cube_seed_sweep600_c7e66a0_20260612_092951/success_rate_plot_means.csv
Grasp pose prior,447,0.86875,0.007959134153115222,0.8623046875,0.880859375,5,/home/lzha/code/DEXTRAH/cluster_results/a1001/franka_cube_seed_sweep600_c7e66a0_20260612_092951/success_rate_plot_means.csv
Grasp pose prior,448,0.86181640625,0.012676518540768721,0.84521484375,0.87548828125,5,/home/lzha/code/DEXTRAH/cluster_results/a1001/franka_cube_seed_sweep600_c7e66a0_20260612_092951/success_rate_plot_means.csv
Grasp pose prior,449,0.868359375,0.014988723330804473,0.853515625,0.8916015625,5,/home/lzha/code/DEXTRAH/cluster_results/a1001/franka_cube_seed_sweep600_c7e66a0_20260612_092951/success_rate_plot_means.csv
Grasp pose prior,450,0.88173828125,0.030963345915504724,0.83837890625,0.92431640625,5,/home/lzha/code/DEXTRAH/cluster_results/a1001/franka_cube_seed_sweep600_c7e66a0_20260612_092951/success_rate_plot_means.csv
Grasp pose prior,451,0.8861328125,0.015453928001839376,0.8701171875,0.91015625,5,/home/lzha/code/DEXTRAH/cluster_results/a1001/franka_cube_seed_sweep600_c7e66a0_20260612_092951/success_rate_plot_means.csv
Grasp pose prior,452,0.8775390625,0.01613693812638341,0.85888671875,0.89697265625,5,/home/lzha/code/DEXTRAH/cluster_results/a1001/franka_cube_seed_sweep600_c7e66a0_20260612_092951/success_rate_plot_means.csv
Grasp pose prior,453,0.85458984375,0.016982784080920306,0.82958984375,0.87109375,5,/home/lzha/code/DEXTRAH/cluster_results/a1001/franka_cube_seed_sweep600_c7e66a0_20260612_092951/success_rate_plot_means.csv
Grasp pose prior,454,0.8541015625,0.012388302521640153,0.83935546875,0.87158203125,5,/home/lzha/code/DEXTRAH/cluster_results/a1001/franka_cube_seed_sweep600_c7e66a0_20260612_092951/success_rate_plot_means.csv
Grasp pose prior,455,0.86796875,0.009203810143347436,0.8583984375,0.88134765625,5,/home/lzha/code/DEXTRAH/cluster_results/a1001/franka_cube_seed_sweep600_c7e66a0_20260612_092951/success_rate_plot_means.csv
Grasp pose prior,456,0.86630859375,0.012980385581756584,0.85009765625,0.8798828125,5,/home/lzha/code/DEXTRAH/cluster_results/a1001/franka_cube_seed_sweep600_c7e66a0_20260612_092951/success_rate_plot_means.csv
Grasp pose prior,457,0.86494140625,0.009914634645995495,0.8525390625,0.87841796875,5,/home/lzha/code/DEXTRAH/cluster_results/a1001/franka_cube_seed_sweep600_c7e66a0_20260612_092951/success_rate_plot_means.csv
Grasp pose prior,458,0.8611328125,0.016560582463806258,0.8369140625,0.88037109375,5,/home/lzha/code/DEXTRAH/cluster_results/a1001/franka_cube_seed_sweep600_c7e66a0_20260612_092951/success_rate_plot_means.csv
Grasp pose prior,459,0.7357421875,0.06427940307396995,0.64599609375,0.80615234375,5,/home/lzha/code/DEXTRAH/cluster_results/a1001/franka_cube_seed_sweep600_c7e66a0_20260612_092951/success_rate_plot_means.csv
Grasp pose prior,460,0.88154296875,0.01189844327088665,0.865234375,0.8984375,5,/home/lzha/code/DEXTRAH/cluster_results/a1001/franka_cube_seed_sweep600_c7e66a0_20260612_092951/success_rate_plot_means.csv
Grasp pose prior,461,0.85634765625,0.026111407672830246,0.8154296875,0.87939453125,5,/home/lzha/code/DEXTRAH/cluster_results/a1001/franka_cube_seed_sweep600_c7e66a0_20260612_092951/success_rate_plot_means.csv
Grasp pose prior,462,0.85625,0.008475583630836333,0.84765625,0.8671875,5,/home/lzha/code/DEXTRAH/cluster_results/a1001/franka_cube_seed_sweep600_c7e66a0_20260612_092951/success_rate_plot_means.csv
Grasp pose prior,463,0.86455078125,0.005197386363568426,0.85888671875,0.87255859375,5,/home/lzha/code/DEXTRAH/cluster_results/a1001/franka_cube_seed_sweep600_c7e66a0_20260612_092951/success_rate_plot_means.csv
Grasp pose prior,464,0.87021484375,0.011977331048502005,0.85107421875,0.8818359375,5,/home/lzha/code/DEXTRAH/cluster_results/a1001/franka_cube_seed_sweep600_c7e66a0_20260612_092951/success_rate_plot_means.csv
Grasp pose prior,465,0.87216796875,0.008092810616788165,0.86328125,0.88330078125,5,/home/lzha/code/DEXTRAH/cluster_results/a1001/franka_cube_seed_sweep600_c7e66a0_20260612_092951/success_rate_plot_means.csv
Grasp pose prior,466,0.87197265625,0.011674926195585276,0.85205078125,0.88232421875,5,/home/lzha/code/DEXTRAH/cluster_results/a1001/franka_cube_seed_sweep600_c7e66a0_20260612_092951/success_rate_plot_means.csv
Grasp pose prior,467,0.86181640625,0.016797868566181224,0.83642578125,0.880859375,5,/home/lzha/code/DEXTRAH/cluster_results/a1001/franka_cube_seed_sweep600_c7e66a0_20260612_092951/success_rate_plot_means.csv
Grasp pose prior,468,0.7357421875,0.07234344416444533,0.634765625,0.80908203125,5,/home/lzha/code/DEXTRAH/cluster_results/a1001/franka_cube_seed_sweep600_c7e66a0_20260612_092951/success_rate_plot_means.csv
Grasp pose prior,469,0.85810546875,0.03436508035584625,0.81298828125,0.89306640625,5,/home/lzha/code/DEXTRAH/cluster_results/a1001/franka_cube_seed_sweep600_c7e66a0_20260612_092951/success_rate_plot_means.csv
Grasp pose prior,470,0.8638671875,0.019693539616445585,0.83447265625,0.88671875,5,/home/lzha/code/DEXTRAH/cluster_results/a1001/franka_cube_seed_sweep600_c7e66a0_20260612_092951/success_rate_plot_means.csv
Grasp pose prior,471,0.87392578125,0.0178419866275145,0.85205078125,0.89208984375,5,/home/lzha/code/DEXTRAH/cluster_results/a1001/franka_cube_seed_sweep600_c7e66a0_20260612_092951/success_rate_plot_means.csv
Grasp pose prior,472,0.8673828125,0.0066556871919487256,0.85791015625,0.8759765625,5,/home/lzha/code/DEXTRAH/cluster_results/a1001/franka_cube_seed_sweep600_c7e66a0_20260612_092951/success_rate_plot_means.csv
Grasp pose prior,473,0.86005859375,0.0173067981130333,0.83740234375,0.8759765625,5,/home/lzha/code/DEXTRAH/cluster_results/a1001/franka_cube_seed_sweep600_c7e66a0_20260612_092951/success_rate_plot_means.csv
Grasp pose prior,474,0.8646484375,0.009382118065996444,0.85546875,0.87744140625,5,/home/lzha/code/DEXTRAH/cluster_results/a1001/franka_cube_seed_sweep600_c7e66a0_20260612_092951/success_rate_plot_means.csv
Grasp pose prior,475,0.86396484375,0.012570753128930487,0.845703125,0.87548828125,5,/home/lzha/code/DEXTRAH/cluster_results/a1001/franka_cube_seed_sweep600_c7e66a0_20260612_092951/success_rate_plot_means.csv
Grasp pose prior,476,0.8673828125,0.018485814816400967,0.841796875,0.88134765625,5,/home/lzha/code/DEXTRAH/cluster_results/a1001/franka_cube_seed_sweep600_c7e66a0_20260612_092951/success_rate_plot_means.csv
Grasp pose prior,477,0.8712890625,0.016192984693869702,0.85205078125,0.89208984375,5,/home/lzha/code/DEXTRAH/cluster_results/a1001/franka_cube_seed_sweep600_c7e66a0_20260612_092951/success_rate_plot_means.csv
Grasp pose prior,478,0.89267578125,0.01851416730977433,0.86669921875,0.9189453125,5,/home/lzha/code/DEXTRAH/cluster_results/a1001/franka_cube_seed_sweep600_c7e66a0_20260612_092951/success_rate_plot_means.csv
Grasp pose prior,479,0.88720703125,0.02015306551121967,0.85595703125,0.90966796875,5,/home/lzha/code/DEXTRAH/cluster_results/a1001/franka_cube_seed_sweep600_c7e66a0_20260612_092951/success_rate_plot_means.csv
Grasp pose prior,480,0.88173828125,0.01912853871437042,0.857421875,0.90283203125,5,/home/lzha/code/DEXTRAH/cluster_results/a1001/franka_cube_seed_sweep600_c7e66a0_20260612_092951/success_rate_plot_means.csv
Grasp pose prior,481,0.86416015625,0.02495590135276828,0.8212890625,0.884765625,5,/home/lzha/code/DEXTRAH/cluster_results/a1001/franka_cube_seed_sweep600_c7e66a0_20260612_092951/success_rate_plot_means.csv
Grasp pose prior,482,0.851953125,0.01533000957013433,0.8359375,0.8681640625,5,/home/lzha/code/DEXTRAH/cluster_results/a1001/franka_cube_seed_sweep600_c7e66a0_20260612_092951/success_rate_plot_means.csv
Grasp pose prior,483,0.8708984375,0.017237780458466145,0.85986328125,0.9013671875,5,/home/lzha/code/DEXTRAH/cluster_results/a1001/franka_cube_seed_sweep600_c7e66a0_20260612_092951/success_rate_plot_means.csv
Grasp pose prior,484,0.866015625,0.006455661672280628,0.8583984375,0.87451171875,5,/home/lzha/code/DEXTRAH/cluster_results/a1001/franka_cube_seed_sweep600_c7e66a0_20260612_092951/success_rate_plot_means.csv
Grasp pose prior,485,0.86015625,0.010034149986650082,0.845703125,0.873046875,5,/home/lzha/code/DEXTRAH/cluster_results/a1001/franka_cube_seed_sweep600_c7e66a0_20260612_092951/success_rate_plot_means.csv
Grasp pose prior,486,0.86279296875,0.011209219026610349,0.85107421875,0.87890625,5,/home/lzha/code/DEXTRAH/cluster_results/a1001/franka_cube_seed_sweep600_c7e66a0_20260612_092951/success_rate_plot_means.csv
Grasp pose prior,487,0.7404296875,0.0651307522215791,0.65478515625,0.814453125,5,/home/lzha/code/DEXTRAH/cluster_results/a1001/franka_cube_seed_sweep600_c7e66a0_20260612_092951/success_rate_plot_means.csv
Grasp pose prior,488,0.8859375,0.023944707119182677,0.8525390625,0.9189453125,5,/home/lzha/code/DEXTRAH/cluster_results/a1001/franka_cube_seed_sweep600_c7e66a0_20260612_092951/success_rate_plot_means.csv
Grasp pose prior,489,0.880078125,0.014044347278913415,0.86474609375,0.9013671875,5,/home/lzha/code/DEXTRAH/cluster_results/a1001/franka_cube_seed_sweep600_c7e66a0_20260612_092951/success_rate_plot_means.csv
Grasp pose prior,490,0.8806640625,0.011449128123575134,0.86962890625,0.89794921875,5,/home/lzha/code/DEXTRAH/cluster_results/a1001/franka_cube_seed_sweep600_c7e66a0_20260612_092951/success_rate_plot_means.csv
Grasp pose prior,491,0.87265625,0.007416411949098463,0.8603515625,0.87841796875,5,/home/lzha/code/DEXTRAH/cluster_results/a1001/franka_cube_seed_sweep600_c7e66a0_20260612_092951/success_rate_plot_means.csv
Grasp pose prior,492,0.87294921875,0.0061414834701289545,0.86474609375,0.87890625,5,/home/lzha/code/DEXTRAH/cluster_results/a1001/franka_cube_seed_sweep600_c7e66a0_20260612_092951/success_rate_plot_means.csv
Grasp pose prior,493,0.86611328125,0.013936987349999388,0.84521484375,0.88037109375,5,/home/lzha/code/DEXTRAH/cluster_results/a1001/franka_cube_seed_sweep600_c7e66a0_20260612_092951/success_rate_plot_means.csv
Grasp pose prior,494,0.86435546875,0.00977416618673921,0.85693359375,0.87939453125,5,/home/lzha/code/DEXTRAH/cluster_results/a1001/franka_cube_seed_sweep600_c7e66a0_20260612_092951/success_rate_plot_means.csv
Grasp pose prior,495,0.8578125,0.007944142363287783,0.85205078125,0.87158203125,5,/home/lzha/code/DEXTRAH/cluster_results/a1001/franka_cube_seed_sweep600_c7e66a0_20260612_092951/success_rate_plot_means.csv
Grasp pose prior,496,0.86826171875,0.004899872540743008,0.86376953125,0.87353515625,5,/home/lzha/code/DEXTRAH/cluster_results/a1001/franka_cube_seed_sweep600_c7e66a0_20260612_092951/success_rate_plot_means.csv
Grasp pose prior,497,0.88095703125,0.024036137395157864,0.8544921875,0.91796875,5,/home/lzha/code/DEXTRAH/cluster_results/a1001/franka_cube_seed_sweep600_c7e66a0_20260612_092951/success_rate_plot_means.csv
Grasp pose prior,498,0.8873046875,0.013786489446547501,0.873046875,0.9091796875,5,/home/lzha/code/DEXTRAH/cluster_results/a1001/franka_cube_seed_sweep600_c7e66a0_20260612_092951/success_rate_plot_means.csv
Grasp pose prior,499,0.87724609375,0.010216636135767196,0.8681640625,0.8896484375,5,/home/lzha/code/DEXTRAH/cluster_results/a1001/franka_cube_seed_sweep600_c7e66a0_20260612_092951/success_rate_plot_means.csv
Grasp pose prior,500,0.86611328125,0.01892806378940852,0.83642578125,0.884765625,5,/home/lzha/code/DEXTRAH/cluster_results/a1001/franka_cube_seed_sweep600_c7e66a0_20260612_092951/success_rate_plot_means.csv
Grasp pose prior,501,0.8630859375,0.017413234877568476,0.8427734375,0.88525390625,5,/home/lzha/code/DEXTRAH/cluster_results/a1001/franka_cube_seed_sweep600_c7e66a0_20260612_092951/success_rate_plot_means.csv
Grasp pose prior,502,0.87255859375,0.014607690724269132,0.8583984375,0.896484375,5,/home/lzha/code/DEXTRAH/cluster_results/a1001/franka_cube_seed_sweep600_c7e66a0_20260612_092951/success_rate_plot_means.csv
Grasp pose prior,503,0.869140625,0.013124687554409778,0.85986328125,0.89013671875,5,/home/lzha/code/DEXTRAH/cluster_results/a1001/franka_cube_seed_sweep600_c7e66a0_20260612_092951/success_rate_plot_means.csv
Grasp pose prior,504,0.8693359375,0.011249559181901724,0.8564453125,0.884765625,5,/home/lzha/code/DEXTRAH/cluster_results/a1001/franka_cube_seed_sweep600_c7e66a0_20260612_092951/success_rate_plot_means.csv
Grasp pose prior,505,0.8703125,0.015820613905307857,0.84912109375,0.88525390625,5,/home/lzha/code/DEXTRAH/cluster_results/a1001/franka_cube_seed_sweep600_c7e66a0_20260612_092951/success_rate_plot_means.csv
Grasp pose prior,506,0.76318359375,0.08960459848592715,0.6640625,0.89453125,5,/home/lzha/code/DEXTRAH/cluster_results/a1001/franka_cube_seed_sweep600_c7e66a0_20260612_092951/success_rate_plot_means.csv
Grasp pose prior,507,0.86533203125,0.02939923524445805,0.81494140625,0.89208984375,5,/home/lzha/code/DEXTRAH/cluster_results/a1001/franka_cube_seed_sweep600_c7e66a0_20260612_092951/success_rate_plot_means.csv
Grasp pose prior,508,0.85283203125,0.032434153242682694,0.80029296875,0.876953125,5,/home/lzha/code/DEXTRAH/cluster_results/a1001/franka_cube_seed_sweep600_c7e66a0_20260612_092951/success_rate_plot_means.csv
Grasp pose prior,509,0.85888671875,0.0115290224151539,0.83935546875,0.86767578125,5,/home/lzha/code/DEXTRAH/cluster_results/a1001/franka_cube_seed_sweep600_c7e66a0_20260612_092951/success_rate_plot_means.csv
Grasp pose prior,510,0.86572265625,0.009404961076297961,0.857421875,0.88134765625,5,/home/lzha/code/DEXTRAH/cluster_results/a1001/franka_cube_seed_sweep600_c7e66a0_20260612_092951/success_rate_plot_means.csv
Grasp pose prior,511,0.86923828125,0.014428690282610004,0.84814453125,0.88330078125,5,/home/lzha/code/DEXTRAH/cluster_results/a1001/franka_cube_seed_sweep600_c7e66a0_20260612_092951/success_rate_plot_means.csv
Grasp pose prior,512,0.866796875,0.009078617890153223,0.85400390625,0.87841796875,5,/home/lzha/code/DEXTRAH/cluster_results/a1001/franka_cube_seed_sweep600_c7e66a0_20260612_092951/success_rate_plot_means.csv
Grasp pose prior,513,0.86787109375,0.010361461584614094,0.85546875,0.87841796875,5,/home/lzha/code/DEXTRAH/cluster_results/a1001/franka_cube_seed_sweep600_c7e66a0_20260612_092951/success_rate_plot_means.csv
Grasp pose prior,514,0.86904296875,0.011369720910772929,0.8525390625,0.88037109375,5,/home/lzha/code/DEXTRAH/cluster_results/a1001/franka_cube_seed_sweep600_c7e66a0_20260612_092951/success_rate_plot_means.csv
Grasp pose prior,515,0.73642578125,0.06983394955140895,0.63916015625,0.8203125,5,/home/lzha/code/DEXTRAH/cluster_results/a1001/franka_cube_seed_sweep600_c7e66a0_20260612_092951/success_rate_plot_means.csv
Grasp pose prior,516,0.86923828125,0.028889996882326584,0.8271484375,0.89599609375,5,/home/lzha/code/DEXTRAH/cluster_results/a1001/franka_cube_seed_sweep600_c7e66a0_20260612_092951/success_rate_plot_means.csv
Grasp pose prior,517,0.86552734375,0.03533145901968897,0.82568359375,0.89453125,5,/home/lzha/code/DEXTRAH/cluster_results/a1001/franka_cube_seed_sweep600_c7e66a0_20260612_092951/success_rate_plot_means.csv
Grasp pose prior,518,0.8673828125,0.020611021911665712,0.8447265625,0.88916015625,5,/home/lzha/code/DEXTRAH/cluster_results/a1001/franka_cube_seed_sweep600_c7e66a0_20260612_092951/success_rate_plot_means.csv
Grasp pose prior,519,0.86376953125,0.010432549130479246,0.84912109375,0.8779296875,5,/home/lzha/code/DEXTRAH/cluster_results/a1001/franka_cube_seed_sweep600_c7e66a0_20260612_092951/success_rate_plot_means.csv
Grasp pose prior,520,0.86806640625,0.01655266235695985,0.84130859375,0.8818359375,5,/home/lzha/code/DEXTRAH/cluster_results/a1001/franka_cube_seed_sweep600_c7e66a0_20260612_092951/success_rate_plot_means.csv
Grasp pose prior,521,0.871875,0.01553547963934528,0.85498046875,0.8935546875,5,/home/lzha/code/DEXTRAH/cluster_results/a1001/franka_cube_seed_sweep600_c7e66a0_20260612_092951/success_rate_plot_means.csv
Grasp pose prior,522,0.87216796875,0.007504296661499268,0.86279296875,0.8798828125,5,/home/lzha/code/DEXTRAH/cluster_results/a1001/franka_cube_seed_sweep600_c7e66a0_20260612_092951/success_rate_plot_means.csv
Grasp pose prior,523,0.86171875,0.013506957345328207,0.84326171875,0.87548828125,5,/home/lzha/code/DEXTRAH/cluster_results/a1001/franka_cube_seed_sweep600_c7e66a0_20260612_092951/success_rate_plot_means.csv
Grasp pose prior,524,0.87080078125,0.012027983779454814,0.85205078125,0.88134765625,5,/home/lzha/code/DEXTRAH/cluster_results/a1001/franka_cube_seed_sweep600_c7e66a0_20260612_092951/success_rate_plot_means.csv
Grasp pose prior,525,0.89501953125,0.01708984375,0.87939453125,0.923828125,5,/home/lzha/code/DEXTRAH/cluster_results/a1001/franka_cube_seed_sweep600_c7e66a0_20260612_092951/success_rate_plot_means.csv
Grasp pose prior,526,0.88583984375,0.019425372200914014,0.8681640625,0.91748046875,5,/home/lzha/code/DEXTRAH/cluster_results/a1001/franka_cube_seed_sweep600_c7e66a0_20260612_092951/success_rate_plot_means.csv
Grasp pose prior,527,0.88349609375,0.016549781378370983,0.85986328125,0.900390625,5,/home/lzha/code/DEXTRAH/cluster_results/a1001/franka_cube_seed_sweep600_c7e66a0_20260612_092951/success_rate_plot_means.csv
Grasp pose prior,528,0.875390625,0.011190059773930639,0.85791015625,0.88916015625,5,/home/lzha/code/DEXTRAH/cluster_results/a1001/franka_cube_seed_sweep600_c7e66a0_20260612_092951/success_rate_plot_means.csv
Grasp pose prior,529,0.8626953125,0.009973376118505302,0.85009765625,0.87744140625,5,/home/lzha/code/DEXTRAH/cluster_results/a1001/franka_cube_seed_sweep600_c7e66a0_20260612_092951/success_rate_plot_means.csv
Grasp pose prior,530,0.869140625,0.012250897744428103,0.85791015625,0.88720703125,5,/home/lzha/code/DEXTRAH/cluster_results/a1001/franka_cube_seed_sweep600_c7e66a0_20260612_092951/success_rate_plot_means.csv
Grasp pose prior,531,0.8697265625,0.0032827609988225802,0.86669921875,0.87451171875,5,/home/lzha/code/DEXTRAH/cluster_results/a1001/franka_cube_seed_sweep600_c7e66a0_20260612_092951/success_rate_plot_means.csv
Grasp pose prior,532,0.8607421875,0.019781116551435725,0.826171875,0.8759765625,5,/home/lzha/code/DEXTRAH/cluster_results/a1001/franka_cube_seed_sweep600_c7e66a0_20260612_092951/success_rate_plot_means.csv
Grasp pose prior,533,0.86396484375,0.014027360882664977,0.8505859375,0.88427734375,5,/home/lzha/code/DEXTRAH/cluster_results/a1001/franka_cube_seed_sweep600_c7e66a0_20260612_092951/success_rate_plot_means.csv
Grasp pose prior,534,0.74638671875,0.06813631996108503,0.65283203125,0.8193359375,5,/home/lzha/code/DEXTRAH/cluster_results/a1001/franka_cube_seed_sweep600_c7e66a0_20260612_092951/success_rate_plot_means.csv
Grasp pose prior,535,0.876953125,0.01952209257978887,0.8486328125,0.9013671875,5,/home/lzha/code/DEXTRAH/cluster_results/a1001/franka_cube_seed_sweep600_c7e66a0_20260612_092951/success_rate_plot_means.csv
Grasp pose prior,536,0.88388671875,0.016173832724194794,0.86669921875,0.90185546875,5,/home/lzha/code/DEXTRAH/cluster_results/a1001/franka_cube_seed_sweep600_c7e66a0_20260612_092951/success_rate_plot_means.csv
Grasp pose prior,537,0.8748046875,0.013280890964816177,0.85693359375,0.89111328125,5,/home/lzha/code/DEXTRAH/cluster_results/a1001/franka_cube_seed_sweep600_c7e66a0_20260612_092951/success_rate_plot_means.csv
Grasp pose prior,538,0.87060546875,0.009826470604247123,0.85546875,0.880859375,5,/home/lzha/code/DEXTRAH/cluster_results/a1001/franka_cube_seed_sweep600_c7e66a0_20260612_092951/success_rate_plot_means.csv
Grasp pose prior,539,0.87890625,0.01475789185518302,0.861328125,0.9013671875,5,/home/lzha/code/DEXTRAH/cluster_results/a1001/franka_cube_seed_sweep600_c7e66a0_20260612_092951/success_rate_plot_means.csv
Grasp pose prior,540,0.87060546875,0.007291594005404335,0.86328125,0.88037109375,5,/home/lzha/code/DEXTRAH/cluster_results/a1001/franka_cube_seed_sweep600_c7e66a0_20260612_092951/success_rate_plot_means.csv
Grasp pose prior,541,0.87314453125,0.008202543692200666,0.8603515625,0.8798828125,5,/home/lzha/code/DEXTRAH/cluster_results/a1001/franka_cube_seed_sweep600_c7e66a0_20260612_092951/success_rate_plot_means.csv
Grasp pose prior,542,0.8646484375,0.01198230646974784,0.85107421875,0.8798828125,5,/home/lzha/code/DEXTRAH/cluster_results/a1001/franka_cube_seed_sweep600_c7e66a0_20260612_092951/success_rate_plot_means.csv
Grasp pose prior,543,0.7388671875,0.06355951610901939,0.64892578125,0.80419921875,5,/home/lzha/code/DEXTRAH/cluster_results/a1001/franka_cube_seed_sweep600_c7e66a0_20260612_092951/success_rate_plot_means.csv
Grasp pose prior,544,0.8841796875,0.02734244207251374,0.857421875,0.9248046875,5,/home/lzha/code/DEXTRAH/cluster_results/a1001/franka_cube_seed_sweep600_c7e66a0_20260612_092951/success_rate_plot_means.csv
Grasp pose prior,545,0.875,0.013995029929654798,0.859375,0.8935546875,5,/home/lzha/code/DEXTRAH/cluster_results/a1001/franka_cube_seed_sweep600_c7e66a0_20260612_092951/success_rate_plot_means.csv
Grasp pose prior,546,0.87265625,0.016364343801291727,0.85009765625,0.88720703125,5,/home/lzha/code/DEXTRAH/cluster_results/a1001/franka_cube_seed_sweep600_c7e66a0_20260612_092951/success_rate_plot_means.csv
Grasp pose prior,547,0.86181640625,0.016267901610310238,0.83837890625,0.88037109375,5,/home/lzha/code/DEXTRAH/cluster_results/a1001/franka_cube_seed_sweep600_c7e66a0_20260612_092951/success_rate_plot_means.csv
Grasp pose prior,548,0.8759765625,0.0026520460183594276,0.8720703125,0.87841796875,5,/home/lzha/code/DEXTRAH/cluster_results/a1001/franka_cube_seed_sweep600_c7e66a0_20260612_092951/success_rate_plot_means.csv
Grasp pose prior,549,0.8728515625,0.013731038283885003,0.8515625,0.8857421875,5,/home/lzha/code/DEXTRAH/cluster_results/a1001/franka_cube_seed_sweep600_c7e66a0_20260612_092951/success_rate_plot_means.csv
Grasp pose prior,550,0.87548828125,0.01061941561080642,0.8671875,0.8935546875,5,/home/lzha/code/DEXTRAH/cluster_results/a1001/franka_cube_seed_sweep600_c7e66a0_20260612_092951/success_rate_plot_means.csv
Grasp pose prior,551,0.8685546875,0.00911138569281117,0.85400390625,0.8759765625,5,/home/lzha/code/DEXTRAH/cluster_results/a1001/franka_cube_seed_sweep600_c7e66a0_20260612_092951/success_rate_plot_means.csv
Grasp pose prior,552,0.87177734375,0.008123685290267742,0.8583984375,0.8798828125,5,/home/lzha/code/DEXTRAH/cluster_results/a1001/franka_cube_seed_sweep600_c7e66a0_20260612_092951/success_rate_plot_means.csv
Grasp pose prior,553,0.8828125,0.011744153780083685,0.865234375,0.8935546875,5,/home/lzha/code/DEXTRAH/cluster_results/a1001/franka_cube_seed_sweep600_c7e66a0_20260612_092951/success_rate_plot_means.csv
Grasp pose prior,554,0.87216796875,0.016781538238039014,0.84423828125,0.8896484375,5,/home/lzha/code/DEXTRAH/cluster_results/a1001/franka_cube_seed_sweep600_c7e66a0_20260612_092951/success_rate_plot_means.csv
Grasp pose prior,555,0.85654296875,0.01410701910312998,0.83642578125,0.8740234375,5,/home/lzha/code/DEXTRAH/cluster_results/a1001/franka_cube_seed_sweep600_c7e66a0_20260612_092951/success_rate_plot_means.csv
Grasp pose prior,556,0.8625,0.020077802009804805,0.83544921875,0.88916015625,5,/home/lzha/code/DEXTRAH/cluster_results/a1001/franka_cube_seed_sweep600_c7e66a0_20260612_092951/success_rate_plot_means.csv
Grasp pose prior,557,0.85966796875,0.02002727079815317,0.82763671875,0.88134765625,5,/home/lzha/code/DEXTRAH/cluster_results/a1001/franka_cube_seed_sweep600_c7e66a0_20260612_092951/success_rate_plot_means.csv
Grasp pose prior,558,0.8642578125,0.010512231514458488,0.8515625,0.87890625,5,/home/lzha/code/DEXTRAH/cluster_results/a1001/franka_cube_seed_sweep600_c7e66a0_20260612_092951/success_rate_plot_means.csv
Grasp pose prior,559,0.86640625,0.02084108844103941,0.83544921875,0.88623046875,5,/home/lzha/code/DEXTRAH/cluster_results/a1001/franka_cube_seed_sweep600_c7e66a0_20260612_092951/success_rate_plot_means.csv
Grasp pose prior,560,0.86796875,0.01696592910952172,0.84130859375,0.8828125,5,/home/lzha/code/DEXTRAH/cluster_results/a1001/franka_cube_seed_sweep600_c7e66a0_20260612_092951/success_rate_plot_means.csv
Grasp pose prior,561,0.86728515625,0.017164318751287534,0.8447265625,0.88427734375,5,/home/lzha/code/DEXTRAH/cluster_results/a1001/franka_cube_seed_sweep600_c7e66a0_20260612_092951/success_rate_plot_means.csv
Grasp pose prior,562,0.74931640625,0.06905391449878118,0.64404296875,0.82373046875,5,/home/lzha/code/DEXTRAH/cluster_results/a1001/franka_cube_seed_sweep600_c7e66a0_20260612_092951/success_rate_plot_means.csv
Grasp pose prior,563,0.8599609375,0.03913780582957875,0.7939453125,0.8896484375,5,/home/lzha/code/DEXTRAH/cluster_results/a1001/franka_cube_seed_sweep600_c7e66a0_20260612_092951/success_rate_plot_means.csv
Grasp pose prior,564,0.86162109375,0.026535289515297256,0.8251953125,0.89306640625,5,/home/lzha/code/DEXTRAH/cluster_results/a1001/franka_cube_seed_sweep600_c7e66a0_20260612_092951/success_rate_plot_means.csv
Grasp pose prior,565,0.86220703125,0.015910028454786902,0.84912109375,0.888671875,5,/home/lzha/code/DEXTRAH/cluster_results/a1001/franka_cube_seed_sweep600_c7e66a0_20260612_092951/success_rate_plot_means.csv
Grasp pose prior,566,0.85869140625,0.009902603778020842,0.84814453125,0.87158203125,5,/home/lzha/code/DEXTRAH/cluster_results/a1001/franka_cube_seed_sweep600_c7e66a0_20260612_092951/success_rate_plot_means.csv
Grasp pose prior,567,0.8650390625,0.01892239472410209,0.8330078125,0.87939453125,5,/home/lzha/code/DEXTRAH/cluster_results/a1001/franka_cube_seed_sweep600_c7e66a0_20260612_092951/success_rate_plot_means.csv
Grasp pose prior,568,0.86787109375,0.017348076907827633,0.84130859375,0.8876953125,5,/home/lzha/code/DEXTRAH/cluster_results/a1001/franka_cube_seed_sweep600_c7e66a0_20260612_092951/success_rate_plot_means.csv
Grasp pose prior,569,0.870703125,0.013842579673743105,0.8544921875,0.88525390625,5,/home/lzha/code/DEXTRAH/cluster_results/a1001/franka_cube_seed_sweep600_c7e66a0_20260612_092951/success_rate_plot_means.csv
Grasp pose prior,570,0.871875,0.012819591513566531,0.8583984375,0.8857421875,5,/home/lzha/code/DEXTRAH/cluster_results/a1001/franka_cube_seed_sweep600_c7e66a0_20260612_092951/success_rate_plot_means.csv
Grasp pose prior,571,0.7396484375,0.0673796279818149,0.6435546875,0.81298828125,5,/home/lzha/code/DEXTRAH/cluster_results/a1001/franka_cube_seed_sweep600_c7e66a0_20260612_092951/success_rate_plot_means.csv
Grasp pose prior,572,0.891015625,0.019289890523375413,0.87109375,0.91748046875,5,/home/lzha/code/DEXTRAH/cluster_results/a1001/franka_cube_seed_sweep600_c7e66a0_20260612_092951/success_rate_plot_means.csv
Grasp pose prior,573,0.88388671875,0.014224832093332283,0.86328125,0.89990234375,5,/home/lzha/code/DEXTRAH/cluster_results/a1001/franka_cube_seed_sweep600_c7e66a0_20260612_092951/success_rate_plot_means.csv
Grasp pose prior,574,0.883203125,0.016852424496961296,0.8564453125,0.8994140625,5,/home/lzha/code/DEXTRAH/cluster_results/a1001/franka_cube_seed_sweep600_c7e66a0_20260612_092951/success_rate_plot_means.csv
Grasp pose prior,575,0.86279296875,0.03407664434057673,0.80419921875,0.8916015625,5,/home/lzha/code/DEXTRAH/cluster_results/a1001/franka_cube_seed_sweep600_c7e66a0_20260612_092951/success_rate_plot_means.csv
Grasp pose prior,576,0.86328125,0.018128982632555638,0.8427734375,0.8837890625,5,/home/lzha/code/DEXTRAH/cluster_results/a1001/franka_cube_seed_sweep600_c7e66a0_20260612_092951/success_rate_plot_means.csv
Grasp pose prior,577,0.87197265625,0.018244999866856716,0.8447265625,0.8955078125,5,/home/lzha/code/DEXTRAH/cluster_results/a1001/franka_cube_seed_sweep600_c7e66a0_20260612_092951/success_rate_plot_means.csv
Grasp pose prior,578,0.86748046875,0.006343899128481139,0.859375,0.875,5,/home/lzha/code/DEXTRAH/cluster_results/a1001/franka_cube_seed_sweep600_c7e66a0_20260612_092951/success_rate_plot_means.csv
Grasp pose prior,579,0.86455078125,0.010745516174613796,0.845703125,0.87109375,5,/home/lzha/code/DEXTRAH/cluster_results/a1001/franka_cube_seed_sweep600_c7e66a0_20260612_092951/success_rate_plot_means.csv
Grasp pose prior,580,0.86513671875,0.01794524936556972,0.84228515625,0.88818359375,5,/home/lzha/code/DEXTRAH/cluster_results/a1001/franka_cube_seed_sweep600_c7e66a0_20260612_092951/success_rate_plot_means.csv
Grasp pose prior,581,0.8908203125,0.02217678617317449,0.86279296875,0.921875,5,/home/lzha/code/DEXTRAH/cluster_results/a1001/franka_cube_seed_sweep600_c7e66a0_20260612_092951/success_rate_plot_means.csv
Grasp pose prior,582,0.8873046875,0.014864134594836593,0.86962890625,0.91064453125,5,/home/lzha/code/DEXTRAH/cluster_results/a1001/franka_cube_seed_sweep600_c7e66a0_20260612_092951/success_rate_plot_means.csv
Grasp pose prior,583,0.87958984375,0.016284747020898667,0.85400390625,0.89404296875,5,/home/lzha/code/DEXTRAH/cluster_results/a1001/franka_cube_seed_sweep600_c7e66a0_20260612_092951/success_rate_plot_means.csv
Grasp pose prior,584,0.873828125,0.011823062755785664,0.85546875,0.88525390625,5,/home/lzha/code/DEXTRAH/cluster_results/a1001/franka_cube_seed_sweep600_c7e66a0_20260612_092951/success_rate_plot_means.csv
Grasp pose prior,585,0.87080078125,0.011838177258171902,0.85595703125,0.884765625,5,/home/lzha/code/DEXTRAH/cluster_results/a1001/franka_cube_seed_sweep600_c7e66a0_20260612_092951/success_rate_plot_means.csv
Grasp pose prior,586,0.87763671875,0.008174883957718787,0.8701171875,0.88720703125,5,/home/lzha/code/DEXTRAH/cluster_results/a1001/franka_cube_seed_sweep600_c7e66a0_20260612_092951/success_rate_plot_means.csv
Grasp pose prior,587,0.86044921875,0.014860124089786975,0.8359375,0.87255859375,5,/home/lzha/code/DEXTRAH/cluster_results/a1001/franka_cube_seed_sweep600_c7e66a0_20260612_092951/success_rate_plot_means.csv
Grasp pose prior,588,0.86513671875,0.007684808523538959,0.85302734375,0.87255859375,5,/home/lzha/code/DEXTRAH/cluster_results/a1001/franka_cube_seed_sweep600_c7e66a0_20260612_092951/success_rate_plot_means.csv
Grasp pose prior,589,0.85634765625,0.010882210632024455,0.84033203125,0.8662109375,5,/home/lzha/code/DEXTRAH/cluster_results/a1001/franka_cube_seed_sweep600_c7e66a0_20260612_092951/success_rate_plot_means.csv
Grasp pose prior,590,0.7486328125,0.06774046697797442,0.646484375,0.8154296875,5,/home/lzha/code/DEXTRAH/cluster_results/a1001/franka_cube_seed_sweep600_c7e66a0_20260612_092951/success_rate_plot_means.csv
Grasp pose prior,591,0.87431640625,0.02348221645727025,0.84912109375,0.89794921875,5,/home/lzha/code/DEXTRAH/cluster_results/a1001/franka_cube_seed_sweep600_c7e66a0_20260612_092951/success_rate_plot_means.csv
Grasp pose prior,592,0.87041015625,0.01366140782352621,0.85205078125,0.88232421875,5,/home/lzha/code/DEXTRAH/cluster_results/a1001/franka_cube_seed_sweep600_c7e66a0_20260612_092951/success_rate_plot_means.csv
Grasp pose prior,593,0.87314453125,0.015992235922542102,0.857421875,0.89990234375,5,/home/lzha/code/DEXTRAH/cluster_results/a1001/franka_cube_seed_sweep600_c7e66a0_20260612_092951/success_rate_plot_means.csv
Grasp pose prior,594,0.8677734375,0.004598665889832462,0.8603515625,0.87255859375,5,/home/lzha/code/DEXTRAH/cluster_results/a1001/franka_cube_seed_sweep600_c7e66a0_20260612_092951/success_rate_plot_means.csv
Grasp pose prior,595,0.8703125,0.011238957389722937,0.85546875,0.88037109375,5,/home/lzha/code/DEXTRAH/cluster_results/a1001/franka_cube_seed_sweep600_c7e66a0_20260612_092951/success_rate_plot_means.csv
Grasp pose prior,596,0.8705078125,0.010302618667892918,0.86083984375,0.88330078125,5,/home/lzha/code/DEXTRAH/cluster_results/a1001/franka_cube_seed_sweep600_c7e66a0_20260612_092951/success_rate_plot_means.csv
Grasp pose prior,597,0.86826171875,0.016728176418590996,0.8447265625,0.88427734375,5,/home/lzha/code/DEXTRAH/cluster_results/a1001/franka_cube_seed_sweep600_c7e66a0_20260612_092951/success_rate_plot_means.csv
Grasp pose prior,598,0.87119140625,0.012204101210853099,0.85888671875,0.8857421875,5,/home/lzha/code/DEXTRAH/cluster_results/a1001/franka_cube_seed_sweep600_c7e66a0_20260612_092951/success_rate_plot_means.csv
Grasp pose prior,599,0.87001953125,0.014759507299537395,0.85009765625,0.88623046875,5,/home/lzha/code/DEXTRAH/cluster_results/a1001/franka_cube_seed_sweep600_c7e66a0_20260612_092951/success_rate_plot_means.csv
Grasp pose prior,600,0.8646484375,0.02973989581173859,0.83056640625,0.8955078125,5,/home/lzha/code/DEXTRAH/cluster_results/a1001/franka_cube_seed_sweep600_c7e66a0_20260612_092951/success_rate_plot_means.csv
No prior baseline,1,0.0,0.0,0.0,0.0,5,/home/lzha/code/DEXTRAH/cluster_results/a1001/franka_cube_seed_sweep600_c7e66a0_20260612_092951/success_rate_plot_means.csv
No prior baseline,2,0.0,0.0,0.0,0.0,5,/home/lzha/code/DEXTRAH/cluster_results/a1001/franka_cube_seed_sweep600_c7e66a0_20260612_092951/success_rate_plot_means.csv
No prior baseline,3,0.0,0.0,0.0,0.0,5,/home/lzha/code/DEXTRAH/cluster_results/a1001/franka_cube_seed_sweep600_c7e66a0_20260612_092951/success_rate_plot_means.csv
No prior baseline,4,0.0,0.0,0.0,0.0,5,/home/lzha/code/DEXTRAH/cluster_results/a1001/franka_cube_seed_sweep600_c7e66a0_20260612_092951/success_rate_plot_means.csv
No prior baseline,5,0.0,0.0,0.0,0.0,5,/home/lzha/code/DEXTRAH/cluster_results/a1001/franka_cube_seed_sweep600_c7e66a0_20260612_092951/success_rate_plot_means.csv
No prior baseline,6,0.0,0.0,0.0,0.0,5,/home/lzha/code/DEXTRAH/cluster_results/a1001/franka_cube_seed_sweep600_c7e66a0_20260612_092951/success_rate_plot_means.csv
No prior baseline,7,0.0,0.0,0.0,0.0,5,/home/lzha/code/DEXTRAH/cluster_results/a1001/franka_cube_seed_sweep600_c7e66a0_20260612_092951/success_rate_plot_means.csv
No prior baseline,8,0.0,0.0,0.0,0.0,5,/home/lzha/code/DEXTRAH/cluster_results/a1001/franka_cube_seed_sweep600_c7e66a0_20260612_092951/success_rate_plot_means.csv
No prior baseline,9,0.0,0.0,0.0,0.0,5,/home/lzha/code/DEXTRAH/cluster_results/a1001/franka_cube_seed_sweep600_c7e66a0_20260612_092951/success_rate_plot_means.csv
No prior baseline,10,0.0,0.0,0.0,0.0,5,/home/lzha/code/DEXTRAH/cluster_results/a1001/franka_cube_seed_sweep600_c7e66a0_20260612_092951/success_rate_plot_means.csv
No prior baseline,11,0.0,0.0,0.0,0.0,5,/home/lzha/code/DEXTRAH/cluster_results/a1001/franka_cube_seed_sweep600_c7e66a0_20260612_092951/success_rate_plot_means.csv
No prior baseline,12,0.0,0.0,0.0,0.0,5,/home/lzha/code/DEXTRAH/cluster_results/a1001/franka_cube_seed_sweep600_c7e66a0_20260612_092951/success_rate_plot_means.csv
No prior baseline,13,0.0,0.0,0.0,0.0,5,/home/lzha/code/DEXTRAH/cluster_results/a1001/franka_cube_seed_sweep600_c7e66a0_20260612_092951/success_rate_plot_means.csv
No prior baseline,14,0.0,0.0,0.0,0.0,5,/home/lzha/code/DEXTRAH/cluster_results/a1001/franka_cube_seed_sweep600_c7e66a0_20260612_092951/success_rate_plot_means.csv
No prior baseline,15,0.0,0.0,0.0,0.0,5,/home/lzha/code/DEXTRAH/cluster_results/a1001/franka_cube_seed_sweep600_c7e66a0_20260612_092951/success_rate_plot_means.csv
No prior baseline,16,0.0,0.0,0.0,0.0,5,/home/lzha/code/DEXTRAH/cluster_results/a1001/franka_cube_seed_sweep600_c7e66a0_20260612_092951/success_rate_plot_means.csv
No prior baseline,17,0.0,0.0,0.0,0.0,5,/home/lzha/code/DEXTRAH/cluster_results/a1001/franka_cube_seed_sweep600_c7e66a0_20260612_092951/success_rate_plot_means.csv
No prior baseline,18,0.0,0.0,0.0,0.0,5,/home/lzha/code/DEXTRAH/cluster_results/a1001/franka_cube_seed_sweep600_c7e66a0_20260612_092951/success_rate_plot_means.csv
No prior baseline,19,0.0,0.0,0.0,0.0,5,/home/lzha/code/DEXTRAH/cluster_results/a1001/franka_cube_seed_sweep600_c7e66a0_20260612_092951/success_rate_plot_means.csv
No prior baseline,20,0.0,0.0,0.0,0.0,5,/home/lzha/code/DEXTRAH/cluster_results/a1001/franka_cube_seed_sweep600_c7e66a0_20260612_092951/success_rate_plot_means.csv
No prior baseline,21,0.0,0.0,0.0,0.0,5,/home/lzha/code/DEXTRAH/cluster_results/a1001/franka_cube_seed_sweep600_c7e66a0_20260612_092951/success_rate_plot_means.csv
No prior baseline,22,0.0,0.0,0.0,0.0,5,/home/lzha/code/DEXTRAH/cluster_results/a1001/franka_cube_seed_sweep600_c7e66a0_20260612_092951/success_rate_plot_means.csv
No prior baseline,23,0.0,0.0,0.0,0.0,5,/home/lzha/code/DEXTRAH/cluster_results/a1001/franka_cube_seed_sweep600_c7e66a0_20260612_092951/success_rate_plot_means.csv
No prior baseline,24,0.0,0.0,0.0,0.0,5,/home/lzha/code/DEXTRAH/cluster_results/a1001/franka_cube_seed_sweep600_c7e66a0_20260612_092951/success_rate_plot_means.csv
No prior baseline,25,0.0,0.0,0.0,0.0,5,/home/lzha/code/DEXTRAH/cluster_results/a1001/franka_cube_seed_sweep600_c7e66a0_20260612_092951/success_rate_plot_means.csv
No prior baseline,26,0.0,0.0,0.0,0.0,5,/home/lzha/code/DEXTRAH/cluster_results/a1001/franka_cube_seed_sweep600_c7e66a0_20260612_092951/success_rate_plot_means.csv
No prior baseline,27,0.0,0.0,0.0,0.0,5,/home/lzha/code/DEXTRAH/cluster_results/a1001/franka_cube_seed_sweep600_c7e66a0_20260612_092951/success_rate_plot_means.csv
No prior baseline,28,0.0,0.0,0.0,0.0,5,/home/lzha/code/DEXTRAH/cluster_results/a1001/franka_cube_seed_sweep600_c7e66a0_20260612_092951/success_rate_plot_means.csv
No prior baseline,29,0.0,0.0,0.0,0.0,5,/home/lzha/code/DEXTRAH/cluster_results/a1001/franka_cube_seed_sweep600_c7e66a0_20260612_092951/success_rate_plot_means.csv
No prior baseline,30,0.0,0.0,0.0,0.0,5,/home/lzha/code/DEXTRAH/cluster_results/a1001/franka_cube_seed_sweep600_c7e66a0_20260612_092951/success_rate_plot_means.csv
No prior baseline,31,0.0,0.0,0.0,0.0,5,/home/lzha/code/DEXTRAH/cluster_results/a1001/franka_cube_seed_sweep600_c7e66a0_20260612_092951/success_rate_plot_means.csv
No prior baseline,32,0.0,0.0,0.0,0.0,5,/home/lzha/code/DEXTRAH/cluster_results/a1001/franka_cube_seed_sweep600_c7e66a0_20260612_092951/success_rate_plot_means.csv
No prior baseline,33,0.0,0.0,0.0,0.0,5,/home/lzha/code/DEXTRAH/cluster_results/a1001/franka_cube_seed_sweep600_c7e66a0_20260612_092951/success_rate_plot_means.csv
No prior baseline,34,0.0,0.0,0.0,0.0,5,/home/lzha/code/DEXTRAH/cluster_results/a1001/franka_cube_seed_sweep600_c7e66a0_20260612_092951/success_rate_plot_means.csv
No prior baseline,35,0.0,0.0,0.0,0.0,5,/home/lzha/code/DEXTRAH/cluster_results/a1001/franka_cube_seed_sweep600_c7e66a0_20260612_092951/success_rate_plot_means.csv
No prior baseline,36,9.765625e-05,0.00021836601342771383,0.0,0.00048828125,5,/home/lzha/code/DEXTRAH/cluster_results/a1001/franka_cube_seed_sweep600_c7e66a0_20260612_092951/success_rate_plot_means.csv
No prior baseline,37,0.0,0.0,0.0,0.0,5,/home/lzha/code/DEXTRAH/cluster_results/a1001/franka_cube_seed_sweep600_c7e66a0_20260612_092951/success_rate_plot_means.csv
No prior baseline,38,9.765625e-05,0.00021836601342771383,0.0,0.00048828125,5,/home/lzha/code/DEXTRAH/cluster_results/a1001/franka_cube_seed_sweep600_c7e66a0_20260612_092951/success_rate_plot_means.csv
No prior baseline,39,9.765625e-05,0.00021836601342771383,0.0,0.00048828125,5,/home/lzha/code/DEXTRAH/cluster_results/a1001/franka_cube_seed_sweep600_c7e66a0_20260612_092951/success_rate_plot_means.csv
No prior baseline,40,0.0001953125,0.00043673202685542766,0.0,0.0009765625,5,/home/lzha/code/DEXTRAH/cluster_results/a1001/franka_cube_seed_sweep600_c7e66a0_20260612_092951/success_rate_plot_means.csv
No prior baseline,41,9.765625e-05,0.00021836601342771383,0.0,0.00048828125,5,/home/lzha/code/DEXTRAH/cluster_results/a1001/franka_cube_seed_sweep600_c7e66a0_20260612_092951/success_rate_plot_means.csv
No prior baseline,42,9.765625e-05,0.00021836601342771383,0.0,0.00048828125,5,/home/lzha/code/DEXTRAH/cluster_results/a1001/franka_cube_seed_sweep600_c7e66a0_20260612_092951/success_rate_plot_means.csv
No prior baseline,43,0.0,0.0,0.0,0.0,5,/home/lzha/code/DEXTRAH/cluster_results/a1001/franka_cube_seed_sweep600_c7e66a0_20260612_092951/success_rate_plot_means.csv
No prior baseline,44,0.0001953125,0.00026744265503181937,0.0,0.00048828125,5,/home/lzha/code/DEXTRAH/cluster_results/a1001/franka_cube_seed_sweep600_c7e66a0_20260612_092951/success_rate_plot_means.csv
No prior baseline,45,9.765625e-05,0.00021836601342771383,0.0,0.00048828125,5,/home/lzha/code/DEXTRAH/cluster_results/a1001/franka_cube_seed_sweep600_c7e66a0_20260612_092951/success_rate_plot_means.csv
No prior baseline,46,9.765625e-05,0.00021836601342771383,0.0,0.00048828125,5,/home/lzha/code/DEXTRAH/cluster_results/a1001/franka_cube_seed_sweep600_c7e66a0_20260612_092951/success_rate_plot_means.csv
No prior baseline,47,9.765625e-05,0.00021836601342771383,0.0,0.00048828125,5,/home/lzha/code/DEXTRAH/cluster_results/a1001/franka_cube_seed_sweep600_c7e66a0_20260612_092951/success_rate_plot_means.csv
No prior baseline,48,9.765625e-05,0.00021836601342771383,0.0,0.00048828125,5,/home/lzha/code/DEXTRAH/cluster_results/a1001/franka_cube_seed_sweep600_c7e66a0_20260612_092951/success_rate_plot_means.csv
No prior baseline,49,9.765625e-05,0.00021836601342771383,0.0,0.00048828125,5,/home/lzha/code/DEXTRAH/cluster_results/a1001/franka_cube_seed_sweep600_c7e66a0_20260612_092951/success_rate_plot_means.csv
No prior baseline,50,0.00029296875,0.0006550980402831415,0.0,0.00146484375,5,/home/lzha/code/DEXTRAH/cluster_results/a1001/franka_cube_seed_sweep600_c7e66a0_20260612_092951/success_rate_plot_means.csv
No prior baseline,51,9.765625e-05,0.00021836601342771383,0.0,0.00048828125,5,/home/lzha/code/DEXTRAH/cluster_results/a1001/franka_cube_seed_sweep600_c7e66a0_20260612_092951/success_rate_plot_means.csv
No prior baseline,52,9.765625e-05,0.00021836601342771383,0.0,0.00048828125,5,/home/lzha/code/DEXTRAH/cluster_results/a1001/franka_cube_seed_sweep600_c7e66a0_20260612_092951/success_rate_plot_means.csv
No prior baseline,53,0.00029296875,0.0006550980402831415,0.0,0.00146484375,5,/home/lzha/code/DEXTRAH/cluster_results/a1001/franka_cube_seed_sweep600_c7e66a0_20260612_092951/success_rate_plot_means.csv
No prior baseline,54,0.00029296875,0.0006550980402831415,0.0,0.00146484375,5,/home/lzha/code/DEXTRAH/cluster_results/a1001/franka_cube_seed_sweep600_c7e66a0_20260612_092951/success_rate_plot_means.csv
No prior baseline,55,0.00029296875,0.0006550980402831415,0.0,0.00146484375,5,/home/lzha/code/DEXTRAH/cluster_results/a1001/franka_cube_seed_sweep600_c7e66a0_20260612_092951/success_rate_plot_means.csv
No prior baseline,56,0.00029296875,0.0006550980402831415,0.0,0.00146484375,5,/home/lzha/code/DEXTRAH/cluster_results/a1001/franka_cube_seed_sweep600_c7e66a0_20260612_092951/success_rate_plot_means.csv
No prior baseline,57,0.000390625,0.0008734640537108553,0.0,0.001953125,5,/home/lzha/code/DEXTRAH/cluster_results/a1001/franka_cube_seed_sweep600_c7e66a0_20260612_092951/success_rate_plot_means.csv
No prior baseline,58,0.000390625,0.0006366408598830712,0.0,0.00146484375,5,/home/lzha/code/DEXTRAH/cluster_results/a1001/franka_cube_seed_sweep600_c7e66a0_20260612_092951/success_rate_plot_means.csv
No prior baseline,59,0.0001953125,0.00043673202685542766,0.0,0.0009765625,5,/home/lzha/code/DEXTRAH/cluster_results/a1001/franka_cube_seed_sweep600_c7e66a0_20260612_092951/success_rate_plot_means.csv
No prior baseline,60,0.000390625,0.0004085254035810916,0.0,0.0009765625,5,/home/lzha/code/DEXTRAH/cluster_results/a1001/franka_cube_seed_sweep600_c7e66a0_20260612_092951/success_rate_plot_means.csv
No prior baseline,61,0.000390625,0.0005348853100636387,0.0,0.0009765625,5,/home/lzha/code/DEXTRAH/cluster_results/a1001/franka_cube_seed_sweep600_c7e66a0_20260612_092951/success_rate_plot_means.csv
No prior baseline,62,0.00029296875,0.00026744265503181937,0.0,0.00048828125,5,/home/lzha/code/DEXTRAH/cluster_results/a1001/franka_cube_seed_sweep600_c7e66a0_20260612_092951/success_rate_plot_means.csv
No prior baseline,63,9.765625e-05,0.00021836601342771383,0.0,0.00048828125,5,/home/lzha/code/DEXTRAH/cluster_results/a1001/franka_cube_seed_sweep600_c7e66a0_20260612_092951/success_rate_plot_means.csv
No prior baseline,64,0.0,0.0,0.0,0.0,5,/home/lzha/code/DEXTRAH/cluster_results/a1001/franka_cube_seed_sweep600_c7e66a0_20260612_092951/success_rate_plot_means.csv
No prior baseline,65,0.00029296875,0.00043673202685542766,0.0,0.0009765625,5,/home/lzha/code/DEXTRAH/cluster_results/a1001/franka_cube_seed_sweep600_c7e66a0_20260612_092951/success_rate_plot_means.csv
No prior baseline,66,0.0,0.0,0.0,0.0,5,/home/lzha/code/DEXTRAH/cluster_results/a1001/franka_cube_seed_sweep600_c7e66a0_20260612_092951/success_rate_plot_means.csv
No prior baseline,67,0.00029296875,0.00043673202685542766,0.0,0.0009765625,5,/home/lzha/code/DEXTRAH/cluster_results/a1001/franka_cube_seed_sweep600_c7e66a0_20260612_092951/success_rate_plot_means.csv
No prior baseline,68,0.000390625,0.0004085254035810916,0.0,0.0009765625,5,/home/lzha/code/DEXTRAH/cluster_results/a1001/franka_cube_seed_sweep600_c7e66a0_20260612_092951/success_rate_plot_means.csv
No prior baseline,69,9.765625e-05,0.00021836601342771383,0.0,0.00048828125,5,/home/lzha/code/DEXTRAH/cluster_results/a1001/franka_cube_seed_sweep600_c7e66a0_20260612_092951/success_rate_plot_means.csv
No prior baseline,70,0.00029296875,0.00043673202685542766,0.0,0.0009765625,5,/home/lzha/code/DEXTRAH/cluster_results/a1001/franka_cube_seed_sweep600_c7e66a0_20260612_092951/success_rate_plot_means.csv
No prior baseline,71,0.0005859375,0.0006366408598830712,0.0,0.00146484375,5,/home/lzha/code/DEXTRAH/cluster_results/a1001/franka_cube_seed_sweep600_c7e66a0_20260612_092951/success_rate_plot_means.csv
No prior baseline,72,0.00048828125,0.00048828125,0.0,0.0009765625,5,/home/lzha/code/DEXTRAH/cluster_results/a1001/franka_cube_seed_sweep600_c7e66a0_20260612_092951/success_rate_plot_means.csv
No prior baseline,73,0.0005859375,0.0006366408598830712,0.0,0.00146484375,5,/home/lzha/code/DEXTRAH/cluster_results/a1001/franka_cube_seed_sweep600_c7e66a0_20260612_092951/success_rate_plot_means.csv
No prior baseline,74,0.000390625,0.0004085254035810916,0.0,0.0009765625,5,/home/lzha/code/DEXTRAH/cluster_results/a1001/franka_cube_seed_sweep600_c7e66a0_20260612_092951/success_rate_plot_means.csv
No prior baseline,75,0.00078125,0.0006550980402831415,0.0,0.00146484375,5,/home/lzha/code/DEXTRAH/cluster_results/a1001/franka_cube_seed_sweep600_c7e66a0_20260612_092951/success_rate_plot_means.csv
No prior baseline,76,0.000390625,0.0008734640537108553,0.0,0.001953125,5,/home/lzha/code/DEXTRAH/cluster_results/a1001/franka_cube_seed_sweep600_c7e66a0_20260612_092951/success_rate_plot_means.csv
No prior baseline,77,0.00029296875,0.00026744265503181937,0.0,0.00048828125,5,/home/lzha/code/DEXTRAH/cluster_results/a1001/franka_cube_seed_sweep600_c7e66a0_20260612_092951/success_rate_plot_means.csv
No prior baseline,78,0.00087890625,0.0004085254035810916,0.00048828125,0.00146484375,5,/home/lzha/code/DEXTRAH/cluster_results/a1001/franka_cube_seed_sweep600_c7e66a0_20260612_092951/success_rate_plot_means.csv
No prior baseline,79,0.00048828125,0.0006905339660024879,0.0,0.00146484375,5,/home/lzha/code/DEXTRAH/cluster_results/a1001/franka_cube_seed_sweep600_c7e66a0_20260612_092951/success_rate_plot_means.csv
No prior baseline,80,0.00048828125,0.0006905339660024879,0.0,0.00146484375,5,/home/lzha/code/DEXTRAH/cluster_results/a1001/franka_cube_seed_sweep600_c7e66a0_20260612_092951/success_rate_plot_means.csv
No prior baseline,81,0.0001953125,0.00026744265503181937,0.0,0.00048828125,5,/home/lzha/code/DEXTRAH/cluster_results/a1001/franka_cube_seed_sweep600_c7e66a0_20260612_092951/success_rate_plot_means.csv
No prior baseline,82,0.000390625,0.0004085254035810916,0.0,0.0009765625,5,/home/lzha/code/DEXTRAH/cluster_results/a1001/franka_cube_seed_sweep600_c7e66a0_20260612_092951/success_rate_plot_means.csv
No prior baseline,83,0.00068359375,0.0010697706201272775,0.0,0.00244140625,5,/home/lzha/code/DEXTRAH/cluster_results/a1001/franka_cube_seed_sweep600_c7e66a0_20260612_092951/success_rate_plot_means.csv
No prior baseline,84,0.00029296875,0.00043673202685542766,0.0,0.0009765625,5,/home/lzha/code/DEXTRAH/cluster_results/a1001/franka_cube_seed_sweep600_c7e66a0_20260612_092951/success_rate_plot_means.csv
No prior baseline,85,0.0001953125,0.00043673202685542766,0.0,0.0009765625,5,/home/lzha/code/DEXTRAH/cluster_results/a1001/franka_cube_seed_sweep600_c7e66a0_20260612_092951/success_rate_plot_means.csv
No prior baseline,86,0.00048828125,0.00048828125,0.0,0.0009765625,5,/home/lzha/code/DEXTRAH/cluster_results/a1001/franka_cube_seed_sweep600_c7e66a0_20260612_092951/success_rate_plot_means.csv
No prior baseline,87,0.00048828125,0.00048828125,0.0,0.0009765625,5,/home/lzha/code/DEXTRAH/cluster_results/a1001/franka_cube_seed_sweep600_c7e66a0_20260612_092951/success_rate_plot_means.csv
No prior baseline,88,0.00078125,0.0007405151800831592,0.0,0.00146484375,5,/home/lzha/code/DEXTRAH/cluster_results/a1001/franka_cube_seed_sweep600_c7e66a0_20260612_092951/success_rate_plot_means.csv
No prior baseline,89,0.00078125,0.0011241078548067712,0.0,0.00244140625,5,/home/lzha/code/DEXTRAH/cluster_results/a1001/franka_cube_seed_sweep600_c7e66a0_20260612_092951/success_rate_plot_means.csv
No prior baseline,90,0.00029296875,0.00043673202685542766,0.0,0.0009765625,5,/home/lzha/code/DEXTRAH/cluster_results/a1001/franka_cube_seed_sweep600_c7e66a0_20260612_092951/success_rate_plot_means.csv
No prior baseline,91,0.0001953125,0.00026744265503181937,0.0,0.00048828125,5,/home/lzha/code/DEXTRAH/cluster_results/a1001/franka_cube_seed_sweep600_c7e66a0_20260612_092951/success_rate_plot_means.csv
No prior baseline,92,0.00029296875,0.00043673202685542766,0.0,0.0009765625,5,/home/lzha/code/DEXTRAH/cluster_results/a1001/franka_cube_seed_sweep600_c7e66a0_20260612_092951/success_rate_plot_means.csv
No prior baseline,93,0.0001953125,0.00026744265503181937,0.0,0.00048828125,5,/home/lzha/code/DEXTRAH/cluster_results/a1001/franka_cube_seed_sweep600_c7e66a0_20260612_092951/success_rate_plot_means.csv
No prior baseline,94,0.0001953125,0.00026744265503181937,0.0,0.00048828125,5,/home/lzha/code/DEXTRAH/cluster_results/a1001/franka_cube_seed_sweep600_c7e66a0_20260612_092951/success_rate_plot_means.csv
No prior baseline,95,0.0005859375,0.0008023279650954582,0.0,0.001953125,5,/home/lzha/code/DEXTRAH/cluster_results/a1001/franka_cube_seed_sweep600_c7e66a0_20260612_092951/success_rate_plot_means.csv
No prior baseline,96,0.00029296875,0.00043673202685542766,0.0,0.0009765625,5,/home/lzha/code/DEXTRAH/cluster_results/a1001/franka_cube_seed_sweep600_c7e66a0_20260612_092951/success_rate_plot_means.csv
No prior baseline,97,0.0005859375,0.0006366408598830712,0.0,0.00146484375,5,/home/lzha/code/DEXTRAH/cluster_results/a1001/franka_cube_seed_sweep600_c7e66a0_20260612_092951/success_rate_plot_means.csv
No prior baseline,98,0.0005859375,0.0006366408598830712,0.0,0.00146484375,5,/home/lzha/code/DEXTRAH/cluster_results/a1001/franka_cube_seed_sweep600_c7e66a0_20260612_092951/success_rate_plot_means.csv
No prior baseline,99,0.0005859375,0.0008023279650954582,0.0,0.001953125,5,/home/lzha/code/DEXTRAH/cluster_results/a1001/franka_cube_seed_sweep600_c7e66a0_20260612_092951/success_rate_plot_means.csv
No prior baseline,100,0.000390625,0.0004085254035810916,0.0,0.0009765625,5,/home/lzha/code/DEXTRAH/cluster_results/a1001/franka_cube_seed_sweep600_c7e66a0_20260612_092951/success_rate_plot_means.csv
No prior baseline,101,0.000390625,0.0004085254035810916,0.0,0.0009765625,5,/home/lzha/code/DEXTRAH/cluster_results/a1001/franka_cube_seed_sweep600_c7e66a0_20260612_092951/success_rate_plot_means.csv
No prior baseline,102,0.00048828125,0.0008457279333832408,0.0,0.001953125,5,/home/lzha/code/DEXTRAH/cluster_results/a1001/franka_cube_seed_sweep600_c7e66a0_20260612_092951/success_rate_plot_means.csv
No prior baseline,103,0.00029296875,0.00026744265503181937,0.0,0.00048828125,5,/home/lzha/code/DEXTRAH/cluster_results/a1001/franka_cube_seed_sweep600_c7e66a0_20260612_092951/success_rate_plot_means.csv
No prior baseline,104,0.00087890625,0.0008023279650954582,0.0,0.00146484375,5,/home/lzha/code/DEXTRAH/cluster_results/a1001/franka_cube_seed_sweep600_c7e66a0_20260612_092951/success_rate_plot_means.csv
No prior baseline,105,0.00048828125,0.00048828125,0.0,0.0009765625,5,/home/lzha/code/DEXTRAH/cluster_results/a1001/franka_cube_seed_sweep600_c7e66a0_20260612_092951/success_rate_plot_means.csv
No prior baseline,106,0.00078125,0.0010697706201272775,0.0,0.001953125,5,/home/lzha/code/DEXTRAH/cluster_results/a1001/franka_cube_seed_sweep600_c7e66a0_20260612_092951/success_rate_plot_means.csv
No prior baseline,107,0.00068359375,0.0009518353852352504,0.0,0.001953125,5,/home/lzha/code/DEXTRAH/cluster_results/a1001/franka_cube_seed_sweep600_c7e66a0_20260612_092951/success_rate_plot_means.csv
No prior baseline,108,0.00048828125,0.0008457279333832408,0.0,0.001953125,5,/home/lzha/code/DEXTRAH/cluster_results/a1001/franka_cube_seed_sweep600_c7e66a0_20260612_092951/success_rate_plot_means.csv
No prior baseline,109,0.00029296875,0.00043673202685542766,0.0,0.0009765625,5,/home/lzha/code/DEXTRAH/cluster_results/a1001/franka_cube_seed_sweep600_c7e66a0_20260612_092951/success_rate_plot_means.csv
No prior baseline,110,0.0005859375,0.0005348853100636387,0.0,0.0009765625,5,/home/lzha/code/DEXTRAH/cluster_results/a1001/franka_cube_seed_sweep600_c7e66a0_20260612_092951/success_rate_plot_means.csv
No prior baseline,111,0.0001953125,0.00043673202685542766,0.0,0.0009765625,5,/home/lzha/code/DEXTRAH/cluster_results/a1001/franka_cube_seed_sweep600_c7e66a0_20260612_092951/success_rate_plot_means.csv
No prior baseline,112,0.0001953125,0.00026744265503181937,0.0,0.00048828125,5,/home/lzha/code/DEXTRAH/cluster_results/a1001/franka_cube_seed_sweep600_c7e66a0_20260612_092951/success_rate_plot_means.csv
No prior baseline,113,0.00048828125,0.00048828125,0.0,0.0009765625,5,/home/lzha/code/DEXTRAH/cluster_results/a1001/franka_cube_seed_sweep600_c7e66a0_20260612_092951/success_rate_plot_means.csv
No prior baseline,114,0.000390625,0.0005348853100636387,0.0,0.0009765625,5,/home/lzha/code/DEXTRAH/cluster_results/a1001/franka_cube_seed_sweep600_c7e66a0_20260612_092951/success_rate_plot_means.csv
No prior baseline,115,0.0005859375,0.0006366408598830712,0.0,0.00146484375,5,/home/lzha/code/DEXTRAH/cluster_results/a1001/franka_cube_seed_sweep600_c7e66a0_20260612_092951/success_rate_plot_means.csv
No prior baseline,116,0.000390625,0.0006366408598830712,0.0,0.00146484375,5,/home/lzha/code/DEXTRAH/cluster_results/a1001/franka_cube_seed_sweep600_c7e66a0_20260612_092951/success_rate_plot_means.csv
No prior baseline,117,0.0005859375,0.0008023279650954582,0.0,0.00146484375,5,/home/lzha/code/DEXTRAH/cluster_results/a1001/franka_cube_seed_sweep600_c7e66a0_20260612_092951/success_rate_plot_means.csv
No prior baseline,118,0.00048828125,0.0005980199567341743,0.0,0.00146484375,5,/home/lzha/code/DEXTRAH/cluster_results/a1001/franka_cube_seed_sweep600_c7e66a0_20260612_092951/success_rate_plot_means.csv
No prior baseline,119,0.0001953125,0.00026744265503181937,0.0,0.00048828125,5,/home/lzha/code/DEXTRAH/cluster_results/a1001/franka_cube_seed_sweep600_c7e66a0_20260612_092951/success_rate_plot_means.csv
No prior baseline,120,0.00048828125,0.0005980199567341743,0.0,0.00146484375,5,/home/lzha/code/DEXTRAH/cluster_results/a1001/franka_cube_seed_sweep600_c7e66a0_20260612_092951/success_rate_plot_means.csv
No prior baseline,121,0.00029296875,0.0006550980402831415,0.0,0.00146484375,5,/home/lzha/code/DEXTRAH/cluster_results/a1001/franka_cube_seed_sweep600_c7e66a0_20260612_092951/success_rate_plot_means.csv
No prior baseline,122,0.00048828125,0.00048828125,0.0,0.0009765625,5,/home/lzha/code/DEXTRAH/cluster_results/a1001/franka_cube_seed_sweep600_c7e66a0_20260612_092951/success_rate_plot_means.csv
No prior baseline,123,0.00078125,0.0008870069396769995,0.0,0.001953125,5,/home/lzha/code/DEXTRAH/cluster_results/a1001/franka_cube_seed_sweep600_c7e66a0_20260612_092951/success_rate_plot_means.csv
No prior baseline,124,0.00068359375,0.0008170508071621832,0.0,0.001953125,5,/home/lzha/code/DEXTRAH/cluster_results/a1001/franka_cube_seed_sweep600_c7e66a0_20260612_092951/success_rate_plot_means.csv
No prior baseline,125,0.0009765625,0.0012448778109357384,0.0,0.0029296875,5,/home/lzha/code/DEXTRAH/cluster_results/a1001/franka_cube_seed_sweep600_c7e66a0_20260612_092951/success_rate_plot_means.csv
No prior baseline,126,0.0009765625,0.001423572239952466,0.0,0.00341796875,5,/home/lzha/code/DEXTRAH/cluster_results/a1001/franka_cube_seed_sweep600_c7e66a0_20260612_092951/success_rate_plot_means.csv
No prior baseline,127,0.0009765625,0.0013810679320049757,0.0,0.0029296875,5,/home/lzha/code/DEXTRAH/cluster_results/a1001/franka_cube_seed_sweep600_c7e66a0_20260612_092951/success_rate_plot_means.csv
No prior baseline,128,0.00087890625,0.001215810507616087,0.0,0.0029296875,5,/home/lzha/code/DEXTRAH/cluster_results/a1001/franka_cube_seed_sweep600_c7e66a0_20260612_092951/success_rate_plot_means.csv
No prior baseline,129,0.00107421875,0.001310196080566283,0.0,0.0029296875,5,/home/lzha/code/DEXTRAH/cluster_results/a1001/franka_cube_seed_sweep600_c7e66a0_20260612_092951/success_rate_plot_means.csv
No prior baseline,130,0.0005859375,0.0008734640537108553,0.0,0.001953125,5,/home/lzha/code/DEXTRAH/cluster_results/a1001/franka_cube_seed_sweep600_c7e66a0_20260612_092951/success_rate_plot_means.csv
No prior baseline,131,0.00078125,0.0008870069396769995,0.0,0.001953125,5,/home/lzha/code/DEXTRAH/cluster_results/a1001/franka_cube_seed_sweep600_c7e66a0_20260612_092951/success_rate_plot_means.csv
No prior baseline,132,0.0009765625,0.0009765625,0.0,0.001953125,5,/home/lzha/code/DEXTRAH/cluster_results/a1001/franka_cube_seed_sweep600_c7e66a0_20260612_092951/success_rate_plot_means.csv
No prior baseline,133,0.00068359375,0.0009518353852352504,0.0,0.001953125,5,/home/lzha/code/DEXTRAH/cluster_results/a1001/franka_cube_seed_sweep600_c7e66a0_20260612_092951/success_rate_plot_means.csv
No prior baseline,134,0.00087890625,0.0008734640537108553,0.0,0.001953125,5,/home/lzha/code/DEXTRAH/cluster_results/a1001/franka_cube_seed_sweep600_c7e66a0_20260612_092951/success_rate_plot_means.csv
No prior baseline,135,0.00068359375,0.0010697706201272775,0.0,0.00244140625,5,/home/lzha/code/DEXTRAH/cluster_results/a1001/franka_cube_seed_sweep600_c7e66a0_20260612_092951/success_rate_plot_means.csv
No prior baseline,136,0.00068359375,0.0007405151800831592,0.0,0.00146484375,5,/home/lzha/code/DEXTRAH/cluster_results/a1001/franka_cube_seed_sweep600_c7e66a0_20260612_092951/success_rate_plot_means.csv
No prior baseline,137,0.00078125,0.0008870069396769995,0.0,0.001953125,5,/home/lzha/code/DEXTRAH/cluster_results/a1001/franka_cube_seed_sweep600_c7e66a0_20260612_092951/success_rate_plot_means.csv
No prior baseline,138,0.0001953125,0.00026744265503181937,0.0,0.00048828125,5,/home/lzha/code/DEXTRAH/cluster_results/a1001/franka_cube_seed_sweep600_c7e66a0_20260612_092951/success_rate_plot_means.csv
No prior baseline,139,0.0005859375,0.0006366408598830712,0.0,0.00146484375,5,/home/lzha/code/DEXTRAH/cluster_results/a1001/franka_cube_seed_sweep600_c7e66a0_20260612_092951/success_rate_plot_means.csv
No prior baseline,140,0.0005859375,0.0006366408598830712,0.0,0.00146484375,5,/home/lzha/code/DEXTRAH/cluster_results/a1001/franka_cube_seed_sweep600_c7e66a0_20260612_092951/success_rate_plot_means.csv
No prior baseline,141,0.00048828125,0.0008457279333832408,0.0,0.001953125,5,/home/lzha/code/DEXTRAH/cluster_results/a1001/franka_cube_seed_sweep600_c7e66a0_20260612_092951/success_rate_plot_means.csv
No prior baseline,142,0.00126953125,0.001940879581479667,0.0,0.00439453125,5,/home/lzha/code/DEXTRAH/cluster_results/a1001/franka_cube_seed_sweep600_c7e66a0_20260612_092951/success_rate_plot_means.csv
No prior baseline,143,0.00087890625,0.001058568524837832,0.0,0.00244140625,5,/home/lzha/code/DEXTRAH/cluster_results/a1001/franka_cube_seed_sweep600_c7e66a0_20260612_092951/success_rate_plot_means.csv
No prior baseline,144,0.0013671875,0.0018073003440743894,0.0,0.00439453125,5,/home/lzha/code/DEXTRAH/cluster_results/a1001/franka_cube_seed_sweep600_c7e66a0_20260612_092951/success_rate_plot_means.csv
No prior baseline,145,0.0005859375,0.001058568524837832,0.0,0.00244140625,5,/home/lzha/code/DEXTRAH/cluster_results/a1001/franka_cube_seed_sweep600_c7e66a0_20260612_092951/success_rate_plot_means.csv
No prior baseline,146,0.0009765625,0.0016914558667664816,0.0,0.00390625,5,/home/lzha/code/DEXTRAH/cluster_results/a1001/franka_cube_seed_sweep600_c7e66a0_20260612_092951/success_rate_plot_means.csv
No prior baseline,147,0.00087890625,0.0014402227738039674,0.0,0.00341796875,5,/home/lzha/code/DEXTRAH/cluster_results/a1001/franka_cube_seed_sweep600_c7e66a0_20260612_092951/success_rate_plot_means.csv
No prior baseline,148,0.00068359375,0.0007405151800831592,0.0,0.00146484375,5,/home/lzha/code/DEXTRAH/cluster_results/a1001/franka_cube_seed_sweep600_c7e66a0_20260612_092951/success_rate_plot_means.csv
No prior baseline,149,0.0005859375,0.001058568524837832,0.0,0.00244140625,5,/home/lzha/code/DEXTRAH/cluster_results/a1001/franka_cube_seed_sweep600_c7e66a0_20260612_092951/success_rate_plot_means.csv
No prior baseline,150,0.0001953125,0.00026744265503181937,0.0,0.00048828125,5,/home/lzha/code/DEXTRAH/cluster_results/a1001/franka_cube_seed_sweep600_c7e66a0_20260612_092951/success_rate_plot_means.csv
No prior baseline,151,0.00087890625,0.0008734640537108553,0.0,0.001953125,5,/home/lzha/code/DEXTRAH/cluster_results/a1001/franka_cube_seed_sweep600_c7e66a0_20260612_092951/success_rate_plot_means.csv
No prior baseline,152,0.00068359375,0.0006550980402831415,0.0,0.00146484375,5,/home/lzha/code/DEXTRAH/cluster_results/a1001/franka_cube_seed_sweep600_c7e66a0_20260612_092951/success_rate_plot_means.csv
No prior baseline,153,0.0009765625,0.0009134905729428568,0.0,0.001953125,5,/home/lzha/code/DEXTRAH/cluster_results/a1001/franka_cube_seed_sweep600_c7e66a0_20260612_092951/success_rate_plot_means.csv
No prior baseline,154,0.00107421875,0.001113452563573377,0.0,0.00244140625,5,/home/lzha/code/DEXTRAH/cluster_results/a1001/franka_cube_seed_sweep600_c7e66a0_20260612_092951/success_rate_plot_means.csv
No prior baseline,155,0.00087890625,0.001215810507616087,0.0,0.0029296875,5,/home/lzha/code/DEXTRAH/cluster_results/a1001/franka_cube_seed_sweep600_c7e66a0_20260612_092951/success_rate_plot_means.csv
No prior baseline,156,0.0005859375,0.0008023279650954582,0.0,0.001953125,5,/home/lzha/code/DEXTRAH/cluster_results/a1001/franka_cube_seed_sweep600_c7e66a0_20260612_092951/success_rate_plot_means.csv
No prior baseline,157,0.0005859375,0.0005348853100636387,0.0,0.0009765625,5,/home/lzha/code/DEXTRAH/cluster_results/a1001/franka_cube_seed_sweep600_c7e66a0_20260612_092951/success_rate_plot_means.csv
No prior baseline,158,0.0005859375,0.0006366408598830712,0.0,0.00146484375,5,/home/lzha/code/DEXTRAH/cluster_results/a1001/franka_cube_seed_sweep600_c7e66a0_20260612_092951/success_rate_plot_means.csv
No prior baseline,159,0.0005859375,0.0006366408598830712,0.0,0.00146484375,5,/home/lzha/code/DEXTRAH/cluster_results/a1001/franka_cube_seed_sweep600_c7e66a0_20260612_092951/success_rate_plot_means.csv
No prior baseline,160,0.00078125,0.0008870069396769995,0.0,0.001953125,5,/home/lzha/code/DEXTRAH/cluster_results/a1001/franka_cube_seed_sweep600_c7e66a0_20260612_092951/success_rate_plot_means.csv
No prior baseline,161,0.0009765625,0.0009765625,0.0,0.001953125,5,/home/lzha/code/DEXTRAH/cluster_results/a1001/franka_cube_seed_sweep600_c7e66a0_20260612_092951/success_rate_plot_means.csv
No prior baseline,162,0.00078125,0.0008870069396769995,0.0,0.001953125,5,/home/lzha/code/DEXTRAH/cluster_results/a1001/franka_cube_seed_sweep600_c7e66a0_20260612_092951/success_rate_plot_means.csv
No prior baseline,163,0.00048828125,0.0008457279333832408,0.0,0.001953125,5,/home/lzha/code/DEXTRAH/cluster_results/a1001/franka_cube_seed_sweep600_c7e66a0_20260612_092951/success_rate_plot_means.csv
No prior baseline,164,0.0005859375,0.0006366408598830712,0.0,0.00146484375,5,/home/lzha/code/DEXTRAH/cluster_results/a1001/franka_cube_seed_sweep600_c7e66a0_20260612_092951/success_rate_plot_means.csv
No prior baseline,165,0.0005859375,0.0008023279650954582,0.0,0.00146484375,5,/home/lzha/code/DEXTRAH/cluster_results/a1001/franka_cube_seed_sweep600_c7e66a0_20260612_092951/success_rate_plot_means.csv
No prior baseline,166,0.000390625,0.0006366408598830712,0.0,0.00146484375,5,/home/lzha/code/DEXTRAH/cluster_results/a1001/franka_cube_seed_sweep600_c7e66a0_20260612_092951/success_rate_plot_means.csv
No prior baseline,167,0.00048828125,0.0008457279333832408,0.0,0.001953125,5,/home/lzha/code/DEXTRAH/cluster_results/a1001/franka_cube_seed_sweep600_c7e66a0_20260612_092951/success_rate_plot_means.csv
No prior baseline,168,0.0005859375,0.0008734640537108553,0.0,0.001953125,5,/home/lzha/code/DEXTRAH/cluster_results/a1001/franka_cube_seed_sweep600_c7e66a0_20260612_092951/success_rate_plot_means.csv
No prior baseline,169,0.000390625,0.0004085254035810916,0.0,0.0009765625,5,/home/lzha/code/DEXTRAH/cluster_results/a1001/franka_cube_seed_sweep600_c7e66a0_20260612_092951/success_rate_plot_means.csv
No prior baseline,170,0.0009765625,0.001145121035113142,0.0,0.00244140625,5,/home/lzha/code/DEXTRAH/cluster_results/a1001/franka_cube_seed_sweep600_c7e66a0_20260612_092951/success_rate_plot_means.csv
No prior baseline,171,0.00068359375,0.0008170508071621832,0.0,0.001953125,5,/home/lzha/code/DEXTRAH/cluster_results/a1001/franka_cube_seed_sweep600_c7e66a0_20260612_092951/success_rate_plot_means.csv
No prior baseline,172,0.00107421875,0.0015594452561202453,0.0,0.00341796875,5,/home/lzha/code/DEXTRAH/cluster_results/a1001/franka_cube_seed_sweep600_c7e66a0_20260612_092951/success_rate_plot_means.csv
No prior baseline,173,0.00068359375,0.0009518353852352504,0.0,0.001953125,5,/home/lzha/code/DEXTRAH/cluster_results/a1001/franka_cube_seed_sweep600_c7e66a0_20260612_092951/success_rate_plot_means.csv
No prior baseline,174,0.00126953125,0.0014067246377820247,0.0,0.00341796875,5,/home/lzha/code/DEXTRAH/cluster_results/a1001/franka_cube_seed_sweep600_c7e66a0_20260612_092951/success_rate_plot_means.csv
No prior baseline,175,0.00087890625,0.001058568524837832,0.0,0.00244140625,5,/home/lzha/code/DEXTRAH/cluster_results/a1001/franka_cube_seed_sweep600_c7e66a0_20260612_092951/success_rate_plot_means.csv
No prior baseline,176,0.00107421875,0.001113452563573377,0.0,0.00244140625,5,/home/lzha/code/DEXTRAH/cluster_results/a1001/franka_cube_seed_sweep600_c7e66a0_20260612_092951/success_rate_plot_means.csv
No prior baseline,177,0.0009765625,0.0010358009490037316,0.0,0.00244140625,5,/home/lzha/code/DEXTRAH/cluster_results/a1001/franka_cube_seed_sweep600_c7e66a0_20260612_092951/success_rate_plot_means.csv
No prior baseline,178,0.0009765625,0.001423572239952466,0.0,0.00341796875,5,/home/lzha/code/DEXTRAH/cluster_results/a1001/franka_cube_seed_sweep600_c7e66a0_20260612_092951/success_rate_plot_means.csv
No prior baseline,179,0.0013671875,0.0022745731833695537,0.0,0.00537109375,5,/home/lzha/code/DEXTRAH/cluster_results/a1001/franka_cube_seed_sweep600_c7e66a0_20260612_092951/success_rate_plot_means.csv
No prior baseline,180,0.00146484375,0.0020132351687586233,0.0,0.0048828125,5,/home/lzha/code/DEXTRAH/cluster_results/a1001/franka_cube_seed_sweep600_c7e66a0_20260612_092951/success_rate_plot_means.csv
No prior baseline,181,0.00107421875,0.0016341016143243663,0.0,0.00390625,5,/home/lzha/code/DEXTRAH/cluster_results/a1001/franka_cube_seed_sweep600_c7e66a0_20260612_092951/success_rate_plot_means.csv
No prior baseline,182,0.00166015625,0.0020013575714764842,0.0,0.0048828125,5,/home/lzha/code/DEXTRAH/cluster_results/a1001/franka_cube_seed_sweep600_c7e66a0_20260612_092951/success_rate_plot_means.csv
No prior baseline,183,0.001171875,0.0011241078548067712,0.0,0.00244140625,5,/home/lzha/code/DEXTRAH/cluster_results/a1001/franka_cube_seed_sweep600_c7e66a0_20260612_092951/success_rate_plot_means.csv
No prior baseline,184,0.00185546875,0.0023006287088651847,0.0,0.00537109375,5,/home/lzha/code/DEXTRAH/cluster_results/a1001/franka_cube_seed_sweep600_c7e66a0_20260612_092951/success_rate_plot_means.csv
No prior baseline,185,0.0017578125,0.0024069838952863747,0.0,0.005859375,5,/home/lzha/code/DEXTRAH/cluster_results/a1001/franka_cube_seed_sweep600_c7e66a0_20260612_092951/success_rate_plot_means.csv
No prior baseline,186,0.001953125,0.0035714694429511214,0.0,0.00830078125,5,/home/lzha/code/DEXTRAH/cluster_results/a1001/franka_cube_seed_sweep600_c7e66a0_20260612_092951/success_rate_plot_means.csv
No prior baseline,187,0.00205078125,0.003318876067962193,0.0,0.0078125,5,/home/lzha/code/DEXTRAH/cluster_results/a1001/franka_cube_seed_sweep600_c7e66a0_20260612_092951/success_rate_plot_means.csv
No prior baseline,188,0.00224609375,0.0033044774054079356,0.0,0.00732421875,5,/home/lzha/code/DEXTRAH/cluster_results/a1001/franka_cube_seed_sweep600_c7e66a0_20260612_092951/success_rate_plot_means.csv
No prior baseline,189,0.00673828125,0.011962392368450293,0.0,0.02783203125,5,/home/lzha/code/DEXTRAH/cluster_results/a1001/franka_cube_seed_sweep600_c7e66a0_20260612_092951/success_rate_plot_means.csv
No prior baseline,190,0.0083984375,0.01563415259279894,0.0,0.0361328125,5,/home/lzha/code/DEXTRAH/cluster_results/a1001/franka_cube_seed_sweep600_c7e66a0_20260612_092951/success_rate_plot_means.csv
No prior baseline,191,0.007421875,0.013559808560710767,0.0,0.03125,5,/home/lzha/code/DEXTRAH/cluster_results/a1001/franka_cube_seed_sweep600_c7e66a0_20260612_092951/success_rate_plot_means.csv
No prior baseline,192,0.00634765625,0.0121286546370842,0.0,0.02783203125,5,/home/lzha/code/DEXTRAH/cluster_results/a1001/franka_cube_seed_sweep600_c7e66a0_20260612_092951/success_rate_plot_means.csv
No prior baseline,193,0.00654296875,0.012777677526403224,0.0,0.029296875,5,/home/lzha/code/DEXTRAH/cluster_results/a1001/franka_cube_seed_sweep600_c7e66a0_20260612_092951/success_rate_plot_means.csv
No prior baseline,194,0.00830078125,0.01643920495071526,0.0,0.03759765625,5,/home/lzha/code/DEXTRAH/cluster_results/a1001/franka_cube_seed_sweep600_c7e66a0_20260612_092951/success_rate_plot_means.csv
No prior baseline,195,0.008984375,0.01846645861254845,0.0,0.0419921875,5,/home/lzha/code/DEXTRAH/cluster_results/a1001/franka_cube_seed_sweep600_c7e66a0_20260612_092951/success_rate_plot_means.csv
No prior baseline,196,0.00947265625,0.019022926151366713,0.0,0.04345703125,5,/home/lzha/code/DEXTRAH/cluster_results/a1001/franka_cube_seed_sweep600_c7e66a0_20260612_092951/success_rate_plot_means.csv
No prior baseline,197,0.00810546875,0.017852673652508432,0.0,0.0400390625,5,/home/lzha/code/DEXTRAH/cluster_results/a1001/franka_cube_seed_sweep600_c7e66a0_20260612_092951/success_rate_plot_means.csv
No prior baseline,198,0.018359375,0.03942186987140152,0.0,0.0888671875,5,/home/lzha/code/DEXTRAH/cluster_results/a1001/franka_cube_seed_sweep600_c7e66a0_20260612_092951/success_rate_plot_means.csv
No prior baseline,199,0.0275390625,0.06021776893184764,0.0,0.13525390625,5,/home/lzha/code/DEXTRAH/cluster_results/a1001/franka_cube_seed_sweep600_c7e66a0_20260612_092951/success_rate_plot_means.csv
No prior baseline,200,0.02724609375,0.06010660872850669,0.0,0.134765625,5,/home/lzha/code/DEXTRAH/cluster_results/a1001/franka_cube_seed_sweep600_c7e66a0_20260612_092951/success_rate_plot_means.csv
No prior baseline,201,0.026953125,0.059453530830271425,0.0,0.13330078125,5,/home/lzha/code/DEXTRAH/cluster_results/a1001/franka_cube_seed_sweep600_c7e66a0_20260612_092951/success_rate_plot_means.csv
No prior baseline,202,0.0294921875,0.06485746307606086,0.0,0.1455078125,5,/home/lzha/code/DEXTRAH/cluster_results/a1001/franka_cube_seed_sweep600_c7e66a0_20260612_092951/success_rate_plot_means.csv
No prior baseline,203,0.02880859375,0.06332896752953528,0.0,0.14208984375,5,/home/lzha/code/DEXTRAH/cluster_results/a1001/franka_cube_seed_sweep600_c7e66a0_20260612_092951/success_rate_plot_means.csv
No prior baseline,204,0.0337890625,0.07419417124884034,0.0,0.16650390625,5,/home/lzha/code/DEXTRAH/cluster_results/a1001/franka_cube_seed_sweep600_c7e66a0_20260612_092951/success_rate_plot_means.csv
No prior baseline,205,0.0345703125,0.07594413948075367,0.0,0.17041015625,5,/home/lzha/code/DEXTRAH/cluster_results/a1001/franka_cube_seed_sweep600_c7e66a0_20260612_092951/success_rate_plot_means.csv
No prior baseline,206,0.03115234375,0.06802495627494733,0.0,0.15283203125,5,/home/lzha/code/DEXTRAH/cluster_results/a1001/franka_cube_seed_sweep600_c7e66a0_20260612_092951/success_rate_plot_means.csv
No prior baseline,207,0.0373046875,0.08232615910932471,0.0,0.1845703125,5,/home/lzha/code/DEXTRAH/cluster_results/a1001/franka_cube_seed_sweep600_c7e66a0_20260612_092951/success_rate_plot_means.csv
No prior baseline,208,0.07919921875,0.17573119404483886,0.0,0.3935546875,5,/home/lzha/code/DEXTRAH/cluster_results/a1001/franka_cube_seed_sweep600_c7e66a0_20260612_092951/success_rate_plot_means.csv
No prior baseline,209,0.0853515625,0.1897610079822819,0.0,0.4248046875,5,/home/lzha/code/DEXTRAH/cluster_results/a1001/franka_cube_seed_sweep600_c7e66a0_20260612_092951/success_rate_plot_means.csv
No prior baseline,210,0.08779296875,0.19522013196704877,0.0,0.43701171875,5,/home/lzha/code/DEXTRAH/cluster_results/a1001/franka_cube_seed_sweep600_c7e66a0_20260612_092951/success_rate_plot_means.csv
No prior baseline,211,0.08798828125,0.1959293238441265,0.0,0.4384765625,5,/home/lzha/code/DEXTRAH/cluster_results/a1001/franka_cube_seed_sweep600_c7e66a0_20260612_092951/success_rate_plot_means.csv
No prior baseline,212,0.0921875,0.20477371147457327,0.0,0.45849609375,5,/home/lzha/code/DEXTRAH/cluster_results/a1001/franka_cube_seed_sweep600_c7e66a0_20260612_092951/success_rate_plot_means.csv
No prior baseline,213,0.09326171875,0.2063581934277168,0.0,0.46240234375,5,/home/lzha/code/DEXTRAH/cluster_results/a1001/franka_cube_seed_sweep600_c7e66a0_20260612_092951/success_rate_plot_means.csv
No prior baseline,214,0.0939453125,0.20925019373366344,0.0,0.46826171875,5,/home/lzha/code/DEXTRAH/cluster_results/a1001/franka_cube_seed_sweep600_c7e66a0_20260612_092951/success_rate_plot_means.csv
No prior baseline,215,0.0927734375,0.2066292368413511,0.0,0.46240234375,5,/home/lzha/code/DEXTRAH/cluster_results/a1001/franka_cube_seed_sweep600_c7e66a0_20260612_092951/success_rate_plot_means.csv
No prior baseline,216,0.07490234375,0.16530920187647336,0.0,0.37060546875,5,/home/lzha/code/DEXTRAH/cluster_results/a1001/franka_cube_seed_sweep600_c7e66a0_20260612_092951/success_rate_plot_means.csv
No prior baseline,217,0.11044921875,0.24451836012727357,0.0,0.5478515625,5,/home/lzha/code/DEXTRAH/cluster_results/a1001/franka_cube_seed_sweep600_c7e66a0_20260612_092951/success_rate_plot_means.csv
No prior baseline,218,0.115625,0.2563642572749604,0.0,0.57421875,5,/home/lzha/code/DEXTRAH/cluster_results/a1001/franka_cube_seed_sweep600_c7e66a0_20260612_092951/success_rate_plot_means.csv
No prior baseline,219,0.11943359375,0.26487999952133673,0.0,0.59326171875,5,/home/lzha/code/DEXTRAH/cluster_results/a1001/franka_cube_seed_sweep600_c7e66a0_20260612_092951/success_rate_plot_means.csv
No prior baseline,220,0.11845703125,0.26269703690767665,0.0,0.58837890625,5,/home/lzha/code/DEXTRAH/cluster_results/a1001/franka_cube_seed_sweep600_c7e66a0_20260612_092951/success_rate_plot_means.csv
No prior baseline,221,0.11826171875,0.2619897151413462,0.0,0.5869140625,5,/home/lzha/code/DEXTRAH/cluster_results/a1001/franka_cube_seed_sweep600_c7e66a0_20260612_092951/success_rate_plot_means.csv
No prior baseline,222,0.117578125,0.26182221602212136,0.0,0.5859375,5,/home/lzha/code/DEXTRAH/cluster_results/a1001/franka_cube_seed_sweep600_c7e66a0_20260612_092951/success_rate_plot_means.csv
No prior baseline,223,0.11962890625,0.2655904410825231,0.0,0.5947265625,5,/home/lzha/code/DEXTRAH/cluster_results/a1001/franka_cube_seed_sweep600_c7e66a0_20260612_092951/success_rate_plot_means.csv
No prior baseline,224,0.1177734375,0.2628038373646659,0.0,0.587890625,5,/home/lzha/code/DEXTRAH/cluster_results/a1001/franka_cube_seed_sweep600_c7e66a0_20260612_092951/success_rate_plot_means.csv
No prior baseline,225,0.0947265625,0.2112695411808378,0.0,0.47265625,5,/home/lzha/code/DEXTRAH/cluster_results/a1001/franka_cube_seed_sweep600_c7e66a0_20260612_092951/success_rate_plot_means.csv
No prior baseline,226,0.12412109375,0.27617957550924505,0.0,0.6181640625,5,/home/lzha/code/DEXTRAH/cluster_results/a1001/franka_cube_seed_sweep600_c7e66a0_20260612_092951/success_rate_plot_means.csv
No prior baseline,227,0.12880859375,0.286388171302282,0.0,0.64111328125,5,/home/lzha/code/DEXTRAH/cluster_results/a1001/franka_cube_seed_sweep600_c7e66a0_20260612_092951/success_rate_plot_means.csv
No prior baseline,228,0.12763671875,0.28431296877215456,0.0,0.63623046875,5,/home/lzha/code/DEXTRAH/cluster_results/a1001/franka_cube_seed_sweep600_c7e66a0_20260612_092951/success_rate_plot_means.csv
No prior baseline,229,0.12958984375,0.2889531109004924,0.0,0.646484375,5,/home/lzha/code/DEXTRAH/cluster_results/a1001/franka_cube_seed_sweep600_c7e66a0_20260612_092951/success_rate_plot_means.csv
No prior baseline,230,0.13564453125,0.30167432698030666,0.0,0.67529296875,5,/home/lzha/code/DEXTRAH/cluster_results/a1001/franka_cube_seed_sweep600_c7e66a0_20260612_092951/success_rate_plot_means.csv
No prior baseline,231,0.1318359375,0.2939759298708737,0.0,0.65771484375,5,/home/lzha/code/DEXTRAH/cluster_results/a1001/franka_cube_seed_sweep600_c7e66a0_20260612_092951/success_rate_plot_means.csv
No prior baseline,232,0.134375,0.2999260175398501,0.0,0.6708984375,5,/home/lzha/code/DEXTRAH/cluster_results/a1001/franka_cube_seed_sweep600_c7e66a0_20260612_092951/success_rate_plot_means.csv
No prior baseline,233,0.134375,0.2999260175398501,0.0,0.6708984375,5,/home/lzha/code/DEXTRAH/cluster_results/a1001/franka_cube_seed_sweep600_c7e66a0_20260612_092951/success_rate_plot_means.csv
No prior baseline,234,0.11982421875,0.26738929489893626,0.0,0.59814453125,5,/home/lzha/code/DEXTRAH/cluster_results/a1001/franka_cube_seed_sweep600_c7e66a0_20260612_092951/success_rate_plot_means.csv
No prior baseline,235,0.11396484375,0.25265348811577465,0.0,0.56591796875,5,/home/lzha/code/DEXTRAH/cluster_results/a1001/franka_cube_seed_sweep600_c7e66a0_20260612_092951/success_rate_plot_means.csv
No prior baseline,236,0.136328125,0.3029299000014366,0.0,0.67822265625,5,/home/lzha/code/DEXTRAH/cluster_results/a1001/franka_cube_seed_sweep600_c7e66a0_20260612_092951/success_rate_plot_means.csv
No prior baseline,237,0.13232421875,0.2947953312694366,0.0,0.65966796875,5,/home/lzha/code/DEXTRAH/cluster_results/a1001/franka_cube_seed_sweep600_c7e66a0_20260612_092951/success_rate_plot_means.csv
No prior baseline,238,0.13505859375,0.30090896074993667,0.0,0.67333984375,5,/home/lzha/code/DEXTRAH/cluster_results/a1001/franka_cube_seed_sweep600_c7e66a0_20260612_092951/success_rate_plot_means.csv
No prior baseline,239,0.13369140625,0.29839745697287845,0.0,0.66748046875,5,/home/lzha/code/DEXTRAH/cluster_results/a1001/franka_cube_seed_sweep600_c7e66a0_20260612_092951/success_rate_plot_means.csv
No prior baseline,240,0.13466796875,0.3011267325168174,0.0,0.67333984375,5,/home/lzha/code/DEXTRAH/cluster_results/a1001/franka_cube_seed_sweep600_c7e66a0_20260612_092951/success_rate_plot_means.csv
No prior baseline,241,0.13427734375,0.29889035044536894,0.0,0.6689453125,5,/home/lzha/code/DEXTRAH/cluster_results/a1001/franka_cube_seed_sweep600_c7e66a0_20260612_092951/success_rate_plot_means.csv
No prior baseline,242,0.14013671875,0.3125370003730324,0.0,0.69921875,5,/home/lzha/code/DEXTRAH/cluster_results/a1001/franka_cube_seed_sweep600_c7e66a0_20260612_092951/success_rate_plot_means.csv
No prior baseline,243,0.13427734375,0.298344039263155,0.0,0.66796875,5,/home/lzha/code/DEXTRAH/cluster_results/a1001/franka_cube_seed_sweep600_c7e66a0_20260612_092951/success_rate_plot_means.csv
No prior baseline,244,0.102734375,0.22862999817070725,0.0,0.51171875,5,/home/lzha/code/DEXTRAH/cluster_results/a1001/franka_cube_seed_sweep600_c7e66a0_20260612_092951/success_rate_plot_means.csv
No prior baseline,245,0.10810546875,0.24036722619176687,0.0,0.5380859375,5,/home/lzha/code/DEXTRAH/cluster_results/a1001/franka_cube_seed_sweep600_c7e66a0_20260612_092951/success_rate_plot_means.csv
No prior baseline,246,0.11142578125,0.24779164557240124,0.0,0.5546875,5,/home/lzha/code/DEXTRAH/cluster_results/a1001/franka_cube_seed_sweep600_c7e66a0_20260612_092951/success_rate_plot_means.csv
No prior baseline,247,0.10830078125,0.24134937591693326,0.0,0.5400390625,5,/home/lzha/code/DEXTRAH/cluster_results/a1001/franka_cube_seed_sweep600_c7e66a0_20260612_092951/success_rate_plot_means.csv
No prior baseline,248,0.1025390625,0.2290114541833132,0.0,0.51220703125,5,/home/lzha/code/DEXTRAH/cluster_results/a1001/franka_cube_seed_sweep600_c7e66a0_20260612_092951/success_rate_plot_means.csv
No prior baseline,249,0.10205078125,0.2273739719294227,0.0,0.5087890625,5,/home/lzha/code/DEXTRAH/cluster_results/a1001/franka_cube_seed_sweep600_c7e66a0_20260612_092951/success_rate_plot_means.csv
No prior baseline,250,0.10009765625,0.22327938220535584,0.0,0.49951171875,5,/home/lzha/code/DEXTRAH/cluster_results/a1001/franka_cube_seed_sweep600_c7e66a0_20260612_092951/success_rate_plot_means.csv
No prior baseline,251,0.10029296875,0.22289801070915952,0.0,0.4990234375,5,/home/lzha/code/DEXTRAH/cluster_results/a1001/franka_cube_seed_sweep600_c7e66a0_20260612_092951/success_rate_plot_means.csv
No prior baseline,252,0.10302734375,0.22928483401758964,0.0,0.51318359375,5,/home/lzha/code/DEXTRAH/cluster_results/a1001/franka_cube_seed_sweep600_c7e66a0_20260612_092951/success_rate_plot_means.csv
No prior baseline,253,0.0869140625,0.19325453873568754,0.0,0.4326171875,5,/home/lzha/code/DEXTRAH/cluster_results/a1001/franka_cube_seed_sweep600_c7e66a0_20260612_092951/success_rate_plot_means.csv
No prior baseline,254,0.112109375,0.24904751530349628,0.0,0.5576171875,5,/home/lzha/code/DEXTRAH/cluster_results/a1001/franka_cube_seed_sweep600_c7e66a0_20260612_092951/success_rate_plot_means.csv
No prior baseline,255,0.12177734375,0.2695764918296931,0.0,0.60400390625,5,/home/lzha/code/DEXTRAH/cluster_results/a1001/franka_cube_seed_sweep600_c7e66a0_20260612_092951/success_rate_plot_means.csv
No prior baseline,256,0.126171875,0.28076524284473076,0.0,0.62841796875,5,/home/lzha/code/DEXTRAH/cluster_results/a1001/franka_cube_seed_sweep600_c7e66a0_20260612_092951/success_rate_plot_means.csv
No prior baseline,257,0.12978515625,0.2888447534233575,0.0,0.646484375,5,/home/lzha/code/DEXTRAH/cluster_results/a1001/franka_cube_seed_sweep600_c7e66a0_20260612_092951/success_rate_plot_means.csv
No prior baseline,258,0.13486328125,0.3010176485153527,0.0,0.67333984375,5,/home/lzha/code/DEXTRAH/cluster_results/a1001/franka_cube_seed_sweep600_c7e66a0_20260612_092951/success_rate_plot_means.csv
No prior baseline,259,0.13291015625,0.29692326203618336,0.0,0.6640625,5,/home/lzha/code/DEXTRAH/cluster_results/a1001/franka_cube_seed_sweep600_c7e66a0_20260612_092951/success_rate_plot_means.csv
No prior baseline,260,0.14443359375,0.3224176961278137,0.0,0.72119140625,5,/home/lzha/code/DEXTRAH/cluster_results/a1001/franka_cube_seed_sweep600_c7e66a0_20260612_092951/success_rate_plot_means.csv
No prior baseline,261,0.14326171875,0.3200700540155843,0.0,0.7158203125,5,/home/lzha/code/DEXTRAH/cluster_results/a1001/franka_cube_seed_sweep600_c7e66a0_20260612_092951/success_rate_plot_means.csv
No prior baseline,262,0.1412109375,0.3152116240241179,0.0,0.705078125,5,/home/lzha/code/DEXTRAH/cluster_results/a1001/franka_cube_seed_sweep600_c7e66a0_20260612_092951/success_rate_plot_means.csv
No prior baseline,263,0.12802734375,0.28464125022017506,0.0,0.63720703125,5,/home/lzha/code/DEXTRAH/cluster_results/a1001/franka_cube_seed_sweep600_c7e66a0_20260612_092951/success_rate_plot_means.csv
No prior baseline,264,0.148046875,0.3283157520783067,0.0,0.7353515625,5,/home/lzha/code/DEXTRAH/cluster_results/a1001/franka_cube_seed_sweep600_c7e66a0_20260612_092951/success_rate_plot_means.csv
No prior baseline,265,0.14951171875,0.3332270731039882,0.0,0.74560546875,5,/home/lzha/code/DEXTRAH/cluster_results/a1001/franka_cube_seed_sweep600_c7e66a0_20260612_092951/success_rate_plot_means.csv
No prior baseline,266,0.14990234375,0.33437320316580593,0.0,0.748046875,5,/home/lzha/code/DEXTRAH/cluster_results/a1001/franka_cube_seed_sweep600_c7e66a0_20260612_092951/success_rate_plot_means.csv
No prior baseline,267,0.15244140625,0.33977786773847884,0.0,0.76025390625,5,/home/lzha/code/DEXTRAH/cluster_results/a1001/franka_cube_seed_sweep600_c7e66a0_20260612_092951/success_rate_plot_means.csv
No prior baseline,268,0.14873046875,0.33120725823801916,0.0,0.7412109375,5,/home/lzha/code/DEXTRAH/cluster_results/a1001/franka_cube_seed_sweep600_c7e66a0_20260612_092951/success_rate_plot_means.csv
No prior baseline,269,0.15400390625,0.34409031061766604,0.0,0.76953125,5,/home/lzha/code/DEXTRAH/cluster_results/a1001/franka_cube_seed_sweep600_c7e66a0_20260612_092951/success_rate_plot_means.csv
No prior baseline,270,0.15517578125,0.3467107022878478,0.0,0.775390625,5,/home/lzha/code/DEXTRAH/cluster_results/a1001/franka_cube_seed_sweep600_c7e66a0_20260612_092951/success_rate_plot_means.csv
No prior baseline,271,0.151953125,0.33950462521308405,0.0,0.75927734375,5,/home/lzha/code/DEXTRAH/cluster_results/a1001/franka_cube_seed_sweep600_c7e66a0_20260612_092951/success_rate_plot_means.csv
No prior baseline,272,0.12236328125,0.27197541761109406,0.0,0.60888671875,5,/home/lzha/code/DEXTRAH/cluster_results/a1001/franka_cube_seed_sweep600_c7e66a0_20260612_092951/success_rate_plot_means.csv
No prior baseline,273,0.15498046875,0.34518265850671676,0.0,0.7724609375,5,/home/lzha/code/DEXTRAH/cluster_results/a1001/franka_cube_seed_sweep600_c7e66a0_20260612_092951/success_rate_plot_means.csv
No prior baseline,274,0.15576171875,0.3461116811959552,0.0,0.77490234375,5,/home/lzha/code/DEXTRAH/cluster_results/a1001/franka_cube_seed_sweep600_c7e66a0_20260612_092951/success_rate_plot_means.csv
No prior baseline,275,0.15478515625,0.3450186467314589,0.0,0.77197265625,5,/home/lzha/code/DEXTRAH/cluster_results/a1001/franka_cube_seed_sweep600_c7e66a0_20260612_092951/success_rate_plot_means.csv
No prior baseline,276,0.15458984375,0.34403643378559723,0.0,0.77001953125,5,/home/lzha/code/DEXTRAH/cluster_results/a1001/franka_cube_seed_sweep600_c7e66a0_20260612_092951/success_rate_plot_means.csv
No prior baseline,277,0.1478515625,0.32924196774266046,0.0,0.73681640625,5,/home/lzha/code/DEXTRAH/cluster_results/a1001/franka_cube_seed_sweep600_c7e66a0_20260612_092951/success_rate_plot_means.csv
No prior baseline,278,0.156640625,0.34944044752384007,0.0,0.78173828125,5,/home/lzha/code/DEXTRAH/cluster_results/a1001/franka_cube_seed_sweep600_c7e66a0_20260612_092951/success_rate_plot_means.csv
No prior baseline,279,0.15751953125,0.35058756963408383,0.0,0.78466796875,5,/home/lzha/code/DEXTRAH/cluster_results/a1001/franka_cube_seed_sweep600_c7e66a0_20260612_092951/success_rate_plot_means.csv
No prior baseline,280,0.15634765625,0.34823977757859353,0.0,0.779296875,5,/home/lzha/code/DEXTRAH/cluster_results/a1001/franka_cube_seed_sweep600_c7e66a0_20260612_092951/success_rate_plot_means.csv
No prior baseline,281,0.12880859375,0.2872061845182605,0.0,0.642578125,5,/home/lzha/code/DEXTRAH/cluster_results/a1001/franka_cube_seed_sweep600_c7e66a0_20260612_092951/success_rate_plot_means.csv
No prior baseline,282,0.1552734375,0.3444747221023343,0.0,0.771484375,5,/home/lzha/code/DEXTRAH/cluster_results/a1001/franka_cube_seed_sweep600_c7e66a0_20260612_092951/success_rate_plot_means.csv
No prior baseline,283,0.16025390625,0.35588475292844923,0.0,0.796875,5,/home/lzha/code/DEXTRAH/cluster_results/a1001/franka_cube_seed_sweep600_c7e66a0_20260612_092951/success_rate_plot_means.csv
No prior baseline,284,0.15537109375,0.3444204554527465,0.0,0.771484375,5,/home/lzha/code/DEXTRAH/cluster_results/a1001/franka_cube_seed_sweep600_c7e66a0_20260612_092951/success_rate_plot_means.csv
No prior baseline,285,0.154296875,0.34147393365351786,0.0,0.76513671875,5,/home/lzha/code/DEXTRAH/cluster_results/a1001/franka_cube_seed_sweep600_c7e66a0_20260612_092951/success_rate_plot_means.csv
No prior baseline,286,0.155859375,0.34633004623214075,0.0,0.775390625,5,/home/lzha/code/DEXTRAH/cluster_results/a1001/franka_cube_seed_sweep600_c7e66a0_20260612_092951/success_rate_plot_means.csv
No prior baseline,287,0.15576171875,0.3461115089837392,0.0,0.77490234375,5,/home/lzha/code/DEXTRAH/cluster_results/a1001/franka_cube_seed_sweep600_c7e66a0_20260612_092951/success_rate_plot_means.csv
No prior baseline,288,0.1560546875,0.34731208825134174,0.0,0.77734375,5,/home/lzha/code/DEXTRAH/cluster_results/a1001/franka_cube_seed_sweep600_c7e66a0_20260612_092951/success_rate_plot_means.csv
No prior baseline,289,0.15810546875,0.3527159355472401,0.0,0.7890625,5,/home/lzha/code/DEXTRAH/cluster_results/a1001/franka_cube_seed_sweep600_c7e66a0_20260612_092951/success_rate_plot_means.csv
No prior baseline,290,0.16083984375,0.35855732651772176,0.0,0.80224609375,5,/home/lzha/code/DEXTRAH/cluster_results/a1001/franka_cube_seed_sweep600_c7e66a0_20260612_092951/success_rate_plot_means.csv
No prior baseline,291,0.13369140625,0.29676182245937427,0.0,0.66455078125,5,/home/lzha/code/DEXTRAH/cluster_results/a1001/franka_cube_seed_sweep600_c7e66a0_20260612_092951/success_rate_plot_means.csv
No prior baseline,292,0.16435546875,0.36423761961246476,0.0,0.81591796875,5,/home/lzha/code/DEXTRAH/cluster_results/a1001/franka_cube_seed_sweep600_c7e66a0_20260612_092951/success_rate_plot_means.csv
No prior baseline,293,0.1599609375,0.35495756513543275,0.0,0.794921875,5,/home/lzha/code/DEXTRAH/cluster_results/a1001/franka_cube_seed_sweep600_c7e66a0_20260612_092951/success_rate_plot_means.csv
No prior baseline,294,0.160546875,0.35654084897984967,0.0,0.79833984375,5,/home/lzha/code/DEXTRAH/cluster_results/a1001/franka_cube_seed_sweep600_c7e66a0_20260612_092951/success_rate_plot_means.csv
No prior baseline,295,0.15771484375,0.35129791475975314,0.0,0.7861328125,5,/home/lzha/code/DEXTRAH/cluster_results/a1001/franka_cube_seed_sweep600_c7e66a0_20260612_092951/success_rate_plot_means.csv
No prior baseline,296,0.15908203125,0.35380894415867276,0.0,0.7919921875,5,/home/lzha/code/DEXTRAH/cluster_results/a1001/franka_cube_seed_sweep600_c7e66a0_20260612_092951/success_rate_plot_means.csv
No prior baseline,297,0.16123046875,0.35861264513552593,0.0,0.802734375,5,/home/lzha/code/DEXTRAH/cluster_results/a1001/franka_cube_seed_sweep600_c7e66a0_20260612_092951/success_rate_plot_means.csv
No prior baseline,298,0.16142578125,0.35986768701721283,0.0,0.80517578125,5,/home/lzha/code/DEXTRAH/cluster_results/a1001/franka_cube_seed_sweep600_c7e66a0_20260612_092951/success_rate_plot_means.csv
No prior baseline,299,0.1619140625,0.36123220459293326,0.0,0.80810546875,5,/home/lzha/code/DEXTRAH/cluster_results/a1001/franka_cube_seed_sweep600_c7e66a0_20260612_092951/success_rate_plot_means.csv
No prior baseline,300,0.13017578125,0.2905360834426002,0.0,0.64990234375,5,/home/lzha/code/DEXTRAH/cluster_results/a1001/franka_cube_seed_sweep600_c7e66a0_20260612_092951/success_rate_plot_means.csv
No prior baseline,301,0.16513671875,0.36680232197350027,0.0,0.8212890625,5,/home/lzha/code/DEXTRAH/cluster_results/a1001/franka_cube_seed_sweep600_c7e66a0_20260612_092951/success_rate_plot_means.csv
No prior baseline,302,0.15986328125,0.355283013750044,0.0,0.79541015625,5,/home/lzha/code/DEXTRAH/cluster_results/a1001/franka_cube_seed_sweep600_c7e66a0_20260612_092951/success_rate_plot_means.csv
No prior baseline,303,0.1626953125,0.3624338747419808,0.0,0.81103515625,5,/home/lzha/code/DEXTRAH/cluster_results/a1001/franka_cube_seed_sweep600_c7e66a0_20260612_092951/success_rate_plot_means.csv
No prior baseline,304,0.16171875,0.3599772838207202,0.0,0.8056640625,5,/home/lzha/code/DEXTRAH/cluster_results/a1001/franka_cube_seed_sweep600_c7e66a0_20260612_092951/success_rate_plot_means.csv
No prior baseline,305,0.15869140625,0.3540261307678848,0.0,0.7919921875,5,/home/lzha/code/DEXTRAH/cluster_results/a1001/franka_cube_seed_sweep600_c7e66a0_20260612_092951/success_rate_plot_means.csv
No prior baseline,306,0.157421875,0.35173311967614285,0.0,0.78662109375,5,/home/lzha/code/DEXTRAH/cluster_results/a1001/franka_cube_seed_sweep600_c7e66a0_20260612_092951/success_rate_plot_means.csv
No prior baseline,307,0.16083984375,0.35855799145562817,0.0,0.80224609375,5,/home/lzha/code/DEXTRAH/cluster_results/a1001/franka_cube_seed_sweep600_c7e66a0_20260612_092951/success_rate_plot_means.csv
No prior baseline,308,0.162890625,0.3631431727367795,0.0,0.8125,5,/home/lzha/code/DEXTRAH/cluster_results/a1001/franka_cube_seed_sweep600_c7e66a0_20260612_092951/success_rate_plot_means.csv
No prior baseline,309,0.1396484375,0.31171777098843756,0.0,0.697265625,5,/home/lzha/code/DEXTRAH/cluster_results/a1001/franka_cube_seed_sweep600_c7e66a0_20260612_092951/success_rate_plot_means.csv
No prior baseline,310,0.16005859375,0.35626490377739034,0.0,0.79736328125,5,/home/lzha/code/DEXTRAH/cluster_results/a1001/franka_cube_seed_sweep600_c7e66a0_20260612_092951/success_rate_plot_means.csv
No prior baseline,311,0.16396484375,0.364999526297902,0.0,0.81689453125,5,/home/lzha/code/DEXTRAH/cluster_results/a1001/franka_cube_seed_sweep600_c7e66a0_20260612_092951/success_rate_plot_means.csv
No prior baseline,312,0.16103515625,0.357358733056143,0.0,0.80029296875,5,/home/lzha/code/DEXTRAH/cluster_results/a1001/franka_cube_seed_sweep600_c7e66a0_20260612_092951/success_rate_plot_means.csv
No prior baseline,313,0.15947265625,0.35468408524134026,0.0,0.7939453125,5,/home/lzha/code/DEXTRAH/cluster_results/a1001/franka_cube_seed_sweep600_c7e66a0_20260612_092951/success_rate_plot_means.csv
No prior baseline,314,0.1640625,0.36467271344984875,0.0,0.81640625,5,/home/lzha/code/DEXTRAH/cluster_results/a1001/franka_cube_seed_sweep600_c7e66a0_20260612_092951/success_rate_plot_means.csv
No prior baseline,315,0.15908203125,0.35435502522467144,0.0,0.79296875,5,/home/lzha/code/DEXTRAH/cluster_results/a1001/franka_cube_seed_sweep600_c7e66a0_20260612_092951/success_rate_plot_means.csv
No prior baseline,316,0.16376953125,0.36510830095519825,0.0,0.81689453125,5,/home/lzha/code/DEXTRAH/cluster_results/a1001/franka_cube_seed_sweep600_c7e66a0_20260612_092951/success_rate_plot_means.csv
No prior baseline,317,0.163671875,0.3643450839552135,0.0,0.8154296875,5,/home/lzha/code/DEXTRAH/cluster_results/a1001/franka_cube_seed_sweep600_c7e66a0_20260612_092951/success_rate_plot_means.csv
No prior baseline,318,0.1646484375,0.3673464491926335,0.0,0.82177734375,5,/home/lzha/code/DEXTRAH/cluster_results/a1001/franka_cube_seed_sweep600_c7e66a0_20260612_092951/success_rate_plot_means.csv
No prior baseline,319,0.1349609375,0.29987279261308913,0.0,0.67138671875,5,/home/lzha/code/DEXTRAH/cluster_results/a1001/franka_cube_seed_sweep600_c7e66a0_20260612_092951/success_rate_plot_means.csv
No prior baseline,320,0.16572265625,0.36947561736436985,0.0,0.82666015625,5,/home/lzha/code/DEXTRAH/cluster_results/a1001/franka_cube_seed_sweep600_c7e66a0_20260612_092951/success_rate_plot_means.csv
No prior baseline,321,0.162890625,0.36177993158128396,0.0,0.81005859375,5,/home/lzha/code/DEXTRAH/cluster_results/a1001/franka_cube_seed_sweep600_c7e66a0_20260612_092951/success_rate_plot_means.csv
No prior baseline,322,0.16357421875,0.3646715693193653,0.0,0.81591796875,5,/home/lzha/code/DEXTRAH/cluster_results/a1001/franka_cube_seed_sweep600_c7e66a0_20260612_092951/success_rate_plot_means.csv
No prior baseline,323,0.16337890625,0.36368933286465605,0.0,0.81396484375,5,/home/lzha/code/DEXTRAH/cluster_results/a1001/franka_cube_seed_sweep600_c7e66a0_20260612_092951/success_rate_plot_means.csv
No prior baseline,324,0.16328125,0.36292710629034813,0.0,0.8125,5,/home/lzha/code/DEXTRAH/cluster_results/a1001/franka_cube_seed_sweep600_c7e66a0_20260612_092951/success_rate_plot_means.csv
No prior baseline,325,0.16083984375,0.357466664660761,0.0,0.80029296875,5,/home/lzha/code/DEXTRAH/cluster_results/a1001/franka_cube_seed_sweep600_c7e66a0_20260612_092951/success_rate_plot_means.csv
No prior baseline,326,0.16416015625,0.36543642055194814,0.0,0.81787109375,5,/home/lzha/code/DEXTRAH/cluster_results/a1001/franka_cube_seed_sweep600_c7e66a0_20260612_092951/success_rate_plot_means.csv
No prior baseline,327,0.1658203125,0.3686037711171538,0.0,0.8251953125,5,/home/lzha/code/DEXTRAH/cluster_results/a1001/franka_cube_seed_sweep600_c7e66a0_20260612_092951/success_rate_plot_means.csv
No prior baseline,328,0.133984375,0.298506939384016,0.0,0.66796875,5,/home/lzha/code/DEXTRAH/cluster_results/a1001/franka_cube_seed_sweep600_c7e66a0_20260612_092951/success_rate_plot_means.csv
No prior baseline,329,0.1658203125,0.3666976908361145,0.0,0.82177734375,5,/home/lzha/code/DEXTRAH/cluster_results/a1001/franka_cube_seed_sweep600_c7e66a0_20260612_092951/success_rate_plot_means.csv
No prior baseline,330,0.165625,0.3678933359930441,0.0,0.82373046875,5,/home/lzha/code/DEXTRAH/cluster_results/a1001/franka_cube_seed_sweep600_c7e66a0_20260612_092951/success_rate_plot_means.csv
No prior baseline,331,0.16279296875,0.36156123709231414,0.0,0.8095703125,5,/home/lzha/code/DEXTRAH/cluster_results/a1001/franka_cube_seed_sweep600_c7e66a0_20260612_092951/success_rate_plot_means.csv
No prior baseline,332,0.1623046875,0.3607421412362078,0.0,0.8076171875,5,/home/lzha/code/DEXTRAH/cluster_results/a1001/franka_cube_seed_sweep600_c7e66a0_20260612_092951/success_rate_plot_means.csv
No prior baseline,333,0.1662109375,0.3697492799061952,0.0,0.82763671875,5,/home/lzha/code/DEXTRAH/cluster_results/a1001/franka_cube_seed_sweep600_c7e66a0_20260612_092951/success_rate_plot_means.csv
No prior baseline,334,0.1630859375,0.36303440033979995,0.0,0.8125,5,/home/lzha/code/DEXTRAH/cluster_results/a1001/franka_cube_seed_sweep600_c7e66a0_20260612_092951/success_rate_plot_means.csv
No prior baseline,335,0.1623046875,0.36128731162024047,0.0,0.80859375,5,/home/lzha/code/DEXTRAH/cluster_results/a1001/franka_cube_seed_sweep600_c7e66a0_20260612_092951/success_rate_plot_means.csv
No prior baseline,336,0.166015625,0.3695853647364741,0.0,0.8271484375,5,/home/lzha/code/DEXTRAH/cluster_results/a1001/franka_cube_seed_sweep600_c7e66a0_20260612_092951/success_rate_plot_means.csv
No prior baseline,337,0.1484375,0.3305518007643982,0.0,0.73974609375,5,/home/lzha/code/DEXTRAH/cluster_results/a1001/franka_cube_seed_sweep600_c7e66a0_20260612_092951/success_rate_plot_means.csv
No prior baseline,338,0.1591796875,0.3529366657726169,0.0,0.79052734375,5,/home/lzha/code/DEXTRAH/cluster_results/a1001/franka_cube_seed_sweep600_c7e66a0_20260612_092951/success_rate_plot_means.csv
No prior baseline,339,0.167578125,0.3722611225892632,0.0,0.83349609375,5,/home/lzha/code/DEXTRAH/cluster_results/a1001/franka_cube_seed_sweep600_c7e66a0_20260612_092951/success_rate_plot_means.csv
No prior baseline,340,0.1630859375,0.3627635589631474,0.0,0.81201171875,5,/home/lzha/code/DEXTRAH/cluster_results/a1001/franka_cube_seed_sweep600_c7e66a0_20260612_092951/success_rate_plot_means.csv
No prior baseline,341,0.1658203125,0.36914863375902174,0.0,0.826171875,5,/home/lzha/code/DEXTRAH/cluster_results/a1001/franka_cube_seed_sweep600_c7e66a0_20260612_092951/success_rate_plot_means.csv
No prior baseline,342,0.16455078125,0.3652193606957358,0.0,0.81787109375,5,/home/lzha/code/DEXTRAH/cluster_results/a1001/franka_cube_seed_sweep600_c7e66a0_20260612_092951/success_rate_plot_means.csv
No prior baseline,343,0.1625,0.360091184088356,0.0,0.806640625,5,/home/lzha/code/DEXTRAH/cluster_results/a1001/franka_cube_seed_sweep600_c7e66a0_20260612_092951/success_rate_plot_means.csv
No prior baseline,344,0.16611328125,0.3687136810003444,0.0,0.82568359375,5,/home/lzha/code/DEXTRAH/cluster_results/a1001/franka_cube_seed_sweep600_c7e66a0_20260612_092951/success_rate_plot_means.csv
No prior baseline,345,0.16728515625,0.3724241161499065,0.0,0.83349609375,5,/home/lzha/code/DEXTRAH/cluster_results/a1001/franka_cube_seed_sweep600_c7e66a0_20260612_092951/success_rate_plot_means.csv
No prior baseline,346,0.16962890625,0.37548488421943527,0.0,0.84130859375,5,/home/lzha/code/DEXTRAH/cluster_results/a1001/franka_cube_seed_sweep600_c7e66a0_20260612_092951/success_rate_plot_means.csv
No prior baseline,347,0.1361328125,0.3011304933293145,0.0,0.6748046875,5,/home/lzha/code/DEXTRAH/cluster_results/a1001/franka_cube_seed_sweep600_c7e66a0_20260612_092951/success_rate_plot_means.csv
No prior baseline,348,0.1671875,0.37029760789502913,0.0,0.82958984375,5,/home/lzha/code/DEXTRAH/cluster_results/a1001/franka_cube_seed_sweep600_c7e66a0_20260612_092951/success_rate_plot_means.csv
No prior baseline,349,0.1654296875,0.3669123166291604,0.0,0.82177734375,5,/home/lzha/code/DEXTRAH/cluster_results/a1001/franka_cube_seed_sweep600_c7e66a0_20260612_092951/success_rate_plot_means.csv
No prior baseline,350,0.166796875,0.370241749117123,0.0,0.8291015625,5,/home/lzha/code/DEXTRAH/cluster_results/a1001/franka_cube_seed_sweep600_c7e66a0_20260612_092951/success_rate_plot_means.csv
No prior baseline,351,0.1650390625,0.3671288950800824,0.0,0.82177734375,5,/home/lzha/code/DEXTRAH/cluster_results/a1001/franka_cube_seed_sweep600_c7e66a0_20260612_092951/success_rate_plot_means.csv
No prior baseline,352,0.1623046875,0.3596524701597254,0.0,0.8056640625,5,/home/lzha/code/DEXTRAH/cluster_results/a1001/franka_cube_seed_sweep600_c7e66a0_20260612_092951/success_rate_plot_means.csv
No prior baseline,353,0.1630859375,0.36276158727204605,0.0,0.81201171875,5,/home/lzha/code/DEXTRAH/cluster_results/a1001/franka_cube_seed_sweep600_c7e66a0_20260612_092951/success_rate_plot_means.csv
No prior baseline,354,0.165234375,0.36729358195849326,0.0,0.822265625,5,/home/lzha/code/DEXTRAH/cluster_results/a1001/franka_cube_seed_sweep600_c7e66a0_20260612_092951/success_rate_plot_means.csv
No prior baseline,355,0.16572265625,0.36811315857473653,0.0,0.82421875,5,/home/lzha/code/DEXTRAH/cluster_results/a1001/franka_cube_seed_sweep600_c7e66a0_20260612_092951/success_rate_plot_means.csv
No prior baseline,356,0.134375,0.2996530354305813,0.0,0.67041015625,5,/home/lzha/code/DEXTRAH/cluster_results/a1001/franka_cube_seed_sweep600_c7e66a0_20260612_092951/success_rate_plot_means.csv
No prior baseline,357,0.1650390625,0.36685766461827174,0.0,0.8212890625,5,/home/lzha/code/DEXTRAH/cluster_results/a1001/franka_cube_seed_sweep600_c7e66a0_20260612_092951/success_rate_plot_means.csv
No prior baseline,358,0.166796875,0.3713327702176146,0.0,0.8310546875,5,/home/lzha/code/DEXTRAH/cluster_results/a1001/franka_cube_seed_sweep600_c7e66a0_20260612_092951/success_rate_plot_means.csv
No prior baseline,359,0.16455078125,0.36576502800273136,0.0,0.81884765625,5,/home/lzha/code/DEXTRAH/cluster_results/a1001/franka_cube_seed_sweep600_c7e66a0_20260612_092951/success_rate_plot_means.csv
No prior baseline,360,0.163671875,0.36434459317308787,0.0,0.8154296875,5,/home/lzha/code/DEXTRAH/cluster_results/a1001/franka_cube_seed_sweep600_c7e66a0_20260612_092951/success_rate_plot_means.csv
No prior baseline,361,0.1658203125,0.3686037711171538,0.0,0.8251953125,5,/home/lzha/code/DEXTRAH/cluster_results/a1001/franka_cube_seed_sweep600_c7e66a0_20260612_092951/success_rate_plot_means.csv
No prior baseline,362,0.16220703125,0.36052361079552064,0.0,0.80712890625,5,/home/lzha/code/DEXTRAH/cluster_results/a1001/franka_cube_seed_sweep600_c7e66a0_20260612_092951/success_rate_plot_means.csv
No prior baseline,363,0.16513671875,0.36762007535757374,0.0,0.82275390625,5,/home/lzha/code/DEXTRAH/cluster_results/a1001/franka_cube_seed_sweep600_c7e66a0_20260612_092951/success_rate_plot_means.csv
No prior baseline,364,0.164453125,0.3671826950732827,0.0,0.8212890625,5,/home/lzha/code/DEXTRAH/cluster_results/a1001/franka_cube_seed_sweep600_c7e66a0_20260612_092951/success_rate_plot_means.csv
No prior baseline,365,0.16630859375,0.37133148609183597,0.0,0.83056640625,5,/home/lzha/code/DEXTRAH/cluster_results/a1001/franka_cube_seed_sweep600_c7e66a0_20260612_092951/success_rate_plot_means.csv
No prior baseline,366,0.159375,0.35419169318842253,0.0,0.79296875,5,/home/lzha/code/DEXTRAH/cluster_results/a1001/franka_cube_seed_sweep600_c7e66a0_20260612_092951/success_rate_plot_means.csv
No prior baseline,367,0.1681640625,0.3738445282369726,0.0,0.8369140625,5,/home/lzha/code/DEXTRAH/cluster_results/a1001/franka_cube_seed_sweep600_c7e66a0_20260612_092951/success_rate_plot_means.csv
No prior baseline,368,0.16435546875,0.36505540348908294,0.0,0.8173828125,5,/home/lzha/code/DEXTRAH/cluster_results/a1001/franka_cube_seed_sweep600_c7e66a0_20260612_092951/success_rate_plot_means.csv
No prior baseline,369,0.16904296875,0.3755369157385163,0.0,0.8408203125,5,/home/lzha/code/DEXTRAH/cluster_results/a1001/franka_cube_seed_sweep600_c7e66a0_20260612_092951/success_rate_plot_means.csv
No prior baseline,370,0.16826171875,0.37242715699387513,0.0,0.83447265625,5,/home/lzha/code/DEXTRAH/cluster_results/a1001/franka_cube_seed_sweep600_c7e66a0_20260612_092951/success_rate_plot_means.csv
No prior baseline,371,0.16328125,0.3626530620101186,0.0,0.81201171875,5,/home/lzha/code/DEXTRAH/cluster_results/a1001/franka_cube_seed_sweep600_c7e66a0_20260612_092951/success_rate_plot_means.csv
No prior baseline,372,0.16630859375,0.3683326557780344,0.0,0.8251953125,5,/home/lzha/code/DEXTRAH/cluster_results/a1001/franka_cube_seed_sweep600_c7e66a0_20260612_092951/success_rate_plot_means.csv
No prior baseline,373,0.169921875,0.37722926328177514,0.0,0.8447265625,5,/home/lzha/code/DEXTRAH/cluster_results/a1001/franka_cube_seed_sweep600_c7e66a0_20260612_092951/success_rate_plot_means.csv
No prior baseline,374,0.1693359375,0.37564689153519715,0.0,0.84130859375,5,/home/lzha/code/DEXTRAH/cluster_results/a1001/franka_cube_seed_sweep600_c7e66a0_20260612_092951/success_rate_plot_means.csv
No prior baseline,375,0.1384765625,0.30609911101448006,0.0,0.68603515625,5,/home/lzha/code/DEXTRAH/cluster_results/a1001/franka_cube_seed_sweep600_c7e66a0_20260612_092951/success_rate_plot_means.csv
No prior baseline,376,0.17021484375,0.3776150125283257,0.0,0.845703125,5,/home/lzha/code/DEXTRAH/cluster_results/a1001/franka_cube_seed_sweep600_c7e66a0_20260612_092951/success_rate_plot_means.csv
No prior baseline,377,0.16787109375,0.37182936187998805,0.0,0.8330078125,5,/home/lzha/code/DEXTRAH/cluster_results/a1001/franka_cube_seed_sweep600_c7e66a0_20260612_092951/success_rate_plot_means.csv
No prior baseline,378,0.16953125,0.37662874011168185,0.0,0.84326171875,5,/home/lzha/code/DEXTRAH/cluster_results/a1001/franka_cube_seed_sweep600_c7e66a0_20260612_092951/success_rate_plot_means.csv
No prior baseline,379,0.166796875,0.37133180712369696,0.0,0.8310546875,5,/home/lzha/code/DEXTRAH/cluster_results/a1001/franka_cube_seed_sweep600_c7e66a0_20260612_092951/success_rate_plot_means.csv
No prior baseline,380,0.16474609375,0.3664733109585997,0.0,0.8203125,5,/home/lzha/code/DEXTRAH/cluster_results/a1001/franka_cube_seed_sweep600_c7e66a0_20260612_092951/success_rate_plot_means.csv
No prior baseline,381,0.1693359375,0.37755515295671693,0.0,0.8447265625,5,/home/lzha/code/DEXTRAH/cluster_results/a1001/franka_cube_seed_sweep600_c7e66a0_20260612_092951/success_rate_plot_means.csv
No prior baseline,382,0.16875,0.374609044048016,0.0,0.8388671875,5,/home/lzha/code/DEXTRAH/cluster_results/a1001/franka_cube_seed_sweep600_c7e66a0_20260612_092951/success_rate_plot_means.csv
No prior baseline,383,0.16865234375,0.37466313808675605,0.0,0.8388671875,5,/home/lzha/code/DEXTRAH/cluster_results/a1001/franka_cube_seed_sweep600_c7e66a0_20260612_092951/success_rate_plot_means.csv
No prior baseline,384,0.1416015625,0.31444857576290025,0.0,0.7041015625,5,/home/lzha/code/DEXTRAH/cluster_results/a1001/franka_cube_seed_sweep600_c7e66a0_20260612_092951/success_rate_plot_means.csv
No prior baseline,385,0.16767578125,0.37084657166814633,0.0,0.8310546875,5,/home/lzha/code/DEXTRAH/cluster_results/a1001/franka_cube_seed_sweep600_c7e66a0_20260612_092951/success_rate_plot_means.csv
No prior baseline,386,0.1708984375,0.3777788832280559,0.0,0.8466796875,5,/home/lzha/code/DEXTRAH/cluster_results/a1001/franka_cube_seed_sweep600_c7e66a0_20260612_092951/success_rate_plot_means.csv
No prior baseline,387,0.16708984375,0.3687175607152078,0.0,0.82666015625,5,/home/lzha/code/DEXTRAH/cluster_results/a1001/franka_cube_seed_sweep600_c7e66a0_20260612_092951/success_rate_plot_means.csv
No prior baseline,388,0.17021484375,0.3770672086917735,0.0,0.8447265625,5,/home/lzha/code/DEXTRAH/cluster_results/a1001/franka_cube_seed_sweep600_c7e66a0_20260612_092951/success_rate_plot_means.csv
No prior baseline,389,0.166015625,0.3690398547971627,0.0,0.826171875,5,/home/lzha/code/DEXTRAH/cluster_results/a1001/franka_cube_seed_sweep600_c7e66a0_20260612_092951/success_rate_plot_means.csv
No prior baseline,390,0.16630859375,0.36969559545351566,0.0,0.82763671875,5,/home/lzha/code/DEXTRAH/cluster_results/a1001/franka_cube_seed_sweep600_c7e66a0_20260612_092951/success_rate_plot_means.csv
No prior baseline,391,0.1701171875,0.37548742405827057,0.0,0.841796875,5,/home/lzha/code/DEXTRAH/cluster_results/a1001/franka_cube_seed_sweep600_c7e66a0_20260612_092951/success_rate_plot_means.csv
No prior baseline,392,0.16865234375,0.37330125054947805,0.0,0.83642578125,5,/home/lzha/code/DEXTRAH/cluster_results/a1001/franka_cube_seed_sweep600_c7e66a0_20260612_092951/success_rate_plot_means.csv
No prior baseline,393,0.16923828125,0.3751558297952112,0.0,0.84033203125,5,/home/lzha/code/DEXTRAH/cluster_results/a1001/franka_cube_seed_sweep600_c7e66a0_20260612_092951/success_rate_plot_means.csv
No prior baseline,394,0.1537109375,0.3417985142259799,0.0,0.76513671875,5,/home/lzha/code/DEXTRAH/cluster_results/a1001/franka_cube_seed_sweep600_c7e66a0_20260612_092951/success_rate_plot_means.csv
No prior baseline,395,0.1716796875,0.38061493683339076,0.0,0.8525390625,5,/home/lzha/code/DEXTRAH/cluster_results/a1001/franka_cube_seed_sweep600_c7e66a0_20260612_092951/success_rate_plot_means.csv
No prior baseline,396,0.16640625,0.3699139603248476,0.0,0.828125,5,/home/lzha/code/DEXTRAH/cluster_results/a1001/franka_cube_seed_sweep600_c7e66a0_20260612_092951/success_rate_plot_means.csv
No prior baseline,397,0.165625,0.3681670413921263,0.0,0.82421875,5,/home/lzha/code/DEXTRAH/cluster_results/a1001/franka_cube_seed_sweep600_c7e66a0_20260612_092951/success_rate_plot_means.csv
No prior baseline,398,0.16640625,0.37045882669880165,0.0,0.8291015625,5,/home/lzha/code/DEXTRAH/cluster_results/a1001/franka_cube_seed_sweep600_c7e66a0_20260612_092951/success_rate_plot_means.csv
No prior baseline,399,0.16572265625,0.3683854062539578,0.0,0.82470703125,5,/home/lzha/code/DEXTRAH/cluster_results/a1001/franka_cube_seed_sweep600_c7e66a0_20260612_092951/success_rate_plot_means.csv
No prior baseline,400,0.16611328125,0.37062193742229727,0.0,0.8291015625,5,/home/lzha/code/DEXTRAH/cluster_results/a1001/franka_cube_seed_sweep600_c7e66a0_20260612_092951/success_rate_plot_means.csv
No prior baseline,401,0.16796875,0.3725901099157344,0.0,0.83447265625,5,/home/lzha/code/DEXTRAH/cluster_results/a1001/franka_cube_seed_sweep600_c7e66a0_20260612_092951/success_rate_plot_means.csv
No prior baseline,402,0.1705078125,0.37963064890537734,0.0,0.849609375,5,/home/lzha/code/DEXTRAH/cluster_results/a1001/franka_cube_seed_sweep600_c7e66a0_20260612_092951/success_rate_plot_means.csv
No prior baseline,403,0.1375,0.3063681004967948,0.0,0.685546875,5,/home/lzha/code/DEXTRAH/cluster_results/a1001/franka_cube_seed_sweep600_c7e66a0_20260612_092951/success_rate_plot_means.csv
No prior baseline,404,0.167578125,0.3730804907547259,0.0,0.8349609375,5,/home/lzha/code/DEXTRAH/cluster_results/a1001/franka_cube_seed_sweep600_c7e66a0_20260612_092951/success_rate_plot_means.csv
No prior baseline,405,0.16796875,0.37286340485875163,0.0,0.8349609375,5,/home/lzha/code/DEXTRAH/cluster_results/a1001/franka_cube_seed_sweep600_c7e66a0_20260612_092951/success_rate_plot_means.csv
No prior baseline,406,0.168359375,0.3745536372910384,0.0,0.83837890625,5,/home/lzha/code/DEXTRAH/cluster_results/a1001/franka_cube_seed_sweep600_c7e66a0_20260612_092951/success_rate_plot_means.csv
No prior baseline,407,0.1685546875,0.3741747039803946,0.0,0.837890625,5,/home/lzha/code/DEXTRAH/cluster_results/a1001/franka_cube_seed_sweep600_c7e66a0_20260612_092951/success_rate_plot_means.csv
No prior baseline,408,0.16865234375,0.37466345626387787,0.0,0.8388671875,5,/home/lzha/code/DEXTRAH/cluster_results/a1001/franka_cube_seed_sweep600_c7e66a0_20260612_092951/success_rate_plot_means.csv
No prior baseline,409,0.1673828125,0.37073465741771744,0.0,0.83056640625,5,/home/lzha/code/DEXTRAH/cluster_results/a1001/franka_cube_seed_sweep600_c7e66a0_20260612_092951/success_rate_plot_means.csv
No prior baseline,410,0.1685546875,0.3741727924199478,0.0,0.837890625,5,/home/lzha/code/DEXTRAH/cluster_results/a1001/franka_cube_seed_sweep600_c7e66a0_20260612_092951/success_rate_plot_means.csv
No prior baseline,411,0.1701171875,0.3771215823394505,0.0,0.8447265625,5,/home/lzha/code/DEXTRAH/cluster_results/a1001/franka_cube_seed_sweep600_c7e66a0_20260612_092951/success_rate_plot_means.csv
No prior baseline,412,0.1455078125,0.32263827885787977,0.0,0.72265625,5,/home/lzha/code/DEXTRAH/cluster_results/a1001/franka_cube_seed_sweep600_c7e66a0_20260612_092951/success_rate_plot_means.csv
No prior baseline,413,0.166796875,0.3705142023141841,0.0,0.82958984375,5,/home/lzha/code/DEXTRAH/cluster_results/a1001/franka_cube_seed_sweep600_c7e66a0_20260612_092951/success_rate_plot_means.csv
No prior baseline,414,0.17021484375,0.3784320813900689,0.0,0.84716796875,5,/home/lzha/code/DEXTRAH/cluster_results/a1001/franka_cube_seed_sweep600_c7e66a0_20260612_092951/success_rate_plot_means.csv
No prior baseline,415,0.16748046875,0.3717715848852962,0.0,0.83251953125,5,/home/lzha/code/DEXTRAH/cluster_results/a1001/franka_cube_seed_sweep600_c7e66a0_20260612_092951/success_rate_plot_means.csv
No prior baseline,416,0.1685546875,0.3752628676656309,0.0,0.83984375,5,/home/lzha/code/DEXTRAH/cluster_results/a1001/franka_cube_seed_sweep600_c7e66a0_20260612_092951/success_rate_plot_means.csv
No prior baseline,417,0.16611328125,0.36844054346226945,0.0,0.8251953125,5,/home/lzha/code/DEXTRAH/cluster_results/a1001/franka_cube_seed_sweep600_c7e66a0_20260612_092951/success_rate_plot_means.csv
No prior baseline,418,0.1654296875,0.36745709201199217,0.0,0.82275390625,5,/home/lzha/code/DEXTRAH/cluster_results/a1001/franka_cube_seed_sweep600_c7e66a0_20260612_092951/success_rate_plot_means.csv
No prior baseline,419,0.166796875,0.37105947235810105,0.0,0.83056640625,5,/home/lzha/code/DEXTRAH/cluster_results/a1001/franka_cube_seed_sweep600_c7e66a0_20260612_092951/success_rate_plot_means.csv
No prior baseline,420,0.16513671875,0.36680199697735055,0.0,0.8212890625,5,/home/lzha/code/DEXTRAH/cluster_results/a1001/franka_cube_seed_sweep600_c7e66a0_20260612_092951/success_rate_plot_means.csv
No prior baseline,421,0.17119140625,0.37952295827465293,0.0,0.85009765625,5,/home/lzha/code/DEXTRAH/cluster_results/a1001/franka_cube_seed_sweep600_c7e66a0_20260612_092951/success_rate_plot_means.csv
No prior baseline,422,0.1484375,0.32837286170637914,0.0,0.73583984375,5,/home/lzha/code/DEXTRAH/cluster_results/a1001/franka_cube_seed_sweep600_c7e66a0_20260612_092951/success_rate_plot_means.csv
No prior baseline,423,0.17001953125,0.37663332957600787,0.0,0.84375,5,/home/lzha/code/DEXTRAH/cluster_results/a1001/franka_cube_seed_sweep600_c7e66a0_20260612_092951/success_rate_plot_means.csv
No prior baseline,424,0.16689453125,0.36964283845110335,0.0,0.828125,5,/home/lzha/code/DEXTRAH/cluster_results/a1001/franka_cube_seed_sweep600_c7e66a0_20260612_092951/success_rate_plot_means.csv
No prior baseline,425,0.169140625,0.3749398501157672,0.0,0.83984375,5,/home/lzha/code/DEXTRAH/cluster_results/a1001/franka_cube_seed_sweep600_c7e66a0_20260612_092951/success_rate_plot_means.csv
No prior baseline,426,0.16875,0.37406783276216793,0.0,0.837890625,5,/home/lzha/code/DEXTRAH/cluster_results/a1001/franka_cube_seed_sweep600_c7e66a0_20260612_092951/success_rate_plot_means.csv
No prior baseline,427,0.16611328125,0.3681706030793357,0.0,0.82470703125,5,/home/lzha/code/DEXTRAH/cluster_results/a1001/franka_cube_seed_sweep600_c7e66a0_20260612_092951/success_rate_plot_means.csv
No prior baseline,428,0.16787109375,0.372101133176395,0.0,0.83349609375,5,/home/lzha/code/DEXTRAH/cluster_results/a1001/franka_cube_seed_sweep600_c7e66a0_20260612_092951/success_rate_plot_means.csv
No prior baseline,429,0.169140625,0.3741232796019902,0.0,0.83837890625,5,/home/lzha/code/DEXTRAH/cluster_results/a1001/franka_cube_seed_sweep600_c7e66a0_20260612_092951/success_rate_plot_means.csv
No prior baseline,430,0.16884765625,0.3745557060421199,0.0,0.8388671875,5,/home/lzha/code/DEXTRAH/cluster_results/a1001/franka_cube_seed_sweep600_c7e66a0_20260612_092951/success_rate_plot_means.csv
No prior baseline,431,0.1390625,0.30958945037699365,0.0,0.69287109375,5,/home/lzha/code/DEXTRAH/cluster_results/a1001/franka_cube_seed_sweep600_c7e66a0_20260612_092951/success_rate_plot_means.csv
No prior baseline,432,0.17265625,0.3827990471169342,0.0,0.857421875,5,/home/lzha/code/DEXTRAH/cluster_results/a1001/franka_cube_seed_sweep600_c7e66a0_20260612_092951/success_rate_plot_means.csv
No prior baseline,433,0.16875,0.374610316938662,0.0,0.8388671875,5,/home/lzha/code/DEXTRAH/cluster_results/a1001/franka_cube_seed_sweep600_c7e66a0_20260612_092951/success_rate_plot_means.csv
No prior baseline,434,0.16630859375,0.3699673230974759,0.0,0.828125,5,/home/lzha/code/DEXTRAH/cluster_results/a1001/franka_cube_seed_sweep600_c7e66a0_20260612_092951/success_rate_plot_means.csv
No prior baseline,435,0.16806640625,0.3741723145283101,0.0,0.83740234375,5,/home/lzha/code/DEXTRAH/cluster_results/a1001/franka_cube_seed_sweep600_c7e66a0_20260612_092951/success_rate_plot_means.csv
No prior baseline,436,0.16748046875,0.37340620220981185,0.0,0.83544921875,5,/home/lzha/code/DEXTRAH/cluster_results/a1001/franka_cube_seed_sweep600_c7e66a0_20260612_092951/success_rate_plot_means.csv
No prior baseline,437,0.1673828125,0.3734610131175497,0.0,0.83544921875,5,/home/lzha/code/DEXTRAH/cluster_results/a1001/franka_cube_seed_sweep600_c7e66a0_20260612_092951/success_rate_plot_means.csv
No prior baseline,438,0.1685546875,0.37553548726956754,0.0,0.84033203125,5,/home/lzha/code/DEXTRAH/cluster_results/a1001/franka_cube_seed_sweep600_c7e66a0_20260612_092951/success_rate_plot_means.csv
No prior baseline,439,0.16767578125,0.37302476108375404,0.0,0.8349609375,5,/home/lzha/code/DEXTRAH/cluster_results/a1001/franka_cube_seed_sweep600_c7e66a0_20260612_092951/success_rate_plot_means.csv
No prior baseline,440,0.15087890625,0.3360116566270912,0.0,0.751953125,5,/home/lzha/code/DEXTRAH/cluster_results/a1001/franka_cube_seed_sweep600_c7e66a0_20260612_092951/success_rate_plot_means.csv
No prior baseline,441,0.16630859375,0.3707858123048499,0.0,0.82958984375,5,/home/lzha/code/DEXTRAH/cluster_results/a1001/franka_cube_seed_sweep600_c7e66a0_20260612_092951/success_rate_plot_means.csv
No prior baseline,442,0.1705078125,0.3804484023149994,0.0,0.85107421875,5,/home/lzha/code/DEXTRAH/cluster_results/a1001/franka_cube_seed_sweep600_c7e66a0_20260612_092951/success_rate_plot_means.csv
No prior baseline,443,0.16572265625,0.3689302682712272,0.0,0.82568359375,5,/home/lzha/code/DEXTRAH/cluster_results/a1001/franka_cube_seed_sweep600_c7e66a0_20260612_092951/success_rate_plot_means.csv
No prior baseline,444,0.16875,0.3759725357434527,0.0,0.84130859375,5,/home/lzha/code/DEXTRAH/cluster_results/a1001/franka_cube_seed_sweep600_c7e66a0_20260612_092951/success_rate_plot_means.csv
No prior baseline,445,0.164453125,0.36663751197272065,0.0,0.8203125,5,/home/lzha/code/DEXTRAH/cluster_results/a1001/franka_cube_seed_sweep600_c7e66a0_20260612_092951/success_rate_plot_means.csv
No prior baseline,446,0.1669921875,0.3714965240706101,0.0,0.83154296875,5,/home/lzha/code/DEXTRAH/cluster_results/a1001/franka_cube_seed_sweep600_c7e66a0_20260612_092951/success_rate_plot_means.csv
No prior baseline,447,0.1689453125,0.37640990018361337,0.0,0.84228515625,5,/home/lzha/code/DEXTRAH/cluster_results/a1001/franka_cube_seed_sweep600_c7e66a0_20260612_092951/success_rate_plot_means.csv
No prior baseline,448,0.1689453125,0.37640926678162373,0.0,0.84228515625,5,/home/lzha/code/DEXTRAH/cluster_results/a1001/franka_cube_seed_sweep600_c7e66a0_20260612_092951/success_rate_plot_means.csv
No prior baseline,449,0.1697265625,0.3776113820756836,0.0,0.84521484375,5,/home/lzha/code/DEXTRAH/cluster_results/a1001/franka_cube_seed_sweep600_c7e66a0_20260612_092951/success_rate_plot_means.csv
No prior baseline,450,0.1439453125,0.319417941795436,0.0,0.71533203125,5,/home/lzha/code/DEXTRAH/cluster_results/a1001/franka_cube_seed_sweep600_c7e66a0_20260612_092951/success_rate_plot_means.csv
No prior baseline,451,0.16904296875,0.37472037380344825,0.0,0.83935546875,5,/home/lzha/code/DEXTRAH/cluster_results/a1001/franka_cube_seed_sweep600_c7e66a0_20260612_092951/success_rate_plot_means.csv
No prior baseline,452,0.166015625,0.3693125490946147,0.0,0.82666015625,5,/home/lzha/code/DEXTRAH/cluster_results/a1001/franka_cube_seed_sweep600_c7e66a0_20260612_092951/success_rate_plot_means.csv
No prior baseline,453,0.17021484375,0.3767958555102966,0.0,0.84423828125,5,/home/lzha/code/DEXTRAH/cluster_results/a1001/franka_cube_seed_sweep600_c7e66a0_20260612_092951/success_rate_plot_means.csv
No prior baseline,454,0.1689453125,0.3747750243216397,0.0,0.83935546875,5,/home/lzha/code/DEXTRAH/cluster_results/a1001/franka_cube_seed_sweep600_c7e66a0_20260612_092951/success_rate_plot_means.csv
No prior baseline,455,0.16708984375,0.3703531041800755,0.0,0.82958984375,5,/home/lzha/code/DEXTRAH/cluster_results/a1001/franka_cube_seed_sweep600_c7e66a0_20260612_092951/success_rate_plot_means.csv
No prior baseline,456,0.168359375,0.3745536372910384,0.0,0.83837890625,5,/home/lzha/code/DEXTRAH/cluster_results/a1001/franka_cube_seed_sweep600_c7e66a0_20260612_092951/success_rate_plot_means.csv
No prior baseline,457,0.16884765625,0.37564546348445393,0.0,0.8408203125,5,/home/lzha/code/DEXTRAH/cluster_results/a1001/franka_cube_seed_sweep600_c7e66a0_20260612_092951/success_rate_plot_means.csv
No prior baseline,458,0.1708984375,0.3807772034252792,0.0,0.85205078125,5,/home/lzha/code/DEXTRAH/cluster_results/a1001/franka_cube_seed_sweep600_c7e66a0_20260612_092951/success_rate_plot_means.csv
No prior baseline,459,0.1419921875,0.3145068389318813,0.0,0.70458984375,5,/home/lzha/code/DEXTRAH/cluster_results/a1001/franka_cube_seed_sweep600_c7e66a0_20260612_092951/success_rate_plot_means.csv
No prior baseline,460,0.1703125,0.3781041415427853,0.0,0.8466796875,5,/home/lzha/code/DEXTRAH/cluster_results/a1001/franka_cube_seed_sweep600_c7e66a0_20260612_092951/success_rate_plot_means.csv
No prior baseline,461,0.1689453125,0.3747750243216397,0.0,0.83935546875,5,/home/lzha/code/DEXTRAH/cluster_results/a1001/franka_cube_seed_sweep600_c7e66a0_20260612_092951/success_rate_plot_means.csv
No prior baseline,462,0.16708984375,0.37226000178153923,0.0,0.8330078125,5,/home/lzha/code/DEXTRAH/cluster_results/a1001/franka_cube_seed_sweep600_c7e66a0_20260612_092951/success_rate_plot_means.csv
No prior baseline,463,0.1666015625,0.37089555768365934,0.0,0.830078125,5,/home/lzha/code/DEXTRAH/cluster_results/a1001/franka_cube_seed_sweep600_c7e66a0_20260612_092951/success_rate_plot_means.csv
No prior baseline,464,0.1673828125,0.3718243925135937,0.0,0.83251953125,5,/home/lzha/code/DEXTRAH/cluster_results/a1001/franka_cube_seed_sweep600_c7e66a0_20260612_092951/success_rate_plot_means.csv
No prior baseline,465,0.1689453125,0.37531855086785854,0.0,0.84033203125,5,/home/lzha/code/DEXTRAH/cluster_results/a1001/franka_cube_seed_sweep600_c7e66a0_20260612_092951/success_rate_plot_means.csv
No prior baseline,466,0.1703125,0.3786479266011316,0.0,0.84765625,5,/home/lzha/code/DEXTRAH/cluster_results/a1001/franka_cube_seed_sweep600_c7e66a0_20260612_092951/success_rate_plot_means.csv
No prior baseline,467,0.16982421875,0.37701105651022626,0.0,0.84423828125,5,/home/lzha/code/DEXTRAH/cluster_results/a1001/franka_cube_seed_sweep600_c7e66a0_20260612_092951/success_rate_plot_means.csv
No prior baseline,468,0.16044921875,0.3565937057333288,0.0,0.79833984375,5,/home/lzha/code/DEXTRAH/cluster_results/a1001/franka_cube_seed_sweep600_c7e66a0_20260612_092951/success_rate_plot_means.csv
No prior baseline,469,0.16767578125,0.3724804477552626,0.0,0.833984375,5,/home/lzha/code/DEXTRAH/cluster_results/a1001/franka_cube_seed_sweep600_c7e66a0_20260612_092951/success_rate_plot_means.csv
No prior baseline,470,0.1732421875,0.38411000739351503,0.0,0.8603515625,5,/home/lzha/code/DEXTRAH/cluster_results/a1001/franka_cube_seed_sweep600_c7e66a0_20260612_092951/success_rate_plot_means.csv
No prior baseline,471,0.1677734375,0.3713367830820515,0.0,0.83203125,5,/home/lzha/code/DEXTRAH/cluster_results/a1001/franka_cube_seed_sweep600_c7e66a0_20260612_092951/success_rate_plot_means.csv
No prior baseline,472,0.17265625,0.3827990471169342,0.0,0.857421875,5,/home/lzha/code/DEXTRAH/cluster_results/a1001/franka_cube_seed_sweep600_c7e66a0_20260612_092951/success_rate_plot_means.csv
No prior baseline,473,0.166796875,0.3696980138397727,0.0,0.828125,5,/home/lzha/code/DEXTRAH/cluster_results/a1001/franka_cube_seed_sweep600_c7e66a0_20260612_092951/success_rate_plot_means.csv
No prior baseline,474,0.1658203125,0.3677864222328568,0.0,0.82373046875,5,/home/lzha/code/DEXTRAH/cluster_results/a1001/franka_cube_seed_sweep600_c7e66a0_20260612_092951/success_rate_plot_means.csv
No prior baseline,475,0.16884765625,0.37401075217146923,0.0,0.837890625,5,/home/lzha/code/DEXTRAH/cluster_results/a1001/franka_cube_seed_sweep600_c7e66a0_20260612_092951/success_rate_plot_means.csv
No prior baseline,476,0.16904296875,0.3747191012866566,0.0,0.83935546875,5,/home/lzha/code/DEXTRAH/cluster_results/a1001/franka_cube_seed_sweep600_c7e66a0_20260612_092951/success_rate_plot_means.csv
No prior baseline,477,0.170703125,0.37924833291579435,0.0,0.84912109375,5,/home/lzha/code/DEXTRAH/cluster_results/a1001/franka_cube_seed_sweep600_c7e66a0_20260612_092951/success_rate_plot_means.csv
No prior baseline,478,0.1396484375,0.3108996420965285,0.0,0.69580078125,5,/home/lzha/code/DEXTRAH/cluster_results/a1001/franka_cube_seed_sweep600_c7e66a0_20260612_092951/success_rate_plot_means.csv
No prior baseline,479,0.1705078125,0.37935767270885484,0.0,0.84912109375,5,/home/lzha/code/DEXTRAH/cluster_results/a1001/franka_cube_seed_sweep600_c7e66a0_20260612_092951/success_rate_plot_means.csv
No prior baseline,480,0.16591796875,0.36963993595251116,0.0,0.8271484375,5,/home/lzha/code/DEXTRAH/cluster_results/a1001/franka_cube_seed_sweep600_c7e66a0_20260612_092951/success_rate_plot_means.csv
No prior baseline,481,0.17060546875,0.37957666608284857,0.0,0.849609375,5,/home/lzha/code/DEXTRAH/cluster_results/a1001/franka_cube_seed_sweep600_c7e66a0_20260612_092951/success_rate_plot_means.csv
No prior baseline,482,0.16904296875,0.3769002136096263,0.0,0.84326171875,5,/home/lzha/code/DEXTRAH/cluster_results/a1001/franka_cube_seed_sweep600_c7e66a0_20260612_092951/success_rate_plot_means.csv
No prior baseline,483,0.1669921875,0.37231453317109797,0.0,0.8330078125,5,/home/lzha/code/DEXTRAH/cluster_results/a1001/franka_cube_seed_sweep600_c7e66a0_20260612_092951/success_rate_plot_means.csv
No prior baseline,484,0.17216796875,0.3838879174034485,0.0,0.85888671875,5,/home/lzha/code/DEXTRAH/cluster_results/a1001/franka_cube_seed_sweep600_c7e66a0_20260612_092951/success_rate_plot_means.csv
No prior baseline,485,0.1703125,0.380011984234611,0.0,0.85009765625,5,/home/lzha/code/DEXTRAH/cluster_results/a1001/franka_cube_seed_sweep600_c7e66a0_20260612_092951/success_rate_plot_means.csv
No prior baseline,486,0.16953125,0.3779925153687632,0.0,0.845703125,5,/home/lzha/code/DEXTRAH/cluster_results/a1001/franka_cube_seed_sweep600_c7e66a0_20260612_092951/success_rate_plot_means.csv
No prior baseline,487,0.14091796875,0.31455652657454836,0.0,0.70361328125,5,/home/lzha/code/DEXTRAH/cluster_results/a1001/franka_cube_seed_sweep600_c7e66a0_20260612_092951/success_rate_plot_means.csv
No prior baseline,488,0.17080078125,0.38055883825391434,0.0,0.8515625,5,/home/lzha/code/DEXTRAH/cluster_results/a1001/franka_cube_seed_sweep600_c7e66a0_20260612_092951/success_rate_plot_means.csv
No prior baseline,489,0.1685546875,0.3752633441684672,0.0,0.83984375,5,/home/lzha/code/DEXTRAH/cluster_results/a1001/franka_cube_seed_sweep600_c7e66a0_20260612_092951/success_rate_plot_means.csv
No prior baseline,490,0.16806640625,0.37444397712801614,0.0,0.837890625,5,/home/lzha/code/DEXTRAH/cluster_results/a1001/franka_cube_seed_sweep600_c7e66a0_20260612_092951/success_rate_plot_means.csv
No prior baseline,491,0.1673828125,0.37264296150106824,0.0,0.833984375,5,/home/lzha/code/DEXTRAH/cluster_results/a1001/franka_cube_seed_sweep600_c7e66a0_20260612_092951/success_rate_plot_means.csv
No prior baseline,492,0.16669921875,0.37220511009648105,0.0,0.83251953125,5,/home/lzha/code/DEXTRAH/cluster_results/a1001/franka_cube_seed_sweep600_c7e66a0_20260612_092951/success_rate_plot_means.csv
No prior baseline,493,0.16689453125,0.3718242322103462,0.0,0.83203125,5,/home/lzha/code/DEXTRAH/cluster_results/a1001/franka_cube_seed_sweep600_c7e66a0_20260612_092951/success_rate_plot_means.csv
No prior baseline,494,0.1703125,0.38028464748981794,0.0,0.8505859375,5,/home/lzha/code/DEXTRAH/cluster_results/a1001/franka_cube_seed_sweep600_c7e66a0_20260612_092951/success_rate_plot_means.csv
No prior baseline,495,0.1693359375,0.37837376884005586,0.0,0.84619140625,5,/home/lzha/code/DEXTRAH/cluster_results/a1001/franka_cube_seed_sweep600_c7e66a0_20260612_092951/success_rate_plot_means.csv
No prior baseline,496,0.1720703125,0.382580994651148,0.0,0.8564453125,5,/home/lzha/code/DEXTRAH/cluster_results/a1001/franka_cube_seed_sweep600_c7e66a0_20260612_092951/success_rate_plot_means.csv
No prior baseline,497,0.15810546875,0.3524429147909493,0.0,0.78857421875,5,/home/lzha/code/DEXTRAH/cluster_results/a1001/franka_cube_seed_sweep600_c7e66a0_20260612_092951/success_rate_plot_means.csv
No prior baseline,498,0.17119140625,0.38115826738246983,0.0,0.85302734375,5,/home/lzha/code/DEXTRAH/cluster_results/a1001/franka_cube_seed_sweep600_c7e66a0_20260612_092951/success_rate_plot_means.csv
No prior baseline,499,0.167578125,0.37335214956300034,0.0,0.83544921875,5,/home/lzha/code/DEXTRAH/cluster_results/a1001/franka_cube_seed_sweep600_c7e66a0_20260612_092951/success_rate_plot_means.csv
No prior baseline,500,0.1697265625,0.3778832537689437,0.0,0.845703125,5,/home/lzha/code/DEXTRAH/cluster_results/a1001/franka_cube_seed_sweep600_c7e66a0_20260612_092951/success_rate_plot_means.csv
No prior baseline,501,0.1669921875,0.3720416360852883,0.0,0.83251953125,5,/home/lzha/code/DEXTRAH/cluster_results/a1001/franka_cube_seed_sweep600_c7e66a0_20260612_092951/success_rate_plot_means.csv
No prior baseline,502,0.167578125,0.37335183026835944,0.0,0.83544921875,5,/home/lzha/code/DEXTRAH/cluster_results/a1001/franka_cube_seed_sweep600_c7e66a0_20260612_092951/success_rate_plot_means.csv
No prior baseline,503,0.1712890625,0.38110428198493573,0.0,0.85302734375,5,/home/lzha/code/DEXTRAH/cluster_results/a1001/franka_cube_seed_sweep600_c7e66a0_20260612_092951/success_rate_plot_means.csv
No prior baseline,504,0.17060546875,0.3790298103143519,0.0,0.8486328125,5,/home/lzha/code/DEXTRAH/cluster_results/a1001/franka_cube_seed_sweep600_c7e66a0_20260612_092951/success_rate_plot_means.csv
No prior baseline,505,0.16875,0.37569944002720496,0.0,0.8408203125,5,/home/lzha/code/DEXTRAH/cluster_results/a1001/franka_cube_seed_sweep600_c7e66a0_20260612_092951/success_rate_plot_means.csv
No prior baseline,506,0.1404296875,0.3123734408641554,0.0,0.69921875,5,/home/lzha/code/DEXTRAH/cluster_results/a1001/franka_cube_seed_sweep600_c7e66a0_20260612_092951/success_rate_plot_means.csv
No prior baseline,507,0.17197265625,0.38263284009586035,0.0,0.8564453125,5,/home/lzha/code/DEXTRAH/cluster_results/a1001/franka_cube_seed_sweep600_c7e66a0_20260612_092951/success_rate_plot_means.csv
No prior baseline,508,0.16728515625,0.3726967331751562,0.0,0.833984375,5,/home/lzha/code/DEXTRAH/cluster_results/a1001/franka_cube_seed_sweep600_c7e66a0_20260612_092951/success_rate_plot_means.csv
No prior baseline,509,0.1708984375,0.3813218658752633,0.0,0.85302734375,5,/home/lzha/code/DEXTRAH/cluster_results/a1001/franka_cube_seed_sweep600_c7e66a0_20260612_092951/success_rate_plot_means.csv
No prior baseline,510,0.16640625,0.3707314419156289,0.0,0.82958984375,5,/home/lzha/code/DEXTRAH/cluster_results/a1001/franka_cube_seed_sweep600_c7e66a0_20260612_092951/success_rate_plot_means.csv
No prior baseline,511,0.1689453125,0.3755906539676398,0.0,0.8408203125,5,/home/lzha/code/DEXTRAH/cluster_results/a1001/franka_cube_seed_sweep600_c7e66a0_20260612_092951/success_rate_plot_means.csv
No prior baseline,512,0.16943359375,0.37750109438705964,0.0,0.8447265625,5,/home/lzha/code/DEXTRAH/cluster_results/a1001/franka_cube_seed_sweep600_c7e66a0_20260612_092951/success_rate_plot_means.csv
No prior baseline,513,0.1701171875,0.37875718792934093,0.0,0.84765625,5,/home/lzha/code/DEXTRAH/cluster_results/a1001/franka_cube_seed_sweep600_c7e66a0_20260612_092951/success_rate_plot_means.csv
No prior baseline,514,0.1677734375,0.3746071347039372,0.0,0.837890625,5,/home/lzha/code/DEXTRAH/cluster_results/a1001/franka_cube_seed_sweep600_c7e66a0_20260612_092951/success_rate_plot_means.csv
No prior baseline,515,0.14580078125,0.3238384544280454,0.0,0.72509765625,5,/home/lzha/code/DEXTRAH/cluster_results/a1001/franka_cube_seed_sweep600_c7e66a0_20260612_092951/success_rate_plot_means.csv
No prior baseline,516,0.17060546875,0.37875844687935145,0.0,0.84814453125,5,/home/lzha/code/DEXTRAH/cluster_results/a1001/franka_cube_seed_sweep600_c7e66a0_20260612_092951/success_rate_plot_means.csv
No prior baseline,517,0.1685546875,0.37553548726956754,0.0,0.84033203125,5,/home/lzha/code/DEXTRAH/cluster_results/a1001/franka_cube_seed_sweep600_c7e66a0_20260612_092951/success_rate_plot_means.csv
No prior baseline,518,0.166796875,0.3705142023141841,0.0,0.82958984375,5,/home/lzha/code/DEXTRAH/cluster_results/a1001/franka_cube_seed_sweep600_c7e66a0_20260612_092951/success_rate_plot_means.csv
No prior baseline,519,0.16826171875,0.37406225575731505,0.0,0.83740234375,5,/home/lzha/code/DEXTRAH/cluster_results/a1001/franka_cube_seed_sweep600_c7e66a0_20260612_092951/success_rate_plot_means.csv
No prior baseline,520,0.1662109375,0.37056760732779515,0.0,0.8291015625,5,/home/lzha/code/DEXTRAH/cluster_results/a1001/franka_cube_seed_sweep600_c7e66a0_20260612_092951/success_rate_plot_means.csv
No prior baseline,521,0.169140625,0.37548170939673176,0.0,0.8408203125,5,/home/lzha/code/DEXTRAH/cluster_results/a1001/franka_cube_seed_sweep600_c7e66a0_20260612_092951/success_rate_plot_means.csv
No prior baseline,522,0.16904296875,0.37553612214532667,0.0,0.8408203125,5,/home/lzha/code/DEXTRAH/cluster_results/a1001/franka_cube_seed_sweep600_c7e66a0_20260612_092951/success_rate_plot_means.csv
No prior baseline,523,0.169140625,0.3760275432157011,0.0,0.841796875,5,/home/lzha/code/DEXTRAH/cluster_results/a1001/franka_cube_seed_sweep600_c7e66a0_20260612_092951/success_rate_plot_means.csv
No prior baseline,524,0.17353515625,0.38612668732496436,0.0,0.8642578125,5,/home/lzha/code/DEXTRAH/cluster_results/a1001/franka_cube_seed_sweep600_c7e66a0_20260612_092951/success_rate_plot_means.csv
No prior baseline,525,0.15419921875,0.3423454721286486,0.0,0.7666015625,5,/home/lzha/code/DEXTRAH/cluster_results/a1001/franka_cube_seed_sweep600_c7e66a0_20260612_092951/success_rate_plot_means.csv
No prior baseline,526,0.1724609375,0.3823618513467255,0.0,0.8564453125,5,/home/lzha/code/DEXTRAH/cluster_results/a1001/franka_cube_seed_sweep600_c7e66a0_20260612_092951/success_rate_plot_means.csv
No prior baseline,527,0.168359375,0.3726480799005306,0.0,0.8349609375,5,/home/lzha/code/DEXTRAH/cluster_results/a1001/franka_cube_seed_sweep600_c7e66a0_20260612_092951/success_rate_plot_means.csv
No prior baseline,528,0.16884765625,0.3748286809591551,0.0,0.83935546875,5,/home/lzha/code/DEXTRAH/cluster_results/a1001/franka_cube_seed_sweep600_c7e66a0_20260612_092951/success_rate_plot_means.csv
No prior baseline,529,0.165234375,0.36729439336089537,0.0,0.822265625,5,/home/lzha/code/DEXTRAH/cluster_results/a1001/franka_cube_seed_sweep600_c7e66a0_20260612_092951/success_rate_plot_means.csv
No prior baseline,530,0.16826171875,0.3740628931335066,0.0,0.83740234375,5,/home/lzha/code/DEXTRAH/cluster_results/a1001/franka_cube_seed_sweep600_c7e66a0_20260612_092951/success_rate_plot_means.csv
No prior baseline,531,0.16962890625,0.3765748018020243,0.0,0.84326171875,5,/home/lzha/code/DEXTRAH/cluster_results/a1001/franka_cube_seed_sweep600_c7e66a0_20260612_092951/success_rate_plot_means.csv
No prior baseline,532,0.17109375,0.37957807934359994,0.0,0.85009765625,5,/home/lzha/code/DEXTRAH/cluster_results/a1001/franka_cube_seed_sweep600_c7e66a0_20260612_092951/success_rate_plot_means.csv
No prior baseline,533,0.1693359375,0.3759205010963505,0.0,0.841796875,5,/home/lzha/code/DEXTRAH/cluster_results/a1001/franka_cube_seed_sweep600_c7e66a0_20260612_092951/success_rate_plot_means.csv
No prior baseline,534,0.13935546875,0.3107896923147888,0.0,0.6953125,5,/home/lzha/code/DEXTRAH/cluster_results/a1001/franka_cube_seed_sweep600_c7e66a0_20260612_092951/success_rate_plot_means.csv
No prior baseline,535,0.17158203125,0.3823048242007649,0.0,0.85546875,5,/home/lzha/code/DEXTRAH/cluster_results/a1001/franka_cube_seed_sweep600_c7e66a0_20260612_092951/success_rate_plot_means.csv
No prior baseline,536,0.1673828125,0.3715524187958207,0.0,0.83203125,5,/home/lzha/code/DEXTRAH/cluster_results/a1001/franka_cube_seed_sweep600_c7e66a0_20260612_092951/success_rate_plot_means.csv
No prior baseline,537,0.1689453125,0.37640926678162373,0.0,0.84228515625,5,/home/lzha/code/DEXTRAH/cluster_results/a1001/franka_cube_seed_sweep600_c7e66a0_20260612_092951/success_rate_plot_means.csv
No prior baseline,538,0.1677734375,0.3737895184295964,0.0,0.83642578125,5,/home/lzha/code/DEXTRAH/cluster_results/a1001/franka_cube_seed_sweep600_c7e66a0_20260612_092951/success_rate_plot_means.csv
No prior baseline,539,0.16865234375,0.3752093684330285,0.0,0.83984375,5,/home/lzha/code/DEXTRAH/cluster_results/a1001/franka_cube_seed_sweep600_c7e66a0_20260612_092951/success_rate_plot_means.csv
No prior baseline,540,0.1689453125,0.3761363296906902,0.0,0.841796875,5,/home/lzha/code/DEXTRAH/cluster_results/a1001/franka_cube_seed_sweep600_c7e66a0_20260612_092951/success_rate_plot_means.csv
No prior baseline,541,0.16796875,0.3747708892293495,0.0,0.83837890625,5,/home/lzha/code/DEXTRAH/cluster_results/a1001/franka_cube_seed_sweep600_c7e66a0_20260612_092951/success_rate_plot_means.csv
No prior baseline,542,0.16904296875,0.3769002136096263,0.0,0.84326171875,5,/home/lzha/code/DEXTRAH/cluster_results/a1001/franka_cube_seed_sweep600_c7e66a0_20260612_092951/success_rate_plot_means.csv
No prior baseline,543,0.15068359375,0.3355749258411175,0.0,0.7509765625,5,/home/lzha/code/DEXTRAH/cluster_results/a1001/franka_cube_seed_sweep600_c7e66a0_20260612_092951/success_rate_plot_means.csv
No prior baseline,544,0.16787109375,0.37237206585494187,0.0,0.833984375,5,/home/lzha/code/DEXTRAH/cluster_results/a1001/franka_cube_seed_sweep600_c7e66a0_20260612_092951/success_rate_plot_means.csv
No prior baseline,545,0.1693359375,0.37482931703208366,0.0,0.83984375,5,/home/lzha/code/DEXTRAH/cluster_results/a1001/franka_cube_seed_sweep600_c7e66a0_20260612_092951/success_rate_plot_means.csv
No prior baseline,546,0.16650390625,0.370677031391557,0.0,0.82958984375,5,/home/lzha/code/DEXTRAH/cluster_results/a1001/franka_cube_seed_sweep600_c7e66a0_20260612_092951/success_rate_plot_means.csv
No prior baseline,547,0.1693359375,0.3767379225508136,0.0,0.84326171875,5,/home/lzha/code/DEXTRAH/cluster_results/a1001/franka_cube_seed_sweep600_c7e66a0_20260612_092951/success_rate_plot_means.csv
No prior baseline,548,0.16806640625,0.3741723145283101,0.0,0.83740234375,5,/home/lzha/code/DEXTRAH/cluster_results/a1001/franka_cube_seed_sweep600_c7e66a0_20260612_092951/success_rate_plot_means.csv
No prior baseline,549,0.16845703125,0.37340891581037167,0.0,0.83642578125,5,/home/lzha/code/DEXTRAH/cluster_results/a1001/franka_cube_seed_sweep600_c7e66a0_20260612_092951/success_rate_plot_means.csv
No prior baseline,550,0.16884765625,0.37646395711633596,0.0,0.84228515625,5,/home/lzha/code/DEXTRAH/cluster_results/a1001/franka_cube_seed_sweep600_c7e66a0_20260612_092951/success_rate_plot_means.csv
No prior baseline,551,0.16962890625,0.37711921155898126,0.0,0.84423828125,5,/home/lzha/code/DEXTRAH/cluster_results/a1001/franka_cube_seed_sweep600_c7e66a0_20260612_092951/success_rate_plot_means.csv
No prior baseline,552,0.17060546875,0.37930365103612046,0.0,0.84912109375,5,/home/lzha/code/DEXTRAH/cluster_results/a1001/franka_cube_seed_sweep600_c7e66a0_20260612_092951/success_rate_plot_means.csv
No prior baseline,553,0.14990234375,0.3327381462891979,0.0,0.7451171875,5,/home/lzha/code/DEXTRAH/cluster_results/a1001/franka_cube_seed_sweep600_c7e66a0_20260612_092951/success_rate_plot_means.csv
No prior baseline,554,0.17236328125,0.3837786568742835,0.0,0.85888671875,5,/home/lzha/code/DEXTRAH/cluster_results/a1001/franka_cube_seed_sweep600_c7e66a0_20260612_092951/success_rate_plot_means.csv
No prior baseline,555,0.170703125,0.37897633956288923,0.0,0.8486328125,5,/home/lzha/code/DEXTRAH/cluster_results/a1001/franka_cube_seed_sweep600_c7e66a0_20260612_092951/success_rate_plot_means.csv
No prior baseline,556,0.1736328125,0.38607157490312743,0.0,0.8642578125,5,/home/lzha/code/DEXTRAH/cluster_results/a1001/franka_cube_seed_sweep600_c7e66a0_20260612_092951/success_rate_plot_means.csv
No prior baseline,557,0.16796875,0.37258803025091247,0.0,0.83447265625,5,/home/lzha/code/DEXTRAH/cluster_results/a1001/franka_cube_seed_sweep600_c7e66a0_20260612_092951/success_rate_plot_means.csv
No prior baseline,558,0.16796875,0.3739521964728743,0.0,0.8369140625,5,/home/lzha/code/DEXTRAH/cluster_results/a1001/franka_cube_seed_sweep600_c7e66a0_20260612_092951/success_rate_plot_means.csv
No prior baseline,559,0.1705078125,0.37908481441020353,0.0,0.8486328125,5,/home/lzha/code/DEXTRAH/cluster_results/a1001/franka_cube_seed_sweep600_c7e66a0_20260612_092951/success_rate_plot_means.csv
No prior baseline,560,0.173046875,0.38394442997620554,0.0,0.85986328125,5,/home/lzha/code/DEXTRAH/cluster_results/a1001/franka_cube_seed_sweep600_c7e66a0_20260612_092951/success_rate_plot_means.csv
No prior baseline,561,0.16904296875,0.37662699926575594,0.0,0.8427734375,5,/home/lzha/code/DEXTRAH/cluster_results/a1001/franka_cube_seed_sweep600_c7e66a0_20260612_092951/success_rate_plot_means.csv
No prior baseline,562,0.14384765625,0.32028860607813026,0.0,0.716796875,5,/home/lzha/code/DEXTRAH/cluster_results/a1001/franka_cube_seed_sweep600_c7e66a0_20260612_092951/success_rate_plot_means.csv
No prior baseline,563,0.1740234375,0.3877639671284402,0.0,0.86767578125,5,/home/lzha/code/DEXTRAH/cluster_results/a1001/franka_cube_seed_sweep600_c7e66a0_20260612_092951/success_rate_plot_means.csv
No prior baseline,564,0.1720703125,0.380670056361947,0.0,0.85302734375,5,/home/lzha/code/DEXTRAH/cluster_results/a1001/franka_cube_seed_sweep600_c7e66a0_20260612_092951/success_rate_plot_means.csv
No prior baseline,565,0.17197265625,0.3801788353472722,0.0,0.85205078125,5,/home/lzha/code/DEXTRAH/cluster_results/a1001/franka_cube_seed_sweep600_c7e66a0_20260612_092951/success_rate_plot_means.csv
No prior baseline,566,0.1708984375,0.3769624540923792,0.0,0.84521484375,5,/home/lzha/code/DEXTRAH/cluster_results/a1001/franka_cube_seed_sweep600_c7e66a0_20260612_092951/success_rate_plot_means.csv
No prior baseline,567,0.17099609375,0.3779966152180903,0.0,0.84716796875,5,/home/lzha/code/DEXTRAH/cluster_results/a1001/franka_cube_seed_sweep600_c7e66a0_20260612_092951/success_rate_plot_means.csv
No prior baseline,568,0.16982421875,0.3742858762803138,0.0,0.83935546875,5,/home/lzha/code/DEXTRAH/cluster_results/a1001/franka_cube_seed_sweep600_c7e66a0_20260612_092951/success_rate_plot_means.csv
No prior baseline,569,0.17099609375,0.3750038782554989,0.0,0.841796875,5,/home/lzha/code/DEXTRAH/cluster_results/a1001/franka_cube_seed_sweep600_c7e66a0_20260612_092951/success_rate_plot_means.csv
No prior baseline,570,0.169921875,0.3750491110114397,0.0,0.8408203125,5,/home/lzha/code/DEXTRAH/cluster_results/a1001/franka_cube_seed_sweep600_c7e66a0_20260612_092951/success_rate_plot_means.csv
No prior baseline,571,0.15947265625,0.3514132034339767,0.0,0.7880859375,5,/home/lzha/code/DEXTRAH/cluster_results/a1001/franka_cube_seed_sweep600_c7e66a0_20260612_092951/success_rate_plot_means.csv
No prior baseline,572,0.16806640625,0.3708998966841195,0.0,0.83154296875,5,/home/lzha/code/DEXTRAH/cluster_results/a1001/franka_cube_seed_sweep600_c7e66a0_20260612_092951/success_rate_plot_means.csv
No prior baseline,573,0.17568359375,0.38629564972278807,0.0,0.86669921875,5,/home/lzha/code/DEXTRAH/cluster_results/a1001/franka_cube_seed_sweep600_c7e66a0_20260612_092951/success_rate_plot_means.csv
No prior baseline,574,0.16943359375,0.37313777754740945,0.0,0.8369140625,5,/home/lzha/code/DEXTRAH/cluster_results/a1001/franka_cube_seed_sweep600_c7e66a0_20260612_092951/success_rate_plot_means.csv
No prior baseline,575,0.17119140625,0.3746211363345296,0.0,0.84130859375,5,/home/lzha/code/DEXTRAH/cluster_results/a1001/franka_cube_seed_sweep600_c7e66a0_20260612_092951/success_rate_plot_means.csv
No prior baseline,576,0.17080078125,0.3732135500219451,0.0,0.83837890625,5,/home/lzha/code/DEXTRAH/cluster_results/a1001/franka_cube_seed_sweep600_c7e66a0_20260612_092951/success_rate_plot_means.csv
No prior baseline,577,0.17060546875,0.37222961059436804,0.00048828125,0.83642578125,5,/home/lzha/code/DEXTRAH/cluster_results/a1001/franka_cube_seed_sweep600_c7e66a0_20260612_092951/success_rate_plot_means.csv
No prior baseline,578,0.17412109375,0.3768350841330262,0.00048828125,0.84814453125,5,/home/lzha/code/DEXTRAH/cluster_results/a1001/franka_cube_seed_sweep600_c7e66a0_20260612_092951/success_rate_plot_means.csv
No prior baseline,579,0.17275390625,0.3746169677219493,0.0,0.8427734375,5,/home/lzha/code/DEXTRAH/cluster_results/a1001/franka_cube_seed_sweep600_c7e66a0_20260612_092951/success_rate_plot_means.csv
No prior baseline,580,0.17744140625,0.38455420557702596,0.0,0.865234375,5,/home/lzha/code/DEXTRAH/cluster_results/a1001/franka_cube_seed_sweep600_c7e66a0_20260612_092951/success_rate_plot_means.csv
No prior baseline,581,0.1498046875,0.32545152256900023,0.0,0.73193359375,5,/home/lzha/code/DEXTRAH/cluster_results/a1001/franka_cube_seed_sweep600_c7e66a0_20260612_092951/success_rate_plot_means.csv
No prior baseline,582,0.1748046875,0.37755666850600006,0.0,0.85009765625,5,/home/lzha/code/DEXTRAH/cluster_results/a1001/franka_cube_seed_sweep600_c7e66a0_20260612_092951/success_rate_plot_means.csv
No prior baseline,583,0.17626953125,0.3722935605049884,0.0,0.841796875,5,/home/lzha/code/DEXTRAH/cluster_results/a1001/franka_cube_seed_sweep600_c7e66a0_20260612_092951/success_rate_plot_means.csv
No prior baseline,584,0.18037109375,0.3806807035328917,0.0,0.86083984375,5,/home/lzha/code/DEXTRAH/cluster_results/a1001/franka_cube_seed_sweep600_c7e66a0_20260612_092951/success_rate_plot_means.csv
No prior baseline,585,0.174609375,0.3707036588160507,0.0,0.83740234375,5,/home/lzha/code/DEXTRAH/cluster_results/a1001/franka_cube_seed_sweep600_c7e66a0_20260612_092951/success_rate_plot_means.csv
No prior baseline,586,0.175390625,0.3732925963882897,0.0,0.8427734375,5,/home/lzha/code/DEXTRAH/cluster_results/a1001/franka_cube_seed_sweep600_c7e66a0_20260612_092951/success_rate_plot_means.csv
No prior baseline,587,0.17578125,0.3706786393820837,0.0,0.83837890625,5,/home/lzha/code/DEXTRAH/cluster_results/a1001/franka_cube_seed_sweep600_c7e66a0_20260612_092951/success_rate_plot_means.csv
No prior baseline,588,0.1802734375,0.37784567990944784,0.0,0.85546875,5,/home/lzha/code/DEXTRAH/cluster_results/a1001/franka_cube_seed_sweep600_c7e66a0_20260612_092951/success_rate_plot_means.csv
No prior baseline,589,0.17958984375,0.37606856372338765,0.0,0.8515625,5,/home/lzha/code/DEXTRAH/cluster_results/a1001/franka_cube_seed_sweep600_c7e66a0_20260612_092951/success_rate_plot_means.csv
No prior baseline,590,0.1537109375,0.3217490755436917,0.0,0.728515625,5,/home/lzha/code/DEXTRAH/cluster_results/a1001/franka_cube_seed_sweep600_c7e66a0_20260612_092951/success_rate_plot_means.csv
No prior baseline,591,0.179296875,0.37596584552501944,0.0,0.85107421875,5,/home/lzha/code/DEXTRAH/cluster_results/a1001/franka_cube_seed_sweep600_c7e66a0_20260612_092951/success_rate_plot_means.csv
No prior baseline,592,0.1849609375,0.3766442491111324,0.0,0.85693359375,5,/home/lzha/code/DEXTRAH/cluster_results/a1001/franka_cube_seed_sweep600_c7e66a0_20260612_092951/success_rate_plot_means.csv
No prior baseline,593,0.18681640625,0.3715960827049185,0.0,0.8486328125,5,/home/lzha/code/DEXTRAH/cluster_results/a1001/franka_cube_seed_sweep600_c7e66a0_20260612_092951/success_rate_plot_means.csv
No prior baseline,594,0.18369140625,0.36567268386684204,0.00048828125,0.8349609375,5,/home/lzha/code/DEXTRAH/cluster_results/a1001/franka_cube_seed_sweep600_c7e66a0_20260612_092951/success_rate_plot_means.csv
No prior baseline,595,0.1845703125,0.36559045742569646,0.0,0.83544921875,5,/home/lzha/code/DEXTRAH/cluster_results/a1001/franka_cube_seed_sweep600_c7e66a0_20260612_092951/success_rate_plot_means.csv
No prior baseline,596,0.1853515625,0.36691023727237565,0.0,0.83837890625,5,/home/lzha/code/DEXTRAH/cluster_results/a1001/franka_cube_seed_sweep600_c7e66a0_20260612_092951/success_rate_plot_means.csv
No prior baseline,597,0.18916015625,0.3710813178941393,0.0,0.84912109375,5,/home/lzha/code/DEXTRAH/cluster_results/a1001/franka_cube_seed_sweep600_c7e66a0_20260612_092951/success_rate_plot_means.csv
No prior baseline,598,0.188671875,0.36720805009191604,0.0,0.84130859375,5,/home/lzha/code/DEXTRAH/cluster_results/a1001/franka_cube_seed_sweep600_c7e66a0_20260612_092951/success_rate_plot_means.csv
No prior baseline,599,0.19267578125,0.3711784828222529,0.0,0.8515625,5,/home/lzha/code/DEXTRAH/cluster_results/a1001/franka_cube_seed_sweep600_c7e66a0_20260612_092951/success_rate_plot_means.csv
No prior baseline,600,0.17939453125,0.35623482119699074,0.0,0.81396484375,5,/home/lzha/code/DEXTRAH/cluster_results/a1001/franka_cube_seed_sweep600_c7e66a0_20260612_092951/success_rate_plot_means.csv
Tracking loss,1,7.62939453125e-06,1.1819407184470877e-05,0.0,3.0517578125e-05,5,/home/lzha/code/.codex-worktrees/DEXTRAH/franka-cube-traj-tracking/worklogs/franka-cube-grasp-prior/reward_success_comparison_20260612/training_curves.csv
Tracking loss,2,0.0,0.0,0.0,0.0,5,/home/lzha/code/.codex-worktrees/DEXTRAH/franka-cube-traj-tracking/worklogs/franka-cube-grasp-prior/reward_success_comparison_20260612/training_curves.csv
Tracking loss,3,0.0,0.0,0.0,0.0,5,/home/lzha/code/.codex-worktrees/DEXTRAH/franka-cube-traj-tracking/worklogs/franka-cube-grasp-prior/reward_success_comparison_20260612/training_curves.csv
Tracking loss,4,0.0,0.0,0.0,0.0,5,/home/lzha/code/.codex-worktrees/DEXTRAH/franka-cube-traj-tracking/worklogs/franka-cube-grasp-prior/reward_success_comparison_20260612/training_curves.csv
Tracking loss,5,0.0,0.0,0.0,0.0,5,/home/lzha/code/.codex-worktrees/DEXTRAH/franka-cube-traj-tracking/worklogs/franka-cube-grasp-prior/reward_success_comparison_20260612/training_curves.csv
Tracking loss,6,0.0,0.0,0.0,0.0,5,/home/lzha/code/.codex-worktrees/DEXTRAH/franka-cube-traj-tracking/worklogs/franka-cube-grasp-prior/reward_success_comparison_20260612/training_curves.csv
Tracking loss,7,0.0,0.0,0.0,0.0,5,/home/lzha/code/.codex-worktrees/DEXTRAH/franka-cube-traj-tracking/worklogs/franka-cube-grasp-prior/reward_success_comparison_20260612/training_curves.csv
Tracking loss,8,0.0,0.0,0.0,0.0,5,/home/lzha/code/.codex-worktrees/DEXTRAH/franka-cube-traj-tracking/worklogs/franka-cube-grasp-prior/reward_success_comparison_20260612/training_curves.csv
Tracking loss,9,0.0,0.0,0.0,0.0,5,/home/lzha/code/.codex-worktrees/DEXTRAH/franka-cube-traj-tracking/worklogs/franka-cube-grasp-prior/reward_success_comparison_20260612/training_curves.csv
Tracking loss,10,5.645751953125e-05,3.293919852435746e-05,2.288818359375e-05,0.00011444091796875,5,/home/lzha/code/.codex-worktrees/DEXTRAH/franka-cube-traj-tracking/worklogs/franka-cube-grasp-prior/reward_success_comparison_20260612/training_curves.csv
Tracking loss,11,1.52587890625e-06,3.0517578125e-06,0.0,7.62939453125e-06,5,/home/lzha/code/.codex-worktrees/DEXTRAH/franka-cube-traj-tracking/worklogs/franka-cube-grasp-prior/reward_success_comparison_20260612/training_curves.csv
Tracking loss,12,0.0,0.0,0.0,0.0,5,/home/lzha/code/.codex-worktrees/DEXTRAH/franka-cube-traj-tracking/worklogs/franka-cube-grasp-prior/reward_success_comparison_20260612/training_curves.csv
Tracking loss,13,0.0,0.0,0.0,0.0,5,/home/lzha/code/.codex-worktrees/DEXTRAH/franka-cube-traj-tracking/worklogs/franka-cube-grasp-prior/reward_success_comparison_20260612/training_curves.csv
Tracking loss,14,4.57763671875e-06,9.1552734375e-06,0.0,2.288818359375e-05,5,/home/lzha/code/.codex-worktrees/DEXTRAH/franka-cube-traj-tracking/worklogs/franka-cube-grasp-prior/reward_success_comparison_20260612/training_curves.csv
Tracking loss,15,4.57763671875e-06,9.1552734375e-06,0.0,2.288818359375e-05,5,/home/lzha/code/.codex-worktrees/DEXTRAH/franka-cube-traj-tracking/worklogs/franka-cube-grasp-prior/reward_success_comparison_20260612/training_curves.csv
Tracking loss,16,0.0,0.0,0.0,0.0,5,/home/lzha/code/.codex-worktrees/DEXTRAH/franka-cube-traj-tracking/worklogs/franka-cube-grasp-prior/reward_success_comparison_20260612/training_curves.csv
Tracking loss,17,4.57763671875e-06,6.103515625e-06,0.0,1.52587890625e-05,5,/home/lzha/code/.codex-worktrees/DEXTRAH/franka-cube-traj-tracking/worklogs/franka-cube-grasp-prior/reward_success_comparison_20260612/training_curves.csv
Tracking loss,18,0.0,0.0,0.0,0.0,5,/home/lzha/code/.codex-worktrees/DEXTRAH/franka-cube-traj-tracking/worklogs/franka-cube-grasp-prior/reward_success_comparison_20260612/training_curves.csv
Tracking loss,19,4.425048828125e-05,5.2282231747472576e-05,0.0,0.00014495849609375,5,/home/lzha/code/.codex-worktrees/DEXTRAH/franka-cube-traj-tracking/worklogs/franka-cube-grasp-prior/reward_success_comparison_20260612/training_curves.csv
Tracking loss,20,0.0,0.0,0.0,0.0,5,/home/lzha/code/.codex-worktrees/DEXTRAH/franka-cube-traj-tracking/worklogs/franka-cube-grasp-prior/reward_success_comparison_20260612/training_curves.csv
Tracking loss,21,1.52587890625e-06,3.0517578125e-06,0.0,7.62939453125e-06,5,/home/lzha/code/.codex-worktrees/DEXTRAH/franka-cube-traj-tracking/worklogs/franka-cube-grasp-prior/reward_success_comparison_20260612/training_curves.csv
Tracking loss,22,1.983642578125e-05,3.96728515625e-05,0.0,9.918212890625e-05,5,/home/lzha/code/.codex-worktrees/DEXTRAH/franka-cube-traj-tracking/worklogs/franka-cube-grasp-prior/reward_success_comparison_20260612/training_curves.csv
Tracking loss,23,2.593994140625e-05,5.18798828125e-05,0.0,0.00012969970703125,5,/home/lzha/code/.codex-worktrees/DEXTRAH/franka-cube-traj-tracking/worklogs/franka-cube-grasp-prior/reward_success_comparison_20260612/training_curves.csv
Tracking loss,24,1.678466796875e-05,3.35693359375e-05,0.0,8.392333984375e-05,5,/home/lzha/code/.codex-worktrees/DEXTRAH/franka-cube-traj-tracking/worklogs/franka-cube-grasp-prior/reward_success_comparison_20260612/training_curves.csv
Tracking loss,25,4.57763671875e-06,9.1552734375e-06,0.0,2.288818359375e-05,5,/home/lzha/code/.codex-worktrees/DEXTRAH/franka-cube-traj-tracking/worklogs/franka-cube-grasp-prior/reward_success_comparison_20260612/training_curves.csv
Tracking loss,26,5.950927734375e-05,0.0001190185546875,0.0,0.00029754638671875,5,/home/lzha/code/.codex-worktrees/DEXTRAH/franka-cube-traj-tracking/worklogs/franka-cube-grasp-prior/reward_success_comparison_20260612/training_curves.csv
Tracking loss,27,4.119873046875e-05,8.23974609375e-05,0.0,0.00020599365234375,5,/home/lzha/code/.codex-worktrees/DEXTRAH/franka-cube-traj-tracking/worklogs/franka-cube-grasp-prior/reward_success_comparison_20260612/training_curves.csv
Tracking loss,28,0.0,0.0,0.0,0.0,5,/home/lzha/code/.codex-worktrees/DEXTRAH/franka-cube-traj-tracking/worklogs/franka-cube-grasp-prior/reward_success_comparison_20260612/training_curves.csv
Tracking loss,29,2.899169921875e-05,3.961412043990225e-05,0.0,0.0001068115234375,5,/home/lzha/code/.codex-worktrees/DEXTRAH/franka-cube-traj-tracking/worklogs/franka-cube-grasp-prior/reward_success_comparison_20260612/training_curves.csv
Tracking loss,30,2.593994140625e-05,3.756266365079093e-05,0.0,9.918212890625e-05,5,/home/lzha/code/.codex-worktrees/DEXTRAH/franka-cube-traj-tracking/worklogs/franka-cube-grasp-prior/reward_success_comparison_20260612/training_curves.csv
Tracking loss,31,5.18798828125e-05,5.858262274308003e-05,0.0,0.00016021728515625,5,/home/lzha/code/.codex-worktrees/DEXTRAH/franka-cube-traj-tracking/worklogs/franka-cube-grasp-prior/reward_success_comparison_20260612/training_curves.csv
Tracking loss,32,0.000128173828125,0.0002063832307869002,0.0,0.0005340576171875,5,/home/lzha/code/.codex-worktrees/DEXTRAH/franka-cube-traj-tracking/worklogs/franka-cube-grasp-prior/reward_success_comparison_20260612/training_curves.csv
Tracking loss,33,7.62939453125e-06,1.52587890625e-05,0.0,3.814697265625e-05,5,/home/lzha/code/.codex-worktrees/DEXTRAH/franka-cube-traj-tracking/worklogs/franka-cube-grasp-prior/reward_success_comparison_20260612/training_curves.csv
Tracking loss,34,7.781982421875e-05,0.0001556396484375,0.0,0.00038909912109375,5,/home/lzha/code/.codex-worktrees/DEXTRAH/franka-cube-traj-tracking/worklogs/franka-cube-grasp-prior/reward_success_comparison_20260612/training_curves.csv
Tracking loss,35,8.392333984375e-05,0.0001678466796875,0.0,0.00041961669921875,5,/home/lzha/code/.codex-worktrees/DEXTRAH/franka-cube-traj-tracking/worklogs/franka-cube-grasp-prior/reward_success_comparison_20260612/training_curves.csv
Tracking loss,36,7.476806640625e-05,0.00010707278315947775,0.0,0.000274658203125,5,/home/lzha/code/.codex-worktrees/DEXTRAH/franka-cube-traj-tracking/worklogs/franka-cube-grasp-prior/reward_success_comparison_20260612/training_curves.csv
Tracking loss,37,5.645751953125e-05,0.0001129150390625,0.0,0.00028228759765625,5,/home/lzha/code/.codex-worktrees/DEXTRAH/franka-cube-traj-tracking/worklogs/franka-cube-grasp-prior/reward_success_comparison_20260612/training_curves.csv
Tracking loss,38,7.171630859375e-05,0.00010242728544212897,7.62939453125e-06,0.000274658203125,5,/home/lzha/code/.codex-worktrees/DEXTRAH/franka-cube-traj-tracking/worklogs/franka-cube-grasp-prior/reward_success_comparison_20260612/training_curves.csv
Tracking loss,39,2.44140625e-05,4.8828125e-05,0.0,0.0001220703125,5,/home/lzha/code/.codex-worktrees/DEXTRAH/franka-cube-traj-tracking/worklogs/franka-cube-grasp-prior/reward_success_comparison_20260612/training_curves.csv
Tracking loss,40,8.697509765625e-05,0.0001739501953125,0.0,0.00043487548828125,5,/home/lzha/code/.codex-worktrees/DEXTRAH/franka-cube-traj-tracking/worklogs/franka-cube-grasp-prior/reward_success_comparison_20260612/training_curves.csv
Tracking loss,41,9.46044921875e-05,0.000189208984375,0.0,0.0004730224609375,5,/home/lzha/code/.codex-worktrees/DEXTRAH/franka-cube-traj-tracking/worklogs/franka-cube-grasp-prior/reward_success_comparison_20260612/training_curves.csv
Tracking loss,42,9.918212890625e-05,0.00017636942476562367,0.0,0.00045013427734375,5,/home/lzha/code/.codex-worktrees/DEXTRAH/franka-cube-traj-tracking/worklogs/franka-cube-grasp-prior/reward_success_comparison_20260612/training_curves.csv
Tracking loss,43,3.814697265625e-05,7.62939453125e-05,0.0,0.00019073486328125,5,/home/lzha/code/.codex-worktrees/DEXTRAH/franka-cube-traj-tracking/worklogs/franka-cube-grasp-prior/reward_success_comparison_20260612/training_curves.csv
Tracking loss,44,5.035400390625e-05,6.038317546816827e-05,0.0,0.00014495849609375,5,/home/lzha/code/.codex-worktrees/DEXTRAH/franka-cube-traj-tracking/worklogs/franka-cube-grasp-prior/reward_success_comparison_20260612/training_curves.csv
Tracking loss,45,2.74658203125e-05,5.4931640625e-05,0.0,0.0001373291015625,5,/home/lzha/code/.codex-worktrees/DEXTRAH/franka-cube-traj-tracking/worklogs/franka-cube-grasp-prior/reward_success_comparison_20260612/training_curves.csv
Tracking loss,46,2.288818359375e-05,4.57763671875e-05,0.0,0.00011444091796875,5,/home/lzha/code/.codex-worktrees/DEXTRAH/franka-cube-traj-tracking/worklogs/franka-cube-grasp-prior/reward_success_comparison_20260612/training_curves.csv
Tracking loss,47,4.425048828125e-05,2.2321684018444508e-05,2.288818359375e-05,8.392333984375e-05,5,/home/lzha/code/.codex-worktrees/DEXTRAH/franka-cube-traj-tracking/worklogs/franka-cube-grasp-prior/reward_success_comparison_20260612/training_curves.csv
Tracking loss,48,2.44140625e-05,4.51103073092483e-05,0.0,0.00011444091796875,5,/home/lzha/code/.codex-worktrees/DEXTRAH/franka-cube-traj-tracking/worklogs/franka-cube-grasp-prior/reward_success_comparison_20260612/training_curves.csv
Tracking loss,49,3.0517578125e-06,6.103515625e-06,0.0,1.52587890625e-05,5,/home/lzha/code/.codex-worktrees/DEXTRAH/franka-cube-traj-tracking/worklogs/franka-cube-grasp-prior/reward_success_comparison_20260612/training_curves.csv
Tracking loss,50,9.002685546875e-05,7.875664001809045e-05,0.0,0.00018310546875,5,/home/lzha/code/.codex-worktrees/DEXTRAH/franka-cube-traj-tracking/worklogs/franka-cube-grasp-prior/reward_success_comparison_20260612/training_curves.csv
Tracking loss,51,0.00010986328125,0.00011072877536942588,0.0,0.00029754638671875,5,/home/lzha/code/.codex-worktrees/DEXTRAH/franka-cube-traj-tracking/worklogs/franka-cube-grasp-prior/reward_success_comparison_20260612/training_curves.csv
Tracking loss,52,5.4931640625e-05,0.00010608974179546324,0.0,0.00026702880859375,5,/home/lzha/code/.codex-worktrees/DEXTRAH/franka-cube-traj-tracking/worklogs/franka-cube-grasp-prior/reward_success_comparison_20260612/training_curves.csv
Tracking loss,53,4.730224609375e-05,5.917577950947667e-05,0.0,0.0001373291015625,5,/home/lzha/code/.codex-worktrees/DEXTRAH/franka-cube-traj-tracking/worklogs/franka-cube-grasp-prior/reward_success_comparison_20260612/training_curves.csv
Tracking loss,54,5.79833984375e-05,7.327396974818707e-05,0.0,0.0001983642578125,5,/home/lzha/code/.codex-worktrees/DEXTRAH/franka-cube-traj-tracking/worklogs/franka-cube-grasp-prior/reward_success_comparison_20260612/training_curves.csv
Tracking loss,55,0.000103759765625,0.00010445307061843769,0.0,0.00028228759765625,5,/home/lzha/code/.codex-worktrees/DEXTRAH/franka-cube-traj-tracking/worklogs/franka-cube-grasp-prior/reward_success_comparison_20260612/training_curves.csv
Tracking loss,56,2.593994140625e-05,5.18798828125e-05,0.0,0.00012969970703125,5,/home/lzha/code/.codex-worktrees/DEXTRAH/franka-cube-traj-tracking/worklogs/franka-cube-grasp-prior/reward_success_comparison_20260612/training_curves.csv
Tracking loss,57,5.4931640625e-05,6.640641829525434e-05,0.0,0.00018310546875,5,/home/lzha/code/.codex-worktrees/DEXTRAH/franka-cube-traj-tracking/worklogs/franka-cube-grasp-prior/reward_success_comparison_20260612/training_curves.csv
Tracking loss,58,9.1552734375e-06,1.220703125e-05,0.0,3.0517578125e-05,5,/home/lzha/code/.codex-worktrees/DEXTRAH/franka-cube-traj-tracking/worklogs/franka-cube-grasp-prior/reward_success_comparison_20260612/training_curves.csv
Tracking loss,59,4.119873046875e-05,6.430452730012658e-05,0.0,0.0001678466796875,5,/home/lzha/code/.codex-worktrees/DEXTRAH/franka-cube-traj-tracking/worklogs/franka-cube-grasp-prior/reward_success_comparison_20260612/training_curves.csv
Tracking loss,60,0.000128173828125,0.00011654758577837103,0.0,0.0002899169921875,5,/home/lzha/code/.codex-worktrees/DEXTRAH/franka-cube-traj-tracking/worklogs/franka-cube-grasp-prior/reward_success_comparison_20260612/training_curves.csv
Tracking loss,61,0.000140380859375,0.0001234548254771044,0.0,0.00030517578125,5,/home/lzha/code/.codex-worktrees/DEXTRAH/franka-cube-traj-tracking/worklogs/franka-cube-grasp-prior/reward_success_comparison_20260612/training_curves.csv
Tracking loss,62,0.0002349853515625,0.00018230262223882944,0.0,0.00048065185546875,5,/home/lzha/code/.codex-worktrees/DEXTRAH/franka-cube-traj-tracking/worklogs/franka-cube-grasp-prior/reward_success_comparison_20260612/training_curves.csv
Tracking loss,63,0.000390625,0.00046298294112580274,0.0,0.001251220703125,5,/home/lzha/code/.codex-worktrees/DEXTRAH/franka-cube-traj-tracking/worklogs/franka-cube-grasp-prior/reward_success_comparison_20260612/training_curves.csv
Tracking loss,64,0.00052490234375,0.0008493185093531164,0.0,0.0022125244140625,5,/home/lzha/code/.codex-worktrees/DEXTRAH/franka-cube-traj-tracking/worklogs/franka-cube-grasp-prior/reward_success_comparison_20260612/training_curves.csv
Tracking loss,65,0.00052642822265625,0.0008387338712224526,0.0,0.002197265625,5,/home/lzha/code/.codex-worktrees/DEXTRAH/franka-cube-traj-tracking/worklogs/franka-cube-grasp-prior/reward_success_comparison_20260612/training_curves.csv
Tracking loss,66,0.0003173828125,0.0004577789304097578,1.52587890625e-05,0.00122833251953125,5,/home/lzha/code/.codex-worktrees/DEXTRAH/franka-cube-traj-tracking/worklogs/franka-cube-grasp-prior/reward_success_comparison_20260612/training_curves.csv
Tracking loss,67,0.0001708984375,0.00023523292875526303,0.0,0.00061798095703125,5,/home/lzha/code/.codex-worktrees/DEXTRAH/franka-cube-traj-tracking/worklogs/franka-cube-grasp-prior/reward_success_comparison_20260612/training_curves.csv
Tracking loss,68,0.00030364990234375,0.00039252178300256367,0.0,0.00099945068359375,5,/home/lzha/code/.codex-worktrees/DEXTRAH/franka-cube-traj-tracking/worklogs/franka-cube-grasp-prior/reward_success_comparison_20260612/training_curves.csv
Tracking loss,69,0.00060882568359375,0.0005923555462829125,0.0,0.00140380859375,5,/home/lzha/code/.codex-worktrees/DEXTRAH/franka-cube-traj-tracking/worklogs/franka-cube-grasp-prior/reward_success_comparison_20260612/training_curves.csv
Tracking loss,70,0.0007720947265625,0.0009726852696084409,0.0,0.00244903564453125,5,/home/lzha/code/.codex-worktrees/DEXTRAH/franka-cube-traj-tracking/worklogs/franka-cube-grasp-prior/reward_success_comparison_20260612/training_curves.csv
Tracking loss,71,0.000567626953125,0.000708287282573425,0.0,0.00170135498046875,5,/home/lzha/code/.codex-worktrees/DEXTRAH/franka-cube-traj-tracking/worklogs/franka-cube-grasp-prior/reward_success_comparison_20260612/training_curves.csv
Tracking loss,72,0.0001739501953125,0.0002174256973944931,0.0,0.0005035400390625,5,/home/lzha/code/.codex-worktrees/DEXTRAH/franka-cube-traj-tracking/worklogs/franka-cube-grasp-prior/reward_success_comparison_20260612/training_curves.csv
Tracking loss,73,0.00018768310546875,0.0002428305763526888,0.0,0.00060272216796875,5,/home/lzha/code/.codex-worktrees/DEXTRAH/franka-cube-traj-tracking/worklogs/franka-cube-grasp-prior/reward_success_comparison_20260612/training_curves.csv
Tracking loss,74,0.00030517578125,0.0004998505413670846,0.0,0.00128936767578125,5,/home/lzha/code/.codex-worktrees/DEXTRAH/franka-cube-traj-tracking/worklogs/franka-cube-grasp-prior/reward_success_comparison_20260612/training_curves.csv
Tracking loss,75,0.00020751953125,0.00033601918447241603,1.52587890625e-05,0.00087738037109375,5,/home/lzha/code/.codex-worktrees/DEXTRAH/franka-cube-traj-tracking/worklogs/franka-cube-grasp-prior/reward_success_comparison_20260612/training_curves.csv
Tracking loss,76,0.00017242431640625,0.0003335223655350159,0.0,0.0008392333984375,5,/home/lzha/code/.codex-worktrees/DEXTRAH/franka-cube-traj-tracking/worklogs/franka-cube-grasp-prior/reward_success_comparison_20260612/training_curves.csv
Tracking loss,77,0.000518798828125,0.000572011279195422,0.0,0.00140380859375,5,/home/lzha/code/.codex-worktrees/DEXTRAH/franka-cube-traj-tracking/worklogs/franka-cube-grasp-prior/reward_success_comparison_20260612/training_curves.csv
Tracking loss,78,0.00099029541015625,0.0012720779404659685,0.0,0.00333404541015625,5,/home/lzha/code/.codex-worktrees/DEXTRAH/franka-cube-traj-tracking/worklogs/franka-cube-grasp-prior/reward_success_comparison_20260612/training_curves.csv
Tracking loss,79,0.000970458984375,0.0010856218256544352,0.0,0.00274658203125,5,/home/lzha/code/.codex-worktrees/DEXTRAH/franka-cube-traj-tracking/worklogs/franka-cube-grasp-prior/reward_success_comparison_20260612/training_curves.csv
Tracking loss,80,0.0006500244140625,0.0007507944469105805,0.0,0.0019378662109375,5,/home/lzha/code/.codex-worktrees/DEXTRAH/franka-cube-traj-tracking/worklogs/franka-cube-grasp-prior/reward_success_comparison_20260612/training_curves.csv
Tracking loss,81,0.000482177734375,0.0005467545853606985,0.000152587890625,0.0015716552734375,5,/home/lzha/code/.codex-worktrees/DEXTRAH/franka-cube-traj-tracking/worklogs/franka-cube-grasp-prior/reward_success_comparison_20260612/training_curves.csv
Tracking loss,82,0.0003143310546875,0.0003889165711862891,2.288818359375e-05,0.0010833740234375,5,/home/lzha/code/.codex-worktrees/DEXTRAH/franka-cube-traj-tracking/worklogs/franka-cube-grasp-prior/reward_success_comparison_20260612/training_curves.csv
Tracking loss,83,0.00036773681640625,0.0003972973779912276,0.0,0.00112152099609375,5,/home/lzha/code/.codex-worktrees/DEXTRAH/franka-cube-traj-tracking/worklogs/franka-cube-grasp-prior/reward_success_comparison_20260612/training_curves.csv
Tracking loss,84,0.00024261474609375,0.000247239473355059,0.0,0.00070953369140625,5,/home/lzha/code/.codex-worktrees/DEXTRAH/franka-cube-traj-tracking/worklogs/franka-cube-grasp-prior/reward_success_comparison_20260612/training_curves.csv
Tracking loss,85,0.00031280517578125,0.00024034409227298485,1.52587890625e-05,0.00069427490234375,5,/home/lzha/code/.codex-worktrees/DEXTRAH/franka-cube-traj-tracking/worklogs/franka-cube-grasp-prior/reward_success_comparison_20260612/training_curves.csv
Tracking loss,86,0.00045928955078125,0.0003529500071972891,0.0,0.0009765625,5,/home/lzha/code/.codex-worktrees/DEXTRAH/franka-cube-traj-tracking/worklogs/franka-cube-grasp-prior/reward_success_comparison_20260612/training_curves.csv
Tracking loss,87,0.0007965087890625,0.0005350724523608156,0.0001068115234375,0.00142669677734375,5,/home/lzha/code/.codex-worktrees/DEXTRAH/franka-cube-traj-tracking/worklogs/franka-cube-grasp-prior/reward_success_comparison_20260612/training_curves.csv
Tracking loss,88,0.000506591796875,0.00032820942337614153,0.000213623046875,0.00109100341796875,5,/home/lzha/code/.codex-worktrees/DEXTRAH/franka-cube-traj-tracking/worklogs/franka-cube-grasp-prior/reward_success_comparison_20260612/training_curves.csv
Tracking loss,89,0.000384521484375,0.0002588872903064245,6.103515625e-05,0.00066375732421875,5,/home/lzha/code/.codex-worktrees/DEXTRAH/franka-cube-traj-tracking/worklogs/franka-cube-grasp-prior/reward_success_comparison_20260612/training_curves.csv
Tracking loss,90,0.000421142578125,0.00027079084717240664,9.1552734375e-05,0.00086212158203125,5,/home/lzha/code/.codex-worktrees/DEXTRAH/franka-cube-traj-tracking/worklogs/franka-cube-grasp-prior/reward_success_comparison_20260612/training_curves.csv
Tracking loss,91,0.0002838134765625,0.00034430131267529487,0.0,0.0009307861328125,5,/home/lzha/code/.codex-worktrees/DEXTRAH/franka-cube-traj-tracking/worklogs/franka-cube-grasp-prior/reward_success_comparison_20260612/training_curves.csv
Tracking loss,92,0.00019683837890625,0.00017875591608407557,0.0,0.000518798828125,5,/home/lzha/code/.codex-worktrees/DEXTRAH/franka-cube-traj-tracking/worklogs/franka-cube-grasp-prior/reward_success_comparison_20260612/training_curves.csv
Tracking loss,93,0.000128173828125,0.00014495046492966207,0.0,0.000396728515625,5,/home/lzha/code/.codex-worktrees/DEXTRAH/franka-cube-traj-tracking/worklogs/franka-cube-grasp-prior/reward_success_comparison_20260612/training_curves.csv
Tracking loss,94,0.000189208984375,0.00011534271965920568,7.62939453125e-06,0.000335693359375,5,/home/lzha/code/.codex-worktrees/DEXTRAH/franka-cube-traj-tracking/worklogs/franka-cube-grasp-prior/reward_success_comparison_20260612/training_curves.csv
Tracking loss,95,0.00030975341796875,0.00016940692174989772,5.340576171875e-05,0.00057220458984375,5,/home/lzha/code/.codex-worktrees/DEXTRAH/franka-cube-traj-tracking/worklogs/franka-cube-grasp-prior/reward_success_comparison_20260612/training_curves.csv
Tracking loss,96,0.0005523681640625,0.00037900817129541076,8.392333984375e-05,0.00116729736328125,5,/home/lzha/code/.codex-worktrees/DEXTRAH/franka-cube-traj-tracking/worklogs/franka-cube-grasp-prior/reward_success_comparison_20260612/training_curves.csv
Tracking loss,97,0.00078887939453125,0.00027838823259366955,0.000396728515625,0.00110626220703125,5,/home/lzha/code/.codex-worktrees/DEXTRAH/franka-cube-traj-tracking/worklogs/franka-cube-grasp-prior/reward_success_comparison_20260612/training_curves.csv
Tracking loss,98,0.0006378173828125,0.00038606847170089036,0.00016021728515625,0.00133514404296875,5,/home/lzha/code/.codex-worktrees/DEXTRAH/franka-cube-traj-tracking/worklogs/franka-cube-grasp-prior/reward_success_comparison_20260612/training_curves.csv
Tracking loss,99,0.00050048828125,0.00035796741896622895,0.00016021728515625,0.001129150390625,5,/home/lzha/code/.codex-worktrees/DEXTRAH/franka-cube-traj-tracking/worklogs/franka-cube-grasp-prior/reward_success_comparison_20260612/training_curves.csv
Tracking loss,100,0.0004241943359375,0.0002852455025610067,0.0,0.00087738037109375,5,/home/lzha/code/.codex-worktrees/DEXTRAH/franka-cube-traj-tracking/worklogs/franka-cube-grasp-prior/reward_success_comparison_20260612/training_curves.csv
Tracking loss,101,0.00044403076171875,0.00022971446858592302,0.00019073486328125,0.0008392333984375,5,/home/lzha/code/.codex-worktrees/DEXTRAH/franka-cube-traj-tracking/worklogs/franka-cube-grasp-prior/reward_success_comparison_20260612/training_curves.csv
Tracking loss,102,0.00044097900390625,0.0002677645764599429,7.62939453125e-06,0.000732421875,5,/home/lzha/code/.codex-worktrees/DEXTRAH/franka-cube-traj-tracking/worklogs/franka-cube-grasp-prior/reward_success_comparison_20260612/training_curves.csv
Tracking loss,103,0.00052490234375,0.00031265255065590083,0.0002593994140625,0.001068115234375,5,/home/lzha/code/.codex-worktrees/DEXTRAH/franka-cube-traj-tracking/worklogs/franka-cube-grasp-prior/reward_success_comparison_20260612/training_curves.csv
Tracking loss,104,0.00046539306640625,0.0003789897413784075,3.0517578125e-05,0.00107574462890625,5,/home/lzha/code/.codex-worktrees/DEXTRAH/franka-cube-traj-tracking/worklogs/franka-cube-grasp-prior/reward_success_comparison_20260612/training_curves.csv
Tracking loss,105,0.0008056640625,0.000482274299319868,3.0517578125e-05,0.0013275146484375,5,/home/lzha/code/.codex-worktrees/DEXTRAH/franka-cube-traj-tracking/worklogs/franka-cube-grasp-prior/reward_success_comparison_20260612/training_curves.csv
Tracking loss,106,0.00094757080078125,0.00045723948666159147,0.00028228759765625,0.00151824951171875,5,/home/lzha/code/.codex-worktrees/DEXTRAH/franka-cube-traj-tracking/worklogs/franka-cube-grasp-prior/reward_success_comparison_20260612/training_curves.csv
Tracking loss,107,0.0011138916015625,0.0005853888804288695,0.00019073486328125,0.00183868408203125,5,/home/lzha/code/.codex-worktrees/DEXTRAH/franka-cube-traj-tracking/worklogs/franka-cube-grasp-prior/reward_success_comparison_20260612/training_curves.csv
Tracking loss,108,0.00090484619140625,0.00045721911783199023,0.00054931640625,0.0017547607421875,5,/home/lzha/code/.codex-worktrees/DEXTRAH/franka-cube-traj-tracking/worklogs/franka-cube-grasp-prior/reward_success_comparison_20260612/training_curves.csv
Tracking loss,109,0.00076904296875,0.0003609405191303495,0.000396728515625,0.00141143798828125,5,/home/lzha/code/.codex-worktrees/DEXTRAH/franka-cube-traj-tracking/worklogs/franka-cube-grasp-prior/reward_success_comparison_20260612/training_curves.csv
Tracking loss,110,0.000714111328125,0.00019834078136318263,0.00038909912109375,0.00098419189453125,5,/home/lzha/code/.codex-worktrees/DEXTRAH/franka-cube-traj-tracking/worklogs/franka-cube-grasp-prior/reward_success_comparison_20260612/training_curves.csv
Tracking loss,111,0.0004852294921875,0.00012916905172771185,0.00023651123046875,0.00060272216796875,5,/home/lzha/code/.codex-worktrees/DEXTRAH/franka-cube-traj-tracking/worklogs/franka-cube-grasp-prior/reward_success_comparison_20260612/training_curves.csv
Tracking loss,112,0.00037078857421875,0.0001318451207106198,0.00023651123046875,0.00061798095703125,5,/home/lzha/code/.codex-worktrees/DEXTRAH/franka-cube-traj-tracking/worklogs/franka-cube-grasp-prior/reward_success_comparison_20260612/training_curves.csv
Tracking loss,113,0.0004241943359375,0.00016698442407598208,0.0001373291015625,0.0005950927734375,5,/home/lzha/code/.codex-worktrees/DEXTRAH/franka-cube-traj-tracking/worklogs/franka-cube-grasp-prior/reward_success_comparison_20260612/training_curves.csv
Tracking loss,114,0.00094757080078125,0.0006441016644041615,9.918212890625e-05,0.00177764892578125,5,/home/lzha/code/.codex-worktrees/DEXTRAH/franka-cube-traj-tracking/worklogs/franka-cube-grasp-prior/reward_success_comparison_20260612/training_curves.csv
Tracking loss,115,0.0013580322265625,0.001024125090244149,9.1552734375e-05,0.00262451171875,5,/home/lzha/code/.codex-worktrees/DEXTRAH/franka-cube-traj-tracking/worklogs/franka-cube-grasp-prior/reward_success_comparison_20260612/training_curves.csv
Tracking loss,116,0.0014007568359375,0.000777309134206212,0.0006866455078125,0.00264739990234375,5,/home/lzha/code/.codex-worktrees/DEXTRAH/franka-cube-traj-tracking/worklogs/franka-cube-grasp-prior/reward_success_comparison_20260612/training_curves.csv
Tracking loss,117,0.0011077880859375,0.0005717955080660479,0.000457763671875,0.00193023681640625,5,/home/lzha/code/.codex-worktrees/DEXTRAH/franka-cube-traj-tracking/worklogs/franka-cube-grasp-prior/reward_success_comparison_20260612/training_curves.csv
Tracking loss,118,0.00096588134765625,0.0006944777642972054,0.00046539306640625,0.00228118896484375,5,/home/lzha/code/.codex-worktrees/DEXTRAH/franka-cube-traj-tracking/worklogs/franka-cube-grasp-prior/reward_success_comparison_20260612/training_curves.csv
Tracking loss,119,0.00080108642578125,0.0007745244691900929,0.00026702880859375,0.0023345947265625,5,/home/lzha/code/.codex-worktrees/DEXTRAH/franka-cube-traj-tracking/worklogs/franka-cube-grasp-prior/reward_success_comparison_20260612/training_curves.csv
Tracking loss,120,0.00111236572265625,0.0009785917180183531,0.00037384033203125,0.00302886962890625,5,/home/lzha/code/.codex-worktrees/DEXTRAH/franka-cube-traj-tracking/worklogs/franka-cube-grasp-prior/reward_success_comparison_20260612/training_curves.csv
Tracking loss,121,0.001055908203125,0.0009824408990068412,0.0003662109375,0.00299835205078125,5,/home/lzha/code/.codex-worktrees/DEXTRAH/franka-cube-traj-tracking/worklogs/franka-cube-grasp-prior/reward_success_comparison_20260612/training_curves.csv
Tracking loss,122,0.00085906982421875,0.0007974027681121829,0.00031280517578125,0.00244140625,5,/home/lzha/code/.codex-worktrees/DEXTRAH/franka-cube-traj-tracking/worklogs/franka-cube-grasp-prior/reward_success_comparison_20260612/training_curves.csv
Tracking loss,123,0.0009613037109375,0.0007400748652206498,0.0002593994140625,0.002105712890625,5,/home/lzha/code/.codex-worktrees/DEXTRAH/franka-cube-traj-tracking/worklogs/franka-cube-grasp-prior/reward_success_comparison_20260612/training_curves.csv
Tracking loss,124,0.0013702392578125,0.0008482102679931884,0.00035858154296875,0.00273895263671875,5,/home/lzha/code/.codex-worktrees/DEXTRAH/franka-cube-traj-tracking/worklogs/franka-cube-grasp-prior/reward_success_comparison_20260612/training_curves.csv
Tracking loss,125,0.001495361328125,0.0006422663398945649,0.00063323974609375,0.0025177001953125,5,/home/lzha/code/.codex-worktrees/DEXTRAH/franka-cube-traj-tracking/worklogs/franka-cube-grasp-prior/reward_success_comparison_20260612/training_curves.csv
Tracking loss,126,0.0016265869140625,0.0007059296989347617,0.00093841552734375,0.00293731689453125,5,/home/lzha/code/.codex-worktrees/DEXTRAH/franka-cube-traj-tracking/worklogs/franka-cube-grasp-prior/reward_success_comparison_20260612/training_curves.csv
Tracking loss,127,0.0016937255859375,0.0004807850486647456,0.0010833740234375,0.0025634765625,5,/home/lzha/code/.codex-worktrees/DEXTRAH/franka-cube-traj-tracking/worklogs/franka-cube-grasp-prior/reward_success_comparison_20260612/training_curves.csv
Tracking loss,128,0.00145416259765625,0.0003481746730088559,0.00093841552734375,0.00202178955078125,5,/home/lzha/code/.codex-worktrees/DEXTRAH/franka-cube-traj-tracking/worklogs/franka-cube-grasp-prior/reward_success_comparison_20260612/training_curves.csv
Tracking loss,129,0.00120697021484375,0.0004005657371364003,0.00084686279296875,0.00196075439453125,5,/home/lzha/code/.codex-worktrees/DEXTRAH/franka-cube-traj-tracking/worklogs/franka-cube-grasp-prior/reward_success_comparison_20260612/training_curves.csv
Tracking loss,130,0.0009735107421875,0.00030128284839150336,0.0006561279296875,0.0015106201171875,5,/home/lzha/code/.codex-worktrees/DEXTRAH/franka-cube-traj-tracking/worklogs/franka-cube-grasp-prior/reward_success_comparison_20260612/training_curves.csv
Tracking loss,131,0.000830078125,0.00045206721752494674,0.000335693359375,0.00164794921875,5,/home/lzha/code/.codex-worktrees/DEXTRAH/franka-cube-traj-tracking/worklogs/franka-cube-grasp-prior/reward_success_comparison_20260612/training_curves.csv
Tracking loss,132,0.00059051513671875,0.0004103337766559467,0.00018310546875,0.0013580322265625,5,/home/lzha/code/.codex-worktrees/DEXTRAH/franka-cube-traj-tracking/worklogs/franka-cube-grasp-prior/reward_success_comparison_20260612/training_curves.csv
Tracking loss,133,0.0013458251953125,0.0009062436202252204,0.000152587890625,0.002471923828125,5,/home/lzha/code/.codex-worktrees/DEXTRAH/franka-cube-traj-tracking/worklogs/franka-cube-grasp-prior/reward_success_comparison_20260612/training_curves.csv
Tracking loss,134,0.00125579833984375,0.0007943163400131431,9.918212890625e-05,0.0020599365234375,5,/home/lzha/code/.codex-worktrees/DEXTRAH/franka-cube-traj-tracking/worklogs/franka-cube-grasp-prior/reward_success_comparison_20260612/training_curves.csv
Tracking loss,135,0.0014404296875,0.0005934158564513242,0.00057220458984375,0.00228118896484375,5,/home/lzha/code/.codex-worktrees/DEXTRAH/franka-cube-traj-tracking/worklogs/franka-cube-grasp-prior/reward_success_comparison_20260612/training_curves.csv
Tracking loss,136,0.00131683349609375,0.0006468106912813765,0.00032806396484375,0.00212860107421875,5,/home/lzha/code/.codex-worktrees/DEXTRAH/franka-cube-traj-tracking/worklogs/franka-cube-grasp-prior/reward_success_comparison_20260612/training_curves.csv
Tracking loss,137,0.0010009765625,0.0006048988921528971,8.392333984375e-05,0.0016937255859375,5,/home/lzha/code/.codex-worktrees/DEXTRAH/franka-cube-traj-tracking/worklogs/franka-cube-grasp-prior/reward_success_comparison_20260612/training_curves.csv
Tracking loss,138,0.00087890625,0.0004842448290375007,0.0003204345703125,0.00162506103515625,5,/home/lzha/code/.codex-worktrees/DEXTRAH/franka-cube-traj-tracking/worklogs/franka-cube-grasp-prior/reward_success_comparison_20260612/training_curves.csv
Tracking loss,139,0.000909423828125,0.0005892224418486037,0.0002899169921875,0.00191497802734375,5,/home/lzha/code/.codex-worktrees/DEXTRAH/franka-cube-traj-tracking/worklogs/franka-cube-grasp-prior/reward_success_comparison_20260612/training_curves.csv
Tracking loss,140,0.00090179443359375,0.0006652097048975799,0.000274658203125,0.002105712890625,5,/home/lzha/code/.codex-worktrees/DEXTRAH/franka-cube-traj-tracking/worklogs/franka-cube-grasp-prior/reward_success_comparison_20260612/training_curves.csv
Tracking loss,141,0.00071563720703125,0.00030389133995372563,0.0002899169921875,0.00118255615234375,5,/home/lzha/code/.codex-worktrees/DEXTRAH/franka-cube-traj-tracking/worklogs/franka-cube-grasp-prior/reward_success_comparison_20260612/training_curves.csv
Tracking loss,142,0.0017120361328125,0.0006038818791198406,0.00084686279296875,0.00262451171875,5,/home/lzha/code/.codex-worktrees/DEXTRAH/franka-cube-traj-tracking/worklogs/franka-cube-grasp-prior/reward_success_comparison_20260612/training_curves.csv
Tracking loss,143,0.0021148681640625,0.0007706277654803945,0.00135040283203125,0.003448486328125,5,/home/lzha/code/.codex-worktrees/DEXTRAH/franka-cube-traj-tracking/worklogs/franka-cube-grasp-prior/reward_success_comparison_20260612/training_curves.csv
Tracking loss,144,0.00213775634765625,0.0008420225093286667,0.00072479248046875,0.0032806396484375,5,/home/lzha/code/.codex-worktrees/DEXTRAH/franka-cube-traj-tracking/worklogs/franka-cube-grasp-prior/reward_success_comparison_20260612/training_curves.csv
Tracking loss,145,0.0016845703125,0.0005893014663442581,0.00086212158203125,0.0027008056640625,5,/home/lzha/code/.codex-worktrees/DEXTRAH/franka-cube-traj-tracking/worklogs/franka-cube-grasp-prior/reward_success_comparison_20260612/training_curves.csv
Tracking loss,146,0.00137786865234375,0.0002548537548353633,0.001007080078125,0.001708984375,5,/home/lzha/code/.codex-worktrees/DEXTRAH/franka-cube-traj-tracking/worklogs/franka-cube-grasp-prior/reward_success_comparison_20260612/training_curves.csv
Tracking loss,147,0.0010467529296875,0.0005205327398404006,0.00042724609375,0.0018463134765625,5,/home/lzha/code/.codex-worktrees/DEXTRAH/franka-cube-traj-tracking/worklogs/franka-cube-grasp-prior/reward_success_comparison_20260612/training_curves.csv
Tracking loss,148,0.00094757080078125,0.0007710657311772468,6.866455078125e-05,0.00218963623046875,5,/home/lzha/code/.codex-worktrees/DEXTRAH/franka-cube-traj-tracking/worklogs/franka-cube-grasp-prior/reward_success_comparison_20260612/training_curves.csv
Tracking loss,149,0.00093841552734375,0.0007602491629764323,9.918212890625e-05,0.00205230712890625,5,/home/lzha/code/.codex-worktrees/DEXTRAH/franka-cube-traj-tracking/worklogs/franka-cube-grasp-prior/reward_success_comparison_20260612/training_curves.csv
Tracking loss,150,0.00070343017578125,0.000541211846638924,9.918212890625e-05,0.001556396484375,5,/home/lzha/code/.codex-worktrees/DEXTRAH/franka-cube-traj-tracking/worklogs/franka-cube-grasp-prior/reward_success_comparison_20260612/training_curves.csv
Tracking loss,151,0.0008453369140625,0.00043500664055074606,0.00032806396484375,0.0014495849609375,5,/home/lzha/code/.codex-worktrees/DEXTRAH/franka-cube-traj-tracking/worklogs/franka-cube-grasp-prior/reward_success_comparison_20260612/training_curves.csv
Tracking loss,152,0.00151824951171875,0.0008385811785556497,0.00020599365234375,0.0028076171875,5,/home/lzha/code/.codex-worktrees/DEXTRAH/franka-cube-traj-tracking/worklogs/franka-cube-grasp-prior/reward_success_comparison_20260612/training_curves.csv
Tracking loss,153,0.00166473388671875,0.0004917119620224063,0.001068115234375,0.00238037109375,5,/home/lzha/code/.codex-worktrees/DEXTRAH/franka-cube-traj-tracking/worklogs/franka-cube-grasp-prior/reward_success_comparison_20260612/training_curves.csv
Tracking loss,154,0.001531982421875,0.00048376377826605675,0.00107574462890625,0.002471923828125,5,/home/lzha/code/.codex-worktrees/DEXTRAH/franka-cube-traj-tracking/worklogs/franka-cube-grasp-prior/reward_success_comparison_20260612/training_curves.csv
Tracking loss,155,0.001385498046875,0.00034596086581679757,0.0011138916015625,0.002044677734375,5,/home/lzha/code/.codex-worktrees/DEXTRAH/franka-cube-traj-tracking/worklogs/franka-cube-grasp-prior/reward_success_comparison_20260612/training_curves.csv
Tracking loss,156,0.00149078369140625,0.00045117016581422144,0.00092315673828125,0.0020599365234375,5,/home/lzha/code/.codex-worktrees/DEXTRAH/franka-cube-traj-tracking/worklogs/franka-cube-grasp-prior/reward_success_comparison_20260612/training_curves.csv
Tracking loss,157,0.0014678955078125,0.0006840738245644007,0.00055694580078125,0.002349853515625,5,/home/lzha/code/.codex-worktrees/DEXTRAH/franka-cube-traj-tracking/worklogs/franka-cube-grasp-prior/reward_success_comparison_20260612/training_curves.csv
Tracking loss,158,0.0013458251953125,0.000564587567168076,0.000457763671875,0.001922607421875,5,/home/lzha/code/.codex-worktrees/DEXTRAH/franka-cube-traj-tracking/worklogs/franka-cube-grasp-prior/reward_success_comparison_20260612/training_curves.csv
Tracking loss,159,0.00096588134765625,0.0004914561999820312,0.00038909912109375,0.00160980224609375,5,/home/lzha/code/.codex-worktrees/DEXTRAH/franka-cube-traj-tracking/worklogs/franka-cube-grasp-prior/reward_success_comparison_20260612/training_curves.csv
Tracking loss,160,0.00057830810546875,0.00020773259612975572,0.0003204345703125,0.00089263916015625,5,/home/lzha/code/.codex-worktrees/DEXTRAH/franka-cube-traj-tracking/worklogs/franka-cube-grasp-prior/reward_success_comparison_20260612/training_curves.csv
Tracking loss,161,0.00108795166015625,0.000389998649066028,0.00048828125,0.00154876708984375,5,/home/lzha/code/.codex-worktrees/DEXTRAH/franka-cube-traj-tracking/worklogs/franka-cube-grasp-prior/reward_success_comparison_20260612/training_curves.csv
Tracking loss,162,0.00113525390625,0.0004637868711306853,0.00060272216796875,0.0018463134765625,5,/home/lzha/code/.codex-worktrees/DEXTRAH/franka-cube-traj-tracking/worklogs/franka-cube-grasp-prior/reward_success_comparison_20260612/training_curves.csv
Tracking loss,163,0.0009918212890625,0.0007527703637396918,0.00016021728515625,0.00235748291015625,5,/home/lzha/code/.codex-worktrees/DEXTRAH/franka-cube-traj-tracking/worklogs/franka-cube-grasp-prior/reward_success_comparison_20260612/training_curves.csv
Tracking loss,164,0.00096435546875,0.0007955464948188558,0.00018310546875,0.002471923828125,5,/home/lzha/code/.codex-worktrees/DEXTRAH/franka-cube-traj-tracking/worklogs/franka-cube-grasp-prior/reward_success_comparison_20260612/training_curves.csv
Tracking loss,165,0.00089874267578125,0.0006076447547145063,0.00029754638671875,0.00200653076171875,5,/home/lzha/code/.codex-worktrees/DEXTRAH/franka-cube-traj-tracking/worklogs/franka-cube-grasp-prior/reward_success_comparison_20260612/training_curves.csv
Tracking loss,166,0.000897216796875,0.0006708246826320966,6.103515625e-05,0.00189971923828125,5,/home/lzha/code/.codex-worktrees/DEXTRAH/franka-cube-traj-tracking/worklogs/franka-cube-grasp-prior/reward_success_comparison_20260612/training_curves.csv
Tracking loss,167,0.00092315673828125,0.0006648175771203261,3.814697265625e-05,0.00170135498046875,5,/home/lzha/code/.codex-worktrees/DEXTRAH/franka-cube-traj-tracking/worklogs/franka-cube-grasp-prior/reward_success_comparison_20260612/training_curves.csv
Tracking loss,168,0.000909423828125,0.0007433614731807635,0.0,0.00157928466796875,5,/home/lzha/code/.codex-worktrees/DEXTRAH/franka-cube-traj-tracking/worklogs/franka-cube-grasp-prior/reward_success_comparison_20260612/training_curves.csv
Tracking loss,169,0.000775146484375,0.0005405704649943665,9.918212890625e-05,0.0013580322265625,5,/home/lzha/code/.codex-worktrees/DEXTRAH/franka-cube-traj-tracking/worklogs/franka-cube-grasp-prior/reward_success_comparison_20260612/training_curves.csv
Tracking loss,170,0.00120086669921875,0.0006854339082678923,0.00017547607421875,0.0020294189453125,5,/home/lzha/code/.codex-worktrees/DEXTRAH/franka-cube-traj-tracking/worklogs/franka-cube-grasp-prior/reward_success_comparison_20260612/training_curves.csv
Tracking loss,171,0.0014739990234375,0.0004271479902714262,0.00063323974609375,0.0017852783203125,5,/home/lzha/code/.codex-worktrees/DEXTRAH/franka-cube-traj-tracking/worklogs/franka-cube-grasp-prior/reward_success_comparison_20260612/training_curves.csv
Tracking loss,172,0.00169219970703125,0.0005256071459950507,0.00074005126953125,0.002349853515625,5,/home/lzha/code/.codex-worktrees/DEXTRAH/franka-cube-traj-tracking/worklogs/franka-cube-grasp-prior/reward_success_comparison_20260612/training_curves.csv
Tracking loss,173,0.0018096923828125,0.0003756700232176591,0.0013580322265625,0.00238037109375,5,/home/lzha/code/.codex-worktrees/DEXTRAH/franka-cube-traj-tracking/worklogs/franka-cube-grasp-prior/reward_success_comparison_20260612/training_curves.csv
Tracking loss,174,0.0015533447265625,0.0004180629748796391,0.001129150390625,0.00223541259765625,5,/home/lzha/code/.codex-worktrees/DEXTRAH/franka-cube-traj-tracking/worklogs/franka-cube-grasp-prior/reward_success_comparison_20260612/training_curves.csv
Tracking loss,175,0.00148162841796875,0.0004242766595448691,0.0008544921875,0.00215911865234375,5,/home/lzha/code/.codex-worktrees/DEXTRAH/franka-cube-traj-tracking/worklogs/franka-cube-grasp-prior/reward_success_comparison_20260612/training_curves.csv
Tracking loss,176,0.00139923095703125,0.0004664699415108763,0.00072479248046875,0.002044677734375,5,/home/lzha/code/.codex-worktrees/DEXTRAH/franka-cube-traj-tracking/worklogs/franka-cube-grasp-prior/reward_success_comparison_20260612/training_curves.csv
Tracking loss,177,0.00120849609375,0.0003298017032844763,0.000885009765625,0.00177764892578125,5,/home/lzha/code/.codex-worktrees/DEXTRAH/franka-cube-traj-tracking/worklogs/franka-cube-grasp-prior/reward_success_comparison_20260612/training_curves.csv
Tracking loss,178,0.0011474609375,0.0004768121331323874,0.000518798828125,0.00188446044921875,5,/home/lzha/code/.codex-worktrees/DEXTRAH/franka-cube-traj-tracking/worklogs/franka-cube-grasp-prior/reward_success_comparison_20260612/training_curves.csv
Tracking loss,179,0.00115966796875,0.0004649050295532273,0.00061798095703125,0.0017852783203125,5,/home/lzha/code/.codex-worktrees/DEXTRAH/franka-cube-traj-tracking/worklogs/franka-cube-grasp-prior/reward_success_comparison_20260612/training_curves.csv
Tracking loss,180,0.0016998291015625,0.0006227081717521464,0.00070953369140625,0.00232696533203125,5,/home/lzha/code/.codex-worktrees/DEXTRAH/franka-cube-traj-tracking/worklogs/franka-cube-grasp-prior/reward_success_comparison_20260612/training_curves.csv
Tracking loss,181,0.00133514404296875,0.0002684853204092135,0.0009918212890625,0.001708984375,5,/home/lzha/code/.codex-worktrees/DEXTRAH/franka-cube-traj-tracking/worklogs/franka-cube-grasp-prior/reward_success_comparison_20260612/training_curves.csv
Tracking loss,182,0.00122222900390625,0.0004039229446738729,0.00084686279296875,0.001953125,5,/home/lzha/code/.codex-worktrees/DEXTRAH/franka-cube-traj-tracking/worklogs/franka-cube-grasp-prior/reward_success_comparison_20260612/training_curves.csv
Tracking loss,183,0.0011627197265625,0.0005372437395744654,0.000457763671875,0.00191497802734375,5,/home/lzha/code/.codex-worktrees/DEXTRAH/franka-cube-traj-tracking/worklogs/franka-cube-grasp-prior/reward_success_comparison_20260612/training_curves.csv
Tracking loss,184,0.001123046875,0.0005768831356524664,0.000335693359375,0.0019073486328125,5,/home/lzha/code/.codex-worktrees/DEXTRAH/franka-cube-traj-tracking/worklogs/franka-cube-grasp-prior/reward_success_comparison_20260612/training_curves.csv
Tracking loss,185,0.00083160400390625,0.0003691239529836075,0.0002899169921875,0.0014190673828125,5,/home/lzha/code/.codex-worktrees/DEXTRAH/franka-cube-traj-tracking/worklogs/franka-cube-grasp-prior/reward_success_comparison_20260612/training_curves.csv
Tracking loss,186,0.00087738037109375,0.000479232873350918,0.0005340576171875,0.0018157958984375,5,/home/lzha/code/.codex-worktrees/DEXTRAH/franka-cube-traj-tracking/worklogs/franka-cube-grasp-prior/reward_success_comparison_20260612/training_curves.csv
Tracking loss,187,0.00068359375,0.0003850418687013635,8.392333984375e-05,0.001220703125,5,/home/lzha/code/.codex-worktrees/DEXTRAH/franka-cube-traj-tracking/worklogs/franka-cube-grasp-prior/reward_success_comparison_20260612/training_curves.csv
Tracking loss,188,0.00047607421875,0.00019651282542478192,0.0001983642578125,0.00078582763671875,5,/home/lzha/code/.codex-worktrees/DEXTRAH/franka-cube-traj-tracking/worklogs/franka-cube-grasp-prior/reward_success_comparison_20260612/training_curves.csv
Tracking loss,189,0.00124969482421875,0.00023358410269932285,0.00083160400390625,0.00152587890625,5,/home/lzha/code/.codex-worktrees/DEXTRAH/franka-cube-traj-tracking/worklogs/franka-cube-grasp-prior/reward_success_comparison_20260612/training_curves.csv
Tracking loss,190,0.0015411376953125,0.00024937735446497257,0.00133514404296875,0.0019989013671875,5,/home/lzha/code/.codex-worktrees/DEXTRAH/franka-cube-traj-tracking/worklogs/franka-cube-grasp-prior/reward_success_comparison_20260612/training_curves.csv
Tracking loss,191,0.001654052734375,0.00028290140588123835,0.0013580322265625,0.00218963623046875,5,/home/lzha/code/.codex-worktrees/DEXTRAH/franka-cube-traj-tracking/worklogs/franka-cube-grasp-prior/reward_success_comparison_20260612/training_curves.csv
Tracking loss,192,0.00164642333984375,0.00025227351849995815,0.00135040283203125,0.0020599365234375,5,/home/lzha/code/.codex-worktrees/DEXTRAH/franka-cube-traj-tracking/worklogs/franka-cube-grasp-prior/reward_success_comparison_20260612/training_curves.csv
Tracking loss,193,0.0014190673828125,0.0003280462215859505,0.00101470947265625,0.00188446044921875,5,/home/lzha/code/.codex-worktrees/DEXTRAH/franka-cube-traj-tracking/worklogs/franka-cube-grasp-prior/reward_success_comparison_20260612/training_curves.csv
Tracking loss,194,0.0013916015625,0.0006002661000697794,0.0006103515625,0.00205230712890625,5,/home/lzha/code/.codex-worktrees/DEXTRAH/franka-cube-traj-tracking/worklogs/franka-cube-grasp-prior/reward_success_comparison_20260612/training_curves.csv
Tracking loss,195,0.00138397216796875,0.0006215704761758598,0.00046539306640625,0.0021209716796875,5,/home/lzha/code/.codex-worktrees/DEXTRAH/franka-cube-traj-tracking/worklogs/franka-cube-grasp-prior/reward_success_comparison_20260612/training_curves.csv
Tracking loss,196,0.00140380859375,0.0006653776889164778,0.00048065185546875,0.00206756591796875,5,/home/lzha/code/.codex-worktrees/DEXTRAH/franka-cube-traj-tracking/worklogs/franka-cube-grasp-prior/reward_success_comparison_20260612/training_curves.csv
Tracking loss,197,0.00108489990234375,0.0005473291691028487,0.0003814697265625,0.0016937255859375,5,/home/lzha/code/.codex-worktrees/DEXTRAH/franka-cube-traj-tracking/worklogs/franka-cube-grasp-prior/reward_success_comparison_20260612/training_curves.csv
Tracking loss,198,0.00196533203125,0.001403846740204369,0.00054931640625,0.0045623779296875,5,/home/lzha/code/.codex-worktrees/DEXTRAH/franka-cube-traj-tracking/worklogs/franka-cube-grasp-prior/reward_success_comparison_20260612/training_curves.csv
Tracking loss,199,0.002044677734375,0.00142164918395412,0.00078582763671875,0.0046234130859375,5,/home/lzha/code/.codex-worktrees/DEXTRAH/franka-cube-traj-tracking/worklogs/franka-cube-grasp-prior/reward_success_comparison_20260612/training_curves.csv
Tracking loss,200,0.0021453857421875,0.001279150757926256,0.00096893310546875,0.00424957275390625,5,/home/lzha/code/.codex-worktrees/DEXTRAH/franka-cube-traj-tracking/worklogs/franka-cube-grasp-prior/reward_success_comparison_20260612/training_curves.csv
Tracking loss,201,0.00202484130859375,0.0010918258021690394,0.001068115234375,0.003662109375,5,/home/lzha/code/.codex-worktrees/DEXTRAH/franka-cube-traj-tracking/worklogs/franka-cube-grasp-prior/reward_success_comparison_20260612/training_curves.csv
Tracking loss,202,0.00196380615234375,0.0010443144663909165,0.00090789794921875,0.003448486328125,5,/home/lzha/code/.codex-worktrees/DEXTRAH/franka-cube-traj-tracking/worklogs/franka-cube-grasp-prior/reward_success_comparison_20260612/training_curves.csv
Tracking loss,203,0.00192108154296875,0.0011341232904595593,0.00070953369140625,0.00402069091796875,5,/home/lzha/code/.codex-worktrees/DEXTRAH/franka-cube-traj-tracking/worklogs/franka-cube-grasp-prior/reward_success_comparison_20260612/training_curves.csv
Tracking loss,204,0.00175018310546875,0.0009894780575652707,0.00051116943359375,0.00354766845703125,5,/home/lzha/code/.codex-worktrees/DEXTRAH/franka-cube-traj-tracking/worklogs/franka-cube-grasp-prior/reward_success_comparison_20260612/training_curves.csv
Tracking loss,205,0.00175323486328125,0.0012646526351328818,0.0002288818359375,0.00405120849609375,5,/home/lzha/code/.codex-worktrees/DEXTRAH/franka-cube-traj-tracking/worklogs/franka-cube-grasp-prior/reward_success_comparison_20260612/training_curves.csv
Tracking loss,206,0.00152435302734375,0.0009951889379088833,0.0001678466796875,0.00325775146484375,5,/home/lzha/code/.codex-worktrees/DEXTRAH/franka-cube-traj-tracking/worklogs/franka-cube-grasp-prior/reward_success_comparison_20260612/training_curves.csv
Tracking loss,207,0.0022247314453125,0.002545651725693843,0.000732421875,0.0073089599609375,5,/home/lzha/code/.codex-worktrees/DEXTRAH/franka-cube-traj-tracking/worklogs/franka-cube-grasp-prior/reward_success_comparison_20260612/training_curves.csv
Tracking loss,208,0.00865478515625,0.014812936296556325,0.000762939453125,0.03826904296875,5,/home/lzha/code/.codex-worktrees/DEXTRAH/franka-cube-traj-tracking/worklogs/franka-cube-grasp-prior/reward_success_comparison_20260612/training_curves.csv
Tracking loss,209,0.008087158203125,0.013765945542605445,0.00064849853515625,0.03560638427734375,5,/home/lzha/code/.codex-worktrees/DEXTRAH/franka-cube-traj-tracking/worklogs/franka-cube-grasp-prior/reward_success_comparison_20260612/training_curves.csv
Tracking loss,210,0.0070098876953125,0.011774234155611038,0.00096893310546875,0.03055572509765625,5,/home/lzha/code/.codex-worktrees/DEXTRAH/franka-cube-traj-tracking/worklogs/franka-cube-grasp-prior/reward_success_comparison_20260612/training_curves.csv
Tracking loss,211,0.00510406494140625,0.008440589195773647,0.000579833984375,0.02198028564453125,5,/home/lzha/code/.codex-worktrees/DEXTRAH/franka-cube-traj-tracking/worklogs/franka-cube-grasp-prior/reward_success_comparison_20260612/training_curves.csv
Tracking loss,212,0.00413818359375,0.006790309604350274,0.0003814697265625,0.01770782470703125,5,/home/lzha/code/.codex-worktrees/DEXTRAH/franka-cube-traj-tracking/worklogs/franka-cube-grasp-prior/reward_success_comparison_20260612/training_curves.csv
Tracking loss,213,0.00431365966796875,0.007509295817190672,0.00020599365234375,0.019317626953125,5,/home/lzha/code/.codex-worktrees/DEXTRAH/franka-cube-traj-tracking/worklogs/franka-cube-grasp-prior/reward_success_comparison_20260612/training_curves.csv
Tracking loss,214,0.00484771728515625,0.00818423269822886,0.0001983642578125,0.02120208740234375,5,/home/lzha/code/.codex-worktrees/DEXTRAH/franka-cube-traj-tracking/worklogs/franka-cube-grasp-prior/reward_success_comparison_20260612/training_curves.csv
Tracking loss,215,0.00577545166015625,0.010205828260385347,0.0002288818359375,0.02617645263671875,5,/home/lzha/code/.codex-worktrees/DEXTRAH/franka-cube-traj-tracking/worklogs/franka-cube-grasp-prior/reward_success_comparison_20260612/training_curves.csv
Tracking loss,216,0.00631561279296875,0.01105358665060092,0.00048065185546875,0.02841949462890625,5,/home/lzha/code/.codex-worktrees/DEXTRAH/franka-cube-traj-tracking/worklogs/franka-cube-grasp-prior/reward_success_comparison_20260612/training_curves.csv
Tracking loss,217,0.0245574951171875,0.04659453754963558,0.00090789794921875,0.11774444580078125,5,/home/lzha/code/.codex-worktrees/DEXTRAH/franka-cube-traj-tracking/worklogs/franka-cube-grasp-prior/reward_success_comparison_20260612/training_curves.csv
Tracking loss,218,0.03411865234375,0.06563622575210482,0.001007080078125,0.1653900146484375,5,/home/lzha/code/.codex-worktrees/DEXTRAH/franka-cube-traj-tracking/worklogs/franka-cube-grasp-prior/reward_success_comparison_20260612/training_curves.csv
Tracking loss,219,0.035943603515625,0.06892180835773193,0.00063323974609375,0.1737823486328125,5,/home/lzha/code/.codex-worktrees/DEXTRAH/franka-cube-traj-tracking/worklogs/franka-cube-grasp-prior/reward_success_comparison_20260612/training_curves.csv
Tracking loss,220,0.035479736328125,0.06813800332090252,0.00075531005859375,0.1717529296875,5,/home/lzha/code/.codex-worktrees/DEXTRAH/franka-cube-traj-tracking/worklogs/franka-cube-grasp-prior/reward_success_comparison_20260612/training_curves.csv
Tracking loss,221,0.0307952880859375,0.059058631763676886,0.00080108642578125,0.1489105224609375,5,/home/lzha/code/.codex-worktrees/DEXTRAH/franka-cube-traj-tracking/worklogs/franka-cube-grasp-prior/reward_success_comparison_20260612/training_curves.csv
Tracking loss,222,0.027923583984375,0.05320005877694523,0.00110626220703125,0.1343231201171875,5,/home/lzha/code/.codex-worktrees/DEXTRAH/franka-cube-traj-tracking/worklogs/franka-cube-grasp-prior/reward_success_comparison_20260612/training_curves.csv
Tracking loss,223,0.0264739990234375,0.050560319104257956,0.00098419189453125,0.127593994140625,5,/home/lzha/code/.codex-worktrees/DEXTRAH/franka-cube-traj-tracking/worklogs/franka-cube-grasp-prior/reward_success_comparison_20260612/training_curves.csv
Tracking loss,224,0.023834228515625,0.04554805940557034,0.000640869140625,0.11492919921875,5,/home/lzha/code/.codex-worktrees/DEXTRAH/franka-cube-traj-tracking/worklogs/franka-cube-grasp-prior/reward_success_comparison_20260612/training_curves.csv
Tracking loss,225,0.0200103759765625,0.03808407057563553,0.00043487548828125,0.0961761474609375,5,/home/lzha/code/.codex-worktrees/DEXTRAH/franka-cube-traj-tracking/worklogs/franka-cube-grasp-prior/reward_success_comparison_20260612/training_curves.csv
Tracking loss,226,0.02811279296875,0.05330742428717603,0.00131988525390625,0.13472747802734375,5,/home/lzha/code/.codex-worktrees/DEXTRAH/franka-cube-traj-tracking/worklogs/franka-cube-grasp-prior/reward_success_comparison_20260612/training_curves.csv
Tracking loss,227,0.05120391845703125,0.09861258174185757,0.0014190673828125,0.2484283447265625,5,/home/lzha/code/.codex-worktrees/DEXTRAH/franka-cube-traj-tracking/worklogs/franka-cube-grasp-prior/reward_success_comparison_20260612/training_curves.csv
Tracking loss,228,0.05292816162109375,0.10187768099627165,0.0017852783203125,0.256683349609375,5,/home/lzha/code/.codex-worktrees/DEXTRAH/franka-cube-traj-tracking/worklogs/franka-cube-grasp-prior/reward_success_comparison_20260612/training_curves.csv
Tracking loss,229,0.05167083740234375,0.10009550296979519,0.00131988525390625,0.251861572265625,5,/home/lzha/code/.codex-worktrees/DEXTRAH/franka-cube-traj-tracking/worklogs/franka-cube-grasp-prior/reward_success_comparison_20260612/training_curves.csv
Tracking loss,230,0.04781036376953125,0.09271414701767747,0.00127410888671875,0.23323822021484375,5,/home/lzha/code/.codex-worktrees/DEXTRAH/franka-cube-traj-tracking/worklogs/franka-cube-grasp-prior/reward_success_comparison_20260612/training_curves.csv
Tracking loss,231,0.04410247802734375,0.08526083542825913,0.00075531005859375,0.21462249755859375,5,/home/lzha/code/.codex-worktrees/DEXTRAH/franka-cube-traj-tracking/worklogs/franka-cube-grasp-prior/reward_success_comparison_20260612/training_curves.csv
Tracking loss,232,0.03876495361328125,0.07516215308530382,0.000396728515625,0.1890869140625,5,/home/lzha/code/.codex-worktrees/DEXTRAH/franka-cube-traj-tracking/worklogs/franka-cube-grasp-prior/reward_success_comparison_20260612/training_curves.csv
Tracking loss,233,0.03474578857421875,0.06723100112002536,0.0002899169921875,0.1692047119140625,5,/home/lzha/code/.codex-worktrees/DEXTRAH/franka-cube-traj-tracking/worklogs/franka-cube-grasp-prior/reward_success_comparison_20260612/training_curves.csv
Tracking loss,234,0.0323272705078125,0.0622979536797327,0.00054168701171875,0.15692138671875,5,/home/lzha/code/.codex-worktrees/DEXTRAH/franka-cube-traj-tracking/worklogs/franka-cube-grasp-prior/reward_success_comparison_20260612/training_curves.csv
Tracking loss,235,0.0299102783203125,0.057581578298981306,0.0009002685546875,0.14507293701171875,5,/home/lzha/code/.codex-worktrees/DEXTRAH/franka-cube-traj-tracking/worklogs/franka-cube-grasp-prior/reward_success_comparison_20260612/training_curves.csv
Tracking loss,236,0.0677764892578125,0.13291325609332716,0.001190185546875,0.3336029052734375,5,/home/lzha/code/.codex-worktrees/DEXTRAH/franka-cube-traj-tracking/worklogs/franka-cube-grasp-prior/reward_success_comparison_20260612/training_curves.csv
Tracking loss,237,0.0724639892578125,0.14194511272081062,0.00119781494140625,0.356353759765625,5,/home/lzha/code/.codex-worktrees/DEXTRAH/franka-cube-traj-tracking/worklogs/franka-cube-grasp-prior/reward_success_comparison_20260612/training_curves.csv
Tracking loss,238,0.07361297607421875,0.14448391258370571,0.0007781982421875,0.362579345703125,5,/home/lzha/code/.codex-worktrees/DEXTRAH/franka-cube-traj-tracking/worklogs/franka-cube-grasp-prior/reward_success_comparison_20260612/training_curves.csv
Tracking loss,239,0.07236328125,0.14227393638893507,0.00092315673828125,0.35691070556640625,5,/home/lzha/code/.codex-worktrees/DEXTRAH/franka-cube-traj-tracking/worklogs/franka-cube-grasp-prior/reward_success_comparison_20260612/training_curves.csv
Tracking loss,240,0.069390869140625,0.13656938324438056,0.00072479248046875,0.342529296875,5,/home/lzha/code/.codex-worktrees/DEXTRAH/franka-cube-traj-tracking/worklogs/franka-cube-grasp-prior/reward_success_comparison_20260612/training_curves.csv
Tracking loss,241,0.06854400634765626,0.13549747083730512,0.0005035400390625,0.33953857421875,5,/home/lzha/code/.codex-worktrees/DEXTRAH/franka-cube-traj-tracking/worklogs/franka-cube-grasp-prior/reward_success_comparison_20260612/training_curves.csv
Tracking loss,242,0.06884613037109374,0.13639158019538652,0.0003814697265625,0.3416290283203125,5,/home/lzha/code/.codex-worktrees/DEXTRAH/franka-cube-traj-tracking/worklogs/franka-cube-grasp-prior/reward_success_comparison_20260612/training_curves.csv
Tracking loss,243,0.07088470458984375,0.14076242768405678,0.000213623046875,0.35240936279296875,5,/home/lzha/code/.codex-worktrees/DEXTRAH/franka-cube-traj-tracking/worklogs/franka-cube-grasp-prior/reward_success_comparison_20260612/training_curves.csv
Tracking loss,244,0.06751861572265624,0.13404174113916945,0.00028228759765625,0.335601806640625,5,/home/lzha/code/.codex-worktrees/DEXTRAH/franka-cube-traj-tracking/worklogs/franka-cube-grasp-prior/reward_success_comparison_20260612/training_curves.csv
Tracking loss,245,0.09117889404296875,0.17983276990562763,0.0006866455078125,0.45084381103515625,5,/home/lzha/code/.codex-worktrees/DEXTRAH/franka-cube-traj-tracking/worklogs/franka-cube-grasp-prior/reward_success_comparison_20260612/training_curves.csv
Tracking loss,246,0.10953826904296875,0.21641037553812373,0.00070953369140625,0.5423583984375,5,/home/lzha/code/.codex-worktrees/DEXTRAH/franka-cube-traj-tracking/worklogs/franka-cube-grasp-prior/reward_success_comparison_20260612/training_curves.csv
Tracking loss,247,0.11339111328125,0.22446319273230664,0.00061798095703125,0.56231689453125,5,/home/lzha/code/.codex-worktrees/DEXTRAH/franka-cube-traj-tracking/worklogs/franka-cube-grasp-prior/reward_success_comparison_20260612/training_curves.csv
Tracking loss,248,0.11504669189453125,0.2278430664620972,0.00051116943359375,0.5707321166992188,5,/home/lzha/code/.codex-worktrees/DEXTRAH/franka-cube-traj-tracking/worklogs/franka-cube-grasp-prior/reward_success_comparison_20260612/training_curves.csv
Tracking loss,249,0.1141632080078125,0.22593859094497176,0.00086212158203125,0.5660400390625,5,/home/lzha/code/.codex-worktrees/DEXTRAH/franka-cube-traj-tracking/worklogs/franka-cube-grasp-prior/reward_success_comparison_20260612/training_curves.csv
Tracking loss,250,0.11332244873046875,0.2243981094786432,0.00078582763671875,0.5621185302734375,5,/home/lzha/code/.codex-worktrees/DEXTRAH/franka-cube-traj-tracking/worklogs/franka-cube-grasp-prior/reward_success_comparison_20260612/training_curves.csv
Tracking loss,251,0.11356201171875,0.224759198339466,0.0007476806640625,0.563079833984375,5,/home/lzha/code/.codex-worktrees/DEXTRAH/franka-cube-traj-tracking/worklogs/franka-cube-grasp-prior/reward_success_comparison_20260612/training_curves.csv
Tracking loss,252,0.1155059814453125,0.2292766400158334,0.00034332275390625,0.5740585327148438,5,/home/lzha/code/.codex-worktrees/DEXTRAH/franka-cube-traj-tracking/worklogs/franka-cube-grasp-prior/reward_success_comparison_20260612/training_curves.csv
Tracking loss,253,0.11236419677734374,0.2229436905138334,0.000274658203125,0.5582504272460938,5,/home/lzha/code/.codex-worktrees/DEXTRAH/franka-cube-traj-tracking/worklogs/franka-cube-grasp-prior/reward_success_comparison_20260612/training_curves.csv
Tracking loss,254,0.09966583251953125,0.19706216523320566,0.00089263916015625,0.4937896728515625,5,/home/lzha/code/.codex-worktrees/DEXTRAH/franka-cube-traj-tracking/worklogs/franka-cube-grasp-prior/reward_success_comparison_20260612/training_curves.csv
Tracking loss,255,0.13137969970703126,0.25971552893688954,0.00096893310546875,0.6508102416992188,5,/home/lzha/code/.codex-worktrees/DEXTRAH/franka-cube-traj-tracking/worklogs/franka-cube-grasp-prior/reward_success_comparison_20260612/training_curves.csv
Tracking loss,256,0.13346099853515625,0.2637178705416833,0.0010986328125,0.6608963012695312,5,/home/lzha/code/.codex-worktrees/DEXTRAH/franka-cube-traj-tracking/worklogs/franka-cube-grasp-prior/reward_success_comparison_20260612/training_curves.csv
Tracking loss,257,0.13569793701171876,0.2682717832188228,0.00121307373046875,0.6722412109375,5,/home/lzha/code/.codex-worktrees/DEXTRAH/franka-cube-traj-tracking/worklogs/franka-cube-grasp-prior/reward_success_comparison_20260612/training_curves.csv
Tracking loss,258,0.1357818603515625,0.26817665956982717,0.0011444091796875,0.6721343994140625,5,/home/lzha/code/.codex-worktrees/DEXTRAH/franka-cube-traj-tracking/worklogs/franka-cube-grasp-prior/reward_success_comparison_20260612/training_curves.csv
Tracking loss,259,0.13254852294921876,0.26205323069420583,0.0010223388671875,0.6566543579101562,5,/home/lzha/code/.codex-worktrees/DEXTRAH/franka-cube-traj-tracking/worklogs/franka-cube-grasp-prior/reward_success_comparison_20260612/training_curves.csv
Tracking loss,260,0.13232421875,0.2620851280858609,0.0008087158203125,0.656494140625,5,/home/lzha/code/.codex-worktrees/DEXTRAH/franka-cube-traj-tracking/worklogs/franka-cube-grasp-prior/reward_success_comparison_20260612/training_curves.csv
Tracking loss,261,0.1328887939453125,0.26327530332600213,0.00075531005859375,0.6594390869140625,5,/home/lzha/code/.codex-worktrees/DEXTRAH/franka-cube-traj-tracking/worklogs/franka-cube-grasp-prior/reward_success_comparison_20260612/training_curves.csv
Tracking loss,262,0.133477783203125,0.2649872029579041,0.00083160400390625,0.6634521484375,5,/home/lzha/code/.codex-worktrees/DEXTRAH/franka-cube-traj-tracking/worklogs/franka-cube-grasp-prior/reward_success_comparison_20260612/training_curves.csv
Tracking loss,263,0.10255889892578125,0.2031341855902006,0.0008544921875,0.5088272094726562,5,/home/lzha/code/.codex-worktrees/DEXTRAH/franka-cube-traj-tracking/worklogs/franka-cube-grasp-prior/reward_success_comparison_20260612/training_curves.csv
Tracking loss,264,0.129473876953125,0.2560005027906164,0.00081634521484375,0.6414718627929688,5,/home/lzha/code/.codex-worktrees/DEXTRAH/franka-cube-traj-tracking/worklogs/franka-cube-grasp-prior/reward_success_comparison_20260612/training_curves.csv
Tracking loss,265,0.13652801513671875,0.2700445272678926,0.0005645751953125,0.6766128540039062,5,/home/lzha/code/.codex-worktrees/DEXTRAH/franka-cube-traj-tracking/worklogs/franka-cube-grasp-prior/reward_success_comparison_20260612/training_curves.csv
Tracking loss,266,0.1384063720703125,0.2740215469598979,0.0007171630859375,0.6864471435546875,5,/home/lzha/code/.codex-worktrees/DEXTRAH/franka-cube-traj-tracking/worklogs/franka-cube-grasp-prior/reward_success_comparison_20260612/training_curves.csv
Tracking loss,267,0.139434814453125,0.2758415615073814,0.001007080078125,0.6911163330078125,5,/home/lzha/code/.codex-worktrees/DEXTRAH/franka-cube-traj-tracking/worklogs/franka-cube-grasp-prior/reward_success_comparison_20260612/training_curves.csv
Tracking loss,268,0.1356903076171875,0.2681844617415496,0.001129150390625,0.67205810546875,5,/home/lzha/code/.codex-worktrees/DEXTRAH/franka-cube-traj-tracking/worklogs/franka-cube-grasp-prior/reward_success_comparison_20260612/training_curves.csv
Tracking loss,269,0.1356353759765625,0.26798660913732125,0.001312255859375,0.6716079711914062,5,/home/lzha/code/.codex-worktrees/DEXTRAH/franka-cube-traj-tracking/worklogs/franka-cube-grasp-prior/reward_success_comparison_20260612/training_curves.csv
Tracking loss,270,0.137506103515625,0.2721322344568436,0.0011138916015625,0.6817703247070312,5,/home/lzha/code/.codex-worktrees/DEXTRAH/franka-cube-traj-tracking/worklogs/franka-cube-grasp-prior/reward_success_comparison_20260612/training_curves.csv
Tracking loss,271,0.1397491455078125,0.27664116799491945,0.0010833740234375,0.6930313110351562,5,/home/lzha/code/.codex-worktrees/DEXTRAH/franka-cube-traj-tracking/worklogs/franka-cube-grasp-prior/reward_success_comparison_20260612/training_curves.csv
Tracking loss,272,0.12197723388671874,0.24153605827283844,0.00086212158203125,0.6050491333007812,5,/home/lzha/code/.codex-worktrees/DEXTRAH/franka-cube-traj-tracking/worklogs/franka-cube-grasp-prior/reward_success_comparison_20260612/training_curves.csv
Tracking loss,273,0.1240264892578125,0.24463502513633903,0.00156402587890625,0.6132965087890625,5,/home/lzha/code/.codex-worktrees/DEXTRAH/franka-cube-traj-tracking/worklogs/franka-cube-grasp-prior/reward_success_comparison_20260612/training_curves.csv
Tracking loss,274,0.14132232666015626,0.2787043480388202,0.00133514404296875,0.69873046875,5,/home/lzha/code/.codex-worktrees/DEXTRAH/franka-cube-traj-tracking/worklogs/franka-cube-grasp-prior/reward_success_comparison_20260612/training_curves.csv
Tracking loss,275,0.14486541748046874,0.28549672742675414,0.00162506103515625,0.7158584594726562,5,/home/lzha/code/.codex-worktrees/DEXTRAH/franka-cube-traj-tracking/worklogs/franka-cube-grasp-prior/reward_success_comparison_20260612/training_curves.csv
Tracking loss,276,0.146038818359375,0.2876260565156185,0.00182342529296875,0.7212905883789062,5,/home/lzha/code/.codex-worktrees/DEXTRAH/franka-cube-traj-tracking/worklogs/franka-cube-grasp-prior/reward_success_comparison_20260612/training_curves.csv
Tracking loss,277,0.14607696533203124,0.28770221538769714,0.0019989013671875,0.7214813232421875,5,/home/lzha/code/.codex-worktrees/DEXTRAH/franka-cube-traj-tracking/worklogs/franka-cube-grasp-prior/reward_success_comparison_20260612/training_curves.csv
Tracking loss,278,0.14435882568359376,0.28412862678662876,0.00202178955078125,0.712615966796875,5,/home/lzha/code/.codex-worktrees/DEXTRAH/franka-cube-traj-tracking/worklogs/franka-cube-grasp-prior/reward_success_comparison_20260612/training_curves.csv
Tracking loss,279,0.14345855712890626,0.28285843416218825,0.00145721435546875,0.7091751098632812,5,/home/lzha/code/.codex-worktrees/DEXTRAH/franka-cube-traj-tracking/worklogs/franka-cube-grasp-prior/reward_success_comparison_20260612/training_curves.csv
Tracking loss,280,0.14505157470703126,0.2865175763491532,0.0010986328125,0.7180862426757812,5,/home/lzha/code/.codex-worktrees/DEXTRAH/franka-cube-traj-tracking/worklogs/franka-cube-grasp-prior/reward_success_comparison_20260612/training_curves.csv
Tracking loss,281,0.1394317626953125,0.2751177301673,0.00118255615234375,0.689666748046875,5,/home/lzha/code/.codex-worktrees/DEXTRAH/franka-cube-traj-tracking/worklogs/franka-cube-grasp-prior/reward_success_comparison_20260612/training_curves.csv
Tracking loss,282,0.115179443359375,0.2264263118034168,0.00153350830078125,0.5680313110351562,5,/home/lzha/code/.codex-worktrees/DEXTRAH/franka-cube-traj-tracking/worklogs/franka-cube-grasp-prior/reward_success_comparison_20260612/training_curves.csv
Tracking loss,283,0.1442779541015625,0.28371567833226186,0.0015106201171875,0.7117080688476562,5,/home/lzha/code/.codex-worktrees/DEXTRAH/franka-cube-traj-tracking/worklogs/franka-cube-grasp-prior/reward_success_comparison_20260612/training_curves.csv
Tracking loss,284,0.14747467041015624,0.2903260705238469,0.00177001953125,0.7281265258789062,5,/home/lzha/code/.codex-worktrees/DEXTRAH/franka-cube-traj-tracking/worklogs/franka-cube-grasp-prior/reward_success_comparison_20260612/training_curves.csv
Tracking loss,285,0.1479583740234375,0.2913202482530368,0.00164794921875,0.7305984497070312,5,/home/lzha/code/.codex-worktrees/DEXTRAH/franka-cube-traj-tracking/worklogs/franka-cube-grasp-prior/reward_success_comparison_20260612/training_curves.csv
Tracking loss,286,0.14872894287109376,0.29327330492571196,0.00174713134765625,0.7352752685546875,5,/home/lzha/code/.codex-worktrees/DEXTRAH/franka-cube-traj-tracking/worklogs/franka-cube-grasp-prior/reward_success_comparison_20260612/training_curves.csv
Tracking loss,287,0.14701385498046876,0.28951160363673256,0.001495361328125,0.7260360717773438,5,/home/lzha/code/.codex-worktrees/DEXTRAH/franka-cube-traj-tracking/worklogs/franka-cube-grasp-prior/reward_success_comparison_20260612/training_curves.csv
Tracking loss,288,0.1438629150390625,0.2830310650155655,0.001129150390625,0.7099227905273438,5,/home/lzha/code/.codex-worktrees/DEXTRAH/franka-cube-traj-tracking/worklogs/franka-cube-grasp-prior/reward_success_comparison_20260612/training_curves.csv
Tracking loss,289,0.1445648193359375,0.2849003999260262,0.00083160400390625,0.7143630981445312,5,/home/lzha/code/.codex-worktrees/DEXTRAH/franka-cube-traj-tracking/worklogs/franka-cube-grasp-prior/reward_success_comparison_20260612/training_curves.csv
Tracking loss,290,0.14415130615234376,0.2843515697015812,0.00079345703125,0.7128524780273438,5,/home/lzha/code/.codex-worktrees/DEXTRAH/franka-cube-traj-tracking/worklogs/franka-cube-grasp-prior/reward_success_comparison_20260612/training_curves.csv
Tracking loss,291,0.113427734375,0.22352582923309147,0.00095367431640625,0.5604782104492188,5,/home/lzha/code/.codex-worktrees/DEXTRAH/franka-cube-traj-tracking/worklogs/franka-cube-grasp-prior/reward_success_comparison_20260612/training_curves.csv
Tracking loss,292,0.13603515625,0.2675389128688896,0.00154876708984375,0.671112060546875,5,/home/lzha/code/.codex-worktrees/DEXTRAH/franka-cube-traj-tracking/worklogs/franka-cube-grasp-prior/reward_success_comparison_20260612/training_curves.csv
Tracking loss,293,0.14183197021484376,0.2783584818432906,0.00159454345703125,0.69854736328125,5,/home/lzha/code/.codex-worktrees/DEXTRAH/franka-cube-traj-tracking/worklogs/franka-cube-grasp-prior/reward_success_comparison_20260612/training_curves.csv
Tracking loss,294,0.14430999755859375,0.2828813294072865,0.0014801025390625,0.7100677490234375,5,/home/lzha/code/.codex-worktrees/DEXTRAH/franka-cube-traj-tracking/worklogs/franka-cube-grasp-prior/reward_success_comparison_20260612/training_curves.csv
Tracking loss,295,0.14476470947265624,0.28367708959582555,0.0011749267578125,0.7121124267578125,5,/home/lzha/code/.codex-worktrees/DEXTRAH/franka-cube-traj-tracking/worklogs/franka-cube-grasp-prior/reward_success_comparison_20260612/training_curves.csv
Tracking loss,296,0.14378814697265624,0.28043221886454506,0.0017242431640625,0.7046432495117188,5,/home/lzha/code/.codex-worktrees/DEXTRAH/franka-cube-traj-tracking/worklogs/franka-cube-grasp-prior/reward_success_comparison_20260612/training_curves.csv
Tracking loss,297,0.14268035888671876,0.2779261914121812,0.00173187255859375,0.6985244750976562,5,/home/lzha/code/.codex-worktrees/DEXTRAH/franka-cube-traj-tracking/worklogs/franka-cube-grasp-prior/reward_success_comparison_20260612/training_curves.csv
Tracking loss,298,0.14504852294921874,0.2804498404531112,0.00188446044921875,0.7059097290039062,5,/home/lzha/code/.codex-worktrees/DEXTRAH/franka-cube-traj-tracking/worklogs/franka-cube-grasp-prior/reward_success_comparison_20260612/training_curves.csv
Tracking loss,299,0.14974212646484375,0.28715159517730765,0.001190185546875,0.7239227294921875,5,/home/lzha/code/.codex-worktrees/DEXTRAH/franka-cube-traj-tracking/worklogs/franka-cube-grasp-prior/reward_success_comparison_20260612/training_curves.csv
Tracking loss,300,0.1357818603515625,0.2581153508440417,0.00130462646484375,0.6518020629882812,5,/home/lzha/code/.codex-worktrees/DEXTRAH/franka-cube-traj-tracking/worklogs/franka-cube-grasp-prior/reward_success_comparison_20260612/training_curves.csv
Tracking loss,301,0.1327850341796875,0.251113278940546,0.0017852783203125,0.6347503662109375,5,/home/lzha/code/.codex-worktrees/DEXTRAH/franka-cube-traj-tracking/worklogs/franka-cube-grasp-prior/reward_success_comparison_20260612/training_curves.csv
Tracking loss,302,0.15372772216796876,0.2825320586282855,0.00225067138671875,0.7179183959960938,5,/home/lzha/code/.codex-worktrees/DEXTRAH/franka-cube-traj-tracking/worklogs/franka-cube-grasp-prior/reward_success_comparison_20260612/training_curves.csv
Tracking loss,303,0.163885498046875,0.29062321605314306,0.002105712890625,0.7428436279296875,5,/home/lzha/code/.codex-worktrees/DEXTRAH/franka-cube-traj-tracking/worklogs/franka-cube-grasp-prior/reward_success_comparison_20260612/training_curves.csv
Tracking loss,304,0.1671142578125,0.29475866034578246,0.00201416015625,0.7540206909179688,5,/home/lzha/code/.codex-worktrees/DEXTRAH/franka-cube-traj-tracking/worklogs/franka-cube-grasp-prior/reward_success_comparison_20260612/training_curves.csv
Tracking loss,305,0.16994781494140626,0.29831802240754934,0.00177764892578125,0.7635269165039062,5,/home/lzha/code/.codex-worktrees/DEXTRAH/franka-cube-traj-tracking/worklogs/franka-cube-grasp-prior/reward_success_comparison_20260612/training_curves.csv
Tracking loss,306,0.1697509765625,0.2953912079306437,0.00156402587890625,0.7569503784179688,5,/home/lzha/code/.codex-worktrees/DEXTRAH/franka-cube-traj-tracking/worklogs/franka-cube-grasp-prior/reward_success_comparison_20260612/training_curves.csv
Tracking loss,307,0.17071685791015626,0.29338166953609496,0.00157928466796875,0.753021240234375,5,/home/lzha/code/.codex-worktrees/DEXTRAH/franka-cube-traj-tracking/worklogs/franka-cube-grasp-prior/reward_success_comparison_20260612/training_curves.csv
Tracking loss,308,0.17344207763671876,0.29615129340855456,0.00168609619140625,0.760833740234375,5,/home/lzha/code/.codex-worktrees/DEXTRAH/franka-cube-traj-tracking/worklogs/franka-cube-grasp-prior/reward_success_comparison_20260612/training_curves.csv
Tracking loss,309,0.17269287109375,0.29261830356258006,0.00144195556640625,0.7524566650390625,5,/home/lzha/code/.codex-worktrees/DEXTRAH/franka-cube-traj-tracking/worklogs/franka-cube-grasp-prior/reward_success_comparison_20260612/training_curves.csv
Tracking loss,310,0.13988189697265624,0.23536109754629353,0.00142669677734375,0.6058883666992188,5,/home/lzha/code/.codex-worktrees/DEXTRAH/franka-cube-traj-tracking/worklogs/franka-cube-grasp-prior/reward_success_comparison_20260612/training_curves.csv
Tracking loss,311,0.16989898681640625,0.2869816253405197,0.00189208984375,0.7384185791015625,5,/home/lzha/code/.codex-worktrees/DEXTRAH/franka-cube-traj-tracking/worklogs/franka-cube-grasp-prior/reward_success_comparison_20260612/training_curves.csv
Tracking loss,312,0.1838623046875,0.2907127271919774,0.001922607421875,0.752471923828125,5,/home/lzha/code/.codex-worktrees/DEXTRAH/franka-cube-traj-tracking/worklogs/franka-cube-grasp-prior/reward_success_comparison_20260612/training_curves.csv
Tracking loss,313,0.18868865966796874,0.29536428613233096,0.0019683837890625,0.7646865844726562,5,/home/lzha/code/.codex-worktrees/DEXTRAH/franka-cube-traj-tracking/worklogs/franka-cube-grasp-prior/reward_success_comparison_20260612/training_curves.csv
Tracking loss,314,0.1907745361328125,0.2921571543609338,0.0018768310546875,0.756561279296875,5,/home/lzha/code/.codex-worktrees/DEXTRAH/franka-cube-traj-tracking/worklogs/franka-cube-grasp-prior/reward_success_comparison_20260612/training_curves.csv
Tracking loss,315,0.19301910400390626,0.29265388912687323,0.00164031982421875,0.7574844360351562,5,/home/lzha/code/.codex-worktrees/DEXTRAH/franka-cube-traj-tracking/worklogs/franka-cube-grasp-prior/reward_success_comparison_20260612/training_curves.csv
Tracking loss,316,0.19376220703125,0.2885674414266479,0.00168609619140625,0.7463226318359375,5,/home/lzha/code/.codex-worktrees/DEXTRAH/franka-cube-traj-tracking/worklogs/franka-cube-grasp-prior/reward_success_comparison_20260612/training_curves.csv
Tracking loss,317,0.1975372314453125,0.2909697874424133,0.00081634521484375,0.75128173828125,5,/home/lzha/code/.codex-worktrees/DEXTRAH/franka-cube-traj-tracking/worklogs/franka-cube-grasp-prior/reward_success_comparison_20260612/training_curves.csv
Tracking loss,318,0.19956512451171876,0.2914327920738694,0.0009918212890625,0.7515029907226562,5,/home/lzha/code/.codex-worktrees/DEXTRAH/franka-cube-traj-tracking/worklogs/franka-cube-grasp-prior/reward_success_comparison_20260612/training_curves.csv
Tracking loss,319,0.170068359375,0.2433907543440422,0.0009765625,0.6259918212890625,5,/home/lzha/code/.codex-worktrees/DEXTRAH/franka-cube-traj-tracking/worklogs/franka-cube-grasp-prior/reward_success_comparison_20260612/training_curves.csv
Tracking loss,320,0.18617706298828124,0.27610570537775625,0.00119781494140625,0.7141494750976562,5,/home/lzha/code/.codex-worktrees/DEXTRAH/franka-cube-traj-tracking/worklogs/franka-cube-grasp-prior/reward_success_comparison_20260612/training_curves.csv
Tracking loss,321,0.21647491455078124,0.2976217465712404,0.00141143798828125,0.7595901489257812,5,/home/lzha/code/.codex-worktrees/DEXTRAH/franka-cube-traj-tracking/worklogs/franka-cube-grasp-prior/reward_success_comparison_20260612/training_curves.csv
Tracking loss,322,0.22735443115234374,0.30810222961820904,0.001739501953125,0.7820663452148438,5,/home/lzha/code/.codex-worktrees/DEXTRAH/franka-cube-traj-tracking/worklogs/franka-cube-grasp-prior/reward_success_comparison_20260612/training_curves.csv
Tracking loss,323,0.23258209228515625,0.3109967446450665,0.001800537109375,0.7847824096679688,5,/home/lzha/code/.codex-worktrees/DEXTRAH/franka-cube-traj-tracking/worklogs/franka-cube-grasp-prior/reward_success_comparison_20260612/training_curves.csv
Tracking loss,324,0.23526611328125,0.31144137951265705,0.002105712890625,0.7822113037109375,5,/home/lzha/code/.codex-worktrees/DEXTRAH/franka-cube-traj-tracking/worklogs/franka-cube-grasp-prior/reward_success_comparison_20260612/training_curves.csv
Tracking loss,325,0.23653106689453124,0.30968505543215274,0.0020599365234375,0.7717819213867188,5,/home/lzha/code/.codex-worktrees/DEXTRAH/franka-cube-traj-tracking/worklogs/franka-cube-grasp-prior/reward_success_comparison_20260612/training_curves.csv
Tracking loss,326,0.23574676513671874,0.3083007237410469,0.00110626220703125,0.7664108276367188,5,/home/lzha/code/.codex-worktrees/DEXTRAH/franka-cube-traj-tracking/worklogs/franka-cube-grasp-prior/reward_success_comparison_20260612/training_curves.csv
Tracking loss,327,0.23805999755859375,0.31226143004344986,0.00087738037109375,0.7773818969726562,5,/home/lzha/code/.codex-worktrees/DEXTRAH/franka-cube-traj-tracking/worklogs/franka-cube-grasp-prior/reward_success_comparison_20260612/training_curves.csv
Tracking loss,328,0.2205902099609375,0.2885430796196435,0.00102996826171875,0.7169265747070312,5,/home/lzha/code/.codex-worktrees/DEXTRAH/franka-cube-traj-tracking/worklogs/franka-cube-grasp-prior/reward_success_comparison_20260612/training_curves.csv
Tracking loss,329,0.19744873046875,0.2645210122542126,0.00127410888671875,0.667816162109375,5,/home/lzha/code/.codex-worktrees/DEXTRAH/franka-cube-traj-tracking/worklogs/franka-cube-grasp-prior/reward_success_comparison_20260612/training_curves.csv
Tracking loss,330,0.2327789306640625,0.30398110050048316,0.0011749267578125,0.7564239501953125,5,/home/lzha/code/.codex-worktrees/DEXTRAH/franka-cube-traj-tracking/worklogs/franka-cube-grasp-prior/reward_success_comparison_20260612/training_curves.csv
Tracking loss,331,0.25092926025390627,0.32024072143785576,0.0014190673828125,0.780364990234375,5,/home/lzha/code/.codex-worktrees/DEXTRAH/franka-cube-traj-tracking/worklogs/franka-cube-grasp-prior/reward_success_comparison_20260612/training_curves.csv
Tracking loss,332,0.2567352294921875,0.3263860234510019,0.00128936767578125,0.791748046875,5,/home/lzha/code/.codex-worktrees/DEXTRAH/franka-cube-traj-tracking/worklogs/franka-cube-grasp-prior/reward_success_comparison_20260612/training_curves.csv
Tracking loss,333,0.2594451904296875,0.3281996999233057,0.001190185546875,0.7905960083007812,5,/home/lzha/code/.codex-worktrees/DEXTRAH/franka-cube-traj-tracking/worklogs/franka-cube-grasp-prior/reward_success_comparison_20260612/training_curves.csv
Tracking loss,334,0.25712127685546876,0.32562301777286207,0.00090789794921875,0.785186767578125,5,/home/lzha/code/.codex-worktrees/DEXTRAH/franka-cube-traj-tracking/worklogs/franka-cube-grasp-prior/reward_success_comparison_20260612/training_curves.csv
Tracking loss,335,0.25798797607421875,0.3247415198029636,0.00102996826171875,0.7760467529296875,5,/home/lzha/code/.codex-worktrees/DEXTRAH/franka-cube-traj-tracking/worklogs/franka-cube-grasp-prior/reward_success_comparison_20260612/training_curves.csv
Tracking loss,336,0.2621734619140625,0.3294456418530664,0.0009613037109375,0.784881591796875,5,/home/lzha/code/.codex-worktrees/DEXTRAH/franka-cube-traj-tracking/worklogs/franka-cube-grasp-prior/reward_success_comparison_20260612/training_curves.csv
Tracking loss,337,0.263006591796875,0.3297713100668671,0.00127410888671875,0.783355712890625,5,/home/lzha/code/.codex-worktrees/DEXTRAH/franka-cube-traj-tracking/worklogs/franka-cube-grasp-prior/reward_success_comparison_20260612/training_curves.csv
Tracking loss,338,0.20971527099609374,0.2632416692665123,0.00112152099609375,0.6266937255859375,5,/home/lzha/code/.codex-worktrees/DEXTRAH/franka-cube-traj-tracking/worklogs/franka-cube-grasp-prior/reward_success_comparison_20260612/training_curves.csv
Tracking loss,339,0.2445770263671875,0.31379206760058087,0.00087738037109375,0.768035888671875,5,/home/lzha/code/.codex-worktrees/DEXTRAH/franka-cube-traj-tracking/worklogs/franka-cube-grasp-prior/reward_success_comparison_20260612/training_curves.csv
Tracking loss,340,0.26908416748046876,0.3353677697464347,0.0006866455078125,0.7863540649414062,5,/home/lzha/code/.codex-worktrees/DEXTRAH/franka-cube-traj-tracking/worklogs/franka-cube-grasp-prior/reward_success_comparison_20260612/training_curves.csv
Tracking loss,341,0.27531280517578127,0.34367781683174736,0.00087738037109375,0.8075485229492188,5,/home/lzha/code/.codex-worktrees/DEXTRAH/franka-cube-traj-tracking/worklogs/franka-cube-grasp-prior/reward_success_comparison_20260612/training_curves.csv
Tracking loss,342,0.27978973388671874,0.3484723167681404,0.0009765625,0.8131256103515625,5,/home/lzha/code/.codex-worktrees/DEXTRAH/franka-cube-traj-tracking/worklogs/franka-cube-grasp-prior/reward_success_comparison_20260612/training_curves.csv
Tracking loss,343,0.2806427001953125,0.34882922959313,0.00098419189453125,0.808502197265625,5,/home/lzha/code/.codex-worktrees/DEXTRAH/franka-cube-traj-tracking/worklogs/franka-cube-grasp-prior/reward_success_comparison_20260612/training_curves.csv
Tracking loss,344,0.27967529296875,0.34650741150331626,0.00099945068359375,0.794921875,5,/home/lzha/code/.codex-worktrees/DEXTRAH/franka-cube-traj-tracking/worklogs/franka-cube-grasp-prior/reward_success_comparison_20260612/training_curves.csv
Tracking loss,345,0.2833282470703125,0.35076733964619655,0.00122833251953125,0.8024215698242188,5,/home/lzha/code/.codex-worktrees/DEXTRAH/franka-cube-traj-tracking/worklogs/franka-cube-grasp-prior/reward_success_comparison_20260612/training_curves.csv
Tracking loss,346,0.28502960205078126,0.35323575822520603,0.00074005126953125,0.8073272705078125,5,/home/lzha/code/.codex-worktrees/DEXTRAH/franka-cube-traj-tracking/worklogs/franka-cube-grasp-prior/reward_success_comparison_20260612/training_curves.csv
Tracking loss,347,0.24417266845703126,0.3023846617699902,0.0006256103515625,0.6899261474609375,5,/home/lzha/code/.codex-worktrees/DEXTRAH/franka-cube-traj-tracking/worklogs/franka-cube-grasp-prior/reward_success_comparison_20260612/training_curves.csv
Tracking loss,348,0.2418792724609375,0.30711801679437667,6.103515625e-05,0.7405166625976562,5,/home/lzha/code/.codex-worktrees/DEXTRAH/franka-cube-traj-tracking/worklogs/franka-cube-grasp-prior/reward_success_comparison_20260612/training_curves.csv
Tracking loss,349,0.28090057373046873,0.346490175686225,0.0,0.7856903076171875,5,/home/lzha/code/.codex-worktrees/DEXTRAH/franka-cube-traj-tracking/worklogs/franka-cube-grasp-prior/reward_success_comparison_20260612/training_curves.csv
Tracking loss,350,0.28957061767578124,0.3569062201796504,7.62939453125e-06,0.8073348999023438,5,/home/lzha/code/.codex-worktrees/DEXTRAH/franka-cube-traj-tracking/worklogs/franka-cube-grasp-prior/reward_success_comparison_20260612/training_curves.csv
Tracking loss,351,0.295623779296875,0.3626334606955936,0.0,0.8083648681640625,5,/home/lzha/code/.codex-worktrees/DEXTRAH/franka-cube-traj-tracking/worklogs/franka-cube-grasp-prior/reward_success_comparison_20260612/training_curves.csv
Tracking loss,352,0.29573211669921873,0.3625473265632848,0.000335693359375,0.8109512329101562,5,/home/lzha/code/.codex-worktrees/DEXTRAH/franka-cube-traj-tracking/worklogs/franka-cube-grasp-prior/reward_success_comparison_20260612/training_curves.csv
Tracking loss,353,0.29037933349609374,0.35593619823976563,0.00054168701171875,0.7956924438476562,5,/home/lzha/code/.codex-worktrees/DEXTRAH/franka-cube-traj-tracking/worklogs/franka-cube-grasp-prior/reward_success_comparison_20260612/training_curves.csv
Tracking loss,354,0.29270172119140625,0.3577057902577858,0.00051116943359375,0.7883758544921875,5,/home/lzha/code/.codex-worktrees/DEXTRAH/franka-cube-traj-tracking/worklogs/franka-cube-grasp-prior/reward_success_comparison_20260612/training_curves.csv
Tracking loss,355,0.2944915771484375,0.3599274701191673,0.0,0.7943344116210938,5,/home/lzha/code/.codex-worktrees/DEXTRAH/franka-cube-traj-tracking/worklogs/franka-cube-grasp-prior/reward_success_comparison_20260612/training_curves.csv
Tracking loss,356,0.27836761474609373,0.33995430779268865,0.0001983642578125,0.7512283325195312,5,/home/lzha/code/.codex-worktrees/DEXTRAH/franka-cube-traj-tracking/worklogs/franka-cube-grasp-prior/reward_success_comparison_20260612/training_curves.csv
Tracking loss,357,0.2367584228515625,0.29148207438167323,0.00064849853515625,0.6687774658203125,5,/home/lzha/code/.codex-worktrees/DEXTRAH/franka-cube-traj-tracking/worklogs/franka-cube-grasp-prior/reward_success_comparison_20260612/training_curves.csv
Tracking loss,358,0.27926025390625,0.34237443615306645,0.00148773193359375,0.7792129516601562,5,/home/lzha/code/.codex-worktrees/DEXTRAH/franka-cube-traj-tracking/worklogs/franka-cube-grasp-prior/reward_success_comparison_20260612/training_curves.csv
Tracking loss,359,0.295220947265625,0.3603614650182401,0.0014495849609375,0.8037567138671875,5,/home/lzha/code/.codex-worktrees/DEXTRAH/franka-cube-traj-tracking/worklogs/franka-cube-grasp-prior/reward_success_comparison_20260612/training_curves.csv
Tracking loss,360,0.3004638671875,0.36658269890703027,0.0014495849609375,0.811737060546875,5,/home/lzha/code/.codex-worktrees/DEXTRAH/franka-cube-traj-tracking/worklogs/franka-cube-grasp-prior/reward_success_comparison_20260612/training_curves.csv
Tracking loss,361,0.30193328857421875,0.36838621411387124,0.00102996826171875,0.8126602172851562,5,/home/lzha/code/.codex-worktrees/DEXTRAH/franka-cube-traj-tracking/worklogs/franka-cube-grasp-prior/reward_success_comparison_20260612/training_curves.csv
Tracking loss,362,0.2978759765625,0.3630741826902289,0.0011749267578125,0.8020477294921875,5,/home/lzha/code/.codex-worktrees/DEXTRAH/franka-cube-traj-tracking/worklogs/franka-cube-grasp-prior/reward_success_comparison_20260612/training_curves.csv
Tracking loss,363,0.2992919921875,0.3640778982017824,0.00128936767578125,0.7946853637695312,5,/home/lzha/code/.codex-worktrees/DEXTRAH/franka-cube-traj-tracking/worklogs/franka-cube-grasp-prior/reward_success_comparison_20260612/training_curves.csv
Tracking loss,364,0.30320281982421876,0.3686138247140947,0.0013580322265625,0.801239013671875,5,/home/lzha/code/.codex-worktrees/DEXTRAH/franka-cube-traj-tracking/worklogs/franka-cube-grasp-prior/reward_success_comparison_20260612/training_curves.csv
Tracking loss,365,0.30186614990234373,0.3679863565820404,0.0009613037109375,0.8037872314453125,5,/home/lzha/code/.codex-worktrees/DEXTRAH/franka-cube-traj-tracking/worklogs/franka-cube-grasp-prior/reward_success_comparison_20260612/training_curves.csv
Tracking loss,366,0.2418975830078125,0.2952364429338742,0.00067138671875,0.64788818359375,5,/home/lzha/code/.codex-worktrees/DEXTRAH/franka-cube-traj-tracking/worklogs/franka-cube-grasp-prior/reward_success_comparison_20260612/training_curves.csv
Tracking loss,367,0.2714141845703125,0.33488226352415496,0.001068115234375,0.7718353271484375,5,/home/lzha/code/.codex-worktrees/DEXTRAH/franka-cube-traj-tracking/worklogs/franka-cube-grasp-prior/reward_success_comparison_20260612/training_curves.csv
Tracking loss,368,0.2964935302734375,0.3613927489561385,0.00146484375,0.7928695678710938,5,/home/lzha/code/.codex-worktrees/DEXTRAH/franka-cube-traj-tracking/worklogs/franka-cube-grasp-prior/reward_success_comparison_20260612/training_curves.csv
Tracking loss,369,0.303271484375,0.36973514257249873,0.0016326904296875,0.81121826171875,5,/home/lzha/code/.codex-worktrees/DEXTRAH/franka-cube-traj-tracking/worklogs/franka-cube-grasp-prior/reward_success_comparison_20260612/training_curves.csv
Tracking loss,370,0.3062103271484375,0.37339911541052667,0.00118255615234375,0.8154449462890625,5,/home/lzha/code/.codex-worktrees/DEXTRAH/franka-cube-traj-tracking/worklogs/franka-cube-grasp-prior/reward_success_comparison_20260612/training_curves.csv
Tracking loss,371,0.30491790771484373,0.3717468194389878,0.00081634521484375,0.8129730224609375,5,/home/lzha/code/.codex-worktrees/DEXTRAH/franka-cube-traj-tracking/worklogs/franka-cube-grasp-prior/reward_success_comparison_20260612/training_curves.csv
Tracking loss,372,0.3042877197265625,0.3706228974482328,0.00110626220703125,0.8020172119140625,5,/home/lzha/code/.codex-worktrees/DEXTRAH/franka-cube-traj-tracking/worklogs/franka-cube-grasp-prior/reward_success_comparison_20260612/training_curves.csv
Tracking loss,373,0.30721893310546877,0.37399342700390037,0.001434326171875,0.8039093017578125,5,/home/lzha/code/.codex-worktrees/DEXTRAH/franka-cube-traj-tracking/worklogs/franka-cube-grasp-prior/reward_success_comparison_20260612/training_curves.csv
Tracking loss,374,0.307440185546875,0.3747941238488554,0.00153350830078125,0.8068618774414062,5,/home/lzha/code/.codex-worktrees/DEXTRAH/franka-cube-traj-tracking/worklogs/franka-cube-grasp-prior/reward_success_comparison_20260612/training_curves.csv
Tracking loss,375,0.271356201171875,0.33106829548468275,0.0013275146484375,0.7104415893554688,5,/home/lzha/code/.codex-worktrees/DEXTRAH/franka-cube-traj-tracking/worklogs/franka-cube-grasp-prior/reward_success_comparison_20260612/training_curves.csv
Tracking loss,376,0.2606201171875,0.32175265533686814,0.00180816650390625,0.7376480102539062,5,/home/lzha/code/.codex-worktrees/DEXTRAH/franka-cube-traj-tracking/worklogs/franka-cube-grasp-prior/reward_success_comparison_20260612/training_curves.csv
Tracking loss,377,0.29854583740234375,0.36431856300776183,0.0019989013671875,0.7931365966796875,5,/home/lzha/code/.codex-worktrees/DEXTRAH/franka-cube-traj-tracking/worklogs/franka-cube-grasp-prior/reward_success_comparison_20260612/training_curves.csv
Tracking loss,378,0.30475921630859376,0.37271507826495237,0.0015411376953125,0.8135223388671875,5,/home/lzha/code/.codex-worktrees/DEXTRAH/franka-cube-traj-tracking/worklogs/franka-cube-grasp-prior/reward_success_comparison_20260612/training_curves.csv
Tracking loss,379,0.30960845947265625,0.3784831666771314,0.0011444091796875,0.818084716796875,5,/home/lzha/code/.codex-worktrees/DEXTRAH/franka-cube-traj-tracking/worklogs/franka-cube-grasp-prior/reward_success_comparison_20260612/training_curves.csv
Tracking loss,380,0.30963287353515623,0.37860791129002913,0.0009765625,0.8216705322265625,5,/home/lzha/code/.codex-worktrees/DEXTRAH/franka-cube-traj-tracking/worklogs/franka-cube-grasp-prior/reward_success_comparison_20260612/training_curves.csv
Tracking loss,381,0.30744171142578125,0.3753578465157823,0.0013275146484375,0.8094253540039062,5,/home/lzha/code/.codex-worktrees/DEXTRAH/franka-cube-traj-tracking/worklogs/franka-cube-grasp-prior/reward_success_comparison_20260612/training_curves.csv
Tracking loss,382,0.30955657958984373,0.3775337777789149,0.00124359130859375,0.8041305541992188,5,/home/lzha/code/.codex-worktrees/DEXTRAH/franka-cube-traj-tracking/worklogs/franka-cube-grasp-prior/reward_success_comparison_20260612/training_curves.csv
Tracking loss,383,0.31195220947265623,0.38073511353571904,0.00083160400390625,0.8121566772460938,5,/home/lzha/code/.codex-worktrees/DEXTRAH/franka-cube-traj-tracking/worklogs/franka-cube-grasp-prior/reward_success_comparison_20260612/training_curves.csv
Tracking loss,384,0.3004364013671875,0.3664441064936843,0.0005950927734375,0.7827835083007812,5,/home/lzha/code/.codex-worktrees/DEXTRAH/franka-cube-traj-tracking/worklogs/franka-cube-grasp-prior/reward_success_comparison_20260612/training_curves.csv
Tracking loss,385,0.25340118408203127,0.30954825699544986,0.00146484375,0.6806182861328125,5,/home/lzha/code/.codex-worktrees/DEXTRAH/franka-cube-traj-tracking/worklogs/franka-cube-grasp-prior/reward_success_comparison_20260612/training_curves.csv
Tracking loss,386,0.29622955322265626,0.36136788132110953,0.00215911865234375,0.7940826416015625,5,/home/lzha/code/.codex-worktrees/DEXTRAH/franka-cube-traj-tracking/worklogs/franka-cube-grasp-prior/reward_success_comparison_20260612/training_curves.csv
Tracking loss,387,0.3104949951171875,0.3777222317298998,0.00264739990234375,0.8139266967773438,5,/home/lzha/code/.codex-worktrees/DEXTRAH/franka-cube-traj-tracking/worklogs/franka-cube-grasp-prior/reward_success_comparison_20260612/training_curves.csv
Tracking loss,388,0.317010498046875,0.38546237087112756,0.00223541259765625,0.8271408081054688,5,/home/lzha/code/.codex-worktrees/DEXTRAH/franka-cube-traj-tracking/worklogs/franka-cube-grasp-prior/reward_success_comparison_20260612/training_curves.csv
Tracking loss,389,0.31589813232421876,0.3841725291488001,0.001556396484375,0.8253250122070312,5,/home/lzha/code/.codex-worktrees/DEXTRAH/franka-cube-traj-tracking/worklogs/franka-cube-grasp-prior/reward_success_comparison_20260612/training_curves.csv
Tracking loss,390,0.3127349853515625,0.3803436548952753,0.0018157958984375,0.81903076171875,5,/home/lzha/code/.codex-worktrees/DEXTRAH/franka-cube-traj-tracking/worklogs/franka-cube-grasp-prior/reward_success_comparison_20260612/training_curves.csv
Tracking loss,391,0.313836669921875,0.3811832102536875,0.001617431640625,0.8068695068359375,5,/home/lzha/code/.codex-worktrees/DEXTRAH/franka-cube-traj-tracking/worklogs/franka-cube-grasp-prior/reward_success_comparison_20260612/training_curves.csv
Tracking loss,392,0.3171600341796875,0.3852588543676885,0.001861572265625,0.8142013549804688,5,/home/lzha/code/.codex-worktrees/DEXTRAH/franka-cube-traj-tracking/worklogs/franka-cube-grasp-prior/reward_success_comparison_20260612/training_curves.csv
Tracking loss,393,0.31660308837890627,0.3847241195449514,0.0017547607421875,0.8140106201171875,5,/home/lzha/code/.codex-worktrees/DEXTRAH/franka-cube-traj-tracking/worklogs/franka-cube-grasp-prior/reward_success_comparison_20260612/training_curves.csv
Tracking loss,394,0.26248931884765625,0.31907709342481705,0.0013275146484375,0.6706771850585938,5,/home/lzha/code/.codex-worktrees/DEXTRAH/franka-cube-traj-tracking/worklogs/franka-cube-grasp-prior/reward_success_comparison_20260612/training_curves.csv
Tracking loss,395,0.28682098388671873,0.35117006848398896,0.0015411376953125,0.7872390747070312,5,/home/lzha/code/.codex-worktrees/DEXTRAH/franka-cube-traj-tracking/worklogs/franka-cube-grasp-prior/reward_success_comparison_20260612/training_curves.csv
Tracking loss,396,0.3117340087890625,0.3795273935606264,0.001861572265625,0.8135833740234375,5,/home/lzha/code/.codex-worktrees/DEXTRAH/franka-cube-traj-tracking/worklogs/franka-cube-grasp-prior/reward_success_comparison_20260612/training_curves.csv
Tracking loss,397,0.31552886962890625,0.3847349136157186,0.00142669677734375,0.8319854736328125,5,/home/lzha/code/.codex-worktrees/DEXTRAH/franka-cube-traj-tracking/worklogs/franka-cube-grasp-prior/reward_success_comparison_20260612/training_curves.csv
Tracking loss,398,0.31771392822265626,0.38704406824232296,0.001373291015625,0.8334732055664062,5,/home/lzha/code/.codex-worktrees/DEXTRAH/franka-cube-traj-tracking/worklogs/franka-cube-grasp-prior/reward_success_comparison_20260612/training_curves.csv
Tracking loss,399,0.316796875,0.3863139959638223,0.00096893310546875,0.8338851928710938,5,/home/lzha/code/.codex-worktrees/DEXTRAH/franka-cube-traj-tracking/worklogs/franka-cube-grasp-prior/reward_success_comparison_20260612/training_curves.csv
Tracking loss,400,0.3166961669921875,0.3856055205620503,0.0009765625,0.822662353515625,5,/home/lzha/code/.codex-worktrees/DEXTRAH/franka-cube-traj-tracking/worklogs/franka-cube-grasp-prior/reward_success_comparison_20260612/training_curves.csv
Tracking loss,401,0.320458984375,0.39001010051576995,0.00090789794921875,0.825225830078125,5,/home/lzha/code/.codex-worktrees/DEXTRAH/franka-cube-traj-tracking/worklogs/franka-cube-grasp-prior/reward_success_comparison_20260612/training_curves.csv
Tracking loss,402,0.3194793701171875,0.38926567562203274,0.0007476806640625,0.8268966674804688,5,/home/lzha/code/.codex-worktrees/DEXTRAH/franka-cube-traj-tracking/worklogs/franka-cube-grasp-prior/reward_success_comparison_20260612/training_curves.csv
Tracking loss,403,0.28936920166015623,0.35257308151895705,0.00052642822265625,0.74169921875,5,/home/lzha/code/.codex-worktrees/DEXTRAH/franka-cube-traj-tracking/worklogs/franka-cube-grasp-prior/reward_success_comparison_20260612/training_curves.csv
Tracking loss,404,0.26932830810546876,0.32899931982726793,0.00206756591796875,0.735198974609375,5,/home/lzha/code/.codex-worktrees/DEXTRAH/franka-cube-traj-tracking/worklogs/franka-cube-grasp-prior/reward_success_comparison_20260612/training_curves.csv
Tracking loss,405,0.3105133056640625,0.37690045677504086,0.00237274169921875,0.8084564208984375,5,/home/lzha/code/.codex-worktrees/DEXTRAH/franka-cube-traj-tracking/worklogs/franka-cube-grasp-prior/reward_success_comparison_20260612/training_curves.csv
Tracking loss,406,0.31519317626953125,0.38314265934978425,0.00273895263671875,0.8282546997070312,5,/home/lzha/code/.codex-worktrees/DEXTRAH/franka-cube-traj-tracking/worklogs/franka-cube-grasp-prior/reward_success_comparison_20260612/training_curves.csv
Tracking loss,407,0.3194580078125,0.3885683265008243,0.00165557861328125,0.8339614868164062,5,/home/lzha/code/.codex-worktrees/DEXTRAH/franka-cube-traj-tracking/worklogs/franka-cube-grasp-prior/reward_success_comparison_20260612/training_curves.csv
Tracking loss,408,0.3185028076171875,0.38714773439621203,0.0015716552734375,0.8357620239257812,5,/home/lzha/code/.codex-worktrees/DEXTRAH/franka-cube-traj-tracking/worklogs/franka-cube-grasp-prior/reward_success_comparison_20260612/training_curves.csv
Tracking loss,409,0.31667938232421877,0.3843627819681937,0.00212860107421875,0.8222732543945312,5,/home/lzha/code/.codex-worktrees/DEXTRAH/franka-cube-traj-tracking/worklogs/franka-cube-grasp-prior/reward_success_comparison_20260612/training_curves.csv
Tracking loss,410,0.3197174072265625,0.3880777673600442,0.00203704833984375,0.8188247680664062,5,/home/lzha/code/.codex-worktrees/DEXTRAH/franka-cube-traj-tracking/worklogs/franka-cube-grasp-prior/reward_success_comparison_20260612/training_curves.csv
Tracking loss,411,0.321441650390625,0.39058601003012494,0.00201416015625,0.8240966796875,5,/home/lzha/code/.codex-worktrees/DEXTRAH/franka-cube-traj-tracking/worklogs/franka-cube-grasp-prior/reward_success_comparison_20260612/training_curves.csv
Tracking loss,412,0.31492156982421876,0.3828407599396655,0.0017852783203125,0.8048248291015625,5,/home/lzha/code/.codex-worktrees/DEXTRAH/franka-cube-traj-tracking/worklogs/franka-cube-grasp-prior/reward_success_comparison_20260612/training_curves.csv
Tracking loss,413,0.25875244140625,0.31581293234137564,0.00107574462890625,0.6772308349609375,5,/home/lzha/code/.codex-worktrees/DEXTRAH/franka-cube-traj-tracking/worklogs/franka-cube-grasp-prior/reward_success_comparison_20260612/training_curves.csv
Tracking loss,414,0.29923553466796876,0.3655461084029554,0.00135040283203125,0.8001480102539062,5,/home/lzha/code/.codex-worktrees/DEXTRAH/franka-cube-traj-tracking/worklogs/franka-cube-grasp-prior/reward_success_comparison_20260612/training_curves.csv
Tracking loss,415,0.31314544677734374,0.38143101517446415,0.0015869140625,0.820404052734375,5,/home/lzha/code/.codex-worktrees/DEXTRAH/franka-cube-traj-tracking/worklogs/franka-cube-grasp-prior/reward_success_comparison_20260612/training_curves.csv
Tracking loss,416,0.3174713134765625,0.38676198899447417,0.0011138916015625,0.8331832885742188,5,/home/lzha/code/.codex-worktrees/DEXTRAH/franka-cube-traj-tracking/worklogs/franka-cube-grasp-prior/reward_success_comparison_20260612/training_curves.csv
Tracking loss,417,0.31784820556640625,0.387205845920004,0.000518798828125,0.8327255249023438,5,/home/lzha/code/.codex-worktrees/DEXTRAH/franka-cube-traj-tracking/worklogs/franka-cube-grasp-prior/reward_success_comparison_20260612/training_curves.csv
Tracking loss,418,0.3166107177734375,0.38507840121089637,0.00077056884765625,0.8261032104492188,5,/home/lzha/code/.codex-worktrees/DEXTRAH/franka-cube-traj-tracking/worklogs/franka-cube-grasp-prior/reward_success_comparison_20260612/training_curves.csv
Tracking loss,419,0.31740264892578124,0.3851560576752285,0.0009307861328125,0.8143539428710938,5,/home/lzha/code/.codex-worktrees/DEXTRAH/franka-cube-traj-tracking/worklogs/franka-cube-grasp-prior/reward_success_comparison_20260612/training_curves.csv
Tracking loss,420,0.32149200439453124,0.389764174939471,0.0007171630859375,0.8214111328125,5,/home/lzha/code/.codex-worktrees/DEXTRAH/franka-cube-traj-tracking/worklogs/franka-cube-grasp-prior/reward_success_comparison_20260612/training_curves.csv
Tracking loss,421,0.32024383544921875,0.387671910559758,0.0009918212890625,0.8172607421875,5,/home/lzha/code/.codex-worktrees/DEXTRAH/franka-cube-traj-tracking/worklogs/franka-cube-grasp-prior/reward_success_comparison_20260612/training_curves.csv
Tracking loss,422,0.27186126708984376,0.3284129809288082,0.00119781494140625,0.6846694946289062,5,/home/lzha/code/.codex-worktrees/DEXTRAH/franka-cube-traj-tracking/worklogs/franka-cube-grasp-prior/reward_success_comparison_20260612/training_curves.csv
Tracking loss,423,0.28894500732421874,0.3497247525718171,0.00197601318359375,0.7812423706054688,5,/home/lzha/code/.codex-worktrees/DEXTRAH/franka-cube-traj-tracking/worklogs/franka-cube-grasp-prior/reward_success_comparison_20260612/training_curves.csv
Tracking loss,424,0.31387939453125,0.3774882334854867,0.00217437744140625,0.808746337890625,5,/home/lzha/code/.codex-worktrees/DEXTRAH/franka-cube-traj-tracking/worklogs/franka-cube-grasp-prior/reward_success_comparison_20260612/training_curves.csv
Tracking loss,425,0.31673126220703124,0.38119778193069215,0.0016632080078125,0.8265914916992188,5,/home/lzha/code/.codex-worktrees/DEXTRAH/franka-cube-traj-tracking/worklogs/franka-cube-grasp-prior/reward_success_comparison_20260612/training_curves.csv
Tracking loss,426,0.32018890380859377,0.38483224350148315,0.0015716552734375,0.8284378051757812,5,/home/lzha/code/.codex-worktrees/DEXTRAH/franka-cube-traj-tracking/worklogs/franka-cube-grasp-prior/reward_success_comparison_20260612/training_curves.csv
Tracking loss,427,0.3184234619140625,0.3827941820995063,0.00201416015625,0.8292236328125,5,/home/lzha/code/.codex-worktrees/DEXTRAH/franka-cube-traj-tracking/worklogs/franka-cube-grasp-prior/reward_success_comparison_20260612/training_curves.csv
Tracking loss,428,0.3189178466796875,0.38248644873940774,0.00232696533203125,0.8185958862304688,5,/home/lzha/code/.codex-worktrees/DEXTRAH/franka-cube-traj-tracking/worklogs/franka-cube-grasp-prior/reward_success_comparison_20260612/training_curves.csv
Tracking loss,429,0.32250518798828126,0.3862681136491286,0.002655029296875,0.821807861328125,5,/home/lzha/code/.codex-worktrees/DEXTRAH/franka-cube-traj-tracking/worklogs/franka-cube-grasp-prior/reward_success_comparison_20260612/training_curves.csv
Tracking loss,430,0.32325897216796873,0.38673988849251395,0.00250244140625,0.8225250244140625,5,/home/lzha/code/.codex-worktrees/DEXTRAH/franka-cube-traj-tracking/worklogs/franka-cube-grasp-prior/reward_success_comparison_20260612/training_curves.csv
Tracking loss,431,0.300372314453125,0.35880640018646676,0.00228118896484375,0.7589187622070312,5,/home/lzha/code/.codex-worktrees/DEXTRAH/franka-cube-traj-tracking/worklogs/franka-cube-grasp-prior/reward_success_comparison_20260612/training_curves.csv
Tracking loss,432,0.2730743408203125,0.32629614844614874,0.002288818359375,0.7272262573242188,5,/home/lzha/code/.codex-worktrees/DEXTRAH/franka-cube-traj-tracking/worklogs/franka-cube-grasp-prior/reward_success_comparison_20260612/training_curves.csv
Tracking loss,433,0.316748046875,0.37567638605852355,0.002166748046875,0.8129043579101562,5,/home/lzha/code/.codex-worktrees/DEXTRAH/franka-cube-traj-tracking/worklogs/franka-cube-grasp-prior/reward_success_comparison_20260612/training_curves.csv
Tracking loss,434,0.32102813720703127,0.3815412905101808,0.00225067138671875,0.8329391479492188,5,/home/lzha/code/.codex-worktrees/DEXTRAH/franka-cube-traj-tracking/worklogs/franka-cube-grasp-prior/reward_success_comparison_20260612/training_curves.csv
Tracking loss,435,0.32391357421875,0.38506235257620786,0.0019073486328125,0.837188720703125,5,/home/lzha/code/.codex-worktrees/DEXTRAH/franka-cube-traj-tracking/worklogs/franka-cube-grasp-prior/reward_success_comparison_20260612/training_curves.csv
Tracking loss,436,0.32451171875,0.384324588640306,0.0013885498046875,0.839630126953125,5,/home/lzha/code/.codex-worktrees/DEXTRAH/franka-cube-traj-tracking/worklogs/franka-cube-grasp-prior/reward_success_comparison_20260612/training_curves.csv
Tracking loss,437,0.3238006591796875,0.38184254204606566,0.00101470947265625,0.8289947509765625,5,/home/lzha/code/.codex-worktrees/DEXTRAH/franka-cube-traj-tracking/worklogs/franka-cube-grasp-prior/reward_success_comparison_20260612/training_curves.csv
Tracking loss,438,0.32556304931640623,0.38371160062782905,0.0009765625,0.8240890502929688,5,/home/lzha/code/.codex-worktrees/DEXTRAH/franka-cube-traj-tracking/worklogs/franka-cube-grasp-prior/reward_success_comparison_20260612/training_curves.csv
Tracking loss,439,0.32909088134765624,0.3882156711376405,0.0011138916015625,0.8314208984375,5,/home/lzha/code/.codex-worktrees/DEXTRAH/franka-cube-traj-tracking/worklogs/franka-cube-grasp-prior/reward_success_comparison_20260612/training_curves.csv
Tracking loss,440,0.3257720947265625,0.38438720894532213,0.00203704833984375,0.8204421997070312,5,/home/lzha/code/.codex-worktrees/DEXTRAH/franka-cube-traj-tracking/worklogs/franka-cube-grasp-prior/reward_success_comparison_20260612/training_curves.csv
Tracking loss,441,0.26716156005859376,0.31654693644396537,0.0022735595703125,0.6793365478515625,5,/home/lzha/code/.codex-worktrees/DEXTRAH/franka-cube-traj-tracking/worklogs/franka-cube-grasp-prior/reward_success_comparison_20260612/training_curves.csv
Tracking loss,442,0.30863800048828127,0.36444495325852355,0.002532958984375,0.8045196533203125,5,/home/lzha/code/.codex-worktrees/DEXTRAH/franka-cube-traj-tracking/worklogs/franka-cube-grasp-prior/reward_success_comparison_20260612/training_curves.csv
Tracking loss,443,0.32271575927734375,0.38067895421360826,0.00232696533203125,0.8235397338867188,5,/home/lzha/code/.codex-worktrees/DEXTRAH/franka-cube-traj-tracking/worklogs/franka-cube-grasp-prior/reward_success_comparison_20260612/training_curves.csv
Tracking loss,444,0.32689361572265624,0.3859060252379867,0.00237274169921875,0.8372344970703125,5,/home/lzha/code/.codex-worktrees/DEXTRAH/franka-cube-traj-tracking/worklogs/franka-cube-grasp-prior/reward_success_comparison_20260612/training_curves.csv
Tracking loss,445,0.327252197265625,0.38606742449718373,0.002166748046875,0.8382339477539062,5,/home/lzha/code/.codex-worktrees/DEXTRAH/franka-cube-traj-tracking/worklogs/franka-cube-grasp-prior/reward_success_comparison_20260612/training_curves.csv
Tracking loss,446,0.32565155029296877,0.3842407887593235,0.001953125,0.8322677612304688,5,/home/lzha/code/.codex-worktrees/DEXTRAH/franka-cube-traj-tracking/worklogs/franka-cube-grasp-prior/reward_success_comparison_20260612/training_curves.csv
Tracking loss,447,0.32607421875,0.3848613813620045,0.00177764892578125,0.819183349609375,5,/home/lzha/code/.codex-worktrees/DEXTRAH/franka-cube-traj-tracking/worklogs/franka-cube-grasp-prior/reward_success_comparison_20260612/training_curves.csv
Tracking loss,448,0.32999420166015625,0.38884339678325114,0.0019989013671875,0.8270950317382812,5,/home/lzha/code/.codex-worktrees/DEXTRAH/franka-cube-traj-tracking/worklogs/franka-cube-grasp-prior/reward_success_comparison_20260612/training_curves.csv
Tracking loss,449,0.32985687255859375,0.387305926853819,0.0019378662109375,0.82379150390625,5,/home/lzha/code/.codex-worktrees/DEXTRAH/franka-cube-traj-tracking/worklogs/franka-cube-grasp-prior/reward_success_comparison_20260612/training_curves.csv
Tracking loss,450,0.28583526611328125,0.3371286018050419,0.002166748046875,0.704833984375,5,/home/lzha/code/.codex-worktrees/DEXTRAH/franka-cube-traj-tracking/worklogs/franka-cube-grasp-prior/reward_success_comparison_20260612/training_curves.csv
Tracking loss,451,0.2969268798828125,0.3480132264779002,0.00171661376953125,0.7791671752929688,5,/home/lzha/code/.codex-worktrees/DEXTRAH/franka-cube-traj-tracking/worklogs/franka-cube-grasp-prior/reward_success_comparison_20260612/training_curves.csv
Tracking loss,452,0.326873779296875,0.37932179409154787,0.00160980224609375,0.8175048828125,5,/home/lzha/code/.codex-worktrees/DEXTRAH/franka-cube-traj-tracking/worklogs/franka-cube-grasp-prior/reward_success_comparison_20260612/training_curves.csv
Tracking loss,453,0.33120269775390626,0.3829130099352462,0.00173187255859375,0.8345260620117188,5,/home/lzha/code/.codex-worktrees/DEXTRAH/franka-cube-traj-tracking/worklogs/franka-cube-grasp-prior/reward_success_comparison_20260612/training_curves.csv
Tracking loss,454,0.33525543212890624,0.38450639303353545,0.00215911865234375,0.8350753784179688,5,/home/lzha/code/.codex-worktrees/DEXTRAH/franka-cube-traj-tracking/worklogs/franka-cube-grasp-prior/reward_success_comparison_20260612/training_curves.csv
Tracking loss,455,0.3357940673828125,0.38350564275966015,0.00200653076171875,0.840911865234375,5,/home/lzha/code/.codex-worktrees/DEXTRAH/franka-cube-traj-tracking/worklogs/franka-cube-grasp-prior/reward_success_comparison_20260612/training_curves.csv
Tracking loss,456,0.33563385009765623,0.38128265195600064,0.00203704833984375,0.8277206420898438,5,/home/lzha/code/.codex-worktrees/DEXTRAH/franka-cube-traj-tracking/worklogs/franka-cube-grasp-prior/reward_success_comparison_20260612/training_curves.csv
Tracking loss,457,0.33882904052734375,0.38322406957878113,0.00171661376953125,0.8261337280273438,5,/home/lzha/code/.codex-worktrees/DEXTRAH/franka-cube-traj-tracking/worklogs/franka-cube-grasp-prior/reward_success_comparison_20260612/training_curves.csv
Tracking loss,458,0.33976593017578127,0.38373278744601313,0.00078582763671875,0.8289108276367188,5,/home/lzha/code/.codex-worktrees/DEXTRAH/franka-cube-traj-tracking/worklogs/franka-cube-grasp-prior/reward_success_comparison_20260612/training_curves.csv
Tracking loss,459,0.3212188720703125,0.3618029782857565,0.0005035400390625,0.77716064453125,5,/home/lzha/code/.codex-worktrees/DEXTRAH/franka-cube-traj-tracking/worklogs/franka-cube-grasp-prior/reward_success_comparison_20260612/training_curves.csv
Tracking loss,460,0.28636322021484373,0.3178798902630481,0.00131988525390625,0.713836669921875,5,/home/lzha/code/.codex-worktrees/DEXTRAH/franka-cube-traj-tracking/worklogs/franka-cube-grasp-prior/reward_success_comparison_20260612/training_curves.csv
Tracking loss,461,0.33773956298828123,0.364967319043475,0.0020904541015625,0.8098373413085938,5,/home/lzha/code/.codex-worktrees/DEXTRAH/franka-cube-traj-tracking/worklogs/franka-cube-grasp-prior/reward_success_comparison_20260612/training_curves.csv
Tracking loss,462,0.34268341064453123,0.36931844547079334,0.002197265625,0.8273391723632812,5,/home/lzha/code/.codex-worktrees/DEXTRAH/franka-cube-traj-tracking/worklogs/franka-cube-grasp-prior/reward_success_comparison_20260612/training_curves.csv
Tracking loss,463,0.34760284423828125,0.3736916181021622,0.00238037109375,0.8320999145507812,5,/home/lzha/code/.codex-worktrees/DEXTRAH/franka-cube-traj-tracking/worklogs/franka-cube-grasp-prior/reward_success_comparison_20260612/training_curves.csv
Tracking loss,464,0.34982757568359374,0.3733028225562761,0.00183868408203125,0.8362579345703125,5,/home/lzha/code/.codex-worktrees/DEXTRAH/franka-cube-traj-tracking/worklogs/franka-cube-grasp-prior/reward_success_comparison_20260612/training_curves.csv
Tracking loss,465,0.3515899658203125,0.3709245004870245,0.00156402587890625,0.8280105590820312,5,/home/lzha/code/.codex-worktrees/DEXTRAH/franka-cube-traj-tracking/worklogs/franka-cube-grasp-prior/reward_success_comparison_20260612/training_curves.csv
Tracking loss,466,0.3538848876953125,0.3704665365765381,0.00118255615234375,0.8189620971679688,5,/home/lzha/code/.codex-worktrees/DEXTRAH/franka-cube-traj-tracking/worklogs/franka-cube-grasp-prior/reward_success_comparison_20260612/training_curves.csv
Tracking loss,467,0.35667877197265624,0.37308328621856574,0.00131988525390625,0.825164794921875,5,/home/lzha/code/.codex-worktrees/DEXTRAH/franka-cube-traj-tracking/worklogs/franka-cube-grasp-prior/reward_success_comparison_20260612/training_curves.csv
Tracking loss,468,0.35662841796875,0.3726868085420276,0.00098419189453125,0.823272705078125,5,/home/lzha/code/.codex-worktrees/DEXTRAH/franka-cube-traj-tracking/worklogs/franka-cube-grasp-prior/reward_success_comparison_20260612/training_curves.csv
Tracking loss,469,0.29027252197265624,0.30943114090865725,0.0009613037109375,0.6750717163085938,5,/home/lzha/code/.codex-worktrees/DEXTRAH/franka-cube-traj-tracking/worklogs/franka-cube-grasp-prior/reward_success_comparison_20260612/training_curves.csv
Tracking loss,470,0.3376434326171875,0.3501711645393289,0.001373291015625,0.8016204833984375,5,/home/lzha/code/.codex-worktrees/DEXTRAH/franka-cube-traj-tracking/worklogs/franka-cube-grasp-prior/reward_success_comparison_20260612/training_curves.csv
Tracking loss,471,0.3542388916015625,0.3649370538568379,0.0016021728515625,0.8217697143554688,5,/home/lzha/code/.codex-worktrees/DEXTRAH/franka-cube-traj-tracking/worklogs/franka-cube-grasp-prior/reward_success_comparison_20260612/training_curves.csv
Tracking loss,472,0.3580902099609375,0.37011760383899595,0.0016326904296875,0.835968017578125,5,/home/lzha/code/.codex-worktrees/DEXTRAH/franka-cube-traj-tracking/worklogs/franka-cube-grasp-prior/reward_success_comparison_20260612/training_curves.csv
Tracking loss,473,0.35989227294921877,0.36938167529127647,0.0016937255859375,0.8358917236328125,5,/home/lzha/code/.codex-worktrees/DEXTRAH/franka-cube-traj-tracking/worklogs/franka-cube-grasp-prior/reward_success_comparison_20260612/training_curves.csv
Tracking loss,474,0.361785888671875,0.36773760311944786,0.002410888671875,0.8374862670898438,5,/home/lzha/code/.codex-worktrees/DEXTRAH/franka-cube-traj-tracking/worklogs/franka-cube-grasp-prior/reward_success_comparison_20260612/training_curves.csv
Tracking loss,475,0.3639892578125,0.3662492918084067,0.0022430419921875,0.8258895874023438,5,/home/lzha/code/.codex-worktrees/DEXTRAH/franka-cube-traj-tracking/worklogs/franka-cube-grasp-prior/reward_success_comparison_20260612/training_curves.csv
Tracking loss,476,0.36858978271484377,0.3692725802083713,0.00165557861328125,0.8322525024414062,5,/home/lzha/code/.codex-worktrees/DEXTRAH/franka-cube-traj-tracking/worklogs/franka-cube-grasp-prior/reward_success_comparison_20260612/training_curves.csv
Tracking loss,477,0.36877593994140623,0.36861870338727215,0.00164031982421875,0.8319091796875,5,/home/lzha/code/.codex-worktrees/DEXTRAH/franka-cube-traj-tracking/worklogs/franka-cube-grasp-prior/reward_success_comparison_20260612/training_curves.csv
Tracking loss,478,0.32615814208984373,0.32909993019180284,0.0022430419921875,0.731201171875,5,/home/lzha/code/.codex-worktrees/DEXTRAH/franka-cube-traj-tracking/worklogs/franka-cube-grasp-prior/reward_success_comparison_20260612/training_curves.csv
Tracking loss,479,0.328570556640625,0.3283268208726646,0.0023956298828125,0.7735748291015625,5,/home/lzha/code/.codex-worktrees/DEXTRAH/franka-cube-traj-tracking/worklogs/franka-cube-grasp-prior/reward_success_comparison_20260612/training_curves.csv
Tracking loss,480,0.3688720703125,0.3600126081659972,0.00243377685546875,0.8242874145507812,5,/home/lzha/code/.codex-worktrees/DEXTRAH/franka-cube-traj-tracking/worklogs/franka-cube-grasp-prior/reward_success_comparison_20260612/training_curves.csv
Tracking loss,481,0.37226409912109376,0.36354949903894795,0.0023956298828125,0.8418960571289062,5,/home/lzha/code/.codex-worktrees/DEXTRAH/franka-cube-traj-tracking/worklogs/franka-cube-grasp-prior/reward_success_comparison_20260612/training_curves.csv
Tracking loss,482,0.376318359375,0.366312416620374,0.0016937255859375,0.84326171875,5,/home/lzha/code/.codex-worktrees/DEXTRAH/franka-cube-traj-tracking/worklogs/franka-cube-grasp-prior/reward_success_comparison_20260612/training_curves.csv
Tracking loss,483,0.37849578857421873,0.3652894006169475,0.00189208984375,0.847686767578125,5,/home/lzha/code/.codex-worktrees/DEXTRAH/franka-cube-traj-tracking/worklogs/franka-cube-grasp-prior/reward_success_comparison_20260612/training_curves.csv
Tracking loss,484,0.380615234375,0.3633037312470763,0.0020751953125,0.836883544921875,5,/home/lzha/code/.codex-worktrees/DEXTRAH/franka-cube-traj-tracking/worklogs/franka-cube-grasp-prior/reward_success_comparison_20260612/training_curves.csv
Tracking loss,485,0.383349609375,0.3651565205690253,0.0018310546875,0.8337249755859375,5,/home/lzha/code/.codex-worktrees/DEXTRAH/franka-cube-traj-tracking/worklogs/franka-cube-grasp-prior/reward_success_comparison_20260612/training_curves.csv
Tracking loss,486,0.38665008544921875,0.3668096740140514,0.00194549560546875,0.8387222290039062,5,/home/lzha/code/.codex-worktrees/DEXTRAH/franka-cube-traj-tracking/worklogs/franka-cube-grasp-prior/reward_success_comparison_20260612/training_curves.csv
Tracking loss,487,0.37191925048828123,0.3529582056958822,0.00130462646484375,0.8016586303710938,5,/home/lzha/code/.codex-worktrees/DEXTRAH/franka-cube-traj-tracking/worklogs/franka-cube-grasp-prior/reward_success_comparison_20260612/training_curves.csv
Tracking loss,488,0.31506500244140623,0.3072697294405682,0.00186920166015625,0.713409423828125,5,/home/lzha/code/.codex-worktrees/DEXTRAH/franka-cube-traj-tracking/worklogs/franka-cube-grasp-prior/reward_success_comparison_20260612/training_curves.csv
Tracking loss,489,0.375872802734375,0.3546205759257092,0.00260162353515625,0.81787109375,5,/home/lzha/code/.codex-worktrees/DEXTRAH/franka-cube-traj-tracking/worklogs/franka-cube-grasp-prior/reward_success_comparison_20260612/training_curves.csv
Tracking loss,490,0.3828369140625,0.36073101650010647,0.00347900390625,0.8398895263671875,5,/home/lzha/code/.codex-worktrees/DEXTRAH/franka-cube-traj-tracking/worklogs/franka-cube-grasp-prior/reward_success_comparison_20260612/training_curves.csv
Tracking loss,491,0.3868682861328125,0.36519609589839014,0.0030059814453125,0.845977783203125,5,/home/lzha/code/.codex-worktrees/DEXTRAH/franka-cube-traj-tracking/worklogs/franka-cube-grasp-prior/reward_success_comparison_20260612/training_curves.csv
Tracking loss,492,0.3891876220703125,0.36448946551364486,0.0024566650390625,0.8482208251953125,5,/home/lzha/code/.codex-worktrees/DEXTRAH/franka-cube-traj-tracking/worklogs/franka-cube-grasp-prior/reward_success_comparison_20260612/training_curves.csv
Tracking loss,493,0.3903228759765625,0.3616314249303912,0.0021209716796875,0.8383102416992188,5,/home/lzha/code/.codex-worktrees/DEXTRAH/franka-cube-traj-tracking/worklogs/franka-cube-grasp-prior/reward_success_comparison_20260612/training_curves.csv
Tracking loss,494,0.39319000244140623,0.3615471440113261,0.0018768310546875,0.8299331665039062,5,/home/lzha/code/.codex-worktrees/DEXTRAH/franka-cube-traj-tracking/worklogs/franka-cube-grasp-prior/reward_success_comparison_20260612/training_curves.csv
Tracking loss,495,0.3980499267578125,0.3648621363826327,0.0018768310546875,0.8372955322265625,5,/home/lzha/code/.codex-worktrees/DEXTRAH/franka-cube-traj-tracking/worklogs/franka-cube-grasp-prior/reward_success_comparison_20260612/training_curves.csv
Tracking loss,496,0.3993896484375,0.3627986430164666,0.00162506103515625,0.832977294921875,5,/home/lzha/code/.codex-worktrees/DEXTRAH/franka-cube-traj-tracking/worklogs/franka-cube-grasp-prior/reward_success_comparison_20260612/training_curves.csv
Tracking loss,497,0.325390625,0.30651754649523266,0.00141143798828125,0.6927032470703125,5,/home/lzha/code/.codex-worktrees/DEXTRAH/franka-cube-traj-tracking/worklogs/franka-cube-grasp-prior/reward_success_comparison_20260612/training_curves.csv
Tracking loss,498,0.37165069580078125,0.3407405570379976,0.00180816650390625,0.805084228515625,5,/home/lzha/code/.codex-worktrees/DEXTRAH/franka-cube-traj-tracking/worklogs/franka-cube-grasp-prior/reward_success_comparison_20260612/training_curves.csv
Tracking loss,499,0.39316253662109374,0.35723826340079484,0.00225830078125,0.82781982421875,5,/home/lzha/code/.codex-worktrees/DEXTRAH/franka-cube-traj-tracking/worklogs/franka-cube-grasp-prior/reward_success_comparison_20260612/training_curves.csv
Tracking loss,500,0.3965972900390625,0.36161084205648136,0.0028076171875,0.8432159423828125,5,/home/lzha/code/.codex-worktrees/DEXTRAH/franka-cube-traj-tracking/worklogs/franka-cube-grasp-prior/reward_success_comparison_20260612/training_curves.csv
Tracking loss,501,0.3987060546875,0.3624931130289415,0.00191497802734375,0.8419647216796875,5,/home/lzha/code/.codex-worktrees/DEXTRAH/franka-cube-traj-tracking/worklogs/franka-cube-grasp-prior/reward_success_comparison_20260612/training_curves.csv
Tracking loss,502,0.4008087158203125,0.36202503736948966,0.00164031982421875,0.8428878784179688,5,/home/lzha/code/.codex-worktrees/DEXTRAH/franka-cube-traj-tracking/worklogs/franka-cube-grasp-prior/reward_success_comparison_20260612/training_curves.csv
Tracking loss,503,0.40327301025390627,0.3601341505766964,0.00138092041015625,0.828887939453125,5,/home/lzha/code/.codex-worktrees/DEXTRAH/franka-cube-traj-tracking/worklogs/franka-cube-grasp-prior/reward_success_comparison_20260612/training_curves.csv
Tracking loss,504,0.40999908447265626,0.36350369284918593,0.00167083740234375,0.8312835693359375,5,/home/lzha/code/.codex-worktrees/DEXTRAH/franka-cube-traj-tracking/worklogs/franka-cube-grasp-prior/reward_success_comparison_20260612/training_curves.csv
Tracking loss,505,0.41260528564453125,0.3636352606164496,0.001068115234375,0.8325042724609375,5,/home/lzha/code/.codex-worktrees/DEXTRAH/franka-cube-traj-tracking/worklogs/franka-cube-grasp-prior/reward_success_comparison_20260612/training_curves.csv
Tracking loss,506,0.37138214111328127,0.32987166761947184,0.00095367431640625,0.7465744018554688,5,/home/lzha/code/.codex-worktrees/DEXTRAH/franka-cube-traj-tracking/worklogs/franka-cube-grasp-prior/reward_success_comparison_20260612/training_curves.csv
Tracking loss,507,0.35558624267578126,0.3198905069363509,0.001678466796875,0.7562713623046875,5,/home/lzha/code/.codex-worktrees/DEXTRAH/franka-cube-traj-tracking/worklogs/franka-cube-grasp-prior/reward_success_comparison_20260612/training_curves.csv
Tracking loss,508,0.40610198974609374,0.3557225543694708,0.002197265625,0.8182373046875,5,/home/lzha/code/.codex-worktrees/DEXTRAH/franka-cube-traj-tracking/worklogs/franka-cube-grasp-prior/reward_success_comparison_20260612/training_curves.csv
Tracking loss,509,0.4095947265625,0.35937397825183953,0.0023345947265625,0.8389053344726562,5,/home/lzha/code/.codex-worktrees/DEXTRAH/franka-cube-traj-tracking/worklogs/franka-cube-grasp-prior/reward_success_comparison_20260612/training_curves.csv
Tracking loss,510,0.41305694580078123,0.36313786257841113,0.00218963623046875,0.8420791625976562,5,/home/lzha/code/.codex-worktrees/DEXTRAH/franka-cube-traj-tracking/worklogs/franka-cube-grasp-prior/reward_success_comparison_20260612/training_curves.csv
Tracking loss,511,0.4168304443359375,0.3639064207837743,0.00188446044921875,0.8483200073242188,5,/home/lzha/code/.codex-worktrees/DEXTRAH/franka-cube-traj-tracking/worklogs/franka-cube-grasp-prior/reward_success_comparison_20260612/training_curves.csv
Tracking loss,512,0.418206787109375,0.36202615243366093,0.001495361328125,0.8353042602539062,5,/home/lzha/code/.codex-worktrees/DEXTRAH/franka-cube-traj-tracking/worklogs/franka-cube-grasp-prior/reward_success_comparison_20260612/training_curves.csv
Tracking loss,513,0.42270050048828123,0.3643084296706768,0.00159454345703125,0.8304290771484375,5,/home/lzha/code/.codex-worktrees/DEXTRAH/franka-cube-traj-tracking/worklogs/franka-cube-grasp-prior/reward_success_comparison_20260612/training_curves.csv
Tracking loss,514,0.425726318359375,0.36715554577699605,0.00122833251953125,0.8384780883789062,5,/home/lzha/code/.codex-worktrees/DEXTRAH/franka-cube-traj-tracking/worklogs/franka-cube-grasp-prior/reward_success_comparison_20260612/training_curves.csv
Tracking loss,515,0.41652984619140626,0.357710297437443,0.0011749267578125,0.8128280639648438,5,/home/lzha/code/.codex-worktrees/DEXTRAH/franka-cube-traj-tracking/worklogs/franka-cube-grasp-prior/reward_success_comparison_20260612/training_curves.csv
Tracking loss,516,0.33753509521484376,0.30168879460403153,0.001373291015625,0.700836181640625,5,/home/lzha/code/.codex-worktrees/DEXTRAH/franka-cube-traj-tracking/worklogs/franka-cube-grasp-prior/reward_success_comparison_20260612/training_curves.csv
Tracking loss,517,0.40777130126953126,0.35393317682127223,0.00156402587890625,0.8164138793945312,5,/home/lzha/code/.codex-worktrees/DEXTRAH/franka-cube-traj-tracking/worklogs/franka-cube-grasp-prior/reward_success_comparison_20260612/training_curves.csv
Tracking loss,518,0.41776580810546876,0.36152343760304423,0.00201416015625,0.8392333984375,5,/home/lzha/code/.codex-worktrees/DEXTRAH/franka-cube-traj-tracking/worklogs/franka-cube-grasp-prior/reward_success_comparison_20260612/training_curves.csv
Tracking loss,519,0.42103729248046873,0.3658833998909333,0.0019378662109375,0.8495635986328125,5,/home/lzha/code/.codex-worktrees/DEXTRAH/franka-cube-traj-tracking/worklogs/franka-cube-grasp-prior/reward_success_comparison_20260612/training_curves.csv
Tracking loss,520,0.4214599609375,0.3660302718073114,0.0015411376953125,0.8504486083984375,5,/home/lzha/code/.codex-worktrees/DEXTRAH/franka-cube-traj-tracking/worklogs/franka-cube-grasp-prior/reward_success_comparison_20260612/training_curves.csv
Tracking loss,521,0.42420654296875,0.3653079687587334,0.0015716552734375,0.844940185546875,5,/home/lzha/code/.codex-worktrees/DEXTRAH/franka-cube-traj-tracking/worklogs/franka-cube-grasp-prior/reward_success_comparison_20260612/training_curves.csv
Tracking loss,522,0.42816619873046874,0.3665552878300411,0.0012664794921875,0.8360748291015625,5,/home/lzha/code/.codex-worktrees/DEXTRAH/franka-cube-traj-tracking/worklogs/franka-cube-grasp-prior/reward_success_comparison_20260612/training_curves.csv
Tracking loss,523,0.43329620361328125,0.36988360062577763,0.00106048583984375,0.8412857055664062,5,/home/lzha/code/.codex-worktrees/DEXTRAH/franka-cube-traj-tracking/worklogs/franka-cube-grasp-prior/reward_success_comparison_20260612/training_curves.csv
Tracking loss,524,0.43307037353515626,0.36930739744121815,0.0014190673828125,0.840240478515625,5,/home/lzha/code/.codex-worktrees/DEXTRAH/franka-cube-traj-tracking/worklogs/franka-cube-grasp-prior/reward_success_comparison_20260612/training_curves.csv
Tracking loss,525,0.35845489501953126,0.3126713982541833,0.00145721435546875,0.7047271728515625,5,/home/lzha/code/.codex-worktrees/DEXTRAH/franka-cube-traj-tracking/worklogs/franka-cube-grasp-prior/reward_success_comparison_20260612/training_curves.csv
Tracking loss,526,0.394049072265625,0.3415956188871336,0.00237274169921875,0.8038406372070312,5,/home/lzha/code/.codex-worktrees/DEXTRAH/franka-cube-traj-tracking/worklogs/franka-cube-grasp-prior/reward_success_comparison_20260612/training_curves.csv
Tracking loss,527,0.4223541259765625,0.3614643695271865,0.00267791748046875,0.8309707641601562,5,/home/lzha/code/.codex-worktrees/DEXTRAH/franka-cube-traj-tracking/worklogs/franka-cube-grasp-prior/reward_success_comparison_20260612/training_curves.csv
Tracking loss,528,0.42712249755859377,0.36592778873399934,0.00249481201171875,0.8506317138671875,5,/home/lzha/code/.codex-worktrees/DEXTRAH/franka-cube-traj-tracking/worklogs/franka-cube-grasp-prior/reward_success_comparison_20260612/training_curves.csv
Tracking loss,529,0.43132476806640624,0.36802338901399767,0.00220489501953125,0.8489837646484375,5,/home/lzha/code/.codex-worktrees/DEXTRAH/franka-cube-traj-tracking/worklogs/franka-cube-grasp-prior/reward_success_comparison_20260612/training_curves.csv
Tracking loss,530,0.433843994140625,0.368295932370082,0.001678466796875,0.8510284423828125,5,/home/lzha/code/.codex-worktrees/DEXTRAH/franka-cube-traj-tracking/worklogs/franka-cube-grasp-prior/reward_success_comparison_20260612/training_curves.csv
Tracking loss,531,0.4367889404296875,0.36787469428330566,0.00131988525390625,0.8378143310546875,5,/home/lzha/code/.codex-worktrees/DEXTRAH/franka-cube-traj-tracking/worklogs/franka-cube-grasp-prior/reward_success_comparison_20260612/training_curves.csv
Tracking loss,532,0.44283905029296877,0.3715415090478998,0.00146484375,0.8375244140625,5,/home/lzha/code/.codex-worktrees/DEXTRAH/franka-cube-traj-tracking/worklogs/franka-cube-grasp-prior/reward_success_comparison_20260612/training_curves.csv
Tracking loss,533,0.44344940185546877,0.37155520140523457,0.001007080078125,0.8373870849609375,5,/home/lzha/code/.codex-worktrees/DEXTRAH/franka-cube-traj-tracking/worklogs/franka-cube-grasp-prior/reward_success_comparison_20260612/training_curves.csv
Tracking loss,534,0.4070404052734375,0.34264100179700885,0.0009002685546875,0.7674026489257812,5,/home/lzha/code/.codex-worktrees/DEXTRAH/franka-cube-traj-tracking/worklogs/franka-cube-grasp-prior/reward_success_comparison_20260612/training_curves.csv
Tracking loss,535,0.37343292236328124,0.31953700559271914,0.00153350830078125,0.7467269897460938,5,/home/lzha/code/.codex-worktrees/DEXTRAH/franka-cube-traj-tracking/worklogs/franka-cube-grasp-prior/reward_success_comparison_20260612/training_curves.csv
Tracking loss,536,0.43177337646484376,0.3627818892598219,0.0027618408203125,0.822235107421875,5,/home/lzha/code/.codex-worktrees/DEXTRAH/franka-cube-traj-tracking/worklogs/franka-cube-grasp-prior/reward_success_comparison_20260612/training_curves.csv
Tracking loss,537,0.43482208251953125,0.36526578886674466,0.00296783447265625,0.8417205810546875,5,/home/lzha/code/.codex-worktrees/DEXTRAH/franka-cube-traj-tracking/worklogs/franka-cube-grasp-prior/reward_success_comparison_20260612/training_curves.csv
Tracking loss,538,0.44055023193359377,0.3697373940701914,0.00237274169921875,0.8448715209960938,5,/home/lzha/code/.codex-worktrees/DEXTRAH/franka-cube-traj-tracking/worklogs/franka-cube-grasp-prior/reward_success_comparison_20260612/training_curves.csv
Tracking loss,539,0.442364501953125,0.3702609177418696,0.00257110595703125,0.8484115600585938,5,/home/lzha/code/.codex-worktrees/DEXTRAH/franka-cube-traj-tracking/worklogs/franka-cube-grasp-prior/reward_success_comparison_20260612/training_curves.csv
Tracking loss,540,0.44624786376953124,0.37116416628850246,0.00191497802734375,0.8385086059570312,5,/home/lzha/code/.codex-worktrees/DEXTRAH/franka-cube-traj-tracking/worklogs/franka-cube-grasp-prior/reward_success_comparison_20260612/training_curves.csv
Tracking loss,541,0.4492034912109375,0.3731308595066573,0.00140380859375,0.833221435546875,5,/home/lzha/code/.codex-worktrees/DEXTRAH/franka-cube-traj-tracking/worklogs/franka-cube-grasp-prior/reward_success_comparison_20260612/training_curves.csv
Tracking loss,542,0.452703857421875,0.37556936743997876,0.00203704833984375,0.8389511108398438,5,/home/lzha/code/.codex-worktrees/DEXTRAH/franka-cube-traj-tracking/worklogs/franka-cube-grasp-prior/reward_success_comparison_20260612/training_curves.csv
Tracking loss,543,0.448992919921875,0.3712330206298483,0.00257110595703125,0.8249969482421875,5,/home/lzha/code/.codex-worktrees/DEXTRAH/franka-cube-traj-tracking/worklogs/franka-cube-grasp-prior/reward_success_comparison_20260612/training_curves.csv
Tracking loss,544,0.3594482421875,0.30448819626424517,0.00209808349609375,0.6957626342773438,5,/home/lzha/code/.codex-worktrees/DEXTRAH/franka-cube-traj-tracking/worklogs/franka-cube-grasp-prior/reward_success_comparison_20260612/training_curves.csv
Tracking loss,545,0.43155059814453123,0.3597841113748211,0.00275421142578125,0.8161163330078125,5,/home/lzha/code/.codex-worktrees/DEXTRAH/franka-cube-traj-tracking/worklogs/franka-cube-grasp-prior/reward_success_comparison_20260612/training_curves.csv
Tracking loss,546,0.44301605224609375,0.3682530825157887,0.0030670166015625,0.8358993530273438,5,/home/lzha/code/.codex-worktrees/DEXTRAH/franka-cube-traj-tracking/worklogs/franka-cube-grasp-prior/reward_success_comparison_20260612/training_curves.csv
Tracking loss,547,0.44647979736328125,0.37180176324184944,0.00334930419921875,0.8470916748046875,5,/home/lzha/code/.codex-worktrees/DEXTRAH/franka-cube-traj-tracking/worklogs/franka-cube-grasp-prior/reward_success_comparison_20260612/training_curves.csv
Tracking loss,548,0.4477630615234375,0.37256065812420136,0.00341033935546875,0.8475799560546875,5,/home/lzha/code/.codex-worktrees/DEXTRAH/franka-cube-traj-tracking/worklogs/franka-cube-grasp-prior/reward_success_comparison_20260612/training_curves.csv
Tracking loss,549,0.450775146484375,0.3737711027544111,0.0028076171875,0.8438034057617188,5,/home/lzha/code/.codex-worktrees/DEXTRAH/franka-cube-traj-tracking/worklogs/franka-cube-grasp-prior/reward_success_comparison_20260612/training_curves.csv
Tracking loss,550,0.45291290283203123,0.37443183165633015,0.00276947021484375,0.831695556640625,5,/home/lzha/code/.codex-worktrees/DEXTRAH/franka-cube-traj-tracking/worklogs/franka-cube-grasp-prior/reward_success_comparison_20260612/training_curves.csv
Tracking loss,551,0.45544586181640623,0.37745231102517407,0.0020294189453125,0.837615966796875,5,/home/lzha/code/.codex-worktrees/DEXTRAH/franka-cube-traj-tracking/worklogs/franka-cube-grasp-prior/reward_success_comparison_20260612/training_curves.csv
Tracking loss,552,0.4569091796875,0.3774643000621516,0.0016326904296875,0.8341827392578125,5,/home/lzha/code/.codex-worktrees/DEXTRAH/franka-cube-traj-tracking/worklogs/franka-cube-grasp-prior/reward_success_comparison_20260612/training_curves.csv
Tracking loss,553,0.38731842041015624,0.32352186197134825,0.00174713134765625,0.7155914306640625,5,/home/lzha/code/.codex-worktrees/DEXTRAH/franka-cube-traj-tracking/worklogs/franka-cube-grasp-prior/reward_success_comparison_20260612/training_curves.csv
Tracking loss,554,0.410736083984375,0.34341826515014656,0.0027313232421875,0.7944259643554688,5,/home/lzha/code/.codex-worktrees/DEXTRAH/franka-cube-traj-tracking/worklogs/franka-cube-grasp-prior/reward_success_comparison_20260612/training_curves.csv
Tracking loss,555,0.4459564208984375,0.3692910132970354,0.002655029296875,0.8280792236328125,5,/home/lzha/code/.codex-worktrees/DEXTRAH/franka-cube-traj-tracking/worklogs/franka-cube-grasp-prior/reward_success_comparison_20260612/training_curves.csv
Tracking loss,556,0.45012054443359373,0.3728444234562716,0.00225830078125,0.8459701538085938,5,/home/lzha/code/.codex-worktrees/DEXTRAH/franka-cube-traj-tracking/worklogs/franka-cube-grasp-prior/reward_success_comparison_20260612/training_curves.csv
Tracking loss,557,0.454351806640625,0.3762265338730553,0.0019073486328125,0.8466262817382812,5,/home/lzha/code/.codex-worktrees/DEXTRAH/franka-cube-traj-tracking/worklogs/franka-cube-grasp-prior/reward_success_comparison_20260612/training_curves.csv
Tracking loss,558,0.4579803466796875,0.37782738131962096,0.002410888671875,0.8496856689453125,5,/home/lzha/code/.codex-worktrees/DEXTRAH/franka-cube-traj-tracking/worklogs/franka-cube-grasp-prior/reward_success_comparison_20260612/training_curves.csv
Tracking loss,559,0.46070404052734376,0.3786550106327638,0.001800537109375,0.8386764526367188,5,/home/lzha/code/.codex-worktrees/DEXTRAH/franka-cube-traj-tracking/worklogs/franka-cube-grasp-prior/reward_success_comparison_20260612/training_curves.csv
Tracking loss,560,0.465533447265625,0.38133697759181034,0.00189208984375,0.8349838256835938,5,/home/lzha/code/.codex-worktrees/DEXTRAH/franka-cube-traj-tracking/worklogs/franka-cube-grasp-prior/reward_success_comparison_20260612/training_curves.csv
Tracking loss,561,0.4672332763671875,0.3823912154552696,0.00165557861328125,0.8379592895507812,5,/home/lzha/code/.codex-worktrees/DEXTRAH/franka-cube-traj-tracking/worklogs/franka-cube-grasp-prior/reward_success_comparison_20260612/training_curves.csv
Tracking loss,562,0.43734893798828123,0.3586210939842245,0.001068115234375,0.7823486328125,5,/home/lzha/code/.codex-worktrees/DEXTRAH/franka-cube-traj-tracking/worklogs/franka-cube-grasp-prior/reward_success_comparison_20260612/training_curves.csv
Tracking loss,563,0.38434295654296874,0.31909045678829984,0.0019989013671875,0.7309646606445312,5,/home/lzha/code/.codex-worktrees/DEXTRAH/franka-cube-traj-tracking/worklogs/franka-cube-grasp-prior/reward_success_comparison_20260612/training_curves.csv
Tracking loss,564,0.45141754150390623,0.37074002753919644,0.0030059814453125,0.8191375732421875,5,/home/lzha/code/.codex-worktrees/DEXTRAH/franka-cube-traj-tracking/worklogs/franka-cube-grasp-prior/reward_success_comparison_20260612/training_curves.csv
Tracking loss,565,0.456829833984375,0.37473903716412926,0.00347137451171875,0.8389968872070312,5,/home/lzha/code/.codex-worktrees/DEXTRAH/franka-cube-traj-tracking/worklogs/franka-cube-grasp-prior/reward_success_comparison_20260612/training_curves.csv
Tracking loss,566,0.464117431640625,0.38040207632612505,0.0024261474609375,0.844329833984375,5,/home/lzha/code/.codex-worktrees/DEXTRAH/franka-cube-traj-tracking/worklogs/franka-cube-grasp-prior/reward_success_comparison_20260612/training_curves.csv
Tracking loss,567,0.46588592529296874,0.3816351883160822,0.00199127197265625,0.8459091186523438,5,/home/lzha/code/.codex-worktrees/DEXTRAH/franka-cube-traj-tracking/worklogs/franka-cube-grasp-prior/reward_success_comparison_20260612/training_curves.csv
Tracking loss,568,0.46877593994140626,0.38283199328183026,0.00200653076171875,0.83782958984375,5,/home/lzha/code/.codex-worktrees/DEXTRAH/franka-cube-traj-tracking/worklogs/franka-cube-grasp-prior/reward_success_comparison_20260612/training_curves.csv
Tracking loss,569,0.47095794677734376,0.38450590155376785,0.00209808349609375,0.8315582275390625,5,/home/lzha/code/.codex-worktrees/DEXTRAH/franka-cube-traj-tracking/worklogs/franka-cube-grasp-prior/reward_success_comparison_20260612/training_curves.csv
Tracking loss,570,0.4750518798828125,0.38772013612399725,0.00255584716796875,0.8380661010742188,5,/home/lzha/code/.codex-worktrees/DEXTRAH/franka-cube-traj-tracking/worklogs/franka-cube-grasp-prior/reward_success_comparison_20260612/training_curves.csv
Tracking loss,571,0.474822998046875,0.38715254711783126,0.002105712890625,0.8321075439453125,5,/home/lzha/code/.codex-worktrees/DEXTRAH/franka-cube-traj-tracking/worklogs/franka-cube-grasp-prior/reward_success_comparison_20260612/training_curves.csv
