condition,epoch,mean,std,min,max,n,source
Grasp pose prior,1,66.76946868896485,20.744931615304314,42.866912841796875,97.15711975097656,5,/home/lzha/code/DEXTRAH/cluster_results/a1001/franka_cube_seed_sweep600_c7e66a0_20260612_092951/reward_plot_scalars.csv
Grasp pose prior,2,135.0465560913086,12.407293310147624,120.07833099365234,151.55276489257812,5,/home/lzha/code/DEXTRAH/cluster_results/a1001/franka_cube_seed_sweep600_c7e66a0_20260612_092951/reward_plot_scalars.csv
Grasp pose prior,3,250.23745422363282,29.799631095976924,208.25469970703125,280.23223876953125,5,/home/lzha/code/DEXTRAH/cluster_results/a1001/franka_cube_seed_sweep600_c7e66a0_20260612_092951/reward_plot_scalars.csv
Grasp pose prior,4,367.3552551269531,51.626706390251634,288.31256103515625,428.94635009765625,5,/home/lzha/code/DEXTRAH/cluster_results/a1001/franka_cube_seed_sweep600_c7e66a0_20260612_092951/reward_plot_scalars.csv
Grasp pose prior,5,482.8923400878906,33.230696715794586,430.6152648925781,528.9708862304688,5,/home/lzha/code/DEXTRAH/cluster_results/a1001/franka_cube_seed_sweep600_c7e66a0_20260612_092951/reward_plot_scalars.csv
Grasp pose prior,6,585.0806762695313,37.87824814457542,525.2556762695312,644.7084350585938,5,/home/lzha/code/DEXTRAH/cluster_results/a1001/franka_cube_seed_sweep600_c7e66a0_20260612_092951/reward_plot_scalars.csv
Grasp pose prior,7,694.8181030273438,43.888101526034276,641.5068359375,744.3890380859375,5,/home/lzha/code/DEXTRAH/cluster_results/a1001/franka_cube_seed_sweep600_c7e66a0_20260612_092951/reward_plot_scalars.csv
Grasp pose prior,8,807.3627685546875,61.58312056790103,719.50341796875,869.0770874023438,5,/home/lzha/code/DEXTRAH/cluster_results/a1001/franka_cube_seed_sweep600_c7e66a0_20260612_092951/reward_plot_scalars.csv
Grasp pose prior,9,910.2528198242187,42.85104176896733,852.318603515625,956.5069580078125,5,/home/lzha/code/DEXTRAH/cluster_results/a1001/franka_cube_seed_sweep600_c7e66a0_20260612_092951/reward_plot_scalars.csv
Grasp pose prior,10,1068.7795288085938,39.82962210518415,1006.5558471679688,1126.5601806640625,5,/home/lzha/code/DEXTRAH/cluster_results/a1001/franka_cube_seed_sweep600_c7e66a0_20260612_092951/reward_plot_scalars.csv
Grasp pose prior,11,759.1551635742187,87.24127626393584,621.3121948242188,865.3941040039062,5,/home/lzha/code/DEXTRAH/cluster_results/a1001/franka_cube_seed_sweep600_c7e66a0_20260612_092951/reward_plot_scalars.csv
Grasp pose prior,12,532.8465759277344,67.18396451374562,437.2740478515625,622.0167236328125,5,/home/lzha/code/DEXTRAH/cluster_results/a1001/franka_cube_seed_sweep600_c7e66a0_20260612_092951/reward_plot_scalars.csv
Grasp pose prior,13,522.5505676269531,22.86838485735641,482.2071228027344,545.2838745117188,5,/home/lzha/code/DEXTRAH/cluster_results/a1001/franka_cube_seed_sweep600_c7e66a0_20260612_092951/reward_plot_scalars.csv
Grasp pose prior,14,627.2246948242188,45.10867251891402,584.2673950195312,701.9487915039062,5,/home/lzha/code/DEXTRAH/cluster_results/a1001/franka_cube_seed_sweep600_c7e66a0_20260612_092951/reward_plot_scalars.csv
Grasp pose prior,15,724.7993286132812,59.041606127837866,651.5725708007812,831.1969604492188,5,/home/lzha/code/DEXTRAH/cluster_results/a1001/franka_cube_seed_sweep600_c7e66a0_20260612_092951/reward_plot_scalars.csv
Grasp pose prior,16,808.4171264648437,28.883156348011415,768.5204467773438,847.2335815429688,5,/home/lzha/code/DEXTRAH/cluster_results/a1001/franka_cube_seed_sweep600_c7e66a0_20260612_092951/reward_plot_scalars.csv
Grasp pose prior,17,854.4084716796875,38.45614146547503,785.41015625,899.6605834960938,5,/home/lzha/code/DEXTRAH/cluster_results/a1001/franka_cube_seed_sweep600_c7e66a0_20260612_092951/reward_plot_scalars.csv
Grasp pose prior,18,894.43857421875,34.00407743038625,846.3140258789062,928.0603637695312,5,/home/lzha/code/DEXTRAH/cluster_results/a1001/franka_cube_seed_sweep600_c7e66a0_20260612_092951/reward_plot_scalars.csv
Grasp pose prior,19,1037.4643920898438,45.84403877628259,986.7265625,1112.9097900390625,5,/home/lzha/code/DEXTRAH/cluster_results/a1001/franka_cube_seed_sweep600_c7e66a0_20260612_092951/reward_plot_scalars.csv
Grasp pose prior,20,895.7470703125,56.080758183457554,813.970458984375,987.9360961914062,5,/home/lzha/code/DEXTRAH/cluster_results/a1001/franka_cube_seed_sweep600_c7e66a0_20260612_092951/reward_plot_scalars.csv
Grasp pose prior,21,848.0084106445313,64.69625772131188,777.187255859375,946.9864501953125,5,/home/lzha/code/DEXTRAH/cluster_results/a1001/franka_cube_seed_sweep600_c7e66a0_20260612_092951/reward_plot_scalars.csv
Grasp pose prior,22,906.0029174804688,91.88225856617112,822.0701293945312,1033.7864990234375,5,/home/lzha/code/DEXTRAH/cluster_results/a1001/franka_cube_seed_sweep600_c7e66a0_20260612_092951/reward_plot_scalars.csv
Grasp pose prior,23,1009.8443603515625,110.04655365185424,885.0635986328125,1154.793212890625,5,/home/lzha/code/DEXTRAH/cluster_results/a1001/franka_cube_seed_sweep600_c7e66a0_20260612_092951/reward_plot_scalars.csv
Grasp pose prior,24,1095.358154296875,201.2113872339832,937.6005859375,1486.2696533203125,5,/home/lzha/code/DEXTRAH/cluster_results/a1001/franka_cube_seed_sweep600_c7e66a0_20260612_092951/reward_plot_scalars.csv
Grasp pose prior,25,1158.199267578125,194.38555564127802,981.35546875,1515.12841796875,5,/home/lzha/code/DEXTRAH/cluster_results/a1001/franka_cube_seed_sweep600_c7e66a0_20260612_092951/reward_plot_scalars.csv
Grasp pose prior,26,1182.93740234375,191.66348605873196,1026.500244140625,1538.2572021484375,5,/home/lzha/code/DEXTRAH/cluster_results/a1001/franka_cube_seed_sweep600_c7e66a0_20260612_092951/reward_plot_scalars.csv
Grasp pose prior,27,1283.3744873046876,227.8856879008265,1072.4736328125,1666.5615234375,5,/home/lzha/code/DEXTRAH/cluster_results/a1001/franka_cube_seed_sweep600_c7e66a0_20260612_092951/reward_plot_scalars.csv
Grasp pose prior,28,1371.9783935546875,314.86993158277346,1084.925048828125,1958.10107421875,5,/home/lzha/code/DEXTRAH/cluster_results/a1001/franka_cube_seed_sweep600_c7e66a0_20260612_092951/reward_plot_scalars.csv
Grasp pose prior,29,1365.93994140625,321.63755179002806,1147.7952880859375,2003.508544921875,5,/home/lzha/code/DEXTRAH/cluster_results/a1001/franka_cube_seed_sweep600_c7e66a0_20260612_092951/reward_plot_scalars.csv
Grasp pose prior,30,1264.8602783203125,241.41832674017138,1095.883056640625,1743.060546875,5,/home/lzha/code/DEXTRAH/cluster_results/a1001/franka_cube_seed_sweep600_c7e66a0_20260612_092951/reward_plot_scalars.csv
Grasp pose prior,31,1450.9705078125,414.557660668863,1081.8817138671875,2251.005859375,5,/home/lzha/code/DEXTRAH/cluster_results/a1001/franka_cube_seed_sweep600_c7e66a0_20260612_092951/reward_plot_scalars.csv
Grasp pose prior,32,1540.39140625,468.68259774876293,1109.1602783203125,2442.53173828125,5,/home/lzha/code/DEXTRAH/cluster_results/a1001/franka_cube_seed_sweep600_c7e66a0_20260612_092951/reward_plot_scalars.csv
Grasp pose prior,33,1589.8166748046874,431.17289870692986,1114.564697265625,2381.7861328125,5,/home/lzha/code/DEXTRAH/cluster_results/a1001/franka_cube_seed_sweep600_c7e66a0_20260612_092951/reward_plot_scalars.csv
Grasp pose prior,34,1615.7728759765625,336.40160614336605,1135.0208740234375,2131.2255859375,5,/home/lzha/code/DEXTRAH/cluster_results/a1001/franka_cube_seed_sweep600_c7e66a0_20260612_092951/reward_plot_scalars.csv
Grasp pose prior,35,1687.02646484375,334.04666921026234,1172.7615966796875,2090.4619140625,5,/home/lzha/code/DEXTRAH/cluster_results/a1001/franka_cube_seed_sweep600_c7e66a0_20260612_092951/reward_plot_scalars.csv
Grasp pose prior,36,1802.2921630859375,438.61428896273816,1191.3121337890625,2512.69873046875,5,/home/lzha/code/DEXTRAH/cluster_results/a1001/franka_cube_seed_sweep600_c7e66a0_20260612_092951/reward_plot_scalars.csv
Grasp pose prior,37,1818.133740234375,498.60020861238166,1209.4271240234375,2602.312255859375,5,/home/lzha/code/DEXTRAH/cluster_results/a1001/franka_cube_seed_sweep600_c7e66a0_20260612_092951/reward_plot_scalars.csv
Grasp pose prior,38,2034.6664794921876,660.8114052822823,1247.2286376953125,3197.72314453125,5,/home/lzha/code/DEXTRAH/cluster_results/a1001/franka_cube_seed_sweep600_c7e66a0_20260612_092951/reward_plot_scalars.csv
Grasp pose prior,39,2056.73603515625,647.842978111284,1225.3111572265625,3202.3876953125,5,/home/lzha/code/DEXTRAH/cluster_results/a1001/franka_cube_seed_sweep600_c7e66a0_20260612_092951/reward_plot_scalars.csv
Grasp pose prior,40,2194.960693359375,763.6225474251405,1254.239501953125,3573.86962890625,5,/home/lzha/code/DEXTRAH/cluster_results/a1001/franka_cube_seed_sweep600_c7e66a0_20260612_092951/reward_plot_scalars.csv
Grasp pose prior,41,2485.4589111328123,925.3762917556414,1239.25830078125,3963.332763671875,5,/home/lzha/code/DEXTRAH/cluster_results/a1001/franka_cube_seed_sweep600_c7e66a0_20260612_092951/reward_plot_scalars.csv
Grasp pose prior,42,2866.088720703125,1092.637168116247,1263.55419921875,4562.6875,5,/home/lzha/code/DEXTRAH/cluster_results/a1001/franka_cube_seed_sweep600_c7e66a0_20260612_092951/reward_plot_scalars.csv
Grasp pose prior,43,3190.3864990234374,1190.3016405399464,1272.8785400390625,4842.1025390625,5,/home/lzha/code/DEXTRAH/cluster_results/a1001/franka_cube_seed_sweep600_c7e66a0_20260612_092951/reward_plot_scalars.csv
Grasp pose prior,44,3447.181396484375,1254.5921593919313,1289.495849609375,4998.87158203125,5,/home/lzha/code/DEXTRAH/cluster_results/a1001/franka_cube_seed_sweep600_c7e66a0_20260612_092951/reward_plot_scalars.csv
Grasp pose prior,45,3846.856201171875,1402.0211151843885,1322.254638671875,5337.5986328125,5,/home/lzha/code/DEXTRAH/cluster_results/a1001/franka_cube_seed_sweep600_c7e66a0_20260612_092951/reward_plot_scalars.csv
Grasp pose prior,46,4101.14853515625,1533.1742661743172,1348.28857421875,5549.94873046875,5,/home/lzha/code/DEXTRAH/cluster_results/a1001/franka_cube_seed_sweep600_c7e66a0_20260612_092951/reward_plot_scalars.csv
Grasp pose prior,47,4723.43642578125,1743.1503358455243,1433.55322265625,6058.2490234375,5,/home/lzha/code/DEXTRAH/cluster_results/a1001/franka_cube_seed_sweep600_c7e66a0_20260612_092951/reward_plot_scalars.csv
Grasp pose prior,48,4625.779077148438,1729.0107942831596,1435.6966552734375,6336.0048828125,5,/home/lzha/code/DEXTRAH/cluster_results/a1001/franka_cube_seed_sweep600_c7e66a0_20260612_092951/reward_plot_scalars.csv
Grasp pose prior,49,5047.46484375,1911.6055863904705,1526.294921875,7045.9091796875,5,/home/lzha/code/DEXTRAH/cluster_results/a1001/franka_cube_seed_sweep600_c7e66a0_20260612_092951/reward_plot_scalars.csv
Grasp pose prior,50,5333.638989257813,2049.3603186385294,1591.6436767578125,7827.294921875,5,/home/lzha/code/DEXTRAH/cluster_results/a1001/franka_cube_seed_sweep600_c7e66a0_20260612_092951/reward_plot_scalars.csv
Grasp pose prior,51,5625.940380859375,2148.370105110097,1640.864501953125,8136.40087890625,5,/home/lzha/code/DEXTRAH/cluster_results/a1001/franka_cube_seed_sweep600_c7e66a0_20260612_092951/reward_plot_scalars.csv
Grasp pose prior,52,6025.968212890625,2137.242550601076,1984.153076171875,8314.1201171875,5,/home/lzha/code/DEXTRAH/cluster_results/a1001/franka_cube_seed_sweep600_c7e66a0_20260612_092951/reward_plot_scalars.csv
Grasp pose prior,53,6476.176416015625,2264.804091531606,2227.924560546875,8996.189453125,5,/home/lzha/code/DEXTRAH/cluster_results/a1001/franka_cube_seed_sweep600_c7e66a0_20260612_092951/reward_plot_scalars.csv
Grasp pose prior,54,6782.2697265625,2384.974912135663,2253.2236328125,9193.345703125,5,/home/lzha/code/DEXTRAH/cluster_results/a1001/franka_cube_seed_sweep600_c7e66a0_20260612_092951/reward_plot_scalars.csv
Grasp pose prior,55,7214.185693359375,2544.237547422698,2357.738037109375,9758.4658203125,5,/home/lzha/code/DEXTRAH/cluster_results/a1001/franka_cube_seed_sweep600_c7e66a0_20260612_092951/reward_plot_scalars.csv
Grasp pose prior,56,7397.53642578125,2493.171919113588,2687.12890625,9925.044921875,5,/home/lzha/code/DEXTRAH/cluster_results/a1001/franka_cube_seed_sweep600_c7e66a0_20260612_092951/reward_plot_scalars.csv
Grasp pose prior,57,7704.98798828125,2332.13813580104,3303.6162109375,10192.0263671875,5,/home/lzha/code/DEXTRAH/cluster_results/a1001/franka_cube_seed_sweep600_c7e66a0_20260612_092951/reward_plot_scalars.csv
Grasp pose prior,58,7814.8244140625,2524.573985414345,3100.1103515625,10579.6162109375,5,/home/lzha/code/DEXTRAH/cluster_results/a1001/franka_cube_seed_sweep600_c7e66a0_20260612_092951/reward_plot_scalars.csv
Grasp pose prior,59,8254.966259765624,2556.174655023418,3410.037353515625,10893.3212890625,5,/home/lzha/code/DEXTRAH/cluster_results/a1001/franka_cube_seed_sweep600_c7e66a0_20260612_092951/reward_plot_scalars.csv
Grasp pose prior,60,8635.016357421875,2421.5564233769287,4061.980224609375,10995.357421875,5,/home/lzha/code/DEXTRAH/cluster_results/a1001/franka_cube_seed_sweep600_c7e66a0_20260612_092951/reward_plot_scalars.csv
Grasp pose prior,61,8916.51220703125,2190.7708370729656,4758.91943359375,11044.1708984375,5,/home/lzha/code/DEXTRAH/cluster_results/a1001/franka_cube_seed_sweep600_c7e66a0_20260612_092951/reward_plot_scalars.csv
Grasp pose prior,62,9149.54609375,2097.015453930596,5192.708984375,11213.3818359375,5,/home/lzha/code/DEXTRAH/cluster_results/a1001/franka_cube_seed_sweep600_c7e66a0_20260612_092951/reward_plot_scalars.csv
Grasp pose prior,63,9376.267578125,2029.6308450857966,5513.8359375,11344.2861328125,5,/home/lzha/code/DEXTRAH/cluster_results/a1001/franka_cube_seed_sweep600_c7e66a0_20260612_092951/reward_plot_scalars.csv
Grasp pose prior,64,9701.49931640625,1930.6142523959109,5958.84423828125,11393.939453125,5,/home/lzha/code/DEXTRAH/cluster_results/a1001/franka_cube_seed_sweep600_c7e66a0_20260612_092951/reward_plot_scalars.csv
Grasp pose prior,65,9924.4134765625,1749.2951787037257,6568.990234375,11492.3359375,5,/home/lzha/code/DEXTRAH/cluster_results/a1001/franka_cube_seed_sweep600_c7e66a0_20260612_092951/reward_plot_scalars.csv
Grasp pose prior,66,10211.45849609375,1650.6515306994156,6981.34423828125,11540.6083984375,5,/home/lzha/code/DEXTRAH/cluster_results/a1001/franka_cube_seed_sweep600_c7e66a0_20260612_092951/reward_plot_scalars.csv
Grasp pose prior,67,10271.0458984375,1649.9821618237186,7006.6240234375,11493.9169921875,5,/home/lzha/code/DEXTRAH/cluster_results/a1001/franka_cube_seed_sweep600_c7e66a0_20260612_092951/reward_plot_scalars.csv
Grasp pose prior,68,10368.1109375,1665.6503418828834,7081.4248046875,11584.49609375,5,/home/lzha/code/DEXTRAH/cluster_results/a1001/franka_cube_seed_sweep600_c7e66a0_20260612_092951/reward_plot_scalars.csv
Grasp pose prior,69,10456.54892578125,1588.66976041237,7293.77294921875,11487.2626953125,5,/home/lzha/code/DEXTRAH/cluster_results/a1001/franka_cube_seed_sweep600_c7e66a0_20260612_092951/reward_plot_scalars.csv
Grasp pose prior,70,10631.73447265625,1472.219531517857,7717.25439453125,11608.791015625,5,/home/lzha/code/DEXTRAH/cluster_results/a1001/franka_cube_seed_sweep600_c7e66a0_20260612_092951/reward_plot_scalars.csv
Grasp pose prior,71,10751.61982421875,1497.8937220677499,7758.19873046875,11612.470703125,5,/home/lzha/code/DEXTRAH/cluster_results/a1001/franka_cube_seed_sweep600_c7e66a0_20260612_092951/reward_plot_scalars.csv
Grasp pose prior,72,10750.561328125,1525.9398582970439,7714.072265625,11745.73828125,5,/home/lzha/code/DEXTRAH/cluster_results/a1001/franka_cube_seed_sweep600_c7e66a0_20260612_092951/reward_plot_scalars.csv
Grasp pose prior,73,10993.1443359375,1395.6853738992668,8209.97265625,11816.0205078125,5,/home/lzha/code/DEXTRAH/cluster_results/a1001/franka_cube_seed_sweep600_c7e66a0_20260612_092951/reward_plot_scalars.csv
Grasp pose prior,74,11116.250390625,1221.076302877396,8683.63671875,11917.7568359375,5,/home/lzha/code/DEXTRAH/cluster_results/a1001/franka_cube_seed_sweep600_c7e66a0_20260612_092951/reward_plot_scalars.csv
Grasp pose prior,75,11269.044921875,1157.1439247046699,8961.4208984375,11969.4501953125,5,/home/lzha/code/DEXTRAH/cluster_results/a1001/franka_cube_seed_sweep600_c7e66a0_20260612_092951/reward_plot_scalars.csv
Grasp pose prior,76,11278.2759765625,1240.1917388327747,8807.912109375,12046.357421875,5,/home/lzha/code/DEXTRAH/cluster_results/a1001/franka_cube_seed_sweep600_c7e66a0_20260612_092951/reward_plot_scalars.csv
Grasp pose prior,77,11188.78828125,1447.087176821192,8301.125,12031.0283203125,5,/home/lzha/code/DEXTRAH/cluster_results/a1001/franka_cube_seed_sweep600_c7e66a0_20260612_092951/reward_plot_scalars.csv
Grasp pose prior,78,11476.2712890625,1025.4185788755499,9448.2412109375,12158.060546875,5,/home/lzha/code/DEXTRAH/cluster_results/a1001/franka_cube_seed_sweep600_c7e66a0_20260612_092951/reward_plot_scalars.csv
Grasp pose prior,79,11549.9703125,820.4259904090545,9934.8876953125,12206.8056640625,5,/home/lzha/code/DEXTRAH/cluster_results/a1001/franka_cube_seed_sweep600_c7e66a0_20260612_092951/reward_plot_scalars.csv
Grasp pose prior,80,11610.1427734375,721.726525076009,10199.1845703125,12229.2861328125,5,/home/lzha/code/DEXTRAH/cluster_results/a1001/franka_cube_seed_sweep600_c7e66a0_20260612_092951/reward_plot_scalars.csv
Grasp pose prior,81,11649.26640625,734.1335670919366,10195.9384765625,12177.6396484375,5,/home/lzha/code/DEXTRAH/cluster_results/a1001/franka_cube_seed_sweep600_c7e66a0_20260612_092951/reward_plot_scalars.csv
Grasp pose prior,82,11701.0232421875,693.0147795766039,10362.384765625,12281.611328125,5,/home/lzha/code/DEXTRAH/cluster_results/a1001/franka_cube_seed_sweep600_c7e66a0_20260612_092951/reward_plot_scalars.csv
Grasp pose prior,83,11742.6470703125,663.91427981836,10465.958984375,12320.0048828125,5,/home/lzha/code/DEXTRAH/cluster_results/a1001/franka_cube_seed_sweep600_c7e66a0_20260612_092951/reward_plot_scalars.csv
Grasp pose prior,84,11829.1052734375,606.8854994814258,10732.7275390625,12400.5517578125,5,/home/lzha/code/DEXTRAH/cluster_results/a1001/franka_cube_seed_sweep600_c7e66a0_20260612_092951/reward_plot_scalars.csv
Grasp pose prior,85,11854.8947265625,588.3509557259621,10767.326171875,12460.33984375,5,/home/lzha/code/DEXTRAH/cluster_results/a1001/franka_cube_seed_sweep600_c7e66a0_20260612_092951/reward_plot_scalars.csv
Grasp pose prior,86,11857.385546875,589.4030181993239,10737.0361328125,12459.0,5,/home/lzha/code/DEXTRAH/cluster_results/a1001/franka_cube_seed_sweep600_c7e66a0_20260612_092951/reward_plot_scalars.csv
Grasp pose prior,87,11932.005078125,597.9160407421846,10787.53515625,12490.2900390625,5,/home/lzha/code/DEXTRAH/cluster_results/a1001/franka_cube_seed_sweep600_c7e66a0_20260612_092951/reward_plot_scalars.csv
Grasp pose prior,88,12030.2541015625,546.6090978293107,11004.353515625,12549.3349609375,5,/home/lzha/code/DEXTRAH/cluster_results/a1001/franka_cube_seed_sweep600_c7e66a0_20260612_092951/reward_plot_scalars.csv
Grasp pose prior,89,12055.284375,527.7025486094983,11071.126953125,12623.0068359375,5,/home/lzha/code/DEXTRAH/cluster_results/a1001/franka_cube_seed_sweep600_c7e66a0_20260612_092951/reward_plot_scalars.csv
Grasp pose prior,90,12111.303515625,570.1664787315067,11041.138671875,12695.5068359375,5,/home/lzha/code/DEXTRAH/cluster_results/a1001/franka_cube_seed_sweep600_c7e66a0_20260612_092951/reward_plot_scalars.csv
Grasp pose prior,91,12174.1341796875,514.125627121602,11226.5234375,12729.5625,5,/home/lzha/code/DEXTRAH/cluster_results/a1001/franka_cube_seed_sweep600_c7e66a0_20260612_092951/reward_plot_scalars.csv
Grasp pose prior,92,12172.5775390625,481.75226093096245,11308.47265625,12692.7275390625,5,/home/lzha/code/DEXTRAH/cluster_results/a1001/franka_cube_seed_sweep600_c7e66a0_20260612_092951/reward_plot_scalars.csv
Grasp pose prior,93,12161.5060546875,587.2924337300784,11089.73828125,12744.3017578125,5,/home/lzha/code/DEXTRAH/cluster_results/a1001/franka_cube_seed_sweep600_c7e66a0_20260612_092951/reward_plot_scalars.csv
Grasp pose prior,94,12301.6279296875,447.8941244268457,11537.443359375,12789.1064453125,5,/home/lzha/code/DEXTRAH/cluster_results/a1001/franka_cube_seed_sweep600_c7e66a0_20260612_092951/reward_plot_scalars.csv
Grasp pose prior,95,12292.382421875,496.628793214704,11472.376953125,12831.7099609375,5,/home/lzha/code/DEXTRAH/cluster_results/a1001/franka_cube_seed_sweep600_c7e66a0_20260612_092951/reward_plot_scalars.csv
Grasp pose prior,96,12371.8443359375,416.658016870229,11727.658203125,12856.5810546875,5,/home/lzha/code/DEXTRAH/cluster_results/a1001/franka_cube_seed_sweep600_c7e66a0_20260612_092951/reward_plot_scalars.csv
Grasp pose prior,97,12392.20703125,344.9041847398742,11866.8642578125,12868.1513671875,5,/home/lzha/code/DEXTRAH/cluster_results/a1001/franka_cube_seed_sweep600_c7e66a0_20260612_092951/reward_plot_scalars.csv
Grasp pose prior,98,12453.8283203125,362.0321954912361,11882.7919921875,12831.9072265625,5,/home/lzha/code/DEXTRAH/cluster_results/a1001/franka_cube_seed_sweep600_c7e66a0_20260612_092951/reward_plot_scalars.csv
Grasp pose prior,99,12512.666015625,316.35462958003797,12095.4130859375,12935.5458984375,5,/home/lzha/code/DEXTRAH/cluster_results/a1001/franka_cube_seed_sweep600_c7e66a0_20260612_092951/reward_plot_scalars.csv
Grasp pose prior,100,12545.1791015625,322.66313202831947,12117.142578125,12968.22265625,5,/home/lzha/code/DEXTRAH/cluster_results/a1001/franka_cube_seed_sweep600_c7e66a0_20260612_092951/reward_plot_scalars.csv
Grasp pose prior,101,12565.74765625,299.75252444568343,12216.8720703125,12946.2744140625,5,/home/lzha/code/DEXTRAH/cluster_results/a1001/franka_cube_seed_sweep600_c7e66a0_20260612_092951/reward_plot_scalars.csv
Grasp pose prior,102,12622.1326171875,298.72846192322,12226.8759765625,13046.904296875,5,/home/lzha/code/DEXTRAH/cluster_results/a1001/franka_cube_seed_sweep600_c7e66a0_20260612_092951/reward_plot_scalars.csv
Grasp pose prior,103,12656.3662109375,291.4635462709794,12346.287109375,13117.1455078125,5,/home/lzha/code/DEXTRAH/cluster_results/a1001/franka_cube_seed_sweep600_c7e66a0_20260612_092951/reward_plot_scalars.csv
Grasp pose prior,104,12621.7830078125,294.050626736255,12240.099609375,13053.73828125,5,/home/lzha/code/DEXTRAH/cluster_results/a1001/franka_cube_seed_sweep600_c7e66a0_20260612_092951/reward_plot_scalars.csv
Grasp pose prior,105,12682.1232421875,297.8453805169164,12364.3134765625,13160.49609375,5,/home/lzha/code/DEXTRAH/cluster_results/a1001/franka_cube_seed_sweep600_c7e66a0_20260612_092951/reward_plot_scalars.csv
Grasp pose prior,106,12677.209765625,314.4057470085171,12343.7451171875,13194.1845703125,5,/home/lzha/code/DEXTRAH/cluster_results/a1001/franka_cube_seed_sweep600_c7e66a0_20260612_092951/reward_plot_scalars.csv
Grasp pose prior,107,12683.997265625,333.1536462976161,12294.0283203125,13206.255859375,5,/home/lzha/code/DEXTRAH/cluster_results/a1001/franka_cube_seed_sweep600_c7e66a0_20260612_092951/reward_plot_scalars.csv
Grasp pose prior,108,12697.4453125,295.9487400357442,12392.642578125,13216.0537109375,5,/home/lzha/code/DEXTRAH/cluster_results/a1001/franka_cube_seed_sweep600_c7e66a0_20260612_092951/reward_plot_scalars.csv
Grasp pose prior,109,12752.391796875,292.76547286739856,12410.8857421875,13223.8046875,5,/home/lzha/code/DEXTRAH/cluster_results/a1001/franka_cube_seed_sweep600_c7e66a0_20260612_092951/reward_plot_scalars.csv
Grasp pose prior,110,12763.4728515625,314.22666242725603,12379.3212890625,13253.0107421875,5,/home/lzha/code/DEXTRAH/cluster_results/a1001/franka_cube_seed_sweep600_c7e66a0_20260612_092951/reward_plot_scalars.csv
Grasp pose prior,111,12771.3306640625,318.7582149608481,12419.2431640625,13280.4248046875,5,/home/lzha/code/DEXTRAH/cluster_results/a1001/franka_cube_seed_sweep600_c7e66a0_20260612_092951/reward_plot_scalars.csv
Grasp pose prior,112,12750.8666015625,362.7109611713383,12320.5185546875,13293.3896484375,5,/home/lzha/code/DEXTRAH/cluster_results/a1001/franka_cube_seed_sweep600_c7e66a0_20260612_092951/reward_plot_scalars.csv
Grasp pose prior,113,12776.579296875,363.7747774445529,12386.0869140625,13311.4248046875,5,/home/lzha/code/DEXTRAH/cluster_results/a1001/franka_cube_seed_sweep600_c7e66a0_20260612_092951/reward_plot_scalars.csv
Grasp pose prior,114,12773.9451171875,368.3960537827506,12338.33203125,13321.7724609375,5,/home/lzha/code/DEXTRAH/cluster_results/a1001/franka_cube_seed_sweep600_c7e66a0_20260612_092951/reward_plot_scalars.csv
Grasp pose prior,115,12835.9015625,361.95111487204133,12375.890625,13352.81640625,5,/home/lzha/code/DEXTRAH/cluster_results/a1001/franka_cube_seed_sweep600_c7e66a0_20260612_092951/reward_plot_scalars.csv
Grasp pose prior,116,12800.3087890625,391.83449966041815,12435.4013671875,13359.330078125,5,/home/lzha/code/DEXTRAH/cluster_results/a1001/franka_cube_seed_sweep600_c7e66a0_20260612_092951/reward_plot_scalars.csv
Grasp pose prior,117,12833.177734375,360.21167144928967,12459.4130859375,13345.60546875,5,/home/lzha/code/DEXTRAH/cluster_results/a1001/franka_cube_seed_sweep600_c7e66a0_20260612_092951/reward_plot_scalars.csv
Grasp pose prior,118,12833.290234375,389.4695889204874,12332.5234375,13339.45703125,5,/home/lzha/code/DEXTRAH/cluster_results/a1001/franka_cube_seed_sweep600_c7e66a0_20260612_092951/reward_plot_scalars.csv
Grasp pose prior,119,12796.47734375,403.8027292535343,12292.64453125,13285.2646484375,5,/home/lzha/code/DEXTRAH/cluster_results/a1001/franka_cube_seed_sweep600_c7e66a0_20260612_092951/reward_plot_scalars.csv
Grasp pose prior,120,12854.7353515625,408.3616896520785,12355.0400390625,13351.2119140625,5,/home/lzha/code/DEXTRAH/cluster_results/a1001/franka_cube_seed_sweep600_c7e66a0_20260612_092951/reward_plot_scalars.csv
Grasp pose prior,121,12922.3783203125,362.10041100742853,12454.9638671875,13357.54296875,5,/home/lzha/code/DEXTRAH/cluster_results/a1001/franka_cube_seed_sweep600_c7e66a0_20260612_092951/reward_plot_scalars.csv
Grasp pose prior,122,12907.3052734375,394.5069738158931,12375.486328125,13389.6357421875,5,/home/lzha/code/DEXTRAH/cluster_results/a1001/franka_cube_seed_sweep600_c7e66a0_20260612_092951/reward_plot_scalars.csv
Grasp pose prior,123,12925.859765625,338.3081960861915,12531.1201171875,13368.3544921875,5,/home/lzha/code/DEXTRAH/cluster_results/a1001/franka_cube_seed_sweep600_c7e66a0_20260612_092951/reward_plot_scalars.csv
Grasp pose prior,124,12947.669140625,335.8015349360426,12545.6435546875,13387.3818359375,5,/home/lzha/code/DEXTRAH/cluster_results/a1001/franka_cube_seed_sweep600_c7e66a0_20260612_092951/reward_plot_scalars.csv
Grasp pose prior,125,12954.2630859375,337.5993222782374,12565.3759765625,13423.638671875,5,/home/lzha/code/DEXTRAH/cluster_results/a1001/franka_cube_seed_sweep600_c7e66a0_20260612_092951/reward_plot_scalars.csv
Grasp pose prior,126,12974.8365234375,350.92964678467445,12561.84375,13443.9072265625,5,/home/lzha/code/DEXTRAH/cluster_results/a1001/franka_cube_seed_sweep600_c7e66a0_20260612_092951/reward_plot_scalars.csv
Grasp pose prior,127,13012.2828125,369.94277761456937,12570.720703125,13482.3408203125,5,/home/lzha/code/DEXTRAH/cluster_results/a1001/franka_cube_seed_sweep600_c7e66a0_20260612_092951/reward_plot_scalars.csv
Grasp pose prior,128,12987.608984375,396.18975326472633,12562.6318359375,13475.6787109375,5,/home/lzha/code/DEXTRAH/cluster_results/a1001/franka_cube_seed_sweep600_c7e66a0_20260612_092951/reward_plot_scalars.csv
Grasp pose prior,129,12961.8955078125,412.04772948435806,12438.7236328125,13453.4609375,5,/home/lzha/code/DEXTRAH/cluster_results/a1001/franka_cube_seed_sweep600_c7e66a0_20260612_092951/reward_plot_scalars.csv
Grasp pose prior,130,12997.7849609375,390.2275390487653,12528.7275390625,13463.7099609375,5,/home/lzha/code/DEXTRAH/cluster_results/a1001/franka_cube_seed_sweep600_c7e66a0_20260612_092951/reward_plot_scalars.csv
Grasp pose prior,131,13007.2193359375,411.2155472121612,12485.814453125,13520.05078125,5,/home/lzha/code/DEXTRAH/cluster_results/a1001/franka_cube_seed_sweep600_c7e66a0_20260612_092951/reward_plot_scalars.csv
Grasp pose prior,132,12981.12890625,446.97182242956353,12524.888671875,13557.046875,5,/home/lzha/code/DEXTRAH/cluster_results/a1001/franka_cube_seed_sweep600_c7e66a0_20260612_092951/reward_plot_scalars.csv
Grasp pose prior,133,12992.8544921875,383.9287561657027,12532.359375,13559.439453125,5,/home/lzha/code/DEXTRAH/cluster_results/a1001/franka_cube_seed_sweep600_c7e66a0_20260612_092951/reward_plot_scalars.csv
Grasp pose prior,134,13018.257421875,420.1921413945929,12489.724609375,13570.951171875,5,/home/lzha/code/DEXTRAH/cluster_results/a1001/franka_cube_seed_sweep600_c7e66a0_20260612_092951/reward_plot_scalars.csv
Grasp pose prior,135,13023.7701171875,419.53599968878274,12561.4013671875,13570.123046875,5,/home/lzha/code/DEXTRAH/cluster_results/a1001/franka_cube_seed_sweep600_c7e66a0_20260612_092951/reward_plot_scalars.csv
Grasp pose prior,136,13021.554296875,423.462522475916,12592.9287109375,13597.3525390625,5,/home/lzha/code/DEXTRAH/cluster_results/a1001/franka_cube_seed_sweep600_c7e66a0_20260612_092951/reward_plot_scalars.csv
Grasp pose prior,137,13060.065234375,402.6890459216727,12603.2138671875,13600.373046875,5,/home/lzha/code/DEXTRAH/cluster_results/a1001/franka_cube_seed_sweep600_c7e66a0_20260612_092951/reward_plot_scalars.csv
Grasp pose prior,138,13024.7126953125,433.2037171779372,12593.455078125,13629.392578125,5,/home/lzha/code/DEXTRAH/cluster_results/a1001/franka_cube_seed_sweep600_c7e66a0_20260612_092951/reward_plot_scalars.csv
Grasp pose prior,139,13083.778515625,397.6194435349709,12617.5361328125,13630.580078125,5,/home/lzha/code/DEXTRAH/cluster_results/a1001/franka_cube_seed_sweep600_c7e66a0_20260612_092951/reward_plot_scalars.csv
Grasp pose prior,140,13072.5263671875,409.4173717593387,12619.890625,13648.90234375,5,/home/lzha/code/DEXTRAH/cluster_results/a1001/franka_cube_seed_sweep600_c7e66a0_20260612_092951/reward_plot_scalars.csv
Grasp pose prior,141,13033.3845703125,444.3042258663321,12544.380859375,13634.17578125,5,/home/lzha/code/DEXTRAH/cluster_results/a1001/franka_cube_seed_sweep600_c7e66a0_20260612_092951/reward_plot_scalars.csv
Grasp pose prior,142,13042.1875,434.5916017358149,12615.671875,13625.755859375,5,/home/lzha/code/DEXTRAH/cluster_results/a1001/franka_cube_seed_sweep600_c7e66a0_20260612_092951/reward_plot_scalars.csv
Grasp pose prior,143,13084.5962890625,407.3283692597704,12613.2197265625,13636.0283203125,5,/home/lzha/code/DEXTRAH/cluster_results/a1001/franka_cube_seed_sweep600_c7e66a0_20260612_092951/reward_plot_scalars.csv
Grasp pose prior,144,13071.5591796875,410.21285422451916,12608.826171875,13607.63671875,5,/home/lzha/code/DEXTRAH/cluster_results/a1001/franka_cube_seed_sweep600_c7e66a0_20260612_092951/reward_plot_scalars.csv
Grasp pose prior,145,13102.5779296875,391.8715104894219,12614.3310546875,13657.189453125,5,/home/lzha/code/DEXTRAH/cluster_results/a1001/franka_cube_seed_sweep600_c7e66a0_20260612_092951/reward_plot_scalars.csv
Grasp pose prior,146,13091.9669921875,430.2515539534245,12542.7998046875,13668.37890625,5,/home/lzha/code/DEXTRAH/cluster_results/a1001/franka_cube_seed_sweep600_c7e66a0_20260612_092951/reward_plot_scalars.csv
Grasp pose prior,147,13115.92734375,423.49812774631675,12537.7294921875,13667.2109375,5,/home/lzha/code/DEXTRAH/cluster_results/a1001/franka_cube_seed_sweep600_c7e66a0_20260612_092951/reward_plot_scalars.csv
Grasp pose prior,148,13113.6958984375,430.12966741590935,12527.205078125,13674.26171875,5,/home/lzha/code/DEXTRAH/cluster_results/a1001/franka_cube_seed_sweep600_c7e66a0_20260612_092951/reward_plot_scalars.csv
Grasp pose prior,149,13126.5126953125,414.9497678698837,12602.8056640625,13680.5634765625,5,/home/lzha/code/DEXTRAH/cluster_results/a1001/franka_cube_seed_sweep600_c7e66a0_20260612_092951/reward_plot_scalars.csv
Grasp pose prior,150,13120.229296875,419.98921217251916,12574.2626953125,13674.626953125,5,/home/lzha/code/DEXTRAH/cluster_results/a1001/franka_cube_seed_sweep600_c7e66a0_20260612_092951/reward_plot_scalars.csv
Grasp pose prior,151,13108.328515625,421.03468778087995,12536.2001953125,13634.10546875,5,/home/lzha/code/DEXTRAH/cluster_results/a1001/franka_cube_seed_sweep600_c7e66a0_20260612_092951/reward_plot_scalars.csv
Grasp pose prior,152,13136.367578125,416.13829864611404,12607.89453125,13686.626953125,5,/home/lzha/code/DEXTRAH/cluster_results/a1001/franka_cube_seed_sweep600_c7e66a0_20260612_092951/reward_plot_scalars.csv
Grasp pose prior,153,13136.78515625,423.65708774034454,12607.748046875,13706.1220703125,5,/home/lzha/code/DEXTRAH/cluster_results/a1001/franka_cube_seed_sweep600_c7e66a0_20260612_092951/reward_plot_scalars.csv
Grasp pose prior,154,13132.5943359375,433.6417418122108,12619.7314453125,13716.31640625,5,/home/lzha/code/DEXTRAH/cluster_results/a1001/franka_cube_seed_sweep600_c7e66a0_20260612_092951/reward_plot_scalars.csv
Grasp pose prior,155,13133.776953125,444.8425712831274,12546.05078125,13721.193359375,5,/home/lzha/code/DEXTRAH/cluster_results/a1001/franka_cube_seed_sweep600_c7e66a0_20260612_092951/reward_plot_scalars.csv
Grasp pose prior,156,13145.682421875,428.7193272720678,12600.095703125,13718.970703125,5,/home/lzha/code/DEXTRAH/cluster_results/a1001/franka_cube_seed_sweep600_c7e66a0_20260612_092951/reward_plot_scalars.csv
Grasp pose prior,157,13154.51796875,455.2170826048857,12560.06640625,13778.498046875,5,/home/lzha/code/DEXTRAH/cluster_results/a1001/franka_cube_seed_sweep600_c7e66a0_20260612_092951/reward_plot_scalars.csv
Grasp pose prior,158,13170.5443359375,446.16701138684124,12576.8701171875,13779.9013671875,5,/home/lzha/code/DEXTRAH/cluster_results/a1001/franka_cube_seed_sweep600_c7e66a0_20260612_092951/reward_plot_scalars.csv
Grasp pose prior,159,13155.08671875,445.89200888832863,12615.72265625,13770.205078125,5,/home/lzha/code/DEXTRAH/cluster_results/a1001/franka_cube_seed_sweep600_c7e66a0_20260612_092951/reward_plot_scalars.csv
Grasp pose prior,160,13156.11875,480.35150314013276,12474.4384765625,13787.53515625,5,/home/lzha/code/DEXTRAH/cluster_results/a1001/franka_cube_seed_sweep600_c7e66a0_20260612_092951/reward_plot_scalars.csv
Grasp pose prior,161,13124.5443359375,498.3099006972968,12499.1474609375,13801.134765625,5,/home/lzha/code/DEXTRAH/cluster_results/a1001/franka_cube_seed_sweep600_c7e66a0_20260612_092951/reward_plot_scalars.csv
Grasp pose prior,162,13092.5109375,527.3953758024727,12415.3876953125,13803.916015625,5,/home/lzha/code/DEXTRAH/cluster_results/a1001/franka_cube_seed_sweep600_c7e66a0_20260612_092951/reward_plot_scalars.csv
Grasp pose prior,163,13122.0923828125,478.9716926678345,12482.943359375,13753.4326171875,5,/home/lzha/code/DEXTRAH/cluster_results/a1001/franka_cube_seed_sweep600_c7e66a0_20260612_092951/reward_plot_scalars.csv
Grasp pose prior,164,13165.368359375,439.9184329503139,12600.169921875,13756.3212890625,5,/home/lzha/code/DEXTRAH/cluster_results/a1001/franka_cube_seed_sweep600_c7e66a0_20260612_092951/reward_plot_scalars.csv
Grasp pose prior,165,13143.5927734375,531.9482278073093,12320.466796875,13819.2119140625,5,/home/lzha/code/DEXTRAH/cluster_results/a1001/franka_cube_seed_sweep600_c7e66a0_20260612_092951/reward_plot_scalars.csv
Grasp pose prior,166,13155.81953125,492.89107528712873,12412.8857421875,13782.322265625,5,/home/lzha/code/DEXTRAH/cluster_results/a1001/franka_cube_seed_sweep600_c7e66a0_20260612_092951/reward_plot_scalars.csv
Grasp pose prior,167,13159.4224609375,438.44134967208515,12514.0595703125,13730.810546875,5,/home/lzha/code/DEXTRAH/cluster_results/a1001/franka_cube_seed_sweep600_c7e66a0_20260612_092951/reward_plot_scalars.csv
Grasp pose prior,168,13189.43125,447.9531493896214,12558.9130859375,13818.30859375,5,/home/lzha/code/DEXTRAH/cluster_results/a1001/franka_cube_seed_sweep600_c7e66a0_20260612_092951/reward_plot_scalars.csv
Grasp pose prior,169,13192.3181640625,467.2693576309015,12558.017578125,13826.0419921875,5,/home/lzha/code/DEXTRAH/cluster_results/a1001/franka_cube_seed_sweep600_c7e66a0_20260612_092951/reward_plot_scalars.csv
Grasp pose prior,170,13149.40625,519.5606881043875,12387.05859375,13828.9794921875,5,/home/lzha/code/DEXTRAH/cluster_results/a1001/franka_cube_seed_sweep600_c7e66a0_20260612_092951/reward_plot_scalars.csv
Grasp pose prior,171,13170.3806640625,522.2769835329035,12367.861328125,13844.189453125,5,/home/lzha/code/DEXTRAH/cluster_results/a1001/franka_cube_seed_sweep600_c7e66a0_20260612_092951/reward_plot_scalars.csv
Grasp pose prior,172,13156.265625,468.6210669604055,12451.52734375,13826.06640625,5,/home/lzha/code/DEXTRAH/cluster_results/a1001/franka_cube_seed_sweep600_c7e66a0_20260612_092951/reward_plot_scalars.csv
Grasp pose prior,173,13179.427734375,504.07211648034655,12421.7724609375,13834.8271484375,5,/home/lzha/code/DEXTRAH/cluster_results/a1001/franka_cube_seed_sweep600_c7e66a0_20260612_092951/reward_plot_scalars.csv
Grasp pose prior,174,13183.3990234375,491.6157510401402,12497.5537109375,13858.3505859375,5,/home/lzha/code/DEXTRAH/cluster_results/a1001/franka_cube_seed_sweep600_c7e66a0_20260612_092951/reward_plot_scalars.csv
Grasp pose prior,175,13178.5029296875,510.2283219927951,12439.0205078125,13858.3798828125,5,/home/lzha/code/DEXTRAH/cluster_results/a1001/franka_cube_seed_sweep600_c7e66a0_20260612_092951/reward_plot_scalars.csv
Grasp pose prior,176,13184.867578125,535.2025175923491,12380.3388671875,13881.2509765625,5,/home/lzha/code/DEXTRAH/cluster_results/a1001/franka_cube_seed_sweep600_c7e66a0_20260612_092951/reward_plot_scalars.csv
Grasp pose prior,177,13171.8833984375,509.1508796891831,12379.20703125,13849.69140625,5,/home/lzha/code/DEXTRAH/cluster_results/a1001/franka_cube_seed_sweep600_c7e66a0_20260612_092951/reward_plot_scalars.csv
Grasp pose prior,178,13216.3576171875,495.0382997247296,12510.9345703125,13880.55078125,5,/home/lzha/code/DEXTRAH/cluster_results/a1001/franka_cube_seed_sweep600_c7e66a0_20260612_092951/reward_plot_scalars.csv
Grasp pose prior,179,13175.7630859375,529.457467490126,12438.49609375,13890.736328125,5,/home/lzha/code/DEXTRAH/cluster_results/a1001/franka_cube_seed_sweep600_c7e66a0_20260612_092951/reward_plot_scalars.csv
Grasp pose prior,180,13169.312890625,528.5293763727759,12342.6357421875,13889.509765625,5,/home/lzha/code/DEXTRAH/cluster_results/a1001/franka_cube_seed_sweep600_c7e66a0_20260612_092951/reward_plot_scalars.csv
Grasp pose prior,181,13184.1556640625,487.85088610766564,12468.890625,13895.7861328125,5,/home/lzha/code/DEXTRAH/cluster_results/a1001/franka_cube_seed_sweep600_c7e66a0_20260612_092951/reward_plot_scalars.csv
Grasp pose prior,182,13208.497265625,507.38324248519604,12456.0732421875,13897.4072265625,5,/home/lzha/code/DEXTRAH/cluster_results/a1001/franka_cube_seed_sweep600_c7e66a0_20260612_092951/reward_plot_scalars.csv
Grasp pose prior,183,13213.7552734375,533.0658189845697,12386.419921875,13898.662109375,5,/home/lzha/code/DEXTRAH/cluster_results/a1001/franka_cube_seed_sweep600_c7e66a0_20260612_092951/reward_plot_scalars.csv
Grasp pose prior,184,13209.8427734375,526.9561306900936,12411.009765625,13914.685546875,5,/home/lzha/code/DEXTRAH/cluster_results/a1001/franka_cube_seed_sweep600_c7e66a0_20260612_092951/reward_plot_scalars.csv
Grasp pose prior,185,13236.8921875,510.79200795141577,12466.4296875,13906.7021484375,5,/home/lzha/code/DEXTRAH/cluster_results/a1001/franka_cube_seed_sweep600_c7e66a0_20260612_092951/reward_plot_scalars.csv
Grasp pose prior,186,13212.24765625,501.073468260148,12422.630859375,13810.9296875,5,/home/lzha/code/DEXTRAH/cluster_results/a1001/franka_cube_seed_sweep600_c7e66a0_20260612_092951/reward_plot_scalars.csv
Grasp pose prior,187,13218.3994140625,525.6728734346448,12453.6943359375,13916.5712890625,5,/home/lzha/code/DEXTRAH/cluster_results/a1001/franka_cube_seed_sweep600_c7e66a0_20260612_092951/reward_plot_scalars.csv
Grasp pose prior,188,13214.714453125,537.7256067166078,12398.1806640625,13915.5673828125,5,/home/lzha/code/DEXTRAH/cluster_results/a1001/franka_cube_seed_sweep600_c7e66a0_20260612_092951/reward_plot_scalars.csv
Grasp pose prior,189,13192.5404296875,558.1825266184492,12367.8134765625,13923.25,5,/home/lzha/code/DEXTRAH/cluster_results/a1001/franka_cube_seed_sweep600_c7e66a0_20260612_092951/reward_plot_scalars.csv
Grasp pose prior,190,13225.094921875,555.0404928719792,12365.7919921875,13931.0673828125,5,/home/lzha/code/DEXTRAH/cluster_results/a1001/franka_cube_seed_sweep600_c7e66a0_20260612_092951/reward_plot_scalars.csv
Grasp pose prior,191,13232.93671875,540.6401932589243,12405.8564453125,13926.83984375,5,/home/lzha/code/DEXTRAH/cluster_results/a1001/franka_cube_seed_sweep600_c7e66a0_20260612_092951/reward_plot_scalars.csv
Grasp pose prior,192,13234.3642578125,551.8420581487752,12354.162109375,13916.125,5,/home/lzha/code/DEXTRAH/cluster_results/a1001/franka_cube_seed_sweep600_c7e66a0_20260612_092951/reward_plot_scalars.csv
Grasp pose prior,193,13237.9923828125,537.5690661340006,12445.4130859375,13928.55859375,5,/home/lzha/code/DEXTRAH/cluster_results/a1001/franka_cube_seed_sweep600_c7e66a0_20260612_092951/reward_plot_scalars.csv
Grasp pose prior,194,13267.4140625,520.6426788618363,12468.6025390625,13928.5517578125,5,/home/lzha/code/DEXTRAH/cluster_results/a1001/franka_cube_seed_sweep600_c7e66a0_20260612_092951/reward_plot_scalars.csv
Grasp pose prior,195,13264.1353515625,508.0377222295365,12470.2119140625,13888.30859375,5,/home/lzha/code/DEXTRAH/cluster_results/a1001/franka_cube_seed_sweep600_c7e66a0_20260612_092951/reward_plot_scalars.csv
Grasp pose prior,196,13274.2337890625,513.1117938687456,12485.0068359375,13925.24609375,5,/home/lzha/code/DEXTRAH/cluster_results/a1001/franka_cube_seed_sweep600_c7e66a0_20260612_092951/reward_plot_scalars.csv
Grasp pose prior,197,13259.10625,550.3859680380409,12388.0048828125,13946.6533203125,5,/home/lzha/code/DEXTRAH/cluster_results/a1001/franka_cube_seed_sweep600_c7e66a0_20260612_092951/reward_plot_scalars.csv
Grasp pose prior,198,13253.4892578125,482.56900531527714,12496.8974609375,13893.37109375,5,/home/lzha/code/DEXTRAH/cluster_results/a1001/franka_cube_seed_sweep600_c7e66a0_20260612_092951/reward_plot_scalars.csv
Grasp pose prior,199,13275.761328125,510.80277494611795,12494.6376953125,13934.630859375,5,/home/lzha/code/DEXTRAH/cluster_results/a1001/franka_cube_seed_sweep600_c7e66a0_20260612_092951/reward_plot_scalars.csv
Grasp pose prior,200,13262.2046875,496.3405747285854,12539.580078125,13950.9580078125,5,/home/lzha/code/DEXTRAH/cluster_results/a1001/franka_cube_seed_sweep600_c7e66a0_20260612_092951/reward_plot_scalars.csv
Grasp pose prior,201,13281.5669921875,502.8969205078214,12548.6064453125,13940.66015625,5,/home/lzha/code/DEXTRAH/cluster_results/a1001/franka_cube_seed_sweep600_c7e66a0_20260612_092951/reward_plot_scalars.csv
Grasp pose prior,202,13287.7880859375,518.7734094011976,12500.9814453125,13960.05078125,5,/home/lzha/code/DEXTRAH/cluster_results/a1001/franka_cube_seed_sweep600_c7e66a0_20260612_092951/reward_plot_scalars.csv
Grasp pose prior,203,13282.6904296875,494.7164495113327,12521.6396484375,13922.2109375,5,/home/lzha/code/DEXTRAH/cluster_results/a1001/franka_cube_seed_sweep600_c7e66a0_20260612_092951/reward_plot_scalars.csv
Grasp pose prior,204,13246.424609375,499.114052497612,12543.74609375,13903.0546875,5,/home/lzha/code/DEXTRAH/cluster_results/a1001/franka_cube_seed_sweep600_c7e66a0_20260612_092951/reward_plot_scalars.csv
Grasp pose prior,205,13269.0689453125,511.6943133771212,12561.1494140625,13959.49609375,5,/home/lzha/code/DEXTRAH/cluster_results/a1001/franka_cube_seed_sweep600_c7e66a0_20260612_092951/reward_plot_scalars.csv
Grasp pose prior,206,13260.00078125,514.66963849291,12532.7373046875,13949.498046875,5,/home/lzha/code/DEXTRAH/cluster_results/a1001/franka_cube_seed_sweep600_c7e66a0_20260612_092951/reward_plot_scalars.csv
Grasp pose prior,207,13291.996875,486.28751512582403,12622.595703125,13946.14453125,5,/home/lzha/code/DEXTRAH/cluster_results/a1001/franka_cube_seed_sweep600_c7e66a0_20260612_092951/reward_plot_scalars.csv
Grasp pose prior,208,13301.5626953125,497.9843870738955,12576.23828125,13955.4111328125,5,/home/lzha/code/DEXTRAH/cluster_results/a1001/franka_cube_seed_sweep600_c7e66a0_20260612_092951/reward_plot_scalars.csv
Grasp pose prior,209,13300.23515625,488.2480195139199,12630.978515625,13963.125,5,/home/lzha/code/DEXTRAH/cluster_results/a1001/franka_cube_seed_sweep600_c7e66a0_20260612_092951/reward_plot_scalars.csv
Grasp pose prior,210,13310.436328125,482.42986169826406,12638.5595703125,13964.81640625,5,/home/lzha/code/DEXTRAH/cluster_results/a1001/franka_cube_seed_sweep600_c7e66a0_20260612_092951/reward_plot_scalars.csv
Grasp pose prior,211,13268.70703125,453.2728583979329,12593.265625,13796.84765625,5,/home/lzha/code/DEXTRAH/cluster_results/a1001/franka_cube_seed_sweep600_c7e66a0_20260612_092951/reward_plot_scalars.csv
Grasp pose prior,212,13282.220703125,491.99512707964305,12614.546875,13937.720703125,5,/home/lzha/code/DEXTRAH/cluster_results/a1001/franka_cube_seed_sweep600_c7e66a0_20260612_092951/reward_plot_scalars.csv
Grasp pose prior,213,13302.116796875,483.271244413167,12598.412109375,13949.7548828125,5,/home/lzha/code/DEXTRAH/cluster_results/a1001/franka_cube_seed_sweep600_c7e66a0_20260612_092951/reward_plot_scalars.csv
Grasp pose prior,214,13304.840625,480.2295219096089,12610.6875,13946.4775390625,5,/home/lzha/code/DEXTRAH/cluster_results/a1001/franka_cube_seed_sweep600_c7e66a0_20260612_092951/reward_plot_scalars.csv
Grasp pose prior,215,13277.79765625,484.68889518783925,12578.6572265625,13890.193359375,5,/home/lzha/code/DEXTRAH/cluster_results/a1001/franka_cube_seed_sweep600_c7e66a0_20260612_092951/reward_plot_scalars.csv
Grasp pose prior,216,13302.5244140625,503.40248665458796,12524.6142578125,13927.4580078125,5,/home/lzha/code/DEXTRAH/cluster_results/a1001/franka_cube_seed_sweep600_c7e66a0_20260612_092951/reward_plot_scalars.csv
Grasp pose prior,217,13274.1974609375,504.914725416932,12588.904296875,13937.939453125,5,/home/lzha/code/DEXTRAH/cluster_results/a1001/franka_cube_seed_sweep600_c7e66a0_20260612_092951/reward_plot_scalars.csv
Grasp pose prior,218,13283.88125,521.0970595812518,12535.6025390625,13950.814453125,5,/home/lzha/code/DEXTRAH/cluster_results/a1001/franka_cube_seed_sweep600_c7e66a0_20260612_092951/reward_plot_scalars.csv
Grasp pose prior,219,13318.7111328125,488.2647917219991,12585.376953125,13928.9013671875,5,/home/lzha/code/DEXTRAH/cluster_results/a1001/franka_cube_seed_sweep600_c7e66a0_20260612_092951/reward_plot_scalars.csv
Grasp pose prior,220,13319.7142578125,480.28666596990166,12614.263671875,13932.353515625,5,/home/lzha/code/DEXTRAH/cluster_results/a1001/franka_cube_seed_sweep600_c7e66a0_20260612_092951/reward_plot_scalars.csv
Grasp pose prior,221,13272.2234375,495.45947254144363,12530.255859375,13934.8330078125,5,/home/lzha/code/DEXTRAH/cluster_results/a1001/franka_cube_seed_sweep600_c7e66a0_20260612_092951/reward_plot_scalars.csv
Grasp pose prior,222,13315.56015625,484.23981331654494,12614.0595703125,13939.7548828125,5,/home/lzha/code/DEXTRAH/cluster_results/a1001/franka_cube_seed_sweep600_c7e66a0_20260612_092951/reward_plot_scalars.csv
Grasp pose prior,223,13263.7935546875,502.25575683795876,12648.6044921875,13929.34765625,5,/home/lzha/code/DEXTRAH/cluster_results/a1001/franka_cube_seed_sweep600_c7e66a0_20260612_092951/reward_plot_scalars.csv
Grasp pose prior,224,13314.8125,482.27306653432555,12640.609375,13943.421875,5,/home/lzha/code/DEXTRAH/cluster_results/a1001/franka_cube_seed_sweep600_c7e66a0_20260612_092951/reward_plot_scalars.csv
Grasp pose prior,225,13313.5939453125,482.3843678883325,12632.884765625,13940.626953125,5,/home/lzha/code/DEXTRAH/cluster_results/a1001/franka_cube_seed_sweep600_c7e66a0_20260612_092951/reward_plot_scalars.csv
Grasp pose prior,226,13333.60859375,470.8639378415712,12682.9599609375,13952.048828125,5,/home/lzha/code/DEXTRAH/cluster_results/a1001/franka_cube_seed_sweep600_c7e66a0_20260612_092951/reward_plot_scalars.csv
Grasp pose prior,227,13337.478125,471.18396460428664,12650.7568359375,13941.1171875,5,/home/lzha/code/DEXTRAH/cluster_results/a1001/franka_cube_seed_sweep600_c7e66a0_20260612_092951/reward_plot_scalars.csv
Grasp pose prior,228,13341.6720703125,460.60940224123647,12691.0439453125,13942.3955078125,5,/home/lzha/code/DEXTRAH/cluster_results/a1001/franka_cube_seed_sweep600_c7e66a0_20260612_092951/reward_plot_scalars.csv
Grasp pose prior,229,13326.3458984375,489.89568141545186,12582.248046875,13937.0849609375,5,/home/lzha/code/DEXTRAH/cluster_results/a1001/franka_cube_seed_sweep600_c7e66a0_20260612_092951/reward_plot_scalars.csv
Grasp pose prior,230,13331.7537109375,466.80661121531097,12698.6162109375,13945.3984375,5,/home/lzha/code/DEXTRAH/cluster_results/a1001/franka_cube_seed_sweep600_c7e66a0_20260612_092951/reward_plot_scalars.csv
Grasp pose prior,231,13348.764453125,455.43698878752053,12703.5859375,13945.6669921875,5,/home/lzha/code/DEXTRAH/cluster_results/a1001/franka_cube_seed_sweep600_c7e66a0_20260612_092951/reward_plot_scalars.csv
Grasp pose prior,232,13315.751953125,475.6033474566961,12685.783203125,13939.1044921875,5,/home/lzha/code/DEXTRAH/cluster_results/a1001/franka_cube_seed_sweep600_c7e66a0_20260612_092951/reward_plot_scalars.csv
Grasp pose prior,233,13325.8876953125,468.69075427026263,12690.345703125,13939.501953125,5,/home/lzha/code/DEXTRAH/cluster_results/a1001/franka_cube_seed_sweep600_c7e66a0_20260612_092951/reward_plot_scalars.csv
Grasp pose prior,234,13350.384765625,449.22546603590337,12697.8837890625,13924.9306640625,5,/home/lzha/code/DEXTRAH/cluster_results/a1001/franka_cube_seed_sweep600_c7e66a0_20260612_092951/reward_plot_scalars.csv
Grasp pose prior,235,13323.936328125,460.4759681570946,12736.2861328125,13933.1044921875,5,/home/lzha/code/DEXTRAH/cluster_results/a1001/franka_cube_seed_sweep600_c7e66a0_20260612_092951/reward_plot_scalars.csv
Grasp pose prior,236,13332.9521484375,459.9165510774773,12731.1044921875,13937.7509765625,5,/home/lzha/code/DEXTRAH/cluster_results/a1001/franka_cube_seed_sweep600_c7e66a0_20260612_092951/reward_plot_scalars.csv
Grasp pose prior,237,13347.68046875,463.8553457511527,12668.77734375,13926.9375,5,/home/lzha/code/DEXTRAH/cluster_results/a1001/franka_cube_seed_sweep600_c7e66a0_20260612_092951/reward_plot_scalars.csv
Grasp pose prior,238,13367.63515625,438.9199544616727,12738.9013671875,13922.787109375,5,/home/lzha/code/DEXTRAH/cluster_results/a1001/franka_cube_seed_sweep600_c7e66a0_20260612_092951/reward_plot_scalars.csv
Grasp pose prior,239,13354.155859375,451.3668838779539,12680.98828125,13903.5517578125,5,/home/lzha/code/DEXTRAH/cluster_results/a1001/franka_cube_seed_sweep600_c7e66a0_20260612_092951/reward_plot_scalars.csv
Grasp pose prior,240,13371.320703125,433.4571869479962,12754.7783203125,13913.5576171875,5,/home/lzha/code/DEXTRAH/cluster_results/a1001/franka_cube_seed_sweep600_c7e66a0_20260612_092951/reward_plot_scalars.csv
Grasp pose prior,241,13339.026171875,448.5299700813793,12786.1455078125,13901.5009765625,5,/home/lzha/code/DEXTRAH/cluster_results/a1001/franka_cube_seed_sweep600_c7e66a0_20260612_092951/reward_plot_scalars.csv
Grasp pose prior,242,13369.1986328125,430.8390868474789,12795.53125,13920.142578125,5,/home/lzha/code/DEXTRAH/cluster_results/a1001/franka_cube_seed_sweep600_c7e66a0_20260612_092951/reward_plot_scalars.csv
Grasp pose prior,243,13338.3365234375,449.659996189687,12802.388671875,13913.6201171875,5,/home/lzha/code/DEXTRAH/cluster_results/a1001/franka_cube_seed_sweep600_c7e66a0_20260612_092951/reward_plot_scalars.csv
Grasp pose prior,244,13318.9005859375,459.8129689506119,12782.5986328125,13903.2900390625,5,/home/lzha/code/DEXTRAH/cluster_results/a1001/franka_cube_seed_sweep600_c7e66a0_20260612_092951/reward_plot_scalars.csv
Grasp pose prior,245,13334.7611328125,444.3522792408731,12772.830078125,13897.5546875,5,/home/lzha/code/DEXTRAH/cluster_results/a1001/franka_cube_seed_sweep600_c7e66a0_20260612_092951/reward_plot_scalars.csv
Grasp pose prior,246,13316.3720703125,454.6090532633234,12778.8955078125,13896.0830078125,5,/home/lzha/code/DEXTRAH/cluster_results/a1001/franka_cube_seed_sweep600_c7e66a0_20260612_092951/reward_plot_scalars.csv
Grasp pose prior,247,13346.02734375,434.04194971464574,12796.7861328125,13898.7470703125,5,/home/lzha/code/DEXTRAH/cluster_results/a1001/franka_cube_seed_sweep600_c7e66a0_20260612_092951/reward_plot_scalars.csv
Grasp pose prior,248,13348.07265625,433.9133019954624,12806.0849609375,13877.39453125,5,/home/lzha/code/DEXTRAH/cluster_results/a1001/franka_cube_seed_sweep600_c7e66a0_20260612_092951/reward_plot_scalars.csv
Grasp pose prior,249,13372.9921875,422.5128255511343,12838.30078125,13904.564453125,5,/home/lzha/code/DEXTRAH/cluster_results/a1001/franka_cube_seed_sweep600_c7e66a0_20260612_092951/reward_plot_scalars.csv
Grasp pose prior,250,13320.123046875,467.64850526626077,12757.0087890625,13909.517578125,5,/home/lzha/code/DEXTRAH/cluster_results/a1001/franka_cube_seed_sweep600_c7e66a0_20260612_092951/reward_plot_scalars.csv
Grasp pose prior,251,13363.046484375,428.21350129297707,12827.416015625,13914.349609375,5,/home/lzha/code/DEXTRAH/cluster_results/a1001/franka_cube_seed_sweep600_c7e66a0_20260612_092951/reward_plot_scalars.csv
Grasp pose prior,252,13383.2765625,428.45021380987765,12833.19140625,13923.357421875,5,/home/lzha/code/DEXTRAH/cluster_results/a1001/franka_cube_seed_sweep600_c7e66a0_20260612_092951/reward_plot_scalars.csv
Grasp pose prior,253,13385.670703125,421.2465420541529,12850.99609375,13916.611328125,5,/home/lzha/code/DEXTRAH/cluster_results/a1001/franka_cube_seed_sweep600_c7e66a0_20260612_092951/reward_plot_scalars.csv
Grasp pose prior,254,13358.5552734375,415.66289722170234,12862.408203125,13862.251953125,5,/home/lzha/code/DEXTRAH/cluster_results/a1001/franka_cube_seed_sweep600_c7e66a0_20260612_092951/reward_plot_scalars.csv
Grasp pose prior,255,13351.14296875,429.2535702141337,12861.810546875,13882.068359375,5,/home/lzha/code/DEXTRAH/cluster_results/a1001/franka_cube_seed_sweep600_c7e66a0_20260612_092951/reward_plot_scalars.csv
Grasp pose prior,256,13382.7619140625,427.4497055430195,12849.8310546875,13922.5419921875,5,/home/lzha/code/DEXTRAH/cluster_results/a1001/franka_cube_seed_sweep600_c7e66a0_20260612_092951/reward_plot_scalars.csv
Grasp pose prior,257,13358.37265625,439.8066203473014,12858.4423828125,13921.4111328125,5,/home/lzha/code/DEXTRAH/cluster_results/a1001/franka_cube_seed_sweep600_c7e66a0_20260612_092951/reward_plot_scalars.csv
Grasp pose prior,258,13400.6587890625,412.1592485564946,12885.2734375,13926.9296875,5,/home/lzha/code/DEXTRAH/cluster_results/a1001/franka_cube_seed_sweep600_c7e66a0_20260612_092951/reward_plot_scalars.csv
Grasp pose prior,259,13400.6845703125,415.9499034826912,12871.2314453125,13928.9326171875,5,/home/lzha/code/DEXTRAH/cluster_results/a1001/franka_cube_seed_sweep600_c7e66a0_20260612_092951/reward_plot_scalars.csv
Grasp pose prior,260,13397.2142578125,410.7140110651119,12887.96484375,13928.548828125,5,/home/lzha/code/DEXTRAH/cluster_results/a1001/franka_cube_seed_sweep600_c7e66a0_20260612_092951/reward_plot_scalars.csv
Grasp pose prior,261,13393.871875,415.0044887536202,12879.5849609375,13927.09765625,5,/home/lzha/code/DEXTRAH/cluster_results/a1001/franka_cube_seed_sweep600_c7e66a0_20260612_092951/reward_plot_scalars.csv
Grasp pose prior,262,13413.062890625,402.59135779027395,12904.6396484375,13931.935546875,5,/home/lzha/code/DEXTRAH/cluster_results/a1001/franka_cube_seed_sweep600_c7e66a0_20260612_092951/reward_plot_scalars.csv
Grasp pose prior,263,13415.1505859375,403.1757749425982,12916.0947265625,13926.0,5,/home/lzha/code/DEXTRAH/cluster_results/a1001/franka_cube_seed_sweep600_c7e66a0_20260612_092951/reward_plot_scalars.csv
Grasp pose prior,264,13419.23671875,410.99126656787774,12903.359375,13934.50390625,5,/home/lzha/code/DEXTRAH/cluster_results/a1001/franka_cube_seed_sweep600_c7e66a0_20260612_092951/reward_plot_scalars.csv
Grasp pose prior,265,13356.3490234375,450.72460262647746,12898.6201171875,13933.873046875,5,/home/lzha/code/DEXTRAH/cluster_results/a1001/franka_cube_seed_sweep600_c7e66a0_20260612_092951/reward_plot_scalars.csv
Grasp pose prior,266,13394.8591796875,414.38116091808394,12920.3837890625,13926.1298828125,5,/home/lzha/code/DEXTRAH/cluster_results/a1001/franka_cube_seed_sweep600_c7e66a0_20260612_092951/reward_plot_scalars.csv
Grasp pose prior,267,13397.1833984375,412.10369002826843,12915.580078125,13930.1181640625,5,/home/lzha/code/DEXTRAH/cluster_results/a1001/franka_cube_seed_sweep600_c7e66a0_20260612_092951/reward_plot_scalars.csv
Grasp pose prior,268,13377.9544921875,407.5092059852425,12930.8857421875,13866.2607421875,5,/home/lzha/code/DEXTRAH/cluster_results/a1001/franka_cube_seed_sweep600_c7e66a0_20260612_092951/reward_plot_scalars.csv
Grasp pose prior,269,13365.4123046875,435.2464536573448,12815.69140625,13902.55859375,5,/home/lzha/code/DEXTRAH/cluster_results/a1001/franka_cube_seed_sweep600_c7e66a0_20260612_092951/reward_plot_scalars.csv
Grasp pose prior,270,13411.2162109375,408.8904294213792,12915.298828125,13929.173828125,5,/home/lzha/code/DEXTRAH/cluster_results/a1001/franka_cube_seed_sweep600_c7e66a0_20260612_092951/reward_plot_scalars.csv
Grasp pose prior,271,13378.9927734375,425.200823701974,12940.46484375,13935.943359375,5,/home/lzha/code/DEXTRAH/cluster_results/a1001/franka_cube_seed_sweep600_c7e66a0_20260612_092951/reward_plot_scalars.csv
Grasp pose prior,272,13360.5052734375,434.09920119287,12944.603515625,13927.50390625,5,/home/lzha/code/DEXTRAH/cluster_results/a1001/franka_cube_seed_sweep600_c7e66a0_20260612_092951/reward_plot_scalars.csv
Grasp pose prior,273,13309.4083984375,468.39366535305976,12786.3583984375,13900.14453125,5,/home/lzha/code/DEXTRAH/cluster_results/a1001/franka_cube_seed_sweep600_c7e66a0_20260612_092951/reward_plot_scalars.csv
Grasp pose prior,274,13386.1740234375,419.5396782600205,12942.814453125,13928.85546875,5,/home/lzha/code/DEXTRAH/cluster_results/a1001/franka_cube_seed_sweep600_c7e66a0_20260612_092951/reward_plot_scalars.csv
Grasp pose prior,275,13355.1341796875,451.2864628995363,12919.755859375,13943.30859375,5,/home/lzha/code/DEXTRAH/cluster_results/a1001/franka_cube_seed_sweep600_c7e66a0_20260612_092951/reward_plot_scalars.csv
Grasp pose prior,276,13353.820703125,412.06310879149004,12904.591796875,13944.2470703125,5,/home/lzha/code/DEXTRAH/cluster_results/a1001/franka_cube_seed_sweep600_c7e66a0_20260612_092951/reward_plot_scalars.csv
Grasp pose prior,277,13356.7296875,431.69180304163666,12948.6142578125,13936.9150390625,5,/home/lzha/code/DEXTRAH/cluster_results/a1001/franka_cube_seed_sweep600_c7e66a0_20260612_092951/reward_plot_scalars.csv
Grasp pose prior,278,13363.3015625,342.5367472758642,12973.7373046875,13781.265625,5,/home/lzha/code/DEXTRAH/cluster_results/a1001/franka_cube_seed_sweep600_c7e66a0_20260612_092951/reward_plot_scalars.csv
Grasp pose prior,279,13424.9220703125,390.8358744361002,12978.6298828125,13943.640625,5,/home/lzha/code/DEXTRAH/cluster_results/a1001/franka_cube_seed_sweep600_c7e66a0_20260612_092951/reward_plot_scalars.csv
Grasp pose prior,280,13441.9396484375,382.92061165431136,13000.560546875,13932.17578125,5,/home/lzha/code/DEXTRAH/cluster_results/a1001/franka_cube_seed_sweep600_c7e66a0_20260612_092951/reward_plot_scalars.csv
Grasp pose prior,281,13430.4818359375,396.9480059625408,12985.5439453125,13943.60546875,5,/home/lzha/code/DEXTRAH/cluster_results/a1001/franka_cube_seed_sweep600_c7e66a0_20260612_092951/reward_plot_scalars.csv
Grasp pose prior,282,13420.054296875,401.96919358892194,13003.7939453125,13944.853515625,5,/home/lzha/code/DEXTRAH/cluster_results/a1001/franka_cube_seed_sweep600_c7e66a0_20260612_092951/reward_plot_scalars.csv
Grasp pose prior,283,13432.376171875,407.0493494751866,13008.3974609375,13943.705078125,5,/home/lzha/code/DEXTRAH/cluster_results/a1001/franka_cube_seed_sweep600_c7e66a0_20260612_092951/reward_plot_scalars.csv
Grasp pose prior,284,13434.78359375,391.4625719425259,12999.30078125,13931.162109375,5,/home/lzha/code/DEXTRAH/cluster_results/a1001/franka_cube_seed_sweep600_c7e66a0_20260612_092951/reward_plot_scalars.csv
Grasp pose prior,285,13442.3435546875,391.4052655489117,12982.6533203125,13935.041015625,5,/home/lzha/code/DEXTRAH/cluster_results/a1001/franka_cube_seed_sweep600_c7e66a0_20260612_092951/reward_plot_scalars.csv
Grasp pose prior,286,13428.221875,392.4789336264182,13006.0283203125,13924.884765625,5,/home/lzha/code/DEXTRAH/cluster_results/a1001/franka_cube_seed_sweep600_c7e66a0_20260612_092951/reward_plot_scalars.csv
Grasp pose prior,287,13452.9048828125,387.4606670581556,13008.44140625,13942.935546875,5,/home/lzha/code/DEXTRAH/cluster_results/a1001/franka_cube_seed_sweep600_c7e66a0_20260612_092951/reward_plot_scalars.csv
Grasp pose prior,288,13447.343359375,387.2948381153344,13020.8017578125,13944.2822265625,5,/home/lzha/code/DEXTRAH/cluster_results/a1001/franka_cube_seed_sweep600_c7e66a0_20260612_092951/reward_plot_scalars.csv
Grasp pose prior,289,13463.76015625,379.5563343471815,13024.572265625,13949.4033203125,5,/home/lzha/code/DEXTRAH/cluster_results/a1001/franka_cube_seed_sweep600_c7e66a0_20260612_092951/reward_plot_scalars.csv
Grasp pose prior,290,13435.3767578125,373.8281251211264,13036.5234375,13892.58984375,5,/home/lzha/code/DEXTRAH/cluster_results/a1001/franka_cube_seed_sweep600_c7e66a0_20260612_092951/reward_plot_scalars.csv
Grasp pose prior,291,13462.0599609375,379.7286579137476,13038.5185546875,13938.751953125,5,/home/lzha/code/DEXTRAH/cluster_results/a1001/franka_cube_seed_sweep600_c7e66a0_20260612_092951/reward_plot_scalars.csv
Grasp pose prior,292,13445.55703125,386.4921088468456,13033.1064453125,13934.310546875,5,/home/lzha/code/DEXTRAH/cluster_results/a1001/franka_cube_seed_sweep600_c7e66a0_20260612_092951/reward_plot_scalars.csv
Grasp pose prior,293,13464.837109375,374.7347971190352,13037.9208984375,13933.3095703125,5,/home/lzha/code/DEXTRAH/cluster_results/a1001/franka_cube_seed_sweep600_c7e66a0_20260612_092951/reward_plot_scalars.csv
Grasp pose prior,294,13456.58125,386.454994057354,12991.203125,13938.0859375,5,/home/lzha/code/DEXTRAH/cluster_results/a1001/franka_cube_seed_sweep600_c7e66a0_20260612_092951/reward_plot_scalars.csv
Grasp pose prior,295,13456.2017578125,376.44266486254946,13046.251953125,13940.1181640625,5,/home/lzha/code/DEXTRAH/cluster_results/a1001/franka_cube_seed_sweep600_c7e66a0_20260612_092951/reward_plot_scalars.csv
Grasp pose prior,296,13437.24453125,389.2011748318715,13038.2431640625,13945.7724609375,5,/home/lzha/code/DEXTRAH/cluster_results/a1001/franka_cube_seed_sweep600_c7e66a0_20260612_092951/reward_plot_scalars.csv
Grasp pose prior,297,13455.4609375,379.49082886793195,13044.591796875,13938.916015625,5,/home/lzha/code/DEXTRAH/cluster_results/a1001/franka_cube_seed_sweep600_c7e66a0_20260612_092951/reward_plot_scalars.csv
Grasp pose prior,298,13466.0390625,366.8313866577653,13044.3408203125,13921.998046875,5,/home/lzha/code/DEXTRAH/cluster_results/a1001/franka_cube_seed_sweep600_c7e66a0_20260612_092951/reward_plot_scalars.csv
Grasp pose prior,299,13452.7962890625,381.24886022858897,13035.3486328125,13939.9462890625,5,/home/lzha/code/DEXTRAH/cluster_results/a1001/franka_cube_seed_sweep600_c7e66a0_20260612_092951/reward_plot_scalars.csv
Grasp pose prior,300,13449.95703125,381.8907130438458,13034.3935546875,13938.2294921875,5,/home/lzha/code/DEXTRAH/cluster_results/a1001/franka_cube_seed_sweep600_c7e66a0_20260612_092951/reward_plot_scalars.csv
Grasp pose prior,301,13462.074609375,376.37775269149455,13036.4873046875,13939.0419921875,5,/home/lzha/code/DEXTRAH/cluster_results/a1001/franka_cube_seed_sweep600_c7e66a0_20260612_092951/reward_plot_scalars.csv
Grasp pose prior,302,13479.630078125,372.13819178091245,13053.1318359375,13948.376953125,5,/home/lzha/code/DEXTRAH/cluster_results/a1001/franka_cube_seed_sweep600_c7e66a0_20260612_092951/reward_plot_scalars.csv
Grasp pose prior,303,13462.8333984375,376.56532965448037,13039.6298828125,13942.66796875,5,/home/lzha/code/DEXTRAH/cluster_results/a1001/franka_cube_seed_sweep600_c7e66a0_20260612_092951/reward_plot_scalars.csv
Grasp pose prior,304,13466.0705078125,362.72718363141496,13034.294921875,13906.640625,5,/home/lzha/code/DEXTRAH/cluster_results/a1001/franka_cube_seed_sweep600_c7e66a0_20260612_092951/reward_plot_scalars.csv
Grasp pose prior,305,13477.6244140625,367.83881828566297,13040.169921875,13944.13671875,5,/home/lzha/code/DEXTRAH/cluster_results/a1001/franka_cube_seed_sweep600_c7e66a0_20260612_092951/reward_plot_scalars.csv
Grasp pose prior,306,13448.713671875,402.2950217223219,12948.1494140625,13945.1884765625,5,/home/lzha/code/DEXTRAH/cluster_results/a1001/franka_cube_seed_sweep600_c7e66a0_20260612_092951/reward_plot_scalars.csv
Grasp pose prior,307,13451.76953125,385.5094203431274,13026.072265625,13948.6220703125,5,/home/lzha/code/DEXTRAH/cluster_results/a1001/franka_cube_seed_sweep600_c7e66a0_20260612_092951/reward_plot_scalars.csv
Grasp pose prior,308,13478.4080078125,374.1665555687097,13031.943359375,13945.36328125,5,/home/lzha/code/DEXTRAH/cluster_results/a1001/franka_cube_seed_sweep600_c7e66a0_20260612_092951/reward_plot_scalars.csv
Grasp pose prior,309,13487.2134765625,372.27724177855185,13041.509765625,13957.6572265625,5,/home/lzha/code/DEXTRAH/cluster_results/a1001/franka_cube_seed_sweep600_c7e66a0_20260612_092951/reward_plot_scalars.csv
Grasp pose prior,310,13462.88984375,377.61994087464456,13049.0673828125,13919.140625,5,/home/lzha/code/DEXTRAH/cluster_results/a1001/franka_cube_seed_sweep600_c7e66a0_20260612_092951/reward_plot_scalars.csv
Grasp pose prior,311,13467.7904296875,345.6511229677967,13057.0986328125,13896.76171875,5,/home/lzha/code/DEXTRAH/cluster_results/a1001/franka_cube_seed_sweep600_c7e66a0_20260612_092951/reward_plot_scalars.csv
Grasp pose prior,312,13486.576953125,371.7802528761855,13051.2998046875,13943.4599609375,5,/home/lzha/code/DEXTRAH/cluster_results/a1001/franka_cube_seed_sweep600_c7e66a0_20260612_092951/reward_plot_scalars.csv
Grasp pose prior,313,13492.5794921875,363.96979922547143,13056.3017578125,13949.154296875,5,/home/lzha/code/DEXTRAH/cluster_results/a1001/franka_cube_seed_sweep600_c7e66a0_20260612_092951/reward_plot_scalars.csv
Grasp pose prior,314,13492.809765625,363.3721333852365,13048.5771484375,13936.3056640625,5,/home/lzha/code/DEXTRAH/cluster_results/a1001/franka_cube_seed_sweep600_c7e66a0_20260612_092951/reward_plot_scalars.csv
Grasp pose prior,315,13500.0798828125,371.8672651400856,13045.5,13971.2509765625,5,/home/lzha/code/DEXTRAH/cluster_results/a1001/franka_cube_seed_sweep600_c7e66a0_20260612_092951/reward_plot_scalars.csv
Grasp pose prior,316,13499.6833984375,359.5558085544659,13061.2919921875,13946.6826171875,5,/home/lzha/code/DEXTRAH/cluster_results/a1001/franka_cube_seed_sweep600_c7e66a0_20260612_092951/reward_plot_scalars.csv
Grasp pose prior,317,13505.2671875,371.3088422355798,13059.2568359375,13980.4794921875,5,/home/lzha/code/DEXTRAH/cluster_results/a1001/franka_cube_seed_sweep600_c7e66a0_20260612_092951/reward_plot_scalars.csv
Grasp pose prior,318,13497.0619140625,354.70876925683893,13074.4736328125,13932.884765625,5,/home/lzha/code/DEXTRAH/cluster_results/a1001/franka_cube_seed_sweep600_c7e66a0_20260612_092951/reward_plot_scalars.csv
Grasp pose prior,319,13502.68984375,365.4438343351042,13091.017578125,13979.9755859375,5,/home/lzha/code/DEXTRAH/cluster_results/a1001/franka_cube_seed_sweep600_c7e66a0_20260612_092951/reward_plot_scalars.csv
Grasp pose prior,320,13492.0763671875,326.23460859416684,13099.4326171875,13897.4560546875,5,/home/lzha/code/DEXTRAH/cluster_results/a1001/franka_cube_seed_sweep600_c7e66a0_20260612_092951/reward_plot_scalars.csv
Grasp pose prior,321,13485.191796875,345.72499358444543,13100.140625,13901.4443359375,5,/home/lzha/code/DEXTRAH/cluster_results/a1001/franka_cube_seed_sweep600_c7e66a0_20260612_092951/reward_plot_scalars.csv
Grasp pose prior,322,13500.14921875,363.26759026339346,13111.9736328125,13973.2294921875,5,/home/lzha/code/DEXTRAH/cluster_results/a1001/franka_cube_seed_sweep600_c7e66a0_20260612_092951/reward_plot_scalars.csv
Grasp pose prior,323,13508.7783203125,363.76709289503674,13111.8369140625,13992.103515625,5,/home/lzha/code/DEXTRAH/cluster_results/a1001/franka_cube_seed_sweep600_c7e66a0_20260612_092951/reward_plot_scalars.csv
Grasp pose prior,324,13485.4802734375,374.9267888930422,13107.5595703125,13978.666015625,5,/home/lzha/code/DEXTRAH/cluster_results/a1001/franka_cube_seed_sweep600_c7e66a0_20260612_092951/reward_plot_scalars.csv
Grasp pose prior,325,13507.5255859375,358.57083863704963,13112.947265625,13980.4580078125,5,/home/lzha/code/DEXTRAH/cluster_results/a1001/franka_cube_seed_sweep600_c7e66a0_20260612_092951/reward_plot_scalars.csv
Grasp pose prior,326,13499.9271484375,334.3956724638613,13118.1201171875,13899.5546875,5,/home/lzha/code/DEXTRAH/cluster_results/a1001/franka_cube_seed_sweep600_c7e66a0_20260612_092951/reward_plot_scalars.csv
Grasp pose prior,327,13526.34375,353.1886607175165,13118.7119140625,13987.814453125,5,/home/lzha/code/DEXTRAH/cluster_results/a1001/franka_cube_seed_sweep600_c7e66a0_20260612_092951/reward_plot_scalars.csv
Grasp pose prior,328,13535.25078125,358.8802165500474,13122.5673828125,14006.6357421875,5,/home/lzha/code/DEXTRAH/cluster_results/a1001/franka_cube_seed_sweep600_c7e66a0_20260612_092951/reward_plot_scalars.csv
Grasp pose prior,329,13524.7048828125,346.48492213847106,13120.0810546875,13963.0458984375,5,/home/lzha/code/DEXTRAH/cluster_results/a1001/franka_cube_seed_sweep600_c7e66a0_20260612_092951/reward_plot_scalars.csv
Grasp pose prior,330,13506.7501953125,368.8173986600718,13119.03125,13995.59765625,5,/home/lzha/code/DEXTRAH/cluster_results/a1001/franka_cube_seed_sweep600_c7e66a0_20260612_092951/reward_plot_scalars.csv
Grasp pose prior,331,13533.607421875,358.0544429613664,13118.5859375,14009.7880859375,5,/home/lzha/code/DEXTRAH/cluster_results/a1001/franka_cube_seed_sweep600_c7e66a0_20260612_092951/reward_plot_scalars.csv
Grasp pose prior,332,13515.988671875,346.93200614184457,13127.12109375,13946.376953125,5,/home/lzha/code/DEXTRAH/cluster_results/a1001/franka_cube_seed_sweep600_c7e66a0_20260612_092951/reward_plot_scalars.csv
Grasp pose prior,333,13536.7810546875,354.5628777035928,13135.58203125,14007.953125,5,/home/lzha/code/DEXTRAH/cluster_results/a1001/franka_cube_seed_sweep600_c7e66a0_20260612_092951/reward_plot_scalars.csv
Grasp pose prior,334,13510.0193359375,353.1704352529331,13130.5625,13971.3076171875,5,/home/lzha/code/DEXTRAH/cluster_results/a1001/franka_cube_seed_sweep600_c7e66a0_20260612_092951/reward_plot_scalars.csv
Grasp pose prior,335,13534.1025390625,352.66590167222824,13145.54296875,14003.0244140625,5,/home/lzha/code/DEXTRAH/cluster_results/a1001/franka_cube_seed_sweep600_c7e66a0_20260612_092951/reward_plot_scalars.csv
Grasp pose prior,336,13537.9205078125,347.48805801103634,13148.654296875,14003.1318359375,5,/home/lzha/code/DEXTRAH/cluster_results/a1001/franka_cube_seed_sweep600_c7e66a0_20260612_092951/reward_plot_scalars.csv
Grasp pose prior,337,13547.1396484375,348.2295821076354,13157.578125,14009.765625,5,/home/lzha/code/DEXTRAH/cluster_results/a1001/franka_cube_seed_sweep600_c7e66a0_20260612_092951/reward_plot_scalars.csv
Grasp pose prior,338,13453.52421875,340.96904015846974,13144.8720703125,13949.3857421875,5,/home/lzha/code/DEXTRAH/cluster_results/a1001/franka_cube_seed_sweep600_c7e66a0_20260612_092951/reward_plot_scalars.csv
Grasp pose prior,339,13523.8099609375,355.98873138841634,13149.060546875,14010.2451171875,5,/home/lzha/code/DEXTRAH/cluster_results/a1001/franka_cube_seed_sweep600_c7e66a0_20260612_092951/reward_plot_scalars.csv
Grasp pose prior,340,13478.8974609375,396.21921149223283,13074.015625,14023.9599609375,5,/home/lzha/code/DEXTRAH/cluster_results/a1001/franka_cube_seed_sweep600_c7e66a0_20260612_092951/reward_plot_scalars.csv
Grasp pose prior,341,13507.5224609375,369.7914482681418,13155.71484375,14001.61328125,5,/home/lzha/code/DEXTRAH/cluster_results/a1001/franka_cube_seed_sweep600_c7e66a0_20260612_092951/reward_plot_scalars.csv
Grasp pose prior,342,13544.443359375,351.04423266358003,13174.330078125,14017.498046875,5,/home/lzha/code/DEXTRAH/cluster_results/a1001/franka_cube_seed_sweep600_c7e66a0_20260612_092951/reward_plot_scalars.csv
Grasp pose prior,343,13518.8330078125,374.4753203756555,13176.029296875,14026.109375,5,/home/lzha/code/DEXTRAH/cluster_results/a1001/franka_cube_seed_sweep600_c7e66a0_20260612_092951/reward_plot_scalars.csv
Grasp pose prior,344,13559.5958984375,352.0932727311904,13179.83984375,14037.7470703125,5,/home/lzha/code/DEXTRAH/cluster_results/a1001/franka_cube_seed_sweep600_c7e66a0_20260612_092951/reward_plot_scalars.csv
Grasp pose prior,345,13540.2435546875,358.9607159415838,13178.654296875,14027.033203125,5,/home/lzha/code/DEXTRAH/cluster_results/a1001/franka_cube_seed_sweep600_c7e66a0_20260612_092951/reward_plot_scalars.csv
Grasp pose prior,346,13547.1076171875,324.4201669361656,13186.1123046875,13959.28515625,5,/home/lzha/code/DEXTRAH/cluster_results/a1001/franka_cube_seed_sweep600_c7e66a0_20260612_092951/reward_plot_scalars.csv
Grasp pose prior,347,13536.84296875,359.34875609231824,13191.8330078125,14032.4462890625,5,/home/lzha/code/DEXTRAH/cluster_results/a1001/franka_cube_seed_sweep600_c7e66a0_20260612_092951/reward_plot_scalars.csv
Grasp pose prior,348,13502.7359375,353.8802240779629,13163.255859375,13953.8984375,5,/home/lzha/code/DEXTRAH/cluster_results/a1001/franka_cube_seed_sweep600_c7e66a0_20260612_092951/reward_plot_scalars.csv
Grasp pose prior,349,13484.09453125,328.99666528745195,13173.5224609375,13958.1044921875,5,/home/lzha/code/DEXTRAH/cluster_results/a1001/franka_cube_seed_sweep600_c7e66a0_20260612_092951/reward_plot_scalars.csv
Grasp pose prior,350,13485.712890625,405.8497257626039,13010.9287109375,14015.419921875,5,/home/lzha/code/DEXTRAH/cluster_results/a1001/franka_cube_seed_sweep600_c7e66a0_20260612_092951/reward_plot_scalars.csv
Grasp pose prior,351,13501.71171875,404.0292499351521,13045.423828125,14032.203125,5,/home/lzha/code/DEXTRAH/cluster_results/a1001/franka_cube_seed_sweep600_c7e66a0_20260612_092951/reward_plot_scalars.csv
Grasp pose prior,352,13553.4267578125,358.11048913820076,13205.6474609375,14042.3681640625,5,/home/lzha/code/DEXTRAH/cluster_results/a1001/franka_cube_seed_sweep600_c7e66a0_20260612_092951/reward_plot_scalars.csv
Grasp pose prior,353,13566.7515625,353.70984039023926,13189.9658203125,14042.5712890625,5,/home/lzha/code/DEXTRAH/cluster_results/a1001/franka_cube_seed_sweep600_c7e66a0_20260612_092951/reward_plot_scalars.csv
Grasp pose prior,354,13583.67265625,339.6595081697214,13209.90625,14045.91015625,5,/home/lzha/code/DEXTRAH/cluster_results/a1001/franka_cube_seed_sweep600_c7e66a0_20260612_092951/reward_plot_scalars.csv
Grasp pose prior,355,13578.53046875,342.37451786894485,13216.0849609375,14048.4951171875,5,/home/lzha/code/DEXTRAH/cluster_results/a1001/franka_cube_seed_sweep600_c7e66a0_20260612_092951/reward_plot_scalars.csv
Grasp pose prior,356,13576.4982421875,345.23551636818695,13214.099609375,14048.0634765625,5,/home/lzha/code/DEXTRAH/cluster_results/a1001/franka_cube_seed_sweep600_c7e66a0_20260612_092951/reward_plot_scalars.csv
Grasp pose prior,357,13428.3544921875,431.3365826837135,12817.0087890625,14051.33203125,5,/home/lzha/code/DEXTRAH/cluster_results/a1001/franka_cube_seed_sweep600_c7e66a0_20260612_092951/reward_plot_scalars.csv
Grasp pose prior,358,13483.3806640625,403.89476575186984,12981.603515625,14015.236328125,5,/home/lzha/code/DEXTRAH/cluster_results/a1001/franka_cube_seed_sweep600_c7e66a0_20260612_092951/reward_plot_scalars.csv
Grasp pose prior,359,13564.0900390625,342.5860997422663,13219.443359375,14040.7998046875,5,/home/lzha/code/DEXTRAH/cluster_results/a1001/franka_cube_seed_sweep600_c7e66a0_20260612_092951/reward_plot_scalars.csv
Grasp pose prior,360,13535.851953125,372.32533689757855,13197.541015625,14043.501953125,5,/home/lzha/code/DEXTRAH/cluster_results/a1001/franka_cube_seed_sweep600_c7e66a0_20260612_092951/reward_plot_scalars.csv
Grasp pose prior,361,13555.4400390625,360.2609793714484,13221.609375,14052.8662109375,5,/home/lzha/code/DEXTRAH/cluster_results/a1001/franka_cube_seed_sweep600_c7e66a0_20260612_092951/reward_plot_scalars.csv
Grasp pose prior,362,13573.78984375,348.93319642777675,13220.8486328125,14052.0458984375,5,/home/lzha/code/DEXTRAH/cluster_results/a1001/franka_cube_seed_sweep600_c7e66a0_20260612_092951/reward_plot_scalars.csv
Grasp pose prior,363,13513.4927734375,400.71313037936375,13034.28515625,14042.103515625,5,/home/lzha/code/DEXTRAH/cluster_results/a1001/franka_cube_seed_sweep600_c7e66a0_20260612_092951/reward_plot_scalars.csv
Grasp pose prior,364,13536.983984375,382.919080895939,13124.830078125,14043.6845703125,5,/home/lzha/code/DEXTRAH/cluster_results/a1001/franka_cube_seed_sweep600_c7e66a0_20260612_092951/reward_plot_scalars.csv
Grasp pose prior,365,13562.4255859375,329.7141754011795,13226.751953125,13989.69921875,5,/home/lzha/code/DEXTRAH/cluster_results/a1001/franka_cube_seed_sweep600_c7e66a0_20260612_092951/reward_plot_scalars.csv
Grasp pose prior,366,13545.169140625,371.6430905721503,13173.2197265625,14046.6044921875,5,/home/lzha/code/DEXTRAH/cluster_results/a1001/franka_cube_seed_sweep600_c7e66a0_20260612_092951/reward_plot_scalars.csv
Grasp pose prior,367,13533.4443359375,381.2407267458926,13118.513671875,14046.1923828125,5,/home/lzha/code/DEXTRAH/cluster_results/a1001/franka_cube_seed_sweep600_c7e66a0_20260612_092951/reward_plot_scalars.csv
Grasp pose prior,368,13589.49140625,333.84247871428965,13240.201171875,14044.4580078125,5,/home/lzha/code/DEXTRAH/cluster_results/a1001/franka_cube_seed_sweep600_c7e66a0_20260612_092951/reward_plot_scalars.csv
Grasp pose prior,369,13551.3126953125,369.2124011006959,13178.4736328125,14043.4736328125,5,/home/lzha/code/DEXTRAH/cluster_results/a1001/franka_cube_seed_sweep600_c7e66a0_20260612_092951/reward_plot_scalars.csv
Grasp pose prior,370,13539.5978515625,379.8636147434619,13171.947265625,14041.314453125,5,/home/lzha/code/DEXTRAH/cluster_results/a1001/franka_cube_seed_sweep600_c7e66a0_20260612_092951/reward_plot_scalars.csv
Grasp pose prior,371,13566.6697265625,348.86675434128455,13235.470703125,14041.078125,5,/home/lzha/code/DEXTRAH/cluster_results/a1001/franka_cube_seed_sweep600_c7e66a0_20260612_092951/reward_plot_scalars.csv
Grasp pose prior,372,13609.223046875,330.7508640474666,13245.693359375,14055.0556640625,5,/home/lzha/code/DEXTRAH/cluster_results/a1001/franka_cube_seed_sweep600_c7e66a0_20260612_092951/reward_plot_scalars.csv
Grasp pose prior,373,13612.756640625,330.07341723563525,13249.1630859375,14055.7763671875,5,/home/lzha/code/DEXTRAH/cluster_results/a1001/franka_cube_seed_sweep600_c7e66a0_20260612_092951/reward_plot_scalars.csv
Grasp pose prior,374,13569.521484375,309.31889033396374,13248.6455078125,14064.380859375,5,/home/lzha/code/DEXTRAH/cluster_results/a1001/franka_cube_seed_sweep600_c7e66a0_20260612_092951/reward_plot_scalars.csv
Grasp pose prior,375,13616.0345703125,326.61084989581803,13248.9384765625,14060.443359375,5,/home/lzha/code/DEXTRAH/cluster_results/a1001/franka_cube_seed_sweep600_c7e66a0_20260612_092951/reward_plot_scalars.csv
Grasp pose prior,376,13614.955078125,326.5089723689064,13254.9130859375,14058.2763671875,5,/home/lzha/code/DEXTRAH/cluster_results/a1001/franka_cube_seed_sweep600_c7e66a0_20260612_092951/reward_plot_scalars.csv
Grasp pose prior,377,13610.980859375,327.2721224975903,13254.6123046875,14064.876953125,5,/home/lzha/code/DEXTRAH/cluster_results/a1001/franka_cube_seed_sweep600_c7e66a0_20260612_092951/reward_plot_scalars.csv
Grasp pose prior,378,13598.037890625,313.72077584471435,13262.9248046875,14066.697265625,5,/home/lzha/code/DEXTRAH/cluster_results/a1001/franka_cube_seed_sweep600_c7e66a0_20260612_092951/reward_plot_scalars.csv
Grasp pose prior,379,13596.2896484375,337.6299654585116,13264.8994140625,14071.7568359375,5,/home/lzha/code/DEXTRAH/cluster_results/a1001/franka_cube_seed_sweep600_c7e66a0_20260612_092951/reward_plot_scalars.csv
Grasp pose prior,380,13619.9099609375,322.4488744906839,13263.37890625,14063.466796875,5,/home/lzha/code/DEXTRAH/cluster_results/a1001/franka_cube_seed_sweep600_c7e66a0_20260612_092951/reward_plot_scalars.csv
Grasp pose prior,381,13642.0701171875,315.154649982406,13274.8369140625,14072.474609375,5,/home/lzha/code/DEXTRAH/cluster_results/a1001/franka_cube_seed_sweep600_c7e66a0_20260612_092951/reward_plot_scalars.csv
Grasp pose prior,382,13623.68828125,301.90498483439933,13275.7080078125,14067.3095703125,5,/home/lzha/code/DEXTRAH/cluster_results/a1001/franka_cube_seed_sweep600_c7e66a0_20260612_092951/reward_plot_scalars.csv
Grasp pose prior,383,13635.264453125,315.3507380586827,13278.8037109375,14075.685546875,5,/home/lzha/code/DEXTRAH/cluster_results/a1001/franka_cube_seed_sweep600_c7e66a0_20260612_092951/reward_plot_scalars.csv
Grasp pose prior,384,13640.5912109375,316.7268242963747,13254.9345703125,14077.6796875,5,/home/lzha/code/DEXTRAH/cluster_results/a1001/franka_cube_seed_sweep600_c7e66a0_20260612_092951/reward_plot_scalars.csv
Grasp pose prior,385,13538.830078125,418.61689450289833,12968.0126953125,14076.2138671875,5,/home/lzha/code/DEXTRAH/cluster_results/a1001/franka_cube_seed_sweep600_c7e66a0_20260612_092951/reward_plot_scalars.csv
Grasp pose prior,386,13574.6828125,372.9927634467369,13157.265625,14078.7060546875,5,/home/lzha/code/DEXTRAH/cluster_results/a1001/franka_cube_seed_sweep600_c7e66a0_20260612_092951/reward_plot_scalars.csv
Grasp pose prior,387,13646.5529296875,316.46386567645425,13282.1669921875,14082.7099609375,5,/home/lzha/code/DEXTRAH/cluster_results/a1001/franka_cube_seed_sweep600_c7e66a0_20260612_092951/reward_plot_scalars.csv
Grasp pose prior,388,13657.68515625,306.77578944590476,13287.18359375,14078.1650390625,5,/home/lzha/code/DEXTRAH/cluster_results/a1001/franka_cube_seed_sweep600_c7e66a0_20260612_092951/reward_plot_scalars.csv
Grasp pose prior,389,13626.8876953125,322.99369950364684,13293.5986328125,14074.2412109375,5,/home/lzha/code/DEXTRAH/cluster_results/a1001/franka_cube_seed_sweep600_c7e66a0_20260612_092951/reward_plot_scalars.csv
Grasp pose prior,390,13639.1546875,330.2218922400876,13196.7880859375,14083.916015625,5,/home/lzha/code/DEXTRAH/cluster_results/a1001/franka_cube_seed_sweep600_c7e66a0_20260612_092951/reward_plot_scalars.csv
Grasp pose prior,391,13651.9001953125,310.6991475366464,13287.54296875,14084.5625,5,/home/lzha/code/DEXTRAH/cluster_results/a1001/franka_cube_seed_sweep600_c7e66a0_20260612_092951/reward_plot_scalars.csv
Grasp pose prior,392,13654.3447265625,312.38716883409603,13278.2451171875,14086.0869140625,5,/home/lzha/code/DEXTRAH/cluster_results/a1001/franka_cube_seed_sweep600_c7e66a0_20260612_092951/reward_plot_scalars.csv
Grasp pose prior,393,13654.362109375,308.5459705047015,13299.6875,14078.76171875,5,/home/lzha/code/DEXTRAH/cluster_results/a1001/franka_cube_seed_sweep600_c7e66a0_20260612_092951/reward_plot_scalars.csv
Grasp pose prior,394,13676.3822265625,292.29755315836456,13311.546875,14077.880859375,5,/home/lzha/code/DEXTRAH/cluster_results/a1001/franka_cube_seed_sweep600_c7e66a0_20260612_092951/reward_plot_scalars.csv
Grasp pose prior,395,13632.7599609375,315.40433297165356,13314.5546875,14066.0419921875,5,/home/lzha/code/DEXTRAH/cluster_results/a1001/franka_cube_seed_sweep600_c7e66a0_20260612_092951/reward_plot_scalars.csv
Grasp pose prior,396,13669.8064453125,295.59328573329,13308.4912109375,14075.0205078125,5,/home/lzha/code/DEXTRAH/cluster_results/a1001/franka_cube_seed_sweep600_c7e66a0_20260612_092951/reward_plot_scalars.csv
Grasp pose prior,397,13678.622265625,296.85664455706365,13314.3310546875,14085.58203125,5,/home/lzha/code/DEXTRAH/cluster_results/a1001/franka_cube_seed_sweep600_c7e66a0_20260612_092951/reward_plot_scalars.csv
Grasp pose prior,398,13669.35,298.3657558078931,13311.37109375,14080.57421875,5,/home/lzha/code/DEXTRAH/cluster_results/a1001/franka_cube_seed_sweep600_c7e66a0_20260612_092951/reward_plot_scalars.csv
Grasp pose prior,399,13657.4314453125,304.04260236061765,13312.189453125,14080.3837890625,5,/home/lzha/code/DEXTRAH/cluster_results/a1001/franka_cube_seed_sweep600_c7e66a0_20260612_092951/reward_plot_scalars.csv
Grasp pose prior,400,13648.3333984375,290.991486539284,13312.36328125,14069.8955078125,5,/home/lzha/code/DEXTRAH/cluster_results/a1001/franka_cube_seed_sweep600_c7e66a0_20260612_092951/reward_plot_scalars.csv
Grasp pose prior,401,13672.2861328125,297.2483634833098,13313.67578125,14090.533203125,5,/home/lzha/code/DEXTRAH/cluster_results/a1001/franka_cube_seed_sweep600_c7e66a0_20260612_092951/reward_plot_scalars.csv
Grasp pose prior,402,13674.9263671875,275.08528410538713,13312.916015625,14019.53515625,5,/home/lzha/code/DEXTRAH/cluster_results/a1001/franka_cube_seed_sweep600_c7e66a0_20260612_092951/reward_plot_scalars.csv
Grasp pose prior,403,13690.736328125,297.47689764961353,13310.568359375,14102.0322265625,5,/home/lzha/code/DEXTRAH/cluster_results/a1001/franka_cube_seed_sweep600_c7e66a0_20260612_092951/reward_plot_scalars.csv
Grasp pose prior,404,13639.0041015625,305.33729643093244,13310.8046875,14108.2021484375,5,/home/lzha/code/DEXTRAH/cluster_results/a1001/franka_cube_seed_sweep600_c7e66a0_20260612_092951/reward_plot_scalars.csv
Grasp pose prior,405,13687.65078125,301.32895398673884,13307.2197265625,14110.9755859375,5,/home/lzha/code/DEXTRAH/cluster_results/a1001/franka_cube_seed_sweep600_c7e66a0_20260612_092951/reward_plot_scalars.csv
Grasp pose prior,406,13703.1306640625,301.93294879380386,13306.0546875,14112.41015625,5,/home/lzha/code/DEXTRAH/cluster_results/a1001/franka_cube_seed_sweep600_c7e66a0_20260612_092951/reward_plot_scalars.csv
Grasp pose prior,407,13675.2251953125,262.6825041026803,13308.0546875,13976.0224609375,5,/home/lzha/code/DEXTRAH/cluster_results/a1001/franka_cube_seed_sweep600_c7e66a0_20260612_092951/reward_plot_scalars.csv
Grasp pose prior,408,13673.2765625,257.9878948073169,13308.5546875,13960.23828125,5,/home/lzha/code/DEXTRAH/cluster_results/a1001/franka_cube_seed_sweep600_c7e66a0_20260612_092951/reward_plot_scalars.csv
Grasp pose prior,409,13675.7982421875,261.1907934237067,13310.40625,13982.2373046875,5,/home/lzha/code/DEXTRAH/cluster_results/a1001/franka_cube_seed_sweep600_c7e66a0_20260612_092951/reward_plot_scalars.csv
Grasp pose prior,410,13699.930078125,287.78392712285176,13306.5146484375,14053.966796875,5,/home/lzha/code/DEXTRAH/cluster_results/a1001/franka_cube_seed_sweep600_c7e66a0_20260612_092951/reward_plot_scalars.csv
Grasp pose prior,411,13709.9626953125,302.1445880285901,13308.3623046875,14110.63671875,5,/home/lzha/code/DEXTRAH/cluster_results/a1001/franka_cube_seed_sweep600_c7e66a0_20260612_092951/reward_plot_scalars.csv
Grasp pose prior,412,13713.980078125,298.98954172860266,13315.5322265625,14115.8837890625,5,/home/lzha/code/DEXTRAH/cluster_results/a1001/franka_cube_seed_sweep600_c7e66a0_20260612_092951/reward_plot_scalars.csv
Grasp pose prior,413,13709.985546875,304.71162423426097,13311.8173828125,14127.6474609375,5,/home/lzha/code/DEXTRAH/cluster_results/a1001/franka_cube_seed_sweep600_c7e66a0_20260612_092951/reward_plot_scalars.csv
Grasp pose prior,414,13715.4287109375,302.21392453502426,13317.197265625,14129.998046875,5,/home/lzha/code/DEXTRAH/cluster_results/a1001/franka_cube_seed_sweep600_c7e66a0_20260612_092951/reward_plot_scalars.csv
Grasp pose prior,415,13715.9955078125,300.7541303993775,13323.8994140625,14129.654296875,5,/home/lzha/code/DEXTRAH/cluster_results/a1001/franka_cube_seed_sweep600_c7e66a0_20260612_092951/reward_plot_scalars.csv
Grasp pose prior,416,13695.3759765625,273.6111594187204,13319.9130859375,14011.7861328125,5,/home/lzha/code/DEXTRAH/cluster_results/a1001/franka_cube_seed_sweep600_c7e66a0_20260612_092951/reward_plot_scalars.csv
Grasp pose prior,417,13704.4470703125,283.9451984866747,13325.69921875,14060.9462890625,5,/home/lzha/code/DEXTRAH/cluster_results/a1001/franka_cube_seed_sweep600_c7e66a0_20260612_092951/reward_plot_scalars.csv
Grasp pose prior,418,13696.0201171875,281.6267694908525,13319.103515625,14052.33984375,5,/home/lzha/code/DEXTRAH/cluster_results/a1001/franka_cube_seed_sweep600_c7e66a0_20260612_092951/reward_plot_scalars.csv
Grasp pose prior,419,13728.348046875,298.06788046896935,13334.478515625,14131.3837890625,5,/home/lzha/code/DEXTRAH/cluster_results/a1001/franka_cube_seed_sweep600_c7e66a0_20260612_092951/reward_plot_scalars.csv
Grasp pose prior,420,13727.991796875,291.4512337420795,13342.7236328125,14113.3583984375,5,/home/lzha/code/DEXTRAH/cluster_results/a1001/franka_cube_seed_sweep600_c7e66a0_20260612_092951/reward_plot_scalars.csv
Grasp pose prior,421,13713.6119140625,301.9472707161098,13347.419921875,14141.70703125,5,/home/lzha/code/DEXTRAH/cluster_results/a1001/franka_cube_seed_sweep600_c7e66a0_20260612_092951/reward_plot_scalars.csv
Grasp pose prior,422,13740.2587890625,300.28491555703084,13341.2646484375,14148.7548828125,5,/home/lzha/code/DEXTRAH/cluster_results/a1001/franka_cube_seed_sweep600_c7e66a0_20260612_092951/reward_plot_scalars.csv
Grasp pose prior,423,13722.4708984375,273.4620428253173,13346.5498046875,14049.6337890625,5,/home/lzha/code/DEXTRAH/cluster_results/a1001/franka_cube_seed_sweep600_c7e66a0_20260612_092951/reward_plot_scalars.csv
Grasp pose prior,424,13737.25078125,291.3787138630786,13351.1982421875,14119.892578125,5,/home/lzha/code/DEXTRAH/cluster_results/a1001/franka_cube_seed_sweep600_c7e66a0_20260612_092951/reward_plot_scalars.csv
Grasp pose prior,425,13728.6638671875,294.9807215584707,13357.923828125,14147.2099609375,5,/home/lzha/code/DEXTRAH/cluster_results/a1001/franka_cube_seed_sweep600_c7e66a0_20260612_092951/reward_plot_scalars.csv
Grasp pose prior,426,13741.625390625,296.0803988866946,13359.2900390625,14153.857421875,5,/home/lzha/code/DEXTRAH/cluster_results/a1001/franka_cube_seed_sweep600_c7e66a0_20260612_092951/reward_plot_scalars.csv
Grasp pose prior,427,13743.661328125,292.1377779217582,13363.0068359375,14143.16796875,5,/home/lzha/code/DEXTRAH/cluster_results/a1001/franka_cube_seed_sweep600_c7e66a0_20260612_092951/reward_plot_scalars.csv
Grasp pose prior,428,13733.65234375,286.38323045256726,13362.376953125,14124.9482421875,5,/home/lzha/code/DEXTRAH/cluster_results/a1001/franka_cube_seed_sweep600_c7e66a0_20260612_092951/reward_plot_scalars.csv
Grasp pose prior,429,13733.9,300.38917400151934,13355.68359375,14144.76171875,5,/home/lzha/code/DEXTRAH/cluster_results/a1001/franka_cube_seed_sweep600_c7e66a0_20260612_092951/reward_plot_scalars.csv
Grasp pose prior,430,13745.788671875,295.1369144596261,13363.03125,14148.7099609375,5,/home/lzha/code/DEXTRAH/cluster_results/a1001/franka_cube_seed_sweep600_c7e66a0_20260612_092951/reward_plot_scalars.csv
Grasp pose prior,431,13743.95390625,293.27690400414497,13361.7763671875,14151.5908203125,5,/home/lzha/code/DEXTRAH/cluster_results/a1001/franka_cube_seed_sweep600_c7e66a0_20260612_092951/reward_plot_scalars.csv
Grasp pose prior,432,13748.695703125,289.07871264817,13369.6650390625,14136.1943359375,5,/home/lzha/code/DEXTRAH/cluster_results/a1001/franka_cube_seed_sweep600_c7e66a0_20260612_092951/reward_plot_scalars.csv
Grasp pose prior,433,13750.3826171875,293.5409356811461,13366.873046875,14152.12890625,5,/home/lzha/code/DEXTRAH/cluster_results/a1001/franka_cube_seed_sweep600_c7e66a0_20260612_092951/reward_plot_scalars.csv
Grasp pose prior,434,13740.8888671875,276.3535923364919,13369.74609375,14093.513671875,5,/home/lzha/code/DEXTRAH/cluster_results/a1001/franka_cube_seed_sweep600_c7e66a0_20260612_092951/reward_plot_scalars.csv
Grasp pose prior,435,13737.3341796875,278.80660466083924,13360.4560546875,14085.4423828125,5,/home/lzha/code/DEXTRAH/cluster_results/a1001/franka_cube_seed_sweep600_c7e66a0_20260612_092951/reward_plot_scalars.csv
Grasp pose prior,436,13752.2166015625,290.1942175993003,13372.17578125,14146.3095703125,5,/home/lzha/code/DEXTRAH/cluster_results/a1001/franka_cube_seed_sweep600_c7e66a0_20260612_092951/reward_plot_scalars.csv
Grasp pose prior,437,13754.9623046875,289.88810029597073,13379.4248046875,14154.220703125,5,/home/lzha/code/DEXTRAH/cluster_results/a1001/franka_cube_seed_sweep600_c7e66a0_20260612_092951/reward_plot_scalars.csv
Grasp pose prior,438,13755.9333984375,291.25985033619367,13378.287109375,14161.14453125,5,/home/lzha/code/DEXTRAH/cluster_results/a1001/franka_cube_seed_sweep600_c7e66a0_20260612_092951/reward_plot_scalars.csv
Grasp pose prior,439,13754.584375,283.4620118207412,13379.5185546875,14127.017578125,5,/home/lzha/code/DEXTRAH/cluster_results/a1001/franka_cube_seed_sweep600_c7e66a0_20260612_092951/reward_plot_scalars.csv
Grasp pose prior,440,13757.5025390625,292.58158473812864,13377.9970703125,14162.560546875,5,/home/lzha/code/DEXTRAH/cluster_results/a1001/franka_cube_seed_sweep600_c7e66a0_20260612_092951/reward_plot_scalars.csv
Grasp pose prior,441,13733.2013671875,260.0605494848189,13381.7060546875,14022.875,5,/home/lzha/code/DEXTRAH/cluster_results/a1001/franka_cube_seed_sweep600_c7e66a0_20260612_092951/reward_plot_scalars.csv
Grasp pose prior,442,13740.1171875,267.6471976719467,13385.1875,14063.685546875,5,/home/lzha/code/DEXTRAH/cluster_results/a1001/franka_cube_seed_sweep600_c7e66a0_20260612_092951/reward_plot_scalars.csv
Grasp pose prior,443,13734.4818359375,258.27201594068094,13380.5322265625,14022.5888671875,5,/home/lzha/code/DEXTRAH/cluster_results/a1001/franka_cube_seed_sweep600_c7e66a0_20260612_092951/reward_plot_scalars.csv
Grasp pose prior,444,13763.340625,293.06489372514034,13383.001953125,14160.03515625,5,/home/lzha/code/DEXTRAH/cluster_results/a1001/franka_cube_seed_sweep600_c7e66a0_20260612_092951/reward_plot_scalars.csv
Grasp pose prior,445,13766.5955078125,295.66816197386703,13382.3896484375,14171.544921875,5,/home/lzha/code/DEXTRAH/cluster_results/a1001/franka_cube_seed_sweep600_c7e66a0_20260612_092951/reward_plot_scalars.csv
Grasp pose prior,446,13772.6830078125,298.63763697204604,13379.7373046875,14175.642578125,5,/home/lzha/code/DEXTRAH/cluster_results/a1001/franka_cube_seed_sweep600_c7e66a0_20260612_092951/reward_plot_scalars.csv
Grasp pose prior,447,13771.103515625,299.75610898166224,13377.015625,14177.232421875,5,/home/lzha/code/DEXTRAH/cluster_results/a1001/franka_cube_seed_sweep600_c7e66a0_20260612_092951/reward_plot_scalars.csv
Grasp pose prior,448,13771.903125,298.0820948300233,13377.875,14172.7587890625,5,/home/lzha/code/DEXTRAH/cluster_results/a1001/franka_cube_seed_sweep600_c7e66a0_20260612_092951/reward_plot_scalars.csv
Grasp pose prior,449,13766.9994140625,290.7076745965278,13382.478515625,14154.4462890625,5,/home/lzha/code/DEXTRAH/cluster_results/a1001/franka_cube_seed_sweep600_c7e66a0_20260612_092951/reward_plot_scalars.csv
Grasp pose prior,450,13769.966015625,289.76947469188514,13381.859375,14152.1259765625,5,/home/lzha/code/DEXTRAH/cluster_results/a1001/franka_cube_seed_sweep600_c7e66a0_20260612_092951/reward_plot_scalars.csv
Grasp pose prior,451,13757.3908203125,285.36122006605467,13382.560546875,14143.0419921875,5,/home/lzha/code/DEXTRAH/cluster_results/a1001/franka_cube_seed_sweep600_c7e66a0_20260612_092951/reward_plot_scalars.csv
Grasp pose prior,452,13749.797265625,267.3574416539444,13381.4130859375,14055.046875,5,/home/lzha/code/DEXTRAH/cluster_results/a1001/franka_cube_seed_sweep600_c7e66a0_20260612_092951/reward_plot_scalars.csv
Grasp pose prior,453,13764.73671875,301.2953560039219,13382.2236328125,14162.1298828125,5,/home/lzha/code/DEXTRAH/cluster_results/a1001/franka_cube_seed_sweep600_c7e66a0_20260612_092951/reward_plot_scalars.csv
Grasp pose prior,454,13776.1283203125,296.6219789537476,13388.98046875,14180.658203125,5,/home/lzha/code/DEXTRAH/cluster_results/a1001/franka_cube_seed_sweep600_c7e66a0_20260612_092951/reward_plot_scalars.csv
Grasp pose prior,455,13783.0169921875,299.4164839005614,13387.15234375,14186.1298828125,5,/home/lzha/code/DEXTRAH/cluster_results/a1001/franka_cube_seed_sweep600_c7e66a0_20260612_092951/reward_plot_scalars.csv
Grasp pose prior,456,13781.338671875,294.95649931427505,13398.9560546875,14184.4638671875,5,/home/lzha/code/DEXTRAH/cluster_results/a1001/franka_cube_seed_sweep600_c7e66a0_20260612_092951/reward_plot_scalars.csv
Grasp pose prior,457,13785.12109375,293.05812260504314,13403.001953125,14179.38671875,5,/home/lzha/code/DEXTRAH/cluster_results/a1001/franka_cube_seed_sweep600_c7e66a0_20260612_092951/reward_plot_scalars.csv
Grasp pose prior,458,13772.375390625,305.3586457619633,13354.90625,14184.2900390625,5,/home/lzha/code/DEXTRAH/cluster_results/a1001/franka_cube_seed_sweep600_c7e66a0_20260612_092951/reward_plot_scalars.csv
Grasp pose prior,459,13763.8986328125,293.3660851523273,13408.84375,14183.916015625,5,/home/lzha/code/DEXTRAH/cluster_results/a1001/franka_cube_seed_sweep600_c7e66a0_20260612_092951/reward_plot_scalars.csv
Grasp pose prior,460,13784.250390625,291.21541290719216,13411.0673828125,14182.3017578125,5,/home/lzha/code/DEXTRAH/cluster_results/a1001/franka_cube_seed_sweep600_c7e66a0_20260612_092951/reward_plot_scalars.csv
Grasp pose prior,461,13792.03125,294.1058749231157,13414.0263671875,14188.623046875,5,/home/lzha/code/DEXTRAH/cluster_results/a1001/franka_cube_seed_sweep600_c7e66a0_20260612_092951/reward_plot_scalars.csv
Grasp pose prior,462,13784.38984375,297.184021748081,13387.818359375,14180.0380859375,5,/home/lzha/code/DEXTRAH/cluster_results/a1001/franka_cube_seed_sweep600_c7e66a0_20260612_092951/reward_plot_scalars.csv
Grasp pose prior,463,13792.2544921875,295.38182659395176,13407.63671875,14191.5908203125,5,/home/lzha/code/DEXTRAH/cluster_results/a1001/franka_cube_seed_sweep600_c7e66a0_20260612_092951/reward_plot_scalars.csv
Grasp pose prior,464,13781.5982421875,286.0251710696326,13416.841796875,14177.0830078125,5,/home/lzha/code/DEXTRAH/cluster_results/a1001/franka_cube_seed_sweep600_c7e66a0_20260612_092951/reward_plot_scalars.csv
Grasp pose prior,465,13793.0107421875,290.4995462804721,13415.8017578125,14185.49609375,5,/home/lzha/code/DEXTRAH/cluster_results/a1001/franka_cube_seed_sweep600_c7e66a0_20260612_092951/reward_plot_scalars.csv
Grasp pose prior,466,13793.7451171875,293.65991049459325,13413.453125,14190.318359375,5,/home/lzha/code/DEXTRAH/cluster_results/a1001/franka_cube_seed_sweep600_c7e66a0_20260612_092951/reward_plot_scalars.csv
Grasp pose prior,467,13791.90703125,291.38726046342356,13410.8056640625,14188.46875,5,/home/lzha/code/DEXTRAH/cluster_results/a1001/franka_cube_seed_sweep600_c7e66a0_20260612_092951/reward_plot_scalars.csv
Grasp pose prior,468,13793.15078125,290.5591964114416,13414.6201171875,14187.1826171875,5,/home/lzha/code/DEXTRAH/cluster_results/a1001/franka_cube_seed_sweep600_c7e66a0_20260612_092951/reward_plot_scalars.csv
Grasp pose prior,469,13796.289453125,291.2398550695345,13412.2021484375,14185.849609375,5,/home/lzha/code/DEXTRAH/cluster_results/a1001/franka_cube_seed_sweep600_c7e66a0_20260612_092951/reward_plot_scalars.csv
Grasp pose prior,470,13784.1572265625,291.77983985699854,13408.8369140625,14193.9287109375,5,/home/lzha/code/DEXTRAH/cluster_results/a1001/franka_cube_seed_sweep600_c7e66a0_20260612_092951/reward_plot_scalars.csv
Grasp pose prior,471,13770.4771484375,261.7821790934671,13410.42578125,14068.453125,5,/home/lzha/code/DEXTRAH/cluster_results/a1001/franka_cube_seed_sweep600_c7e66a0_20260612_092951/reward_plot_scalars.csv
Grasp pose prior,472,13795.4560546875,289.3912940778073,13414.01171875,14180.6201171875,5,/home/lzha/code/DEXTRAH/cluster_results/a1001/franka_cube_seed_sweep600_c7e66a0_20260612_092951/reward_plot_scalars.csv
Grasp pose prior,473,13799.46953125,293.56906762797155,13410.6826171875,14190.5576171875,5,/home/lzha/code/DEXTRAH/cluster_results/a1001/franka_cube_seed_sweep600_c7e66a0_20260612_092951/reward_plot_scalars.csv
Grasp pose prior,474,13800.4978515625,294.2123631596769,13413.5732421875,14195.697265625,5,/home/lzha/code/DEXTRAH/cluster_results/a1001/franka_cube_seed_sweep600_c7e66a0_20260612_092951/reward_plot_scalars.csv
Grasp pose prior,475,13790.4544921875,291.0956022840489,13418.09375,14194.7509765625,5,/home/lzha/code/DEXTRAH/cluster_results/a1001/franka_cube_seed_sweep600_c7e66a0_20260612_092951/reward_plot_scalars.csv
Grasp pose prior,476,13801.2716796875,293.5982990253299,13415.658203125,14195.7822265625,5,/home/lzha/code/DEXTRAH/cluster_results/a1001/franka_cube_seed_sweep600_c7e66a0_20260612_092951/reward_plot_scalars.csv
Grasp pose prior,477,13798.2181640625,293.69265384026676,13420.7568359375,14196.162109375,5,/home/lzha/code/DEXTRAH/cluster_results/a1001/franka_cube_seed_sweep600_c7e66a0_20260612_092951/reward_plot_scalars.csv
Grasp pose prior,478,13801.6337890625,293.3887736984364,13417.728515625,14197.9755859375,5,/home/lzha/code/DEXTRAH/cluster_results/a1001/franka_cube_seed_sweep600_c7e66a0_20260612_092951/reward_plot_scalars.csv
Grasp pose prior,479,13796.2841796875,303.92556104734547,13380.7783203125,14200.8408203125,5,/home/lzha/code/DEXTRAH/cluster_results/a1001/franka_cube_seed_sweep600_c7e66a0_20260612_092951/reward_plot_scalars.csv
Grasp pose prior,480,13797.657421875,283.91671825696966,13417.9619140625,14160.857421875,5,/home/lzha/code/DEXTRAH/cluster_results/a1001/franka_cube_seed_sweep600_c7e66a0_20260612_092951/reward_plot_scalars.csv
Grasp pose prior,481,13806.765625,293.6320117988545,13421.685546875,14197.1982421875,5,/home/lzha/code/DEXTRAH/cluster_results/a1001/franka_cube_seed_sweep600_c7e66a0_20260612_092951/reward_plot_scalars.csv
Grasp pose prior,482,13811.1525390625,295.7853073226493,13422.58984375,14206.568359375,5,/home/lzha/code/DEXTRAH/cluster_results/a1001/franka_cube_seed_sweep600_c7e66a0_20260612_092951/reward_plot_scalars.csv
Grasp pose prior,483,13813.2912109375,293.55553780232805,13425.408203125,14197.310546875,5,/home/lzha/code/DEXTRAH/cluster_results/a1001/franka_cube_seed_sweep600_c7e66a0_20260612_092951/reward_plot_scalars.csv
Grasp pose prior,484,13805.9541015625,290.9890309609671,13422.3330078125,14189.76953125,5,/home/lzha/code/DEXTRAH/cluster_results/a1001/franka_cube_seed_sweep600_c7e66a0_20260612_092951/reward_plot_scalars.csv
Grasp pose prior,485,13789.6177734375,275.8649536333447,13429.80078125,14138.59375,5,/home/lzha/code/DEXTRAH/cluster_results/a1001/franka_cube_seed_sweep600_c7e66a0_20260612_092951/reward_plot_scalars.csv
Grasp pose prior,486,13808.32421875,292.49866258429574,13427.8349609375,14196.7548828125,5,/home/lzha/code/DEXTRAH/cluster_results/a1001/franka_cube_seed_sweep600_c7e66a0_20260612_092951/reward_plot_scalars.csv
Grasp pose prior,487,13808.6310546875,292.5028422247884,13423.50390625,14196.2861328125,5,/home/lzha/code/DEXTRAH/cluster_results/a1001/franka_cube_seed_sweep600_c7e66a0_20260612_092951/reward_plot_scalars.csv
Grasp pose prior,488,13779.183984375,285.79900945701354,13429.685546875,14112.7451171875,5,/home/lzha/code/DEXTRAH/cluster_results/a1001/franka_cube_seed_sweep600_c7e66a0_20260612_092951/reward_plot_scalars.csv
Grasp pose prior,489,13801.1419921875,287.1180217717658,13428.2763671875,14161.8994140625,5,/home/lzha/code/DEXTRAH/cluster_results/a1001/franka_cube_seed_sweep600_c7e66a0_20260612_092951/reward_plot_scalars.csv
Grasp pose prior,490,13790.21484375,309.74784405553004,13422.978515625,14186.654296875,5,/home/lzha/code/DEXTRAH/cluster_results/a1001/franka_cube_seed_sweep600_c7e66a0_20260612_092951/reward_plot_scalars.csv
Grasp pose prior,491,13800.4677734375,291.17914183526796,13432.4921875,14202.2021484375,5,/home/lzha/code/DEXTRAH/cluster_results/a1001/franka_cube_seed_sweep600_c7e66a0_20260612_092951/reward_plot_scalars.csv
Grasp pose prior,492,13793.2408203125,272.5757274519663,13433.2470703125,14133.5380859375,5,/home/lzha/code/DEXTRAH/cluster_results/a1001/franka_cube_seed_sweep600_c7e66a0_20260612_092951/reward_plot_scalars.csv
Grasp pose prior,493,13787.6572265625,267.9947309445773,13430.3173828125,14120.111328125,5,/home/lzha/code/DEXTRAH/cluster_results/a1001/franka_cube_seed_sweep600_c7e66a0_20260612_092951/reward_plot_scalars.csv
Grasp pose prior,494,13811.994140625,295.9978681816194,13417.203125,14200.3349609375,5,/home/lzha/code/DEXTRAH/cluster_results/a1001/franka_cube_seed_sweep600_c7e66a0_20260612_092951/reward_plot_scalars.csv
Grasp pose prior,495,13812.0197265625,289.16339375549035,13438.6337890625,14202.046875,5,/home/lzha/code/DEXTRAH/cluster_results/a1001/franka_cube_seed_sweep600_c7e66a0_20260612_092951/reward_plot_scalars.csv
Grasp pose prior,496,13800.595703125,295.3821400628965,13414.3671875,14210.091796875,5,/home/lzha/code/DEXTRAH/cluster_results/a1001/franka_cube_seed_sweep600_c7e66a0_20260612_092951/reward_plot_scalars.csv
Grasp pose prior,497,13815.15703125,290.37795720946536,13438.8408203125,14209.5576171875,5,/home/lzha/code/DEXTRAH/cluster_results/a1001/franka_cube_seed_sweep600_c7e66a0_20260612_092951/reward_plot_scalars.csv
Grasp pose prior,498,13779.6560546875,316.57370934806585,13311.220703125,14174.0576171875,5,/home/lzha/code/DEXTRAH/cluster_results/a1001/franka_cube_seed_sweep600_c7e66a0_20260612_092951/reward_plot_scalars.csv
Grasp pose prior,499,13812.64140625,292.46888390519365,13427.3447265625,14197.484375,5,/home/lzha/code/DEXTRAH/cluster_results/a1001/franka_cube_seed_sweep600_c7e66a0_20260612_092951/reward_plot_scalars.csv
Grasp pose prior,500,13798.0083984375,259.75073194619114,13446.25390625,14085.4296875,5,/home/lzha/code/DEXTRAH/cluster_results/a1001/franka_cube_seed_sweep600_c7e66a0_20260612_092951/reward_plot_scalars.csv
Grasp pose prior,501,13818.516015625,288.78962330008085,13447.06640625,14204.037109375,5,/home/lzha/code/DEXTRAH/cluster_results/a1001/franka_cube_seed_sweep600_c7e66a0_20260612_092951/reward_plot_scalars.csv
Grasp pose prior,502,13814.569140625,288.7875490093532,13444.4873046875,14212.890625,5,/home/lzha/code/DEXTRAH/cluster_results/a1001/franka_cube_seed_sweep600_c7e66a0_20260612_092951/reward_plot_scalars.csv
Grasp pose prior,503,13813.3142578125,299.62468758322893,13406.8798828125,14212.6044921875,5,/home/lzha/code/DEXTRAH/cluster_results/a1001/franka_cube_seed_sweep600_c7e66a0_20260612_092951/reward_plot_scalars.csv
Grasp pose prior,504,13818.287890625,298.3926614939213,13422.4482421875,14212.2822265625,5,/home/lzha/code/DEXTRAH/cluster_results/a1001/franka_cube_seed_sweep600_c7e66a0_20260612_092951/reward_plot_scalars.csv
Grasp pose prior,505,13821.2359375,291.0138062866565,13446.326171875,14217.6943359375,5,/home/lzha/code/DEXTRAH/cluster_results/a1001/franka_cube_seed_sweep600_c7e66a0_20260612_092951/reward_plot_scalars.csv
Grasp pose prior,506,13825.0755859375,294.0570314213686,13443.7880859375,14217.0,5,/home/lzha/code/DEXTRAH/cluster_results/a1001/franka_cube_seed_sweep600_c7e66a0_20260612_092951/reward_plot_scalars.csv
Grasp pose prior,507,13825.7751953125,291.9027396023539,13448.20703125,14212.3173828125,5,/home/lzha/code/DEXTRAH/cluster_results/a1001/franka_cube_seed_sweep600_c7e66a0_20260612_092951/reward_plot_scalars.csv
Grasp pose prior,508,13824.6099609375,293.1658092044119,13444.1494140625,14215.20703125,5,/home/lzha/code/DEXTRAH/cluster_results/a1001/franka_cube_seed_sweep600_c7e66a0_20260612_092951/reward_plot_scalars.csv
Grasp pose prior,509,13800.9130859375,265.85322389439733,13443.0009765625,14124.7646484375,5,/home/lzha/code/DEXTRAH/cluster_results/a1001/franka_cube_seed_sweep600_c7e66a0_20260612_092951/reward_plot_scalars.csv
Grasp pose prior,510,13799.7830078125,269.3529080872852,13444.287109375,14155.6494140625,5,/home/lzha/code/DEXTRAH/cluster_results/a1001/franka_cube_seed_sweep600_c7e66a0_20260612_092951/reward_plot_scalars.csv
Grasp pose prior,511,13829.422265625,294.57945670918525,13442.943359375,14218.01171875,5,/home/lzha/code/DEXTRAH/cluster_results/a1001/franka_cube_seed_sweep600_c7e66a0_20260612_092951/reward_plot_scalars.csv
Grasp pose prior,512,13804.236328125,268.1574197627845,13439.4208984375,14110.666015625,5,/home/lzha/code/DEXTRAH/cluster_results/a1001/franka_cube_seed_sweep600_c7e66a0_20260612_092951/reward_plot_scalars.csv
Grasp pose prior,513,13801.8171875,284.52539683951903,13441.8232421875,14206.828125,5,/home/lzha/code/DEXTRAH/cluster_results/a1001/franka_cube_seed_sweep600_c7e66a0_20260612_092951/reward_plot_scalars.csv
Grasp pose prior,514,13796.67421875,295.28955106479486,13420.1943359375,14226.9873046875,5,/home/lzha/code/DEXTRAH/cluster_results/a1001/franka_cube_seed_sweep600_c7e66a0_20260612_092951/reward_plot_scalars.csv
Grasp pose prior,515,13819.0916015625,281.0874435227287,13442.201171875,14155.82421875,5,/home/lzha/code/DEXTRAH/cluster_results/a1001/franka_cube_seed_sweep600_c7e66a0_20260612_092951/reward_plot_scalars.csv
Grasp pose prior,516,13804.1625,286.54012942962163,13444.7509765625,14212.703125,5,/home/lzha/code/DEXTRAH/cluster_results/a1001/franka_cube_seed_sweep600_c7e66a0_20260612_092951/reward_plot_scalars.csv
Grasp pose prior,517,13790.76640625,247.64278914907325,13445.626953125,14011.7998046875,5,/home/lzha/code/DEXTRAH/cluster_results/a1001/franka_cube_seed_sweep600_c7e66a0_20260612_092951/reward_plot_scalars.csv
Grasp pose prior,518,13797.623046875,277.62825129020865,13442.2705078125,14175.9697265625,5,/home/lzha/code/DEXTRAH/cluster_results/a1001/franka_cube_seed_sweep600_c7e66a0_20260612_092951/reward_plot_scalars.csv
Grasp pose prior,519,13824.1142578125,304.5229879292915,13441.0888671875,14221.6826171875,5,/home/lzha/code/DEXTRAH/cluster_results/a1001/franka_cube_seed_sweep600_c7e66a0_20260612_092951/reward_plot_scalars.csv
Grasp pose prior,520,13826.1392578125,298.4791314870917,13437.2509765625,14224.2236328125,5,/home/lzha/code/DEXTRAH/cluster_results/a1001/franka_cube_seed_sweep600_c7e66a0_20260612_092951/reward_plot_scalars.csv
Grasp pose prior,521,13815.866015625,275.34071976716194,13441.892578125,14132.8095703125,5,/home/lzha/code/DEXTRAH/cluster_results/a1001/franka_cube_seed_sweep600_c7e66a0_20260612_092951/reward_plot_scalars.csv
Grasp pose prior,522,13803.723046875,328.45153774099526,13380.693359375,14203.259765625,5,/home/lzha/code/DEXTRAH/cluster_results/a1001/franka_cube_seed_sweep600_c7e66a0_20260612_092951/reward_plot_scalars.csv
Grasp pose prior,523,13831.526953125,302.53373247491265,13441.654296875,14229.1201171875,5,/home/lzha/code/DEXTRAH/cluster_results/a1001/franka_cube_seed_sweep600_c7e66a0_20260612_092951/reward_plot_scalars.csv
Grasp pose prior,524,13795.2833984375,256.51762999046656,13443.9248046875,14062.158203125,5,/home/lzha/code/DEXTRAH/cluster_results/a1001/franka_cube_seed_sweep600_c7e66a0_20260612_092951/reward_plot_scalars.csv
Grasp pose prior,525,13791.7701171875,289.17026040938885,13437.87109375,14229.203125,5,/home/lzha/code/DEXTRAH/cluster_results/a1001/franka_cube_seed_sweep600_c7e66a0_20260612_092951/reward_plot_scalars.csv
Grasp pose prior,526,13661.4451171875,334.0229450347343,13231.10546875,14110.59375,5,/home/lzha/code/DEXTRAH/cluster_results/a1001/franka_cube_seed_sweep600_c7e66a0_20260612_092951/reward_plot_scalars.csv
Grasp pose prior,527,13702.553515625,278.01950153545715,13437.099609375,14077.4609375,5,/home/lzha/code/DEXTRAH/cluster_results/a1001/franka_cube_seed_sweep600_c7e66a0_20260612_092951/reward_plot_scalars.csv
Grasp pose prior,528,13761.51171875,270.1535066503053,13442.111328125,14152.3935546875,5,/home/lzha/code/DEXTRAH/cluster_results/a1001/franka_cube_seed_sweep600_c7e66a0_20260612_092951/reward_plot_scalars.csv
Grasp pose prior,529,13801.74453125,287.930097340374,13448.97265625,14230.8173828125,5,/home/lzha/code/DEXTRAH/cluster_results/a1001/franka_cube_seed_sweep600_c7e66a0_20260612_092951/reward_plot_scalars.csv
Grasp pose prior,530,13750.2263671875,272.89296016915614,13446.6474609375,14145.68359375,5,/home/lzha/code/DEXTRAH/cluster_results/a1001/franka_cube_seed_sweep600_c7e66a0_20260612_092951/reward_plot_scalars.csv
Grasp pose prior,531,13802.5447265625,308.19882578195995,13379.078125,14227.3046875,5,/home/lzha/code/DEXTRAH/cluster_results/a1001/franka_cube_seed_sweep600_c7e66a0_20260612_092951/reward_plot_scalars.csv
Grasp pose prior,532,13825.7314453125,292.88399108748894,13424.5400390625,14203.6845703125,5,/home/lzha/code/DEXTRAH/cluster_results/a1001/franka_cube_seed_sweep600_c7e66a0_20260612_092951/reward_plot_scalars.csv
Grasp pose prior,533,13708.3697265625,240.33812661520057,13346.1005859375,13996.4619140625,5,/home/lzha/code/DEXTRAH/cluster_results/a1001/franka_cube_seed_sweep600_c7e66a0_20260612_092951/reward_plot_scalars.csv
Grasp pose prior,534,13811.9177734375,303.5154155865942,13402.03515625,14239.4794921875,5,/home/lzha/code/DEXTRAH/cluster_results/a1001/franka_cube_seed_sweep600_c7e66a0_20260612_092951/reward_plot_scalars.csv
Grasp pose prior,535,13611.7169921875,473.53867567730214,12799.373046875,14152.21484375,5,/home/lzha/code/DEXTRAH/cluster_results/a1001/franka_cube_seed_sweep600_c7e66a0_20260612_092951/reward_plot_scalars.csv
Grasp pose prior,536,13769.46796875,327.9532520937293,13255.7333984375,14169.5244140625,5,/home/lzha/code/DEXTRAH/cluster_results/a1001/franka_cube_seed_sweep600_c7e66a0_20260612_092951/reward_plot_scalars.csv
Grasp pose prior,537,13761.817578125,338.18432570431816,13229.109375,14183.3125,5,/home/lzha/code/DEXTRAH/cluster_results/a1001/franka_cube_seed_sweep600_c7e66a0_20260612_092951/reward_plot_scalars.csv
Grasp pose prior,538,13823.2984375,297.44310372649846,13425.0869140625,14235.6220703125,5,/home/lzha/code/DEXTRAH/cluster_results/a1001/franka_cube_seed_sweep600_c7e66a0_20260612_092951/reward_plot_scalars.csv
Grasp pose prior,539,13817.8619140625,280.66295863058735,13458.8447265625,14226.70703125,5,/home/lzha/code/DEXTRAH/cluster_results/a1001/franka_cube_seed_sweep600_c7e66a0_20260612_092951/reward_plot_scalars.csv
Grasp pose prior,540,13827.11171875,287.28951144048534,13463.38671875,14235.1884765625,5,/home/lzha/code/DEXTRAH/cluster_results/a1001/franka_cube_seed_sweep600_c7e66a0_20260612_092951/reward_plot_scalars.csv
Grasp pose prior,541,13800.2921875,272.69668596112365,13462.326171875,14196.763671875,5,/home/lzha/code/DEXTRAH/cluster_results/a1001/franka_cube_seed_sweep600_c7e66a0_20260612_092951/reward_plot_scalars.csv
Grasp pose prior,542,13799.9564453125,257.0199250008798,13464.4267578125,14130.0048828125,5,/home/lzha/code/DEXTRAH/cluster_results/a1001/franka_cube_seed_sweep600_c7e66a0_20260612_092951/reward_plot_scalars.csv
Grasp pose prior,543,13849.28203125,296.2457971056807,13461.666015625,14239.25,5,/home/lzha/code/DEXTRAH/cluster_results/a1001/franka_cube_seed_sweep600_c7e66a0_20260612_092951/reward_plot_scalars.csv
Grasp pose prior,544,13752.5318359375,307.8442911347042,13389.9072265625,14221.203125,5,/home/lzha/code/DEXTRAH/cluster_results/a1001/franka_cube_seed_sweep600_c7e66a0_20260612_092951/reward_plot_scalars.csv
Grasp pose prior,545,13728.5080078125,301.1162265292194,13414.046875,14168.8994140625,5,/home/lzha/code/DEXTRAH/cluster_results/a1001/franka_cube_seed_sweep600_c7e66a0_20260612_092951/reward_plot_scalars.csv
Grasp pose prior,546,13778.901171875,288.04292443154844,13450.955078125,14218.4013671875,5,/home/lzha/code/DEXTRAH/cluster_results/a1001/franka_cube_seed_sweep600_c7e66a0_20260612_092951/reward_plot_scalars.csv
Grasp pose prior,547,13841.1154296875,295.38357891318,13451.51171875,14236.568359375,5,/home/lzha/code/DEXTRAH/cluster_results/a1001/franka_cube_seed_sweep600_c7e66a0_20260612_092951/reward_plot_scalars.csv
Grasp pose prior,548,13780.15078125,299.53713372528944,13449.7880859375,14244.666015625,5,/home/lzha/code/DEXTRAH/cluster_results/a1001/franka_cube_seed_sweep600_c7e66a0_20260612_092951/reward_plot_scalars.csv
Grasp pose prior,549,13818.20390625,293.27251806115385,13441.091796875,14241.2880859375,5,/home/lzha/code/DEXTRAH/cluster_results/a1001/franka_cube_seed_sweep600_c7e66a0_20260612_092951/reward_plot_scalars.csv
Grasp pose prior,550,13777.7732421875,303.28049147538655,13418.7724609375,14235.291015625,5,/home/lzha/code/DEXTRAH/cluster_results/a1001/franka_cube_seed_sweep600_c7e66a0_20260612_092951/reward_plot_scalars.csv
Grasp pose prior,551,13775.16640625,302.59300830917596,13435.5263671875,14243.267578125,5,/home/lzha/code/DEXTRAH/cluster_results/a1001/franka_cube_seed_sweep600_c7e66a0_20260612_092951/reward_plot_scalars.csv
Grasp pose prior,552,13815.94453125,293.33371352984614,13442.8974609375,14241.48828125,5,/home/lzha/code/DEXTRAH/cluster_results/a1001/franka_cube_seed_sweep600_c7e66a0_20260612_092951/reward_plot_scalars.csv
Grasp pose prior,553,13768.484765625,263.1171247142641,13421.3232421875,14117.3818359375,5,/home/lzha/code/DEXTRAH/cluster_results/a1001/franka_cube_seed_sweep600_c7e66a0_20260612_092951/reward_plot_scalars.csv
Grasp pose prior,554,13693.3068359375,350.9555095468943,13320.7646484375,14221.251953125,5,/home/lzha/code/DEXTRAH/cluster_results/a1001/franka_cube_seed_sweep600_c7e66a0_20260612_092951/reward_plot_scalars.csv
Grasp pose prior,555,13805.7017578125,294.94134674092277,13439.97265625,14238.861328125,5,/home/lzha/code/DEXTRAH/cluster_results/a1001/franka_cube_seed_sweep600_c7e66a0_20260612_092951/reward_plot_scalars.csv
Grasp pose prior,556,13830.2998046875,296.91878152315917,13436.89453125,14242.7060546875,5,/home/lzha/code/DEXTRAH/cluster_results/a1001/franka_cube_seed_sweep600_c7e66a0_20260612_092951/reward_plot_scalars.csv
Grasp pose prior,557,13777.5205078125,303.78642009459503,13434.259765625,14242.5810546875,5,/home/lzha/code/DEXTRAH/cluster_results/a1001/franka_cube_seed_sweep600_c7e66a0_20260612_092951/reward_plot_scalars.csv
Grasp pose prior,558,13769.532421875,308.5447335196351,13439.8623046875,14244.6494140625,5,/home/lzha/code/DEXTRAH/cluster_results/a1001/franka_cube_seed_sweep600_c7e66a0_20260612_092951/reward_plot_scalars.csv
Grasp pose prior,559,13761.415234375,311.8416071958898,13433.46875,14241.4609375,5,/home/lzha/code/DEXTRAH/cluster_results/a1001/franka_cube_seed_sweep600_c7e66a0_20260612_092951/reward_plot_scalars.csv
Grasp pose prior,560,13803.6875,299.10222030601193,13432.7998046875,14247.42578125,5,/home/lzha/code/DEXTRAH/cluster_results/a1001/franka_cube_seed_sweep600_c7e66a0_20260612_092951/reward_plot_scalars.csv
Grasp pose prior,561,13825.453125,292.5083736407877,13433.158203125,14222.0576171875,5,/home/lzha/code/DEXTRAH/cluster_results/a1001/franka_cube_seed_sweep600_c7e66a0_20260612_092951/reward_plot_scalars.csv
Grasp pose prior,562,13845.6498046875,342.72175379840877,13334.8701171875,14248.7451171875,5,/home/lzha/code/DEXTRAH/cluster_results/a1001/franka_cube_seed_sweep600_c7e66a0_20260612_092951/reward_plot_scalars.csv
Grasp pose prior,563,13813.3490234375,318.7181560198361,13414.1533203125,14209.611328125,5,/home/lzha/code/DEXTRAH/cluster_results/a1001/franka_cube_seed_sweep600_c7e66a0_20260612_092951/reward_plot_scalars.csv
Grasp pose prior,564,13809.19296875,280.94761356915933,13424.3974609375,14133.0673828125,5,/home/lzha/code/DEXTRAH/cluster_results/a1001/franka_cube_seed_sweep600_c7e66a0_20260612_092951/reward_plot_scalars.csv
Grasp pose prior,565,13770.729296875,241.31677423738196,13424.2109375,14026.69140625,5,/home/lzha/code/DEXTRAH/cluster_results/a1001/franka_cube_seed_sweep600_c7e66a0_20260612_092951/reward_plot_scalars.csv
Grasp pose prior,566,13753.6662109375,311.60360360406213,13418.9267578125,14220.2236328125,5,/home/lzha/code/DEXTRAH/cluster_results/a1001/franka_cube_seed_sweep600_c7e66a0_20260612_092951/reward_plot_scalars.csv
Grasp pose prior,567,13784.4970703125,272.3079825029439,13427.8505859375,14137.39453125,5,/home/lzha/code/DEXTRAH/cluster_results/a1001/franka_cube_seed_sweep600_c7e66a0_20260612_092951/reward_plot_scalars.csv
Grasp pose prior,568,13841.71484375,303.5610802519665,13417.4873046875,14201.412109375,5,/home/lzha/code/DEXTRAH/cluster_results/a1001/franka_cube_seed_sweep600_c7e66a0_20260612_092951/reward_plot_scalars.csv
Grasp pose prior,569,13808.3529296875,319.9000225609702,13419.9609375,14249.830078125,5,/home/lzha/code/DEXTRAH/cluster_results/a1001/franka_cube_seed_sweep600_c7e66a0_20260612_092951/reward_plot_scalars.csv
Grasp pose prior,570,13814.6001953125,279.52087584833254,13420.1025390625,14088.70703125,5,/home/lzha/code/DEXTRAH/cluster_results/a1001/franka_cube_seed_sweep600_c7e66a0_20260612_092951/reward_plot_scalars.csv
Grasp pose prior,571,13865.804296875,321.92341123643473,13418.96484375,14249.03515625,5,/home/lzha/code/DEXTRAH/cluster_results/a1001/franka_cube_seed_sweep600_c7e66a0_20260612_092951/reward_plot_scalars.csv
Grasp pose prior,572,13805.0544921875,270.3114775762196,13419.5849609375,14095.029296875,5,/home/lzha/code/DEXTRAH/cluster_results/a1001/franka_cube_seed_sweep600_c7e66a0_20260612_092951/reward_plot_scalars.csv
Grasp pose prior,573,13805.2421875,282.38197665974326,13409.3037109375,14142.92578125,5,/home/lzha/code/DEXTRAH/cluster_results/a1001/franka_cube_seed_sweep600_c7e66a0_20260612_092951/reward_plot_scalars.csv
Grasp pose prior,574,13770.44609375,304.63713705322914,13399.51171875,14204.4443359375,5,/home/lzha/code/DEXTRAH/cluster_results/a1001/franka_cube_seed_sweep600_c7e66a0_20260612_092951/reward_plot_scalars.csv
Grasp pose prior,575,13814.8232421875,308.2434070231695,13410.984375,14250.6220703125,5,/home/lzha/code/DEXTRAH/cluster_results/a1001/franka_cube_seed_sweep600_c7e66a0_20260612_092951/reward_plot_scalars.csv
Grasp pose prior,576,13810.9662109375,296.12992678729256,13412.501953125,14212.1162109375,5,/home/lzha/code/DEXTRAH/cluster_results/a1001/franka_cube_seed_sweep600_c7e66a0_20260612_092951/reward_plot_scalars.csv
Grasp pose prior,577,13730.3232421875,242.42867293941384,13416.830078125,14045.19140625,5,/home/lzha/code/DEXTRAH/cluster_results/a1001/franka_cube_seed_sweep600_c7e66a0_20260612_092951/reward_plot_scalars.csv
Grasp pose prior,578,13801.9544921875,313.4457507659791,13326.6123046875,14166.59765625,5,/home/lzha/code/DEXTRAH/cluster_results/a1001/franka_cube_seed_sweep600_c7e66a0_20260612_092951/reward_plot_scalars.csv
Grasp pose prior,579,13740.9900390625,277.15827750243443,13359.0,14125.89453125,5,/home/lzha/code/DEXTRAH/cluster_results/a1001/franka_cube_seed_sweep600_c7e66a0_20260612_092951/reward_plot_scalars.csv
Grasp pose prior,580,13804.5169921875,300.22898534854585,13349.1259765625,14111.2548828125,5,/home/lzha/code/DEXTRAH/cluster_results/a1001/franka_cube_seed_sweep600_c7e66a0_20260612_092951/reward_plot_scalars.csv
Grasp pose prior,581,13813.83984375,281.80071270137137,13393.796875,14053.7060546875,5,/home/lzha/code/DEXTRAH/cluster_results/a1001/franka_cube_seed_sweep600_c7e66a0_20260612_092951/reward_plot_scalars.csv
Grasp pose prior,582,13759.1482421875,271.4900495313827,13329.6982421875,14052.7236328125,5,/home/lzha/code/DEXTRAH/cluster_results/a1001/franka_cube_seed_sweep600_c7e66a0_20260612_092951/reward_plot_scalars.csv
Grasp pose prior,583,13796.205859375,313.93249167090994,13317.8134765625,14159.99609375,5,/home/lzha/code/DEXTRAH/cluster_results/a1001/franka_cube_seed_sweep600_c7e66a0_20260612_092951/reward_plot_scalars.csv
Grasp pose prior,584,13800.623828125,279.8826969544369,13400.58984375,14130.21875,5,/home/lzha/code/DEXTRAH/cluster_results/a1001/franka_cube_seed_sweep600_c7e66a0_20260612_092951/reward_plot_scalars.csv
Grasp pose prior,585,13815.0083984375,289.49601648887545,13416.4482421875,14175.3798828125,5,/home/lzha/code/DEXTRAH/cluster_results/a1001/franka_cube_seed_sweep600_c7e66a0_20260612_092951/reward_plot_scalars.csv
Grasp pose prior,586,13782.5181640625,308.5287219488321,13409.0869140625,14223.2646484375,5,/home/lzha/code/DEXTRAH/cluster_results/a1001/franka_cube_seed_sweep600_c7e66a0_20260612_092951/reward_plot_scalars.csv
Grasp pose prior,587,13853.428125,315.9419356856212,13417.359375,14253.6748046875,5,/home/lzha/code/DEXTRAH/cluster_results/a1001/franka_cube_seed_sweep600_c7e66a0_20260612_092951/reward_plot_scalars.csv
Grasp pose prior,588,13821.0693359375,289.69978024161986,13415.8310546875,14161.84375,5,/home/lzha/code/DEXTRAH/cluster_results/a1001/franka_cube_seed_sweep600_c7e66a0_20260612_092951/reward_plot_scalars.csv
Grasp pose prior,589,13825.325,310.43941040213105,13415.2275390625,14254.6396484375,5,/home/lzha/code/DEXTRAH/cluster_results/a1001/franka_cube_seed_sweep600_c7e66a0_20260612_092951/reward_plot_scalars.csv
No prior baseline,1,17.046041870117186,1.408525949783127,15.565099716186523,19.148357391357422,5,/home/lzha/code/DEXTRAH/cluster_results/a1001/franka_cube_seed_sweep600_c7e66a0_20260612_092951/reward_plot_scalars.csv
No prior baseline,2,34.99431114196777,3.344097141503658,30.0908260345459,40.50565719604492,5,/home/lzha/code/DEXTRAH/cluster_results/a1001/franka_cube_seed_sweep600_c7e66a0_20260612_092951/reward_plot_scalars.csv
No prior baseline,3,77.79443054199218,10.302355483489915,62.04608154296875,92.97827911376953,5,/home/lzha/code/DEXTRAH/cluster_results/a1001/franka_cube_seed_sweep600_c7e66a0_20260612_092951/reward_plot_scalars.csv
No prior baseline,4,134.13161926269532,15.617694782533993,118.50479888916016,162.6329803466797,5,/home/lzha/code/DEXTRAH/cluster_results/a1001/franka_cube_seed_sweep600_c7e66a0_20260612_092951/reward_plot_scalars.csv
No prior baseline,5,229.04647521972657,23.51320139363403,201.5620880126953,262.2004089355469,5,/home/lzha/code/DEXTRAH/cluster_results/a1001/franka_cube_seed_sweep600_c7e66a0_20260612_092951/reward_plot_scalars.csv
No prior baseline,6,348.0372680664062,70.13934275705616,266.5533142089844,424.81634521484375,5,/home/lzha/code/DEXTRAH/cluster_results/a1001/franka_cube_seed_sweep600_c7e66a0_20260612_092951/reward_plot_scalars.csv
No prior baseline,7,462.9532409667969,95.20572321368596,341.85650634765625,570.3153076171875,5,/home/lzha/code/DEXTRAH/cluster_results/a1001/franka_cube_seed_sweep600_c7e66a0_20260612_092951/reward_plot_scalars.csv
No prior baseline,8,535.7481018066406,105.90753602120277,394.29046630859375,677.754150390625,5,/home/lzha/code/DEXTRAH/cluster_results/a1001/franka_cube_seed_sweep600_c7e66a0_20260612_092951/reward_plot_scalars.csv
No prior baseline,9,581.6431091308593,136.97056848977638,404.8514099121094,806.2667236328125,5,/home/lzha/code/DEXTRAH/cluster_results/a1001/franka_cube_seed_sweep600_c7e66a0_20260612_092951/reward_plot_scalars.csv
No prior baseline,10,473.8212158203125,62.39054927299653,414.95709228515625,589.6034545898438,5,/home/lzha/code/DEXTRAH/cluster_results/a1001/franka_cube_seed_sweep600_c7e66a0_20260612_092951/reward_plot_scalars.csv
No prior baseline,11,342.4789733886719,40.35403775777487,284.76336669921875,394.7506408691406,5,/home/lzha/code/DEXTRAH/cluster_results/a1001/franka_cube_seed_sweep600_c7e66a0_20260612_092951/reward_plot_scalars.csv
No prior baseline,12,341.33009033203126,23.169570854124352,321.00439453125,377.1448669433594,5,/home/lzha/code/DEXTRAH/cluster_results/a1001/franka_cube_seed_sweep600_c7e66a0_20260612_092951/reward_plot_scalars.csv
No prior baseline,13,410.812060546875,25.450580503794598,366.7666015625,446.4375,5,/home/lzha/code/DEXTRAH/cluster_results/a1001/franka_cube_seed_sweep600_c7e66a0_20260612_092951/reward_plot_scalars.csv
No prior baseline,14,493.5874328613281,23.12159859837931,468.17864990234375,529.005615234375,5,/home/lzha/code/DEXTRAH/cluster_results/a1001/franka_cube_seed_sweep600_c7e66a0_20260612_092951/reward_plot_scalars.csv
No prior baseline,15,579.4947021484375,26.44927393686523,552.91455078125,628.9786987304688,5,/home/lzha/code/DEXTRAH/cluster_results/a1001/franka_cube_seed_sweep600_c7e66a0_20260612_092951/reward_plot_scalars.csv
No prior baseline,16,657.31982421875,39.73886895916504,618.0675659179688,727.363525390625,5,/home/lzha/code/DEXTRAH/cluster_results/a1001/franka_cube_seed_sweep600_c7e66a0_20260612_092951/reward_plot_scalars.csv
No prior baseline,17,737.6723876953125,59.54938921419745,660.0111083984375,825.2545776367188,5,/home/lzha/code/DEXTRAH/cluster_results/a1001/franka_cube_seed_sweep600_c7e66a0_20260612_092951/reward_plot_scalars.csv
No prior baseline,18,778.7252807617188,51.504677337440874,687.7200927734375,831.1474609375,5,/home/lzha/code/DEXTRAH/cluster_results/a1001/franka_cube_seed_sweep600_c7e66a0_20260612_092951/reward_plot_scalars.csv
No prior baseline,19,715.9998413085938,86.5821548432342,553.6111450195312,807.89453125,5,/home/lzha/code/DEXTRAH/cluster_results/a1001/franka_cube_seed_sweep600_c7e66a0_20260612_092951/reward_plot_scalars.csv
No prior baseline,20,645.2231811523437,107.92913584434332,470.01861572265625,797.5966796875,5,/home/lzha/code/DEXTRAH/cluster_results/a1001/franka_cube_seed_sweep600_c7e66a0_20260612_092951/reward_plot_scalars.csv
No prior baseline,21,753.78759765625,143.22838802372797,539.6959838867188,964.3003540039062,5,/home/lzha/code/DEXTRAH/cluster_results/a1001/franka_cube_seed_sweep600_c7e66a0_20260612_092951/reward_plot_scalars.csv
No prior baseline,22,834.2167602539063,130.16336065328093,656.9099731445312,1015.7130737304688,5,/home/lzha/code/DEXTRAH/cluster_results/a1001/franka_cube_seed_sweep600_c7e66a0_20260612_092951/reward_plot_scalars.csv
No prior baseline,23,866.4276245117187,124.97631181495998,706.2741088867188,1049.464111328125,5,/home/lzha/code/DEXTRAH/cluster_results/a1001/franka_cube_seed_sweep600_c7e66a0_20260612_092951/reward_plot_scalars.csv
No prior baseline,24,920.548095703125,147.87181141824414,714.3009033203125,1149.8232421875,5,/home/lzha/code/DEXTRAH/cluster_results/a1001/franka_cube_seed_sweep600_c7e66a0_20260612_092951/reward_plot_scalars.csv
No prior baseline,25,950.7087646484375,132.68136802227215,730.1480102539062,1130.171875,5,/home/lzha/code/DEXTRAH/cluster_results/a1001/franka_cube_seed_sweep600_c7e66a0_20260612_092951/reward_plot_scalars.csv
No prior baseline,26,996.7900634765625,131.9178472524495,753.099853515625,1129.6925048828125,5,/home/lzha/code/DEXTRAH/cluster_results/a1001/franka_cube_seed_sweep600_c7e66a0_20260612_092951/reward_plot_scalars.csv
No prior baseline,27,1053.3846069335937,121.5187472446547,834.9822387695312,1189.967041015625,5,/home/lzha/code/DEXTRAH/cluster_results/a1001/franka_cube_seed_sweep600_c7e66a0_20260612_092951/reward_plot_scalars.csv
No prior baseline,28,1090.6313110351562,110.63197445319761,902.5042114257812,1228.5013427734375,5,/home/lzha/code/DEXTRAH/cluster_results/a1001/franka_cube_seed_sweep600_c7e66a0_20260612_092951/reward_plot_scalars.csv
No prior baseline,29,1006.555322265625,41.14474994620859,925.1771850585938,1038.5579833984375,5,/home/lzha/code/DEXTRAH/cluster_results/a1001/franka_cube_seed_sweep600_c7e66a0_20260612_092951/reward_plot_scalars.csv
No prior baseline,30,1112.970166015625,86.44034120073796,962.6527099609375,1210.5810546875,5,/home/lzha/code/DEXTRAH/cluster_results/a1001/franka_cube_seed_sweep600_c7e66a0_20260612_092951/reward_plot_scalars.csv
No prior baseline,31,1207.853173828125,107.09399484780614,1002.2354736328125,1316.82373046875,5,/home/lzha/code/DEXTRAH/cluster_results/a1001/franka_cube_seed_sweep600_c7e66a0_20260612_092951/reward_plot_scalars.csv
No prior baseline,32,1219.7065673828124,107.62255828984664,1037.136474609375,1326.9110107421875,5,/home/lzha/code/DEXTRAH/cluster_results/a1001/franka_cube_seed_sweep600_c7e66a0_20260612_092951/reward_plot_scalars.csv
No prior baseline,33,1262.992626953125,134.8729419928335,997.094970703125,1352.274658203125,5,/home/lzha/code/DEXTRAH/cluster_results/a1001/franka_cube_seed_sweep600_c7e66a0_20260612_092951/reward_plot_scalars.csv
No prior baseline,34,1299.315966796875,123.84235985287816,1054.6712646484375,1378.2713623046875,5,/home/lzha/code/DEXTRAH/cluster_results/a1001/franka_cube_seed_sweep600_c7e66a0_20260612_092951/reward_plot_scalars.csv
No prior baseline,35,1334.74345703125,116.43862685206531,1103.409912109375,1412.231689453125,5,/home/lzha/code/DEXTRAH/cluster_results/a1001/franka_cube_seed_sweep600_c7e66a0_20260612_092951/reward_plot_scalars.csv
No prior baseline,36,1358.2947265625,110.83938932142765,1148.41064453125,1452.6690673828125,5,/home/lzha/code/DEXTRAH/cluster_results/a1001/franka_cube_seed_sweep600_c7e66a0_20260612_092951/reward_plot_scalars.csv
No prior baseline,37,1364.9972412109375,125.57136730610934,1131.1573486328125,1469.5018310546875,5,/home/lzha/code/DEXTRAH/cluster_results/a1001/franka_cube_seed_sweep600_c7e66a0_20260612_092951/reward_plot_scalars.csv
No prior baseline,38,1245.8927490234375,76.89072002732145,1128.7852783203125,1330.416015625,5,/home/lzha/code/DEXTRAH/cluster_results/a1001/franka_cube_seed_sweep600_c7e66a0_20260612_092951/reward_plot_scalars.csv
No prior baseline,39,1342.44091796875,107.34440398204434,1143.2630615234375,1460.8895263671875,5,/home/lzha/code/DEXTRAH/cluster_results/a1001/franka_cube_seed_sweep600_c7e66a0_20260612_092951/reward_plot_scalars.csv
No prior baseline,40,1410.20556640625,106.98237783616177,1199.88720703125,1481.3096923828125,5,/home/lzha/code/DEXTRAH/cluster_results/a1001/franka_cube_seed_sweep600_c7e66a0_20260612_092951/reward_plot_scalars.csv
No prior baseline,41,1418.0750732421875,101.86679779701987,1225.4874267578125,1498.029052734375,5,/home/lzha/code/DEXTRAH/cluster_results/a1001/franka_cube_seed_sweep600_c7e66a0_20260612_092951/reward_plot_scalars.csv
No prior baseline,42,1441.34521484375,111.80688074605098,1236.779296875,1552.58203125,5,/home/lzha/code/DEXTRAH/cluster_results/a1001/franka_cube_seed_sweep600_c7e66a0_20260612_092951/reward_plot_scalars.csv
No prior baseline,43,1465.7627685546875,134.1658701246406,1201.96923828125,1577.9852294921875,5,/home/lzha/code/DEXTRAH/cluster_results/a1001/franka_cube_seed_sweep600_c7e66a0_20260612_092951/reward_plot_scalars.csv
No prior baseline,44,1479.95625,137.5722986015145,1208.75390625,1589.5423583984375,5,/home/lzha/code/DEXTRAH/cluster_results/a1001/franka_cube_seed_sweep600_c7e66a0_20260612_092951/reward_plot_scalars.csv
No prior baseline,45,1488.5952392578124,141.65239429417537,1212.4625244140625,1613.1107177734375,5,/home/lzha/code/DEXTRAH/cluster_results/a1001/franka_cube_seed_sweep600_c7e66a0_20260612_092951/reward_plot_scalars.csv
No prior baseline,46,1491.2430419921875,139.63319145588326,1220.5020751953125,1594.179931640625,5,/home/lzha/code/DEXTRAH/cluster_results/a1001/franka_cube_seed_sweep600_c7e66a0_20260612_092951/reward_plot_scalars.csv
No prior baseline,47,1289.62734375,124.05939936578903,1048.115478515625,1394.8834228515625,5,/home/lzha/code/DEXTRAH/cluster_results/a1001/franka_cube_seed_sweep600_c7e66a0_20260612_092951/reward_plot_scalars.csv
No prior baseline,48,1416.516552734375,95.4640225801029,1253.828857421875,1517.2457275390625,5,/home/lzha/code/DEXTRAH/cluster_results/a1001/franka_cube_seed_sweep600_c7e66a0_20260612_092951/reward_plot_scalars.csv
No prior baseline,49,1455.2142333984375,120.51718768451065,1227.378662109375,1576.7125244140625,5,/home/lzha/code/DEXTRAH/cluster_results/a1001/franka_cube_seed_sweep600_c7e66a0_20260612_092951/reward_plot_scalars.csv
No prior baseline,50,1499.6310546875,139.99752621243888,1224.9000244140625,1592.0401611328125,5,/home/lzha/code/DEXTRAH/cluster_results/a1001/franka_cube_seed_sweep600_c7e66a0_20260612_092951/reward_plot_scalars.csv
No prior baseline,51,1506.7987548828125,118.64444014752895,1276.5577392578125,1619.012451171875,5,/home/lzha/code/DEXTRAH/cluster_results/a1001/franka_cube_seed_sweep600_c7e66a0_20260612_092951/reward_plot_scalars.csv
No prior baseline,52,1509.4490966796875,102.81879039322106,1317.783447265625,1594.047607421875,5,/home/lzha/code/DEXTRAH/cluster_results/a1001/franka_cube_seed_sweep600_c7e66a0_20260612_092951/reward_plot_scalars.csv
No prior baseline,53,1505.1304443359375,112.81238903263689,1308.6068115234375,1609.4010009765625,5,/home/lzha/code/DEXTRAH/cluster_results/a1001/franka_cube_seed_sweep600_c7e66a0_20260612_092951/reward_plot_scalars.csv
No prior baseline,54,1508.8199462890625,107.53309235345654,1308.3809814453125,1603.723388671875,5,/home/lzha/code/DEXTRAH/cluster_results/a1001/franka_cube_seed_sweep600_c7e66a0_20260612_092951/reward_plot_scalars.csv
No prior baseline,55,1505.7945068359375,124.44232572547841,1269.871337890625,1610.380859375,5,/home/lzha/code/DEXTRAH/cluster_results/a1001/franka_cube_seed_sweep600_c7e66a0_20260612_092951/reward_plot_scalars.csv
No prior baseline,56,1522.155419921875,84.10593625863613,1363.239013671875,1597.73095703125,5,/home/lzha/code/DEXTRAH/cluster_results/a1001/franka_cube_seed_sweep600_c7e66a0_20260612_092951/reward_plot_scalars.csv
No prior baseline,57,1428.9332763671875,72.90346010749126,1295.3536376953125,1502.9310302734375,5,/home/lzha/code/DEXTRAH/cluster_results/a1001/franka_cube_seed_sweep600_c7e66a0_20260612_092951/reward_plot_scalars.csv
No prior baseline,58,1547.159912109375,76.13097215865923,1402.3551025390625,1612.5626220703125,5,/home/lzha/code/DEXTRAH/cluster_results/a1001/franka_cube_seed_sweep600_c7e66a0_20260612_092951/reward_plot_scalars.csv
No prior baseline,59,1568.1762451171876,88.92116026011799,1407.6597900390625,1668.6861572265625,5,/home/lzha/code/DEXTRAH/cluster_results/a1001/franka_cube_seed_sweep600_c7e66a0_20260612_092951/reward_plot_scalars.csv
No prior baseline,60,1577.382470703125,89.08347997169957,1407.816162109375,1652.4869384765625,5,/home/lzha/code/DEXTRAH/cluster_results/a1001/franka_cube_seed_sweep600_c7e66a0_20260612_092951/reward_plot_scalars.csv
No prior baseline,61,1573.1006103515624,103.60983476757978,1367.81884765625,1638.357177734375,5,/home/lzha/code/DEXTRAH/cluster_results/a1001/franka_cube_seed_sweep600_c7e66a0_20260612_092951/reward_plot_scalars.csv
No prior baseline,62,1558.3134765625,82.35364163706089,1398.87841796875,1636.0367431640625,5,/home/lzha/code/DEXTRAH/cluster_results/a1001/franka_cube_seed_sweep600_c7e66a0_20260612_092951/reward_plot_scalars.csv
No prior baseline,63,1581.2685791015624,79.9260139869272,1428.2557373046875,1659.534912109375,5,/home/lzha/code/DEXTRAH/cluster_results/a1001/franka_cube_seed_sweep600_c7e66a0_20260612_092951/reward_plot_scalars.csv
No prior baseline,64,1578.9515380859375,85.9482106685792,1425.9744873046875,1674.0638427734375,5,/home/lzha/code/DEXTRAH/cluster_results/a1001/franka_cube_seed_sweep600_c7e66a0_20260612_092951/reward_plot_scalars.csv
No prior baseline,65,1578.8871826171876,78.87742751301181,1428.4664306640625,1650.606689453125,5,/home/lzha/code/DEXTRAH/cluster_results/a1001/franka_cube_seed_sweep600_c7e66a0_20260612_092951/reward_plot_scalars.csv
No prior baseline,66,1443.8119140625,37.98933791691208,1384.542724609375,1488.9752197265625,5,/home/lzha/code/DEXTRAH/cluster_results/a1001/franka_cube_seed_sweep600_c7e66a0_20260612_092951/reward_plot_scalars.csv
No prior baseline,67,1551.4218505859376,81.0732195267789,1397.2283935546875,1623.6539306640625,5,/home/lzha/code/DEXTRAH/cluster_results/a1001/franka_cube_seed_sweep600_c7e66a0_20260612_092951/reward_plot_scalars.csv
No prior baseline,68,1566.0139892578125,52.704842472541266,1466.6820068359375,1607.4432373046875,5,/home/lzha/code/DEXTRAH/cluster_results/a1001/franka_cube_seed_sweep600_c7e66a0_20260612_092951/reward_plot_scalars.csv
No prior baseline,69,1578.6940185546875,50.14226802528108,1508.766357421875,1633.8297119140625,5,/home/lzha/code/DEXTRAH/cluster_results/a1001/franka_cube_seed_sweep600_c7e66a0_20260612_092951/reward_plot_scalars.csv
No prior baseline,70,1593.8874755859374,60.0344896067621,1476.4095458984375,1638.9700927734375,5,/home/lzha/code/DEXTRAH/cluster_results/a1001/franka_cube_seed_sweep600_c7e66a0_20260612_092951/reward_plot_scalars.csv
No prior baseline,71,1610.3353759765625,50.07270077795403,1534.6407470703125,1673.7310791015625,5,/home/lzha/code/DEXTRAH/cluster_results/a1001/franka_cube_seed_sweep600_c7e66a0_20260612_092951/reward_plot_scalars.csv
No prior baseline,72,1591.045751953125,46.37010104244316,1522.33642578125,1667.0096435546875,5,/home/lzha/code/DEXTRAH/cluster_results/a1001/franka_cube_seed_sweep600_c7e66a0_20260612_092951/reward_plot_scalars.csv
No prior baseline,73,1616.9656005859374,68.85055186069371,1491.2947998046875,1686.3114013671875,5,/home/lzha/code/DEXTRAH/cluster_results/a1001/franka_cube_seed_sweep600_c7e66a0_20260612_092951/reward_plot_scalars.csv
No prior baseline,74,1624.822216796875,70.79963257316776,1513.5601806640625,1721.661865234375,5,/home/lzha/code/DEXTRAH/cluster_results/a1001/franka_cube_seed_sweep600_c7e66a0_20260612_092951/reward_plot_scalars.csv
No prior baseline,75,1541.1758544921875,74.50315319029704,1432.1883544921875,1648.3673095703125,5,/home/lzha/code/DEXTRAH/cluster_results/a1001/franka_cube_seed_sweep600_c7e66a0_20260612_092951/reward_plot_scalars.csv
No prior baseline,76,1578.991015625,35.51255727078198,1541.470703125,1625.093994140625,5,/home/lzha/code/DEXTRAH/cluster_results/a1001/franka_cube_seed_sweep600_c7e66a0_20260612_092951/reward_plot_scalars.csv
No prior baseline,77,1604.12626953125,46.26690216643794,1516.3365478515625,1644.5391845703125,5,/home/lzha/code/DEXTRAH/cluster_results/a1001/franka_cube_seed_sweep600_c7e66a0_20260612_092951/reward_plot_scalars.csv
No prior baseline,78,1639.32529296875,19.33300561897091,1606.595947265625,1663.88720703125,5,/home/lzha/code/DEXTRAH/cluster_results/a1001/franka_cube_seed_sweep600_c7e66a0_20260612_092951/reward_plot_scalars.csv
No prior baseline,79,1653.045849609375,51.35026533719675,1582.822265625,1738.0775146484375,5,/home/lzha/code/DEXTRAH/cluster_results/a1001/franka_cube_seed_sweep600_c7e66a0_20260612_092951/reward_plot_scalars.csv
No prior baseline,80,1663.133154296875,29.67996137164811,1620.0810546875,1702.367431640625,5,/home/lzha/code/DEXTRAH/cluster_results/a1001/franka_cube_seed_sweep600_c7e66a0_20260612_092951/reward_plot_scalars.csv
No prior baseline,81,1657.34990234375,36.4408021742159,1585.1246337890625,1683.2093505859375,5,/home/lzha/code/DEXTRAH/cluster_results/a1001/franka_cube_seed_sweep600_c7e66a0_20260612_092951/reward_plot_scalars.csv
No prior baseline,82,1647.530224609375,44.25293717305081,1566.086181640625,1687.0257568359375,5,/home/lzha/code/DEXTRAH/cluster_results/a1001/franka_cube_seed_sweep600_c7e66a0_20260612_092951/reward_plot_scalars.csv
No prior baseline,83,1659.1514404296875,29.87106775034505,1621.438720703125,1706.265625,5,/home/lzha/code/DEXTRAH/cluster_results/a1001/franka_cube_seed_sweep600_c7e66a0_20260612_092951/reward_plot_scalars.csv
No prior baseline,84,1667.259130859375,33.790056426971915,1602.76025390625,1700.0047607421875,5,/home/lzha/code/DEXTRAH/cluster_results/a1001/franka_cube_seed_sweep600_c7e66a0_20260612_092951/reward_plot_scalars.csv
No prior baseline,85,1602.848876953125,51.999444956980874,1526.375244140625,1653.97802734375,5,/home/lzha/code/DEXTRAH/cluster_results/a1001/franka_cube_seed_sweep600_c7e66a0_20260612_092951/reward_plot_scalars.csv
No prior baseline,86,1660.2299072265625,32.222202014863775,1622.462158203125,1711.636962890625,5,/home/lzha/code/DEXTRAH/cluster_results/a1001/franka_cube_seed_sweep600_c7e66a0_20260612_092951/reward_plot_scalars.csv
No prior baseline,87,1650.85439453125,58.43734491753017,1569.2374267578125,1724.0938720703125,5,/home/lzha/code/DEXTRAH/cluster_results/a1001/franka_cube_seed_sweep600_c7e66a0_20260612_092951/reward_plot_scalars.csv
No prior baseline,88,1666.2639404296874,28.78238499485824,1617.05078125,1702.56591796875,5,/home/lzha/code/DEXTRAH/cluster_results/a1001/franka_cube_seed_sweep600_c7e66a0_20260612_092951/reward_plot_scalars.csv
No prior baseline,89,1676.088037109375,16.053358550449275,1659.6243896484375,1705.8316650390625,5,/home/lzha/code/DEXTRAH/cluster_results/a1001/franka_cube_seed_sweep600_c7e66a0_20260612_092951/reward_plot_scalars.csv
No prior baseline,90,1686.9542236328125,31.833899662067303,1660.34228515625,1746.491943359375,5,/home/lzha/code/DEXTRAH/cluster_results/a1001/franka_cube_seed_sweep600_c7e66a0_20260612_092951/reward_plot_scalars.csv
No prior baseline,91,1679.0579833984375,36.751142649338256,1625.67578125,1715.69580078125,5,/home/lzha/code/DEXTRAH/cluster_results/a1001/franka_cube_seed_sweep600_c7e66a0_20260612_092951/reward_plot_scalars.csv
No prior baseline,92,1655.00732421875,39.568306337209265,1614.3544921875,1719.61767578125,5,/home/lzha/code/DEXTRAH/cluster_results/a1001/franka_cube_seed_sweep600_c7e66a0_20260612_092951/reward_plot_scalars.csv
No prior baseline,93,1672.0153076171875,34.6934026308525,1628.6187744140625,1716.3175048828125,5,/home/lzha/code/DEXTRAH/cluster_results/a1001/franka_cube_seed_sweep600_c7e66a0_20260612_092951/reward_plot_scalars.csv
No prior baseline,94,1568.3690185546875,44.11336438208256,1536.4908447265625,1654.99462890625,5,/home/lzha/code/DEXTRAH/cluster_results/a1001/franka_cube_seed_sweep600_c7e66a0_20260612_092951/reward_plot_scalars.csv
No prior baseline,95,1633.1674072265625,51.9728409992362,1559.027099609375,1692.43408203125,5,/home/lzha/code/DEXTRAH/cluster_results/a1001/franka_cube_seed_sweep600_c7e66a0_20260612_092951/reward_plot_scalars.csv
No prior baseline,96,1688.375830078125,51.33051838927646,1595.5240478515625,1736.396484375,5,/home/lzha/code/DEXTRAH/cluster_results/a1001/franka_cube_seed_sweep600_c7e66a0_20260612_092951/reward_plot_scalars.csv
No prior baseline,97,1682.744580078125,39.12566633400513,1605.406005859375,1709.77734375,5,/home/lzha/code/DEXTRAH/cluster_results/a1001/franka_cube_seed_sweep600_c7e66a0_20260612_092951/reward_plot_scalars.csv
No prior baseline,98,1696.035302734375,46.95386321957818,1627.9130859375,1751.4732666015625,5,/home/lzha/code/DEXTRAH/cluster_results/a1001/franka_cube_seed_sweep600_c7e66a0_20260612_092951/reward_plot_scalars.csv
No prior baseline,99,1702.1708984375,43.50492457468511,1659.476318359375,1760.33642578125,5,/home/lzha/code/DEXTRAH/cluster_results/a1001/franka_cube_seed_sweep600_c7e66a0_20260612_092951/reward_plot_scalars.csv
No prior baseline,100,1697.6942138671875,41.406665178556665,1658.6397705078125,1776.696533203125,5,/home/lzha/code/DEXTRAH/cluster_results/a1001/franka_cube_seed_sweep600_c7e66a0_20260612_092951/reward_plot_scalars.csv
No prior baseline,101,1692.348193359375,39.0649741574547,1631.0970458984375,1741.0023193359375,5,/home/lzha/code/DEXTRAH/cluster_results/a1001/franka_cube_seed_sweep600_c7e66a0_20260612_092951/reward_plot_scalars.csv
No prior baseline,102,1702.030859375,45.00156030886359,1626.208740234375,1752.103271484375,5,/home/lzha/code/DEXTRAH/cluster_results/a1001/franka_cube_seed_sweep600_c7e66a0_20260612_092951/reward_plot_scalars.csv
No prior baseline,103,1630.370068359375,27.201092364464195,1596.0682373046875,1664.313232421875,5,/home/lzha/code/DEXTRAH/cluster_results/a1001/franka_cube_seed_sweep600_c7e66a0_20260612_092951/reward_plot_scalars.csv
No prior baseline,104,1666.8864013671875,61.898657685619696,1563.0709228515625,1738.6746826171875,5,/home/lzha/code/DEXTRAH/cluster_results/a1001/franka_cube_seed_sweep600_c7e66a0_20260612_092951/reward_plot_scalars.csv
No prior baseline,105,1695.003271484375,44.27850928647652,1616.0247802734375,1734.9661865234375,5,/home/lzha/code/DEXTRAH/cluster_results/a1001/franka_cube_seed_sweep600_c7e66a0_20260612_092951/reward_plot_scalars.csv
No prior baseline,106,1714.6551513671875,45.414361834167096,1656.8411865234375,1765.168701171875,5,/home/lzha/code/DEXTRAH/cluster_results/a1001/franka_cube_seed_sweep600_c7e66a0_20260612_092951/reward_plot_scalars.csv
No prior baseline,107,1733.346728515625,20.557702341326028,1712.6024169921875,1768.5362548828125,5,/home/lzha/code/DEXTRAH/cluster_results/a1001/franka_cube_seed_sweep600_c7e66a0_20260612_092951/reward_plot_scalars.csv
No prior baseline,108,1721.6516357421874,47.342586843120166,1644.5950927734375,1769.0106201171875,5,/home/lzha/code/DEXTRAH/cluster_results/a1001/franka_cube_seed_sweep600_c7e66a0_20260612_092951/reward_plot_scalars.csv
No prior baseline,109,1718.460791015625,28.07852444323752,1668.0968017578125,1746.7679443359375,5,/home/lzha/code/DEXTRAH/cluster_results/a1001/franka_cube_seed_sweep600_c7e66a0_20260612_092951/reward_plot_scalars.csv
No prior baseline,110,1741.9510986328125,23.792248393934276,1709.99462890625,1780.564697265625,5,/home/lzha/code/DEXTRAH/cluster_results/a1001/franka_cube_seed_sweep600_c7e66a0_20260612_092951/reward_plot_scalars.csv
No prior baseline,111,1747.884716796875,41.86477266866173,1673.18603515625,1801.3902587890625,5,/home/lzha/code/DEXTRAH/cluster_results/a1001/franka_cube_seed_sweep600_c7e66a0_20260612_092951/reward_plot_scalars.csv
No prior baseline,112,1740.948779296875,41.32911639638676,1680.348876953125,1787.836669921875,5,/home/lzha/code/DEXTRAH/cluster_results/a1001/franka_cube_seed_sweep600_c7e66a0_20260612_092951/reward_plot_scalars.csv
No prior baseline,113,1669.8837158203125,59.63341932636941,1564.1907958984375,1731.9896240234375,5,/home/lzha/code/DEXTRAH/cluster_results/a1001/franka_cube_seed_sweep600_c7e66a0_20260612_092951/reward_plot_scalars.csv
No prior baseline,114,1721.210986328125,75.65440420724335,1573.4884033203125,1779.3232421875,5,/home/lzha/code/DEXTRAH/cluster_results/a1001/franka_cube_seed_sweep600_c7e66a0_20260612_092951/reward_plot_scalars.csv
No prior baseline,115,1741.4162109375,67.70931217626261,1614.486083984375,1802.072509765625,5,/home/lzha/code/DEXTRAH/cluster_results/a1001/franka_cube_seed_sweep600_c7e66a0_20260612_092951/reward_plot_scalars.csv
No prior baseline,116,1738.36728515625,54.00199996157582,1647.0018310546875,1815.203125,5,/home/lzha/code/DEXTRAH/cluster_results/a1001/franka_cube_seed_sweep600_c7e66a0_20260612_092951/reward_plot_scalars.csv
No prior baseline,117,1737.5939208984375,55.39748429178361,1627.6080322265625,1776.0430908203125,5,/home/lzha/code/DEXTRAH/cluster_results/a1001/franka_cube_seed_sweep600_c7e66a0_20260612_092951/reward_plot_scalars.csv
No prior baseline,118,1746.8306396484375,76.78852386338478,1627.2115478515625,1851.1314697265625,5,/home/lzha/code/DEXTRAH/cluster_results/a1001/franka_cube_seed_sweep600_c7e66a0_20260612_092951/reward_plot_scalars.csv
No prior baseline,119,1759.112060546875,82.4318896741283,1614.794677734375,1845.00830078125,5,/home/lzha/code/DEXTRAH/cluster_results/a1001/franka_cube_seed_sweep600_c7e66a0_20260612_092951/reward_plot_scalars.csv
No prior baseline,120,1761.194140625,73.09699091018007,1641.734130859375,1836.171630859375,5,/home/lzha/code/DEXTRAH/cluster_results/a1001/franka_cube_seed_sweep600_c7e66a0_20260612_092951/reward_plot_scalars.csv
No prior baseline,121,1773.1038818359375,71.57689793023542,1656.95068359375,1865.5902099609375,5,/home/lzha/code/DEXTRAH/cluster_results/a1001/franka_cube_seed_sweep600_c7e66a0_20260612_092951/reward_plot_scalars.csv
No prior baseline,122,1664.678271484375,61.26110778927173,1578.7467041015625,1756.277099609375,5,/home/lzha/code/DEXTRAH/cluster_results/a1001/franka_cube_seed_sweep600_c7e66a0_20260612_092951/reward_plot_scalars.csv
No prior baseline,123,1724.5582763671875,73.07286785292858,1598.56591796875,1789.7066650390625,5,/home/lzha/code/DEXTRAH/cluster_results/a1001/franka_cube_seed_sweep600_c7e66a0_20260612_092951/reward_plot_scalars.csv
No prior baseline,124,1760.897119140625,61.95046468111914,1673.37890625,1832.458251953125,5,/home/lzha/code/DEXTRAH/cluster_results/a1001/franka_cube_seed_sweep600_c7e66a0_20260612_092951/reward_plot_scalars.csv
No prior baseline,125,1754.6904052734376,66.89789339305138,1647.90869140625,1821.50537109375,5,/home/lzha/code/DEXTRAH/cluster_results/a1001/franka_cube_seed_sweep600_c7e66a0_20260612_092951/reward_plot_scalars.csv
No prior baseline,126,1758.0430908203125,70.85336940967018,1673.26416015625,1846.787109375,5,/home/lzha/code/DEXTRAH/cluster_results/a1001/franka_cube_seed_sweep600_c7e66a0_20260612_092951/reward_plot_scalars.csv
No prior baseline,127,1765.894677734375,76.33044329889064,1656.524169921875,1869.4676513671875,5,/home/lzha/code/DEXTRAH/cluster_results/a1001/franka_cube_seed_sweep600_c7e66a0_20260612_092951/reward_plot_scalars.csv
No prior baseline,128,1796.625830078125,75.02740540842389,1663.802978515625,1879.5302734375,5,/home/lzha/code/DEXTRAH/cluster_results/a1001/franka_cube_seed_sweep600_c7e66a0_20260612_092951/reward_plot_scalars.csv
No prior baseline,129,1790.954248046875,68.55124269975653,1701.40771484375,1883.57177734375,5,/home/lzha/code/DEXTRAH/cluster_results/a1001/franka_cube_seed_sweep600_c7e66a0_20260612_092951/reward_plot_scalars.csv
No prior baseline,130,1795.7234130859374,75.82590533565651,1690.53076171875,1900.08740234375,5,/home/lzha/code/DEXTRAH/cluster_results/a1001/franka_cube_seed_sweep600_c7e66a0_20260612_092951/reward_plot_scalars.csv
No prior baseline,131,1790.2212646484375,73.22725436399949,1661.2322998046875,1877.6009521484375,5,/home/lzha/code/DEXTRAH/cluster_results/a1001/franka_cube_seed_sweep600_c7e66a0_20260612_092951/reward_plot_scalars.csv
No prior baseline,132,1741.344091796875,55.07269042083025,1657.7679443359375,1797.51953125,5,/home/lzha/code/DEXTRAH/cluster_results/a1001/franka_cube_seed_sweep600_c7e66a0_20260612_092951/reward_plot_scalars.csv
No prior baseline,133,1819.4197021484374,35.084781343840994,1760.107177734375,1861.5980224609375,5,/home/lzha/code/DEXTRAH/cluster_results/a1001/franka_cube_seed_sweep600_c7e66a0_20260612_092951/reward_plot_scalars.csv
No prior baseline,134,1791.391748046875,61.32238881149042,1707.9154052734375,1874.2532958984375,5,/home/lzha/code/DEXTRAH/cluster_results/a1001/franka_cube_seed_sweep600_c7e66a0_20260612_092951/reward_plot_scalars.csv
No prior baseline,135,1806.4355712890624,61.26073926930122,1728.9852294921875,1875.271240234375,5,/home/lzha/code/DEXTRAH/cluster_results/a1001/franka_cube_seed_sweep600_c7e66a0_20260612_092951/reward_plot_scalars.csv
No prior baseline,136,1811.5100830078125,32.383622420008095,1778.3021240234375,1860.844482421875,5,/home/lzha/code/DEXTRAH/cluster_results/a1001/franka_cube_seed_sweep600_c7e66a0_20260612_092951/reward_plot_scalars.csv
No prior baseline,137,1825.897900390625,55.16116259240752,1734.217041015625,1905.78857421875,5,/home/lzha/code/DEXTRAH/cluster_results/a1001/franka_cube_seed_sweep600_c7e66a0_20260612_092951/reward_plot_scalars.csv
No prior baseline,138,1786.91005859375,57.48233906029558,1709.851806640625,1853.619384765625,5,/home/lzha/code/DEXTRAH/cluster_results/a1001/franka_cube_seed_sweep600_c7e66a0_20260612_092951/reward_plot_scalars.csv
No prior baseline,139,1788.287939453125,66.71051155418064,1689.7198486328125,1887.1268310546875,5,/home/lzha/code/DEXTRAH/cluster_results/a1001/franka_cube_seed_sweep600_c7e66a0_20260612_092951/reward_plot_scalars.csv
No prior baseline,140,1802.849853515625,50.17192380915251,1732.3193359375,1870.9290771484375,5,/home/lzha/code/DEXTRAH/cluster_results/a1001/franka_cube_seed_sweep600_c7e66a0_20260612_092951/reward_plot_scalars.csv
No prior baseline,141,1729.1958984375,64.39281778646593,1674.0726318359375,1834.461669921875,5,/home/lzha/code/DEXTRAH/cluster_results/a1001/franka_cube_seed_sweep600_c7e66a0_20260612_092951/reward_plot_scalars.csv
No prior baseline,142,1779.074658203125,37.39724968008242,1718.0994873046875,1820.3477783203125,5,/home/lzha/code/DEXTRAH/cluster_results/a1001/franka_cube_seed_sweep600_c7e66a0_20260612_092951/reward_plot_scalars.csv
No prior baseline,143,1808.696044921875,52.365323322492785,1746.439208984375,1899.0540771484375,5,/home/lzha/code/DEXTRAH/cluster_results/a1001/franka_cube_seed_sweep600_c7e66a0_20260612_092951/reward_plot_scalars.csv
No prior baseline,144,1831.2809814453126,38.43669442320441,1786.087646484375,1893.8662109375,5,/home/lzha/code/DEXTRAH/cluster_results/a1001/franka_cube_seed_sweep600_c7e66a0_20260612_092951/reward_plot_scalars.csv
No prior baseline,145,1819.06328125,58.77320141543194,1749.8970947265625,1905.5029296875,5,/home/lzha/code/DEXTRAH/cluster_results/a1001/franka_cube_seed_sweep600_c7e66a0_20260612_092951/reward_plot_scalars.csv
No prior baseline,146,1813.045068359375,40.63521792888407,1744.093994140625,1869.21435546875,5,/home/lzha/code/DEXTRAH/cluster_results/a1001/franka_cube_seed_sweep600_c7e66a0_20260612_092951/reward_plot_scalars.csv
No prior baseline,147,1820.38984375,39.753345666789755,1741.80712890625,1847.6112060546875,5,/home/lzha/code/DEXTRAH/cluster_results/a1001/franka_cube_seed_sweep600_c7e66a0_20260612_092951/reward_plot_scalars.csv
No prior baseline,148,1815.876513671875,40.10211221800855,1743.5716552734375,1855.3839111328125,5,/home/lzha/code/DEXTRAH/cluster_results/a1001/franka_cube_seed_sweep600_c7e66a0_20260612_092951/reward_plot_scalars.csv
No prior baseline,149,1844.187109375,37.8425895389669,1790.6680908203125,1909.3782958984375,5,/home/lzha/code/DEXTRAH/cluster_results/a1001/franka_cube_seed_sweep600_c7e66a0_20260612_092951/reward_plot_scalars.csv
No prior baseline,150,1803.2666259765624,53.315877666023376,1727.4759521484375,1857.1239013671875,5,/home/lzha/code/DEXTRAH/cluster_results/a1001/franka_cube_seed_sweep600_c7e66a0_20260612_092951/reward_plot_scalars.csv
No prior baseline,151,1791.356005859375,68.08892007785683,1670.79248046875,1871.8521728515625,5,/home/lzha/code/DEXTRAH/cluster_results/a1001/franka_cube_seed_sweep600_c7e66a0_20260612_092951/reward_plot_scalars.csv
No prior baseline,152,1827.7315673828125,53.17672746993828,1754.2257080078125,1913.13818359375,5,/home/lzha/code/DEXTRAH/cluster_results/a1001/franka_cube_seed_sweep600_c7e66a0_20260612_092951/reward_plot_scalars.csv
No prior baseline,153,1831.975341796875,67.55980974654177,1755.1744384765625,1930.937744140625,5,/home/lzha/code/DEXTRAH/cluster_results/a1001/franka_cube_seed_sweep600_c7e66a0_20260612_092951/reward_plot_scalars.csv
No prior baseline,154,1845.6057861328125,43.413810835763265,1787.841064453125,1885.962646484375,5,/home/lzha/code/DEXTRAH/cluster_results/a1001/franka_cube_seed_sweep600_c7e66a0_20260612_092951/reward_plot_scalars.csv
No prior baseline,155,1844.7240234375,38.90877017812684,1782.818115234375,1890.217041015625,5,/home/lzha/code/DEXTRAH/cluster_results/a1001/franka_cube_seed_sweep600_c7e66a0_20260612_092951/reward_plot_scalars.csv
No prior baseline,156,1849.51083984375,31.037652691293854,1800.773681640625,1881.9727783203125,5,/home/lzha/code/DEXTRAH/cluster_results/a1001/franka_cube_seed_sweep600_c7e66a0_20260612_092951/reward_plot_scalars.csv
No prior baseline,157,1823.642822265625,54.55043035938623,1745.267578125,1871.330322265625,5,/home/lzha/code/DEXTRAH/cluster_results/a1001/franka_cube_seed_sweep600_c7e66a0_20260612_092951/reward_plot_scalars.csv
No prior baseline,158,1827.3925048828125,49.7071538309021,1760.6046142578125,1889.372802734375,5,/home/lzha/code/DEXTRAH/cluster_results/a1001/franka_cube_seed_sweep600_c7e66a0_20260612_092951/reward_plot_scalars.csv
No prior baseline,159,1872.7087890625,57.46888417381277,1765.2965087890625,1937.5654296875,5,/home/lzha/code/DEXTRAH/cluster_results/a1001/franka_cube_seed_sweep600_c7e66a0_20260612_092951/reward_plot_scalars.csv
No prior baseline,160,1817.2327392578125,31.96266310260096,1766.48583984375,1846.7647705078125,5,/home/lzha/code/DEXTRAH/cluster_results/a1001/franka_cube_seed_sweep600_c7e66a0_20260612_092951/reward_plot_scalars.csv
No prior baseline,161,1830.422119140625,58.99161222422659,1742.1107177734375,1918.806640625,5,/home/lzha/code/DEXTRAH/cluster_results/a1001/franka_cube_seed_sweep600_c7e66a0_20260612_092951/reward_plot_scalars.csv
No prior baseline,162,1843.9330078125,63.5187390886718,1751.726806640625,1926.0579833984375,5,/home/lzha/code/DEXTRAH/cluster_results/a1001/franka_cube_seed_sweep600_c7e66a0_20260612_092951/reward_plot_scalars.csv
No prior baseline,163,1856.9662841796876,32.9842954426307,1807.3370361328125,1903.7723388671875,5,/home/lzha/code/DEXTRAH/cluster_results/a1001/franka_cube_seed_sweep600_c7e66a0_20260612_092951/reward_plot_scalars.csv
No prior baseline,164,1867.2982421875,39.35707905532063,1802.41455078125,1904.4439697265625,5,/home/lzha/code/DEXTRAH/cluster_results/a1001/franka_cube_seed_sweep600_c7e66a0_20260612_092951/reward_plot_scalars.csv
No prior baseline,165,1867.6877197265626,39.39514160768256,1819.6190185546875,1908.6651611328125,5,/home/lzha/code/DEXTRAH/cluster_results/a1001/franka_cube_seed_sweep600_c7e66a0_20260612_092951/reward_plot_scalars.csv
No prior baseline,166,1859.559423828125,59.556589885884335,1779.433349609375,1914.856689453125,5,/home/lzha/code/DEXTRAH/cluster_results/a1001/franka_cube_seed_sweep600_c7e66a0_20260612_092951/reward_plot_scalars.csv
No prior baseline,167,1865.6023681640625,63.85561164039553,1778.0184326171875,1938.68603515625,5,/home/lzha/code/DEXTRAH/cluster_results/a1001/franka_cube_seed_sweep600_c7e66a0_20260612_092951/reward_plot_scalars.csv
No prior baseline,168,1864.2041748046875,64.4901257492163,1778.3717041015625,1927.9688720703125,5,/home/lzha/code/DEXTRAH/cluster_results/a1001/franka_cube_seed_sweep600_c7e66a0_20260612_092951/reward_plot_scalars.csv
No prior baseline,169,1770.33330078125,59.061057422348355,1707.5247802734375,1840.945556640625,5,/home/lzha/code/DEXTRAH/cluster_results/a1001/franka_cube_seed_sweep600_c7e66a0_20260612_092951/reward_plot_scalars.csv
No prior baseline,170,1827.4693115234375,48.990804381692136,1751.6829833984375,1888.3677978515625,5,/home/lzha/code/DEXTRAH/cluster_results/a1001/franka_cube_seed_sweep600_c7e66a0_20260612_092951/reward_plot_scalars.csv
No prior baseline,171,1881.2540283203125,34.2639212396547,1832.2415771484375,1936.945068359375,5,/home/lzha/code/DEXTRAH/cluster_results/a1001/franka_cube_seed_sweep600_c7e66a0_20260612_092951/reward_plot_scalars.csv
No prior baseline,172,1868.22587890625,44.55395432123327,1814.2998046875,1916.5482177734375,5,/home/lzha/code/DEXTRAH/cluster_results/a1001/franka_cube_seed_sweep600_c7e66a0_20260612_092951/reward_plot_scalars.csv
No prior baseline,173,1849.9869384765625,42.14038260032689,1786.9954833984375,1910.0902099609375,5,/home/lzha/code/DEXTRAH/cluster_results/a1001/franka_cube_seed_sweep600_c7e66a0_20260612_092951/reward_plot_scalars.csv
No prior baseline,174,1852.7054443359375,62.62928954388857,1786.6708984375,1935.8790283203125,5,/home/lzha/code/DEXTRAH/cluster_results/a1001/franka_cube_seed_sweep600_c7e66a0_20260612_092951/reward_plot_scalars.csv
No prior baseline,175,1872.9416259765626,59.066095853789314,1776.1419677734375,1958.2412109375,5,/home/lzha/code/DEXTRAH/cluster_results/a1001/franka_cube_seed_sweep600_c7e66a0_20260612_092951/reward_plot_scalars.csv
No prior baseline,176,1871.1754150390625,36.2714469056195,1822.384521484375,1912.8616943359375,5,/home/lzha/code/DEXTRAH/cluster_results/a1001/franka_cube_seed_sweep600_c7e66a0_20260612_092951/reward_plot_scalars.csv
No prior baseline,177,1861.0923583984375,54.869125957083085,1799.0474853515625,1941.357666015625,5,/home/lzha/code/DEXTRAH/cluster_results/a1001/franka_cube_seed_sweep600_c7e66a0_20260612_092951/reward_plot_scalars.csv
No prior baseline,178,1837.1466552734375,54.91363130784136,1757.19287109375,1907.9979248046875,5,/home/lzha/code/DEXTRAH/cluster_results/a1001/franka_cube_seed_sweep600_c7e66a0_20260612_092951/reward_plot_scalars.csv
No prior baseline,179,1845.8911865234375,49.93510184143092,1777.515625,1904.5771484375,5,/home/lzha/code/DEXTRAH/cluster_results/a1001/franka_cube_seed_sweep600_c7e66a0_20260612_092951/reward_plot_scalars.csv
No prior baseline,180,1918.6359619140626,77.72930848677603,1812.882568359375,2028.70947265625,5,/home/lzha/code/DEXTRAH/cluster_results/a1001/franka_cube_seed_sweep600_c7e66a0_20260612_092951/reward_plot_scalars.csv
No prior baseline,181,1870.949951171875,38.051494470696134,1818.6900634765625,1929.6527099609375,5,/home/lzha/code/DEXTRAH/cluster_results/a1001/franka_cube_seed_sweep600_c7e66a0_20260612_092951/reward_plot_scalars.csv
No prior baseline,182,1891.5188720703125,27.416825171498473,1854.4403076171875,1925.654296875,5,/home/lzha/code/DEXTRAH/cluster_results/a1001/franka_cube_seed_sweep600_c7e66a0_20260612_092951/reward_plot_scalars.csv
No prior baseline,183,1902.3791259765626,39.47423722635168,1841.19580078125,1957.1107177734375,5,/home/lzha/code/DEXTRAH/cluster_results/a1001/franka_cube_seed_sweep600_c7e66a0_20260612_092951/reward_plot_scalars.csv
No prior baseline,184,1884.0673583984376,28.795376053357614,1835.4893798828125,1918.0987548828125,5,/home/lzha/code/DEXTRAH/cluster_results/a1001/franka_cube_seed_sweep600_c7e66a0_20260612_092951/reward_plot_scalars.csv
No prior baseline,185,1884.629150390625,15.092652809157128,1871.703369140625,1913.9449462890625,5,/home/lzha/code/DEXTRAH/cluster_results/a1001/franka_cube_seed_sweep600_c7e66a0_20260612_092951/reward_plot_scalars.csv
No prior baseline,186,1903.4466064453125,32.97991438561839,1863.40966796875,1939.1517333984375,5,/home/lzha/code/DEXTRAH/cluster_results/a1001/franka_cube_seed_sweep600_c7e66a0_20260612_092951/reward_plot_scalars.csv
No prior baseline,187,1891.24619140625,45.70744806422864,1825.626708984375,1962.5030517578125,5,/home/lzha/code/DEXTRAH/cluster_results/a1001/franka_cube_seed_sweep600_c7e66a0_20260612_092951/reward_plot_scalars.csv
No prior baseline,188,1818.594189453125,43.933255362331444,1749.0318603515625,1874.7467041015625,5,/home/lzha/code/DEXTRAH/cluster_results/a1001/franka_cube_seed_sweep600_c7e66a0_20260612_092951/reward_plot_scalars.csv
No prior baseline,189,1880.02841796875,63.072356680275504,1756.254638671875,1925.66552734375,5,/home/lzha/code/DEXTRAH/cluster_results/a1001/franka_cube_seed_sweep600_c7e66a0_20260612_092951/reward_plot_scalars.csv
No prior baseline,190,1884.8238525390625,52.67900118566735,1803.90283203125,1952.638427734375,5,/home/lzha/code/DEXTRAH/cluster_results/a1001/franka_cube_seed_sweep600_c7e66a0_20260612_092951/reward_plot_scalars.csv
No prior baseline,191,1887.721435546875,33.801778036814696,1843.97509765625,1927.7254638671875,5,/home/lzha/code/DEXTRAH/cluster_results/a1001/franka_cube_seed_sweep600_c7e66a0_20260612_092951/reward_plot_scalars.csv
No prior baseline,192,1910.824462890625,41.46989350492255,1837.9365234375,1962.734130859375,5,/home/lzha/code/DEXTRAH/cluster_results/a1001/franka_cube_seed_sweep600_c7e66a0_20260612_092951/reward_plot_scalars.csv
No prior baseline,193,1920.6187744140625,55.52425745273669,1860.1671142578125,2018.900634765625,5,/home/lzha/code/DEXTRAH/cluster_results/a1001/franka_cube_seed_sweep600_c7e66a0_20260612_092951/reward_plot_scalars.csv
No prior baseline,194,1933.46357421875,52.96808904008138,1833.1380615234375,1986.56005859375,5,/home/lzha/code/DEXTRAH/cluster_results/a1001/franka_cube_seed_sweep600_c7e66a0_20260612_092951/reward_plot_scalars.csv
No prior baseline,195,1901.2345947265626,56.75072668963084,1816.1844482421875,1990.391357421875,5,/home/lzha/code/DEXTRAH/cluster_results/a1001/franka_cube_seed_sweep600_c7e66a0_20260612_092951/reward_plot_scalars.csv
No prior baseline,196,1933.603125,71.4249168759858,1819.5526123046875,2027.28271484375,5,/home/lzha/code/DEXTRAH/cluster_results/a1001/franka_cube_seed_sweep600_c7e66a0_20260612_092951/reward_plot_scalars.csv
No prior baseline,197,1889.3127197265626,61.382932686510244,1806.5665283203125,1987.0352783203125,5,/home/lzha/code/DEXTRAH/cluster_results/a1001/franka_cube_seed_sweep600_c7e66a0_20260612_092951/reward_plot_scalars.csv
No prior baseline,198,1937.5224609375,111.76888996031352,1816.6004638671875,2149.353515625,5,/home/lzha/code/DEXTRAH/cluster_results/a1001/franka_cube_seed_sweep600_c7e66a0_20260612_092951/reward_plot_scalars.csv
No prior baseline,199,1961.942578125,94.73488876938966,1887.887939453125,2146.97021484375,5,/home/lzha/code/DEXTRAH/cluster_results/a1001/franka_cube_seed_sweep600_c7e66a0_20260612_092951/reward_plot_scalars.csv
No prior baseline,200,1974.117138671875,168.24462121862774,1854.2149658203125,2308.298583984375,5,/home/lzha/code/DEXTRAH/cluster_results/a1001/franka_cube_seed_sweep600_c7e66a0_20260612_092951/reward_plot_scalars.csv
No prior baseline,201,2056.1528564453124,317.4341490086803,1862.5186767578125,2689.963623046875,5,/home/lzha/code/DEXTRAH/cluster_results/a1001/franka_cube_seed_sweep600_c7e66a0_20260612_092951/reward_plot_scalars.csv
No prior baseline,202,2097.9871826171875,377.78402524767796,1868.4935302734375,2852.010986328125,5,/home/lzha/code/DEXTRAH/cluster_results/a1001/franka_cube_seed_sweep600_c7e66a0_20260612_092951/reward_plot_scalars.csv
No prior baseline,203,2153.1,457.79661725713413,1903.822021484375,3068.232421875,5,/home/lzha/code/DEXTRAH/cluster_results/a1001/franka_cube_seed_sweep600_c7e66a0_20260612_092951/reward_plot_scalars.csv
No prior baseline,204,2099.4460693359374,360.073714731358,1899.0220947265625,2819.1103515625,5,/home/lzha/code/DEXTRAH/cluster_results/a1001/franka_cube_seed_sweep600_c7e66a0_20260612_092951/reward_plot_scalars.csv
No prior baseline,205,2140.801123046875,408.34797839587634,1911.1297607421875,2956.6640625,5,/home/lzha/code/DEXTRAH/cluster_results/a1001/franka_cube_seed_sweep600_c7e66a0_20260612_092951/reward_plot_scalars.csv
No prior baseline,206,2145.24599609375,484.7676532968291,1876.0721435546875,3114.311767578125,5,/home/lzha/code/DEXTRAH/cluster_results/a1001/franka_cube_seed_sweep600_c7e66a0_20260612_092951/reward_plot_scalars.csv
No prior baseline,207,2157.753759765625,516.3276217869947,1826.91552734375,3185.732666015625,5,/home/lzha/code/DEXTRAH/cluster_results/a1001/franka_cube_seed_sweep600_c7e66a0_20260612_092951/reward_plot_scalars.csv
No prior baseline,208,2188.327197265625,565.8422710708729,1828.7181396484375,3317.0146484375,5,/home/lzha/code/DEXTRAH/cluster_results/a1001/franka_cube_seed_sweep600_c7e66a0_20260612_092951/reward_plot_scalars.csv
No prior baseline,209,2374.2860595703123,901.0111046798121,1870.4788818359375,4174.8232421875,5,/home/lzha/code/DEXTRAH/cluster_results/a1001/franka_cube_seed_sweep600_c7e66a0_20260612_092951/reward_plot_scalars.csv
No prior baseline,210,2457.15673828125,1087.0722361589185,1877.0108642578125,4630.36279296875,5,/home/lzha/code/DEXTRAH/cluster_results/a1001/franka_cube_seed_sweep600_c7e66a0_20260612_092951/reward_plot_scalars.csv
No prior baseline,211,2510.010546875,1211.6282573731348,1884.240234375,4933.14013671875,5,/home/lzha/code/DEXTRAH/cluster_results/a1001/franka_cube_seed_sweep600_c7e66a0_20260612_092951/reward_plot_scalars.csv
No prior baseline,212,2609.4045654296874,1384.2611463213611,1861.3482666015625,5377.31787109375,5,/home/lzha/code/DEXTRAH/cluster_results/a1001/franka_cube_seed_sweep600_c7e66a0_20260612_092951/reward_plot_scalars.csv
No prior baseline,213,2742.034619140625,1616.4668905287374,1904.4520263671875,5974.46435546875,5,/home/lzha/code/DEXTRAH/cluster_results/a1001/franka_cube_seed_sweep600_c7e66a0_20260612_092951/reward_plot_scalars.csv
No prior baseline,214,2794.8230712890627,1759.541006040374,1890.1280517578125,6313.642578125,5,/home/lzha/code/DEXTRAH/cluster_results/a1001/franka_cube_seed_sweep600_c7e66a0_20260612_092951/reward_plot_scalars.csv
No prior baseline,215,2904.063916015625,1974.9082950721017,1879.9483642578125,6853.6396484375,5,/home/lzha/code/DEXTRAH/cluster_results/a1001/franka_cube_seed_sweep600_c7e66a0_20260612_092951/reward_plot_scalars.csv
No prior baseline,216,2942.43388671875,2209.946466624748,1777.684814453125,7361.75927734375,5,/home/lzha/code/DEXTRAH/cluster_results/a1001/franka_cube_seed_sweep600_c7e66a0_20260612_092951/reward_plot_scalars.csv
No prior baseline,217,2988.7170654296874,2181.511259990021,1857.482177734375,7351.458984375,5,/home/lzha/code/DEXTRAH/cluster_results/a1001/franka_cube_seed_sweep600_c7e66a0_20260612_092951/reward_plot_scalars.csv
No prior baseline,218,3063.025146484375,2257.8334434107305,1885.8919677734375,7578.19921875,5,/home/lzha/code/DEXTRAH/cluster_results/a1001/franka_cube_seed_sweep600_c7e66a0_20260612_092951/reward_plot_scalars.csv
No prior baseline,219,3047.6953369140624,2211.1780479282093,1897.1724853515625,7469.64404296875,5,/home/lzha/code/DEXTRAH/cluster_results/a1001/franka_cube_seed_sweep600_c7e66a0_20260612_092951/reward_plot_scalars.csv
No prior baseline,220,3056.334765625,2188.672035371374,1922.1292724609375,7433.41162109375,5,/home/lzha/code/DEXTRAH/cluster_results/a1001/franka_cube_seed_sweep600_c7e66a0_20260612_092951/reward_plot_scalars.csv
No prior baseline,221,3136.841015625,2369.3908078431145,1913.762939453125,7875.26416015625,5,/home/lzha/code/DEXTRAH/cluster_results/a1001/franka_cube_seed_sweep600_c7e66a0_20260612_092951/reward_plot_scalars.csv
No prior baseline,222,3198.170263671875,2534.7863197746105,1848.093994140625,8266.5576171875,5,/home/lzha/code/DEXTRAH/cluster_results/a1001/franka_cube_seed_sweep600_c7e66a0_20260612_092951/reward_plot_scalars.csv
No prior baseline,223,3275.8930419921876,2736.4603932043497,1863.504638671875,8748.2109375,5,/home/lzha/code/DEXTRAH/cluster_results/a1001/franka_cube_seed_sweep600_c7e66a0_20260612_092951/reward_plot_scalars.csv
No prior baseline,224,3380.580517578125,2882.1861398655024,1922.036865234375,9144.8916015625,5,/home/lzha/code/DEXTRAH/cluster_results/a1001/franka_cube_seed_sweep600_c7e66a0_20260612_092951/reward_plot_scalars.csv
No prior baseline,225,3453.4926513671876,3046.8666811396183,1889.243408203125,9546.7880859375,5,/home/lzha/code/DEXTRAH/cluster_results/a1001/franka_cube_seed_sweep600_c7e66a0_20260612_092951/reward_plot_scalars.csv
No prior baseline,226,3408.6193115234373,3007.6848461693853,1856.524169921875,9423.4033203125,5,/home/lzha/code/DEXTRAH/cluster_results/a1001/franka_cube_seed_sweep600_c7e66a0_20260612_092951/reward_plot_scalars.csv
No prior baseline,227,3404.5748779296873,2989.821224990367,1888.4857177734375,9384.16015625,5,/home/lzha/code/DEXTRAH/cluster_results/a1001/franka_cube_seed_sweep600_c7e66a0_20260612_092951/reward_plot_scalars.csv
No prior baseline,228,3534.1168701171873,3118.558475094103,1914.1800537109375,9770.25390625,5,/home/lzha/code/DEXTRAH/cluster_results/a1001/franka_cube_seed_sweep600_c7e66a0_20260612_092951/reward_plot_scalars.csv
No prior baseline,229,3385.502294921875,2880.3590416721686,1901.8515625,9146.0400390625,5,/home/lzha/code/DEXTRAH/cluster_results/a1001/franka_cube_seed_sweep600_c7e66a0_20260612_092951/reward_plot_scalars.csv
No prior baseline,230,3478.3669189453126,3047.2975912507027,1901.9163818359375,9572.6806640625,5,/home/lzha/code/DEXTRAH/cluster_results/a1001/franka_cube_seed_sweep600_c7e66a0_20260612_092951/reward_plot_scalars.csv
No prior baseline,231,3480.0392578125,3079.241957205761,1892.0704345703125,9638.20703125,5,/home/lzha/code/DEXTRAH/cluster_results/a1001/franka_cube_seed_sweep600_c7e66a0_20260612_092951/reward_plot_scalars.csv
No prior baseline,232,3557.0915283203126,3214.4293875054,1910.16015625,9985.810546875,5,/home/lzha/code/DEXTRAH/cluster_results/a1001/franka_cube_seed_sweep600_c7e66a0_20260612_092951/reward_plot_scalars.csv
No prior baseline,233,3621.377587890625,3345.78041062822,1875.1676025390625,10312.4287109375,5,/home/lzha/code/DEXTRAH/cluster_results/a1001/franka_cube_seed_sweep600_c7e66a0_20260612_092951/reward_plot_scalars.csv
No prior baseline,234,3648.8472412109377,3289.816624039343,1952.0877685546875,10228.2451171875,5,/home/lzha/code/DEXTRAH/cluster_results/a1001/franka_cube_seed_sweep600_c7e66a0_20260612_092951/reward_plot_scalars.csv
No prior baseline,235,3625.6981201171875,3413.2845904466294,1839.1790771484375,10451.626953125,5,/home/lzha/code/DEXTRAH/cluster_results/a1001/franka_cube_seed_sweep600_c7e66a0_20260612_092951/reward_plot_scalars.csv
No prior baseline,236,3651.1575927734375,3463.0000266087723,1894.89599609375,10577.037109375,5,/home/lzha/code/DEXTRAH/cluster_results/a1001/franka_cube_seed_sweep600_c7e66a0_20260612_092951/reward_plot_scalars.csv
No prior baseline,237,3653.6144775390626,3436.9962665260314,1905.6395263671875,10527.4775390625,5,/home/lzha/code/DEXTRAH/cluster_results/a1001/franka_cube_seed_sweep600_c7e66a0_20260612_092951/reward_plot_scalars.csv
No prior baseline,238,3687.555322265625,3550.3797140561105,1853.6551513671875,10787.9970703125,5,/home/lzha/code/DEXTRAH/cluster_results/a1001/franka_cube_seed_sweep600_c7e66a0_20260612_092951/reward_plot_scalars.csv
No prior baseline,239,3667.8991943359374,3449.2108101324716,1875.96826171875,10565.7626953125,5,/home/lzha/code/DEXTRAH/cluster_results/a1001/franka_cube_seed_sweep600_c7e66a0_20260612_092951/reward_plot_scalars.csv
No prior baseline,240,3702.0116943359376,3491.5165272755294,1864.172119140625,10684.140625,5,/home/lzha/code/DEXTRAH/cluster_results/a1001/franka_cube_seed_sweep600_c7e66a0_20260612_092951/reward_plot_scalars.csv
No prior baseline,241,3691.4634033203124,3481.0750808461557,1903.3712158203125,10653.095703125,5,/home/lzha/code/DEXTRAH/cluster_results/a1001/franka_cube_seed_sweep600_c7e66a0_20260612_092951/reward_plot_scalars.csv
No prior baseline,242,3667.770068359375,3493.295988110731,1825.788818359375,10653.4833984375,5,/home/lzha/code/DEXTRAH/cluster_results/a1001/franka_cube_seed_sweep600_c7e66a0_20260612_092951/reward_plot_scalars.csv
No prior baseline,243,3744.8823486328124,3600.178948442493,1871.103271484375,10944.787109375,5,/home/lzha/code/DEXTRAH/cluster_results/a1001/franka_cube_seed_sweep600_c7e66a0_20260612_092951/reward_plot_scalars.csv
No prior baseline,244,3674.4770751953124,3542.1287286223355,1828.6475830078125,10758.052734375,5,/home/lzha/code/DEXTRAH/cluster_results/a1001/franka_cube_seed_sweep600_c7e66a0_20260612_092951/reward_plot_scalars.csv
No prior baseline,245,3551.7124755859377,3285.5716180037407,1886.4776611328125,10122.78515625,5,/home/lzha/code/DEXTRAH/cluster_results/a1001/franka_cube_seed_sweep600_c7e66a0_20260612_092951/reward_plot_scalars.csv
No prior baseline,246,3699.8396240234374,3566.9064334282025,1902.6885986328125,10833.6171875,5,/home/lzha/code/DEXTRAH/cluster_results/a1001/franka_cube_seed_sweep600_c7e66a0_20260612_092951/reward_plot_scalars.csv
No prior baseline,247,3673.4980712890624,3424.396660440474,1883.164306640625,10521.4296875,5,/home/lzha/code/DEXTRAH/cluster_results/a1001/franka_cube_seed_sweep600_c7e66a0_20260612_092951/reward_plot_scalars.csv
No prior baseline,248,3681.031298828125,3475.307037699301,1871.882568359375,10631.0859375,5,/home/lzha/code/DEXTRAH/cluster_results/a1001/franka_cube_seed_sweep600_c7e66a0_20260612_092951/reward_plot_scalars.csv
No prior baseline,249,3660.6013916015627,3395.3142750286597,1887.6859130859375,10450.240234375,5,/home/lzha/code/DEXTRAH/cluster_results/a1001/franka_cube_seed_sweep600_c7e66a0_20260612_092951/reward_plot_scalars.csv
No prior baseline,250,3708.791650390625,3489.3220931120036,1891.9185791015625,10686.91015625,5,/home/lzha/code/DEXTRAH/cluster_results/a1001/franka_cube_seed_sweep600_c7e66a0_20260612_092951/reward_plot_scalars.csv
No prior baseline,251,3656.2562744140623,3356.9946379895946,1916.532958984375,10369.7236328125,5,/home/lzha/code/DEXTRAH/cluster_results/a1001/franka_cube_seed_sweep600_c7e66a0_20260612_092951/reward_plot_scalars.csv
No prior baseline,252,3606.2062255859373,3312.9198894357082,1910.3663330078125,10231.91015625,5,/home/lzha/code/DEXTRAH/cluster_results/a1001/franka_cube_seed_sweep600_c7e66a0_20260612_092951/reward_plot_scalars.csv
No prior baseline,253,2957.7472412109373,2157.173530083688,1776.81640625,7270.71044921875,5,/home/lzha/code/DEXTRAH/cluster_results/a1001/franka_cube_seed_sweep600_c7e66a0_20260612_092951/reward_plot_scalars.csv
No prior baseline,254,2998.6956787109375,2212.3833616697043,1836.12841796875,7422.7373046875,5,/home/lzha/code/DEXTRAH/cluster_results/a1001/franka_cube_seed_sweep600_c7e66a0_20260612_092951/reward_plot_scalars.csv
No prior baseline,255,3187.4399658203124,2510.605704955744,1859.7103271484375,8207.8427734375,5,/home/lzha/code/DEXTRAH/cluster_results/a1001/franka_cube_seed_sweep600_c7e66a0_20260612_092951/reward_plot_scalars.csv
No prior baseline,256,3101.7359130859377,2371.5286916555024,1878.4090576171875,7844.4931640625,5,/home/lzha/code/DEXTRAH/cluster_results/a1001/franka_cube_seed_sweep600_c7e66a0_20260612_092951/reward_plot_scalars.csv
No prior baseline,257,3166.7020263671875,2473.860034786533,1918.3441162109375,8114.396484375,5,/home/lzha/code/DEXTRAH/cluster_results/a1001/franka_cube_seed_sweep600_c7e66a0_20260612_092951/reward_plot_scalars.csv
No prior baseline,258,3227.557666015625,2504.129958398368,1949.368896484375,8235.642578125,5,/home/lzha/code/DEXTRAH/cluster_results/a1001/franka_cube_seed_sweep600_c7e66a0_20260612_092951/reward_plot_scalars.csv
No prior baseline,259,3305.665283203125,2684.703604588001,1902.4788818359375,8674.6875,5,/home/lzha/code/DEXTRAH/cluster_results/a1001/franka_cube_seed_sweep600_c7e66a0_20260612_092951/reward_plot_scalars.csv
No prior baseline,260,3421.243115234375,2909.6011198981855,1919.290771484375,9240.2041015625,5,/home/lzha/code/DEXTRAH/cluster_results/a1001/franka_cube_seed_sweep600_c7e66a0_20260612_092951/reward_plot_scalars.csv
No prior baseline,261,3595.4040283203126,3256.277677163488,1951.1339111328125,10107.923828125,5,/home/lzha/code/DEXTRAH/cluster_results/a1001/franka_cube_seed_sweep600_c7e66a0_20260612_092951/reward_plot_scalars.csv
No prior baseline,262,3633.3629638671873,3349.3903500302945,1902.8980712890625,10331.87890625,5,/home/lzha/code/DEXTRAH/cluster_results/a1001/franka_cube_seed_sweep600_c7e66a0_20260612_092951/reward_plot_scalars.csv
No prior baseline,263,3598.0506591796875,3388.8091408100477,1817.8345947265625,10375.01953125,5,/home/lzha/code/DEXTRAH/cluster_results/a1001/franka_cube_seed_sweep600_c7e66a0_20260612_092951/reward_plot_scalars.csv
No prior baseline,264,3685.7662109375,3533.4596955294196,1898.5157470703125,10752.53125,5,/home/lzha/code/DEXTRAH/cluster_results/a1001/franka_cube_seed_sweep600_c7e66a0_20260612_092951/reward_plot_scalars.csv
No prior baseline,265,3756.561962890625,3629.4815979495434,1902.380126953125,11015.2744140625,5,/home/lzha/code/DEXTRAH/cluster_results/a1001/franka_cube_seed_sweep600_c7e66a0_20260612_092951/reward_plot_scalars.csv
No prior baseline,266,3772.6305908203126,3672.5855261460893,1891.4925537109375,11117.5498046875,5,/home/lzha/code/DEXTRAH/cluster_results/a1001/franka_cube_seed_sweep600_c7e66a0_20260612_092951/reward_plot_scalars.csv
No prior baseline,267,3858.8283447265626,3790.2001732599797,1898.330078125,11438.6201171875,5,/home/lzha/code/DEXTRAH/cluster_results/a1001/franka_cube_seed_sweep600_c7e66a0_20260612_092951/reward_plot_scalars.csv
No prior baseline,268,3855.1475830078125,3803.80454951422,1915.99365234375,11462.423828125,5,/home/lzha/code/DEXTRAH/cluster_results/a1001/franka_cube_seed_sweep600_c7e66a0_20260612_092951/reward_plot_scalars.csv
No prior baseline,269,3871.8927978515626,3829.956803325692,1882.154052734375,11531.3173828125,5,/home/lzha/code/DEXTRAH/cluster_results/a1001/franka_cube_seed_sweep600_c7e66a0_20260612_092951/reward_plot_scalars.csv
No prior baseline,270,3834.8064697265627,3747.396934813986,1901.2003173828125,11329.0712890625,5,/home/lzha/code/DEXTRAH/cluster_results/a1001/franka_cube_seed_sweep600_c7e66a0_20260612_092951/reward_plot_scalars.csv
No prior baseline,271,3882.644384765625,3837.445700281193,1925.6429443359375,11557.4130859375,5,/home/lzha/code/DEXTRAH/cluster_results/a1001/franka_cube_seed_sweep600_c7e66a0_20260612_092951/reward_plot_scalars.csv
No prior baseline,272,3869.505078125,3937.739466273524,1842.7623291015625,11744.6005859375,5,/home/lzha/code/DEXTRAH/cluster_results/a1001/franka_cube_seed_sweep600_c7e66a0_20260612_092951/reward_plot_scalars.csv
No prior baseline,273,3945.35869140625,3967.6213983671273,1887.4132080078125,11880.1826171875,5,/home/lzha/code/DEXTRAH/cluster_results/a1001/franka_cube_seed_sweep600_c7e66a0_20260612_092951/reward_plot_scalars.csv
No prior baseline,274,3926.10693359375,3911.1281802558747,1886.8797607421875,11747.8662109375,5,/home/lzha/code/DEXTRAH/cluster_results/a1001/franka_cube_seed_sweep600_c7e66a0_20260612_092951/reward_plot_scalars.csv
No prior baseline,275,3922.0551025390623,3946.485224886804,1865.2117919921875,11814.498046875,5,/home/lzha/code/DEXTRAH/cluster_results/a1001/franka_cube_seed_sweep600_c7e66a0_20260612_092951/reward_plot_scalars.csv
No prior baseline,276,3956.2194091796873,4006.4417249626376,1915.1610107421875,11968.8125,5,/home/lzha/code/DEXTRAH/cluster_results/a1001/franka_cube_seed_sweep600_c7e66a0_20260612_092951/reward_plot_scalars.csv
No prior baseline,277,3960.5294677734373,4038.177102457448,1854.4410400390625,12036.099609375,5,/home/lzha/code/DEXTRAH/cluster_results/a1001/franka_cube_seed_sweep600_c7e66a0_20260612_092951/reward_plot_scalars.csv
No prior baseline,278,3983.45693359375,4038.270777907204,1902.03759765625,12059.69140625,5,/home/lzha/code/DEXTRAH/cluster_results/a1001/franka_cube_seed_sweep600_c7e66a0_20260612_092951/reward_plot_scalars.csv
No prior baseline,279,3883.122607421875,3855.90759157922,1915.42822265625,11594.5517578125,5,/home/lzha/code/DEXTRAH/cluster_results/a1001/franka_cube_seed_sweep600_c7e66a0_20260612_092951/reward_plot_scalars.csv
No prior baseline,280,3942.1790283203127,3957.544717981272,1903.64453125,11856.720703125,5,/home/lzha/code/DEXTRAH/cluster_results/a1001/franka_cube_seed_sweep600_c7e66a0_20260612_092951/reward_plot_scalars.csv
No prior baseline,281,3963.8804443359377,4078.6168314103697,1893.1510009765625,12120.9892578125,5,/home/lzha/code/DEXTRAH/cluster_results/a1001/franka_cube_seed_sweep600_c7e66a0_20260612_092951/reward_plot_scalars.csv
No prior baseline,282,3971.102294921875,4064.6727163979867,1884.6072998046875,12100.2021484375,5,/home/lzha/code/DEXTRAH/cluster_results/a1001/franka_cube_seed_sweep600_c7e66a0_20260612_092951/reward_plot_scalars.csv
No prior baseline,283,3994.65,4077.4563953661814,1895.2196044921875,12149.2646484375,5,/home/lzha/code/DEXTRAH/cluster_results/a1001/franka_cube_seed_sweep600_c7e66a0_20260612_092951/reward_plot_scalars.csv
No prior baseline,284,3972.029833984375,4064.9258597697153,1842.25732421875,12101.0517578125,5,/home/lzha/code/DEXTRAH/cluster_results/a1001/franka_cube_seed_sweep600_c7e66a0_20260612_092951/reward_plot_scalars.csv
No prior baseline,285,3993.1537841796876,4108.8046901957505,1906.4888916015625,12210.623046875,5,/home/lzha/code/DEXTRAH/cluster_results/a1001/franka_cube_seed_sweep600_c7e66a0_20260612_092951/reward_plot_scalars.csv
No prior baseline,286,4058.896142578125,4154.777992980692,1950.060302734375,12368.376953125,5,/home/lzha/code/DEXTRAH/cluster_results/a1001/franka_cube_seed_sweep600_c7e66a0_20260612_092951/reward_plot_scalars.csv
No prior baseline,287,4032.5072509765623,4115.01258252893,1949.5736083984375,12262.4619140625,5,/home/lzha/code/DEXTRAH/cluster_results/a1001/franka_cube_seed_sweep600_c7e66a0_20260612_092951/reward_plot_scalars.csv
No prior baseline,288,4035.7742919921875,4135.547070761367,1901.05224609375,12306.505859375,5,/home/lzha/code/DEXTRAH/cluster_results/a1001/franka_cube_seed_sweep600_c7e66a0_20260612_092951/reward_plot_scalars.csv
No prior baseline,289,4050.0569091796874,4170.953237822973,1898.80615234375,12391.5751953125,5,/home/lzha/code/DEXTRAH/cluster_results/a1001/franka_cube_seed_sweep600_c7e66a0_20260612_092951/reward_plot_scalars.csv
No prior baseline,290,4004.7566650390627,4111.014604176403,1860.5479736328125,12226.185546875,5,/home/lzha/code/DEXTRAH/cluster_results/a1001/franka_cube_seed_sweep600_c7e66a0_20260612_092951/reward_plot_scalars.csv
No prior baseline,291,3995.9835205078125,4124.286868194428,1925.77099609375,12244.55078125,5,/home/lzha/code/DEXTRAH/cluster_results/a1001/franka_cube_seed_sweep600_c7e66a0_20260612_092951/reward_plot_scalars.csv
No prior baseline,292,3985.128125,4056.8713171738605,1896.0477294921875,12098.453125,5,/home/lzha/code/DEXTRAH/cluster_results/a1001/franka_cube_seed_sweep600_c7e66a0_20260612_092951/reward_plot_scalars.csv
No prior baseline,293,4011.5982177734377,4134.628071939425,1920.9605712890625,12280.80859375,5,/home/lzha/code/DEXTRAH/cluster_results/a1001/franka_cube_seed_sweep600_c7e66a0_20260612_092951/reward_plot_scalars.csv
No prior baseline,294,4010.711083984375,4088.8107771939644,1888.78369140625,12187.693359375,5,/home/lzha/code/DEXTRAH/cluster_results/a1001/franka_cube_seed_sweep600_c7e66a0_20260612_092951/reward_plot_scalars.csv
No prior baseline,295,4026.525927734375,4134.436053460497,1936.4193115234375,12295.1494140625,5,/home/lzha/code/DEXTRAH/cluster_results/a1001/franka_cube_seed_sweep600_c7e66a0_20260612_092951/reward_plot_scalars.csv
No prior baseline,296,4080.0430908203125,4196.838906724667,1933.516845703125,12473.51953125,5,/home/lzha/code/DEXTRAH/cluster_results/a1001/franka_cube_seed_sweep600_c7e66a0_20260612_092951/reward_plot_scalars.csv
No prior baseline,297,4067.610009765625,4177.418750910709,1894.781005859375,12421.6298828125,5,/home/lzha/code/DEXTRAH/cluster_results/a1001/franka_cube_seed_sweep600_c7e66a0_20260612_092951/reward_plot_scalars.csv
No prior baseline,298,4083.24736328125,4207.732921939324,1921.5855712890625,12498.498046875,5,/home/lzha/code/DEXTRAH/cluster_results/a1001/franka_cube_seed_sweep600_c7e66a0_20260612_092951/reward_plot_scalars.csv
No prior baseline,299,4069.0412841796874,4231.865347976751,1925.919189453125,12532.658203125,5,/home/lzha/code/DEXTRAH/cluster_results/a1001/franka_cube_seed_sweep600_c7e66a0_20260612_092951/reward_plot_scalars.csv
No prior baseline,300,4031.356640625,4199.8691463481455,1859.7806396484375,12430.72265625,5,/home/lzha/code/DEXTRAH/cluster_results/a1001/franka_cube_seed_sweep600_c7e66a0_20260612_092951/reward_plot_scalars.csv
No prior baseline,301,4066.666455078125,4219.868157957105,1932.90185546875,12506.30859375,5,/home/lzha/code/DEXTRAH/cluster_results/a1001/franka_cube_seed_sweep600_c7e66a0_20260612_092951/reward_plot_scalars.csv
No prior baseline,302,4049.104833984375,4202.375761277334,1922.0699462890625,12453.7451171875,5,/home/lzha/code/DEXTRAH/cluster_results/a1001/franka_cube_seed_sweep600_c7e66a0_20260612_092951/reward_plot_scalars.csv
No prior baseline,303,4056.9614990234377,4175.990313309413,1905.8690185546875,12408.6630859375,5,/home/lzha/code/DEXTRAH/cluster_results/a1001/franka_cube_seed_sweep600_c7e66a0_20260612_092951/reward_plot_scalars.csv
No prior baseline,304,4129.671655273438,4274.090168249048,1943.22265625,12677.421875,5,/home/lzha/code/DEXTRAH/cluster_results/a1001/franka_cube_seed_sweep600_c7e66a0_20260612_092951/reward_plot_scalars.csv
No prior baseline,305,4087.6231689453125,4187.8113909397525,1952.8699951171875,12462.7421875,5,/home/lzha/code/DEXTRAH/cluster_results/a1001/franka_cube_seed_sweep600_c7e66a0_20260612_092951/reward_plot_scalars.csv
No prior baseline,306,4109.1041259765625,4291.968415094629,1908.520263671875,12692.7919921875,5,/home/lzha/code/DEXTRAH/cluster_results/a1001/franka_cube_seed_sweep600_c7e66a0_20260612_092951/reward_plot_scalars.csv
No prior baseline,307,4086.285888671875,4181.896277716453,1920.4012451171875,12449.5,5,/home/lzha/code/DEXTRAH/cluster_results/a1001/franka_cube_seed_sweep600_c7e66a0_20260612_092951/reward_plot_scalars.csv
No prior baseline,308,4104.483251953125,4220.07603915526,1948.960693359375,12544.326171875,5,/home/lzha/code/DEXTRAH/cluster_results/a1001/franka_cube_seed_sweep600_c7e66a0_20260612_092951/reward_plot_scalars.csv
No prior baseline,309,4084.8092529296873,4223.99654855052,1933.5321044921875,12532.6787109375,5,/home/lzha/code/DEXTRAH/cluster_results/a1001/franka_cube_seed_sweep600_c7e66a0_20260612_092951/reward_plot_scalars.csv
No prior baseline,310,4034.860009765625,4166.5836447005995,1905.020751953125,12367.662109375,5,/home/lzha/code/DEXTRAH/cluster_results/a1001/franka_cube_seed_sweep600_c7e66a0_20260612_092951/reward_plot_scalars.csv
No prior baseline,311,4079.9947998046873,4276.205449491445,1845.638671875,12631.7373046875,5,/home/lzha/code/DEXTRAH/cluster_results/a1001/franka_cube_seed_sweep600_c7e66a0_20260612_092951/reward_plot_scalars.csv
No prior baseline,312,4097.159741210938,4283.578504641463,1883.78515625,12663.9345703125,5,/home/lzha/code/DEXTRAH/cluster_results/a1001/franka_cube_seed_sweep600_c7e66a0_20260612_092951/reward_plot_scalars.csv
No prior baseline,313,4109.4626953125,4263.396279087333,1915.3555908203125,12635.8662109375,5,/home/lzha/code/DEXTRAH/cluster_results/a1001/franka_cube_seed_sweep600_c7e66a0_20260612_092951/reward_plot_scalars.csv
No prior baseline,314,4108.086157226562,4282.383650440498,1921.361572265625,12672.5634765625,5,/home/lzha/code/DEXTRAH/cluster_results/a1001/franka_cube_seed_sweep600_c7e66a0_20260612_092951/reward_plot_scalars.csv
No prior baseline,315,4101.7880859375,4251.864089665763,1925.2198486328125,12605.169921875,5,/home/lzha/code/DEXTRAH/cluster_results/a1001/franka_cube_seed_sweep600_c7e66a0_20260612_092951/reward_plot_scalars.csv
No prior baseline,316,4085.626123046875,4197.777188490584,1950.8253173828125,12481.041015625,5,/home/lzha/code/DEXTRAH/cluster_results/a1001/franka_cube_seed_sweep600_c7e66a0_20260612_092951/reward_plot_scalars.csv
No prior baseline,317,4111.779638671875,4281.40239168795,1879.595703125,12674.0107421875,5,/home/lzha/code/DEXTRAH/cluster_results/a1001/franka_cube_seed_sweep600_c7e66a0_20260612_092951/reward_plot_scalars.csv
No prior baseline,318,4109.399584960937,4215.178510029424,1879.601806640625,12538.6787109375,5,/home/lzha/code/DEXTRAH/cluster_results/a1001/franka_cube_seed_sweep600_c7e66a0_20260612_092951/reward_plot_scalars.csv
No prior baseline,319,4077.7140380859373,4308.953721649528,1831.83935546875,12694.8544921875,5,/home/lzha/code/DEXTRAH/cluster_results/a1001/franka_cube_seed_sweep600_c7e66a0_20260612_092951/reward_plot_scalars.csv
No prior baseline,320,4131.321875,4296.091267789446,1947.4765625,12723.28125,5,/home/lzha/code/DEXTRAH/cluster_results/a1001/franka_cube_seed_sweep600_c7e66a0_20260612_092951/reward_plot_scalars.csv
No prior baseline,321,4097.519677734375,4265.697872378449,1910.2647705078125,12628.62890625,5,/home/lzha/code/DEXTRAH/cluster_results/a1001/franka_cube_seed_sweep600_c7e66a0_20260612_092951/reward_plot_scalars.csv
No prior baseline,322,4145.514428710938,4319.079206076675,1924.137939453125,12783.3193359375,5,/home/lzha/code/DEXTRAH/cluster_results/a1001/franka_cube_seed_sweep600_c7e66a0_20260612_092951/reward_plot_scalars.csv
No prior baseline,323,4167.041015625,4342.52804098654,1951.8741455078125,12851.75,5,/home/lzha/code/DEXTRAH/cluster_results/a1001/franka_cube_seed_sweep600_c7e66a0_20260612_092951/reward_plot_scalars.csv
No prior baseline,324,4160.598657226563,4331.165995074168,1917.3394775390625,12822.5458984375,5,/home/lzha/code/DEXTRAH/cluster_results/a1001/franka_cube_seed_sweep600_c7e66a0_20260612_092951/reward_plot_scalars.csv
No prior baseline,325,4085.638134765625,4270.56466128525,1898.89990234375,12626.517578125,5,/home/lzha/code/DEXTRAH/cluster_results/a1001/franka_cube_seed_sweep600_c7e66a0_20260612_092951/reward_plot_scalars.csv
No prior baseline,326,4142.51513671875,4334.4862921643635,1921.868896484375,12811.1611328125,5,/home/lzha/code/DEXTRAH/cluster_results/a1001/franka_cube_seed_sweep600_c7e66a0_20260612_092951/reward_plot_scalars.csv
No prior baseline,327,4137.000708007812,4378.392749696698,1879.9862060546875,12893.4814453125,5,/home/lzha/code/DEXTRAH/cluster_results/a1001/franka_cube_seed_sweep600_c7e66a0_20260612_092951/reward_plot_scalars.csv
No prior baseline,328,4107.879956054688,4337.895425645924,1897.388671875,12783.4287109375,5,/home/lzha/code/DEXTRAH/cluster_results/a1001/franka_cube_seed_sweep600_c7e66a0_20260612_092951/reward_plot_scalars.csv
No prior baseline,329,4130.232177734375,4356.182616586369,1898.6876220703125,12842.0888671875,5,/home/lzha/code/DEXTRAH/cluster_results/a1001/franka_cube_seed_sweep600_c7e66a0_20260612_092951/reward_plot_scalars.csv
No prior baseline,330,4133.913232421875,4331.16292786508,1930.2667236328125,12796.072265625,5,/home/lzha/code/DEXTRAH/cluster_results/a1001/franka_cube_seed_sweep600_c7e66a0_20260612_092951/reward_plot_scalars.csv
No prior baseline,331,4176.258935546875,4405.971801534211,1933.0433349609375,12987.916015625,5,/home/lzha/code/DEXTRAH/cluster_results/a1001/franka_cube_seed_sweep600_c7e66a0_20260612_092951/reward_plot_scalars.csv
No prior baseline,332,4151.567700195313,4307.883409940869,1969.9593505859375,12767.1455078125,5,/home/lzha/code/DEXTRAH/cluster_results/a1001/franka_cube_seed_sweep600_c7e66a0_20260612_092951/reward_plot_scalars.csv
No prior baseline,333,4180.421801757812,4342.699548341891,1969.282958984375,12865.4921875,5,/home/lzha/code/DEXTRAH/cluster_results/a1001/franka_cube_seed_sweep600_c7e66a0_20260612_092951/reward_plot_scalars.csv
No prior baseline,334,4162.502416992187,4365.502675033751,1929.9505615234375,12893.2021484375,5,/home/lzha/code/DEXTRAH/cluster_results/a1001/franka_cube_seed_sweep600_c7e66a0_20260612_092951/reward_plot_scalars.csv
No prior baseline,335,4150.67607421875,4359.879272140284,1863.9300537109375,12869.09765625,5,/home/lzha/code/DEXTRAH/cluster_results/a1001/franka_cube_seed_sweep600_c7e66a0_20260612_092951/reward_plot_scalars.csv
No prior baseline,336,4193.695654296875,4384.962256413753,1942.74169921875,12963.072265625,5,/home/lzha/code/DEXTRAH/cluster_results/a1001/franka_cube_seed_sweep600_c7e66a0_20260612_092951/reward_plot_scalars.csv
No prior baseline,337,4209.471630859375,4388.9294822832,1951.540283203125,12987.0263671875,5,/home/lzha/code/DEXTRAH/cluster_results/a1001/franka_cube_seed_sweep600_c7e66a0_20260612_092951/reward_plot_scalars.csv
No prior baseline,338,4127.33837890625,4374.695598726607,1883.0001220703125,12876.49609375,5,/home/lzha/code/DEXTRAH/cluster_results/a1001/franka_cube_seed_sweep600_c7e66a0_20260612_092951/reward_plot_scalars.csv
No prior baseline,339,4161.4569091796875,4337.220114812228,1916.193115234375,12835.5263671875,5,/home/lzha/code/DEXTRAH/cluster_results/a1001/franka_cube_seed_sweep600_c7e66a0_20260612_092951/reward_plot_scalars.csv
No prior baseline,340,4194.597241210938,4393.706418511671,1969.947509765625,12981.87890625,5,/home/lzha/code/DEXTRAH/cluster_results/a1001/franka_cube_seed_sweep600_c7e66a0_20260612_092951/reward_plot_scalars.csv
No prior baseline,341,4191.186059570313,4373.238673488827,1941.0611572265625,12937.162109375,5,/home/lzha/code/DEXTRAH/cluster_results/a1001/franka_cube_seed_sweep600_c7e66a0_20260612_092951/reward_plot_scalars.csv
No prior baseline,342,4159.542651367187,4332.590812616581,1917.0423583984375,12823.43359375,5,/home/lzha/code/DEXTRAH/cluster_results/a1001/franka_cube_seed_sweep600_c7e66a0_20260612_092951/reward_plot_scalars.csv
No prior baseline,343,4154.422924804688,4348.151846645521,1929.8038330078125,12850.451171875,5,/home/lzha/code/DEXTRAH/cluster_results/a1001/franka_cube_seed_sweep600_c7e66a0_20260612_092951/reward_plot_scalars.csv
No prior baseline,344,4158.28671875,4365.708402018008,1949.3868408203125,12889.4921875,5,/home/lzha/code/DEXTRAH/cluster_results/a1001/franka_cube_seed_sweep600_c7e66a0_20260612_092951/reward_plot_scalars.csv
No prior baseline,345,4156.811694335937,4348.172408382184,1953.2196044921875,12853.0595703125,5,/home/lzha/code/DEXTRAH/cluster_results/a1001/franka_cube_seed_sweep600_c7e66a0_20260612_092951/reward_plot_scalars.csv
No prior baseline,346,4145.098388671875,4367.836043175531,1897.8094482421875,12880.3232421875,5,/home/lzha/code/DEXTRAH/cluster_results/a1001/franka_cube_seed_sweep600_c7e66a0_20260612_092951/reward_plot_scalars.csv
No prior baseline,347,4121.16005859375,4364.582968726527,1913.60009765625,12850.103515625,5,/home/lzha/code/DEXTRAH/cluster_results/a1001/franka_cube_seed_sweep600_c7e66a0_20260612_092951/reward_plot_scalars.csv
No prior baseline,348,4177.842333984375,4353.308346483412,1945.3785400390625,12884.041015625,5,/home/lzha/code/DEXTRAH/cluster_results/a1001/franka_cube_seed_sweep600_c7e66a0_20260612_092951/reward_plot_scalars.csv
No prior baseline,349,4178.8905029296875,4375.413063943319,1909.8267822265625,12928.982421875,5,/home/lzha/code/DEXTRAH/cluster_results/a1001/franka_cube_seed_sweep600_c7e66a0_20260612_092951/reward_plot_scalars.csv
No prior baseline,350,4216.5748291015625,4402.099496035244,1930.71630859375,13019.26953125,5,/home/lzha/code/DEXTRAH/cluster_results/a1001/franka_cube_seed_sweep600_c7e66a0_20260612_092951/reward_plot_scalars.csv
No prior baseline,351,4204.0568359375,4379.51158178782,1960.824462890625,12962.513671875,5,/home/lzha/code/DEXTRAH/cluster_results/a1001/franka_cube_seed_sweep600_c7e66a0_20260612_092951/reward_plot_scalars.csv
No prior baseline,352,4208.934790039062,4432.869780149533,1948.950439453125,13074.0556640625,5,/home/lzha/code/DEXTRAH/cluster_results/a1001/franka_cube_seed_sweep600_c7e66a0_20260612_092951/reward_plot_scalars.csv
No prior baseline,353,4154.3629150390625,4367.311501439906,1898.3671875,12888.451171875,5,/home/lzha/code/DEXTRAH/cluster_results/a1001/franka_cube_seed_sweep600_c7e66a0_20260612_092951/reward_plot_scalars.csv
No prior baseline,354,4172.807568359375,4398.714529072782,1932.702880859375,12969.751953125,5,/home/lzha/code/DEXTRAH/cluster_results/a1001/franka_cube_seed_sweep600_c7e66a0_20260612_092951/reward_plot_scalars.csv
No prior baseline,355,4200.527978515625,4406.534762477981,1954.5130615234375,13012.666015625,5,/home/lzha/code/DEXTRAH/cluster_results/a1001/franka_cube_seed_sweep600_c7e66a0_20260612_092951/reward_plot_scalars.csv
No prior baseline,356,4122.391821289062,4362.999990419053,1877.98388671875,12847.9951171875,5,/home/lzha/code/DEXTRAH/cluster_results/a1001/franka_cube_seed_sweep600_c7e66a0_20260612_092951/reward_plot_scalars.csv
No prior baseline,357,4146.0096435546875,4374.23326481919,1926.36083984375,12894.37109375,5,/home/lzha/code/DEXTRAH/cluster_results/a1001/franka_cube_seed_sweep600_c7e66a0_20260612_092951/reward_plot_scalars.csv
No prior baseline,358,4204.471020507813,4414.190209869128,1950.677978515625,13032.3642578125,5,/home/lzha/code/DEXTRAH/cluster_results/a1001/franka_cube_seed_sweep600_c7e66a0_20260612_092951/reward_plot_scalars.csv
No prior baseline,359,4117.963940429688,4310.2165832081455,1823.071533203125,12736.748046875,5,/home/lzha/code/DEXTRAH/cluster_results/a1001/franka_cube_seed_sweep600_c7e66a0_20260612_092951/reward_plot_scalars.csv
No prior baseline,360,4190.75478515625,4414.768112305811,1898.961669921875,13019.43359375,5,/home/lzha/code/DEXTRAH/cluster_results/a1001/franka_cube_seed_sweep600_c7e66a0_20260612_092951/reward_plot_scalars.csv
No prior baseline,361,4197.459912109375,4423.151995291052,1936.4737548828125,13043.4736328125,5,/home/lzha/code/DEXTRAH/cluster_results/a1001/franka_cube_seed_sweep600_c7e66a0_20260612_092951/reward_plot_scalars.csv
No prior baseline,362,4218.76943359375,4400.301975855353,1974.6473388671875,13018.935546875,5,/home/lzha/code/DEXTRAH/cluster_results/a1001/franka_cube_seed_sweep600_c7e66a0_20260612_092951/reward_plot_scalars.csv
No prior baseline,363,4157.44052734375,4357.272613881172,1934.512939453125,12871.423828125,5,/home/lzha/code/DEXTRAH/cluster_results/a1001/franka_cube_seed_sweep600_c7e66a0_20260612_092951/reward_plot_scalars.csv
No prior baseline,364,4181.107763671875,4363.772381989953,1881.98046875,12907.2685546875,5,/home/lzha/code/DEXTRAH/cluster_results/a1001/franka_cube_seed_sweep600_c7e66a0_20260612_092951/reward_plot_scalars.csv
No prior baseline,365,4214.176904296875,4355.904697366859,1979.118408203125,12925.5087890625,5,/home/lzha/code/DEXTRAH/cluster_results/a1001/franka_cube_seed_sweep600_c7e66a0_20260612_092951/reward_plot_scalars.csv
No prior baseline,366,4120.42353515625,4291.947597070476,1935.277099609375,12704.15625,5,/home/lzha/code/DEXTRAH/cluster_results/a1001/franka_cube_seed_sweep600_c7e66a0_20260612_092951/reward_plot_scalars.csv
No prior baseline,367,4203.570361328125,4392.183213913291,1960.1414794921875,12987.1884765625,5,/home/lzha/code/DEXTRAH/cluster_results/a1001/franka_cube_seed_sweep600_c7e66a0_20260612_092951/reward_plot_scalars.csv
No prior baseline,368,4201.629296875,4418.779333279948,1963.6748046875,13039.107421875,5,/home/lzha/code/DEXTRAH/cluster_results/a1001/franka_cube_seed_sweep600_c7e66a0_20260612_092951/reward_plot_scalars.csv
No prior baseline,369,4181.358935546875,4416.506046214858,1928.7491455078125,13014.037109375,5,/home/lzha/code/DEXTRAH/cluster_results/a1001/franka_cube_seed_sweep600_c7e66a0_20260612_092951/reward_plot_scalars.csv
No prior baseline,370,4186.871801757812,4391.60202108278,1934.8641357421875,12969.6259765625,5,/home/lzha/code/DEXTRAH/cluster_results/a1001/franka_cube_seed_sweep600_c7e66a0_20260612_092951/reward_plot_scalars.csv
No prior baseline,371,4190.689404296875,4404.574581512068,1972.023681640625,12999.78125,5,/home/lzha/code/DEXTRAH/cluster_results/a1001/franka_cube_seed_sweep600_c7e66a0_20260612_092951/reward_plot_scalars.csv
No prior baseline,372,4168.787255859375,4377.743813944739,1947.2991943359375,12924.193359375,5,/home/lzha/code/DEXTRAH/cluster_results/a1001/franka_cube_seed_sweep600_c7e66a0_20260612_092951/reward_plot_scalars.csv
No prior baseline,373,4199.651098632812,4413.737828656308,1936.0067138671875,13026.9189453125,5,/home/lzha/code/DEXTRAH/cluster_results/a1001/franka_cube_seed_sweep600_c7e66a0_20260612_092951/reward_plot_scalars.csv
No prior baseline,374,4231.875903320312,4433.518990672131,1969.818115234375,13098.5009765625,5,/home/lzha/code/DEXTRAH/cluster_results/a1001/franka_cube_seed_sweep600_c7e66a0_20260612_092951/reward_plot_scalars.csv
No prior baseline,375,4160.992138671875,4445.753100178568,1903.0264892578125,13052.1826171875,5,/home/lzha/code/DEXTRAH/cluster_results/a1001/franka_cube_seed_sweep600_c7e66a0_20260612_092951/reward_plot_scalars.csv
No prior baseline,376,4230.040698242187,4392.842285094887,1964.1380615234375,13015.30859375,5,/home/lzha/code/DEXTRAH/cluster_results/a1001/franka_cube_seed_sweep600_c7e66a0_20260612_092951/reward_plot_scalars.csv
No prior baseline,377,4220.927197265625,4406.230324863635,1963.8885498046875,13032.765625,5,/home/lzha/code/DEXTRAH/cluster_results/a1001/franka_cube_seed_sweep600_c7e66a0_20260612_092951/reward_plot_scalars.csv
No prior baseline,378,4227.180322265625,4424.500463827251,1935.03369140625,13075.2080078125,5,/home/lzha/code/DEXTRAH/cluster_results/a1001/franka_cube_seed_sweep600_c7e66a0_20260612_092951/reward_plot_scalars.csv
No prior baseline,379,4243.860595703125,4447.813610047679,1924.1888427734375,13138.3046875,5,/home/lzha/code/DEXTRAH/cluster_results/a1001/franka_cube_seed_sweep600_c7e66a0_20260612_092951/reward_plot_scalars.csv
No prior baseline,380,4223.655615234375,4401.553512644706,1956.5706787109375,13026.25,5,/home/lzha/code/DEXTRAH/cluster_results/a1001/franka_cube_seed_sweep600_c7e66a0_20260612_092951/reward_plot_scalars.csv
No prior baseline,381,4241.514624023437,4442.6851567727235,1983.0382080078125,13126.5205078125,5,/home/lzha/code/DEXTRAH/cluster_results/a1001/franka_cube_seed_sweep600_c7e66a0_20260612_092951/reward_plot_scalars.csv
No prior baseline,382,4254.211157226562,4447.374285445715,1967.3790283203125,13148.1455078125,5,/home/lzha/code/DEXTRAH/cluster_results/a1001/franka_cube_seed_sweep600_c7e66a0_20260612_092951/reward_plot_scalars.csv
No prior baseline,383,4205.572607421875,4477.9163945528435,1898.1964111328125,13160.93359375,5,/home/lzha/code/DEXTRAH/cluster_results/a1001/franka_cube_seed_sweep600_c7e66a0_20260612_092951/reward_plot_scalars.csv
No prior baseline,384,4200.958081054688,4503.061542951662,1921.6124267578125,13207.01953125,5,/home/lzha/code/DEXTRAH/cluster_results/a1001/franka_cube_seed_sweep600_c7e66a0_20260612_092951/reward_plot_scalars.csv
No prior baseline,385,4215.92880859375,4480.340019311776,1861.7054443359375,13175.5419921875,5,/home/lzha/code/DEXTRAH/cluster_results/a1001/franka_cube_seed_sweep600_c7e66a0_20260612_092951/reward_plot_scalars.csv
No prior baseline,386,4173.198217773437,4316.907609173148,1943.9112548828125,12806.24609375,5,/home/lzha/code/DEXTRAH/cluster_results/a1001/franka_cube_seed_sweep600_c7e66a0_20260612_092951/reward_plot_scalars.csv
No prior baseline,387,4219.395581054688,4377.867642017421,1955.4649658203125,12974.376953125,5,/home/lzha/code/DEXTRAH/cluster_results/a1001/franka_cube_seed_sweep600_c7e66a0_20260612_092951/reward_plot_scalars.csv
No prior baseline,388,4198.793872070312,4348.251109515351,1989.01708984375,12895.1494140625,5,/home/lzha/code/DEXTRAH/cluster_results/a1001/franka_cube_seed_sweep600_c7e66a0_20260612_092951/reward_plot_scalars.csv
No prior baseline,389,4220.010888671875,4458.050477039342,1944.7977294921875,13135.541015625,5,/home/lzha/code/DEXTRAH/cluster_results/a1001/franka_cube_seed_sweep600_c7e66a0_20260612_092951/reward_plot_scalars.csv
No prior baseline,390,4173.457983398437,4334.999585471705,1979.7484130859375,12843.3076171875,5,/home/lzha/code/DEXTRAH/cluster_results/a1001/franka_cube_seed_sweep600_c7e66a0_20260612_092951/reward_plot_scalars.csv
No prior baseline,391,4215.9466552734375,4410.053901682913,1975.2564697265625,13035.873046875,5,/home/lzha/code/DEXTRAH/cluster_results/a1001/franka_cube_seed_sweep600_c7e66a0_20260612_092951/reward_plot_scalars.csv
No prior baseline,392,4239.88330078125,4409.830194571751,1999.3426513671875,13059.3193359375,5,/home/lzha/code/DEXTRAH/cluster_results/a1001/franka_cube_seed_sweep600_c7e66a0_20260612_092951/reward_plot_scalars.csv
No prior baseline,393,4244.3880615234375,4424.505665526632,1932.01513671875,13092.298828125,5,/home/lzha/code/DEXTRAH/cluster_results/a1001/franka_cube_seed_sweep600_c7e66a0_20260612_092951/reward_plot_scalars.csv
No prior baseline,394,4198.1446533203125,4437.680050784184,1934.047119140625,13073.30859375,5,/home/lzha/code/DEXTRAH/cluster_results/a1001/franka_cube_seed_sweep600_c7e66a0_20260612_092951/reward_plot_scalars.csv
No prior baseline,395,4195.553173828125,4462.722091435219,1917.935791015625,13120.666015625,5,/home/lzha/code/DEXTRAH/cluster_results/a1001/franka_cube_seed_sweep600_c7e66a0_20260612_092951/reward_plot_scalars.csv
No prior baseline,396,4266.795629882812,4403.38851414008,1968.38427734375,13071.4833984375,5,/home/lzha/code/DEXTRAH/cluster_results/a1001/franka_cube_seed_sweep600_c7e66a0_20260612_092951/reward_plot_scalars.csv
No prior baseline,397,4194.583178710937,4380.528884260319,1972.7216796875,12955.5693359375,5,/home/lzha/code/DEXTRAH/cluster_results/a1001/franka_cube_seed_sweep600_c7e66a0_20260612_092951/reward_plot_scalars.csv
No prior baseline,398,4187.966137695313,4406.26963129281,1939.637451171875,13000.1376953125,5,/home/lzha/code/DEXTRAH/cluster_results/a1001/franka_cube_seed_sweep600_c7e66a0_20260612_092951/reward_plot_scalars.csv
No prior baseline,399,4204.40166015625,4407.7064936375755,1921.2869873046875,13019.41015625,5,/home/lzha/code/DEXTRAH/cluster_results/a1001/franka_cube_seed_sweep600_c7e66a0_20260612_092951/reward_plot_scalars.csv
No prior baseline,400,4203.2591552734375,4407.689657280399,1934.5396728515625,13018.21875,5,/home/lzha/code/DEXTRAH/cluster_results/a1001/franka_cube_seed_sweep600_c7e66a0_20260612_092951/reward_plot_scalars.csv
No prior baseline,401,4208.68408203125,4482.146884855941,1876.476806640625,13172.39453125,5,/home/lzha/code/DEXTRAH/cluster_results/a1001/franka_cube_seed_sweep600_c7e66a0_20260612_092951/reward_plot_scalars.csv
No prior baseline,402,4232.538159179688,4453.1083857222,1956.7525634765625,13138.451171875,5,/home/lzha/code/DEXTRAH/cluster_results/a1001/franka_cube_seed_sweep600_c7e66a0_20260612_092951/reward_plot_scalars.csv
No prior baseline,403,4158.550317382813,4393.379552503793,1902.10888671875,12945.0400390625,5,/home/lzha/code/DEXTRAH/cluster_results/a1001/franka_cube_seed_sweep600_c7e66a0_20260612_092951/reward_plot_scalars.csv
No prior baseline,404,4205.98046875,4410.717251324164,1940.5675048828125,13026.669921875,5,/home/lzha/code/DEXTRAH/cluster_results/a1001/franka_cube_seed_sweep600_c7e66a0_20260612_092951/reward_plot_scalars.csv
No prior baseline,405,4201.004321289062,4404.3719572448945,1936.1788330078125,13009.201171875,5,/home/lzha/code/DEXTRAH/cluster_results/a1001/franka_cube_seed_sweep600_c7e66a0_20260612_092951/reward_plot_scalars.csv
No prior baseline,406,4159.765380859375,4411.763602062444,1932.9813232421875,12983.201171875,5,/home/lzha/code/DEXTRAH/cluster_results/a1001/franka_cube_seed_sweep600_c7e66a0_20260612_092951/reward_plot_scalars.csv
No prior baseline,407,4192.920458984375,4408.624013722248,1933.2366943359375,13009.7685546875,5,/home/lzha/code/DEXTRAH/cluster_results/a1001/franka_cube_seed_sweep600_c7e66a0_20260612_092951/reward_plot_scalars.csv
No prior baseline,408,4179.55888671875,4334.286556058118,1959.8466796875,12846.93359375,5,/home/lzha/code/DEXTRAH/cluster_results/a1001/franka_cube_seed_sweep600_c7e66a0_20260612_092951/reward_plot_scalars.csv
No prior baseline,409,4241.22138671875,4461.286910862873,1984.551513671875,13163.5595703125,5,/home/lzha/code/DEXTRAH/cluster_results/a1001/franka_cube_seed_sweep600_c7e66a0_20260612_092951/reward_plot_scalars.csv
No prior baseline,410,4231.555322265625,4438.280396157935,1977.3623046875,13107.748046875,5,/home/lzha/code/DEXTRAH/cluster_results/a1001/franka_cube_seed_sweep600_c7e66a0_20260612_092951/reward_plot_scalars.csv
No prior baseline,411,4222.870166015625,4432.220851705792,1922.2308349609375,13086.5283203125,5,/home/lzha/code/DEXTRAH/cluster_results/a1001/franka_cube_seed_sweep600_c7e66a0_20260612_092951/reward_plot_scalars.csv
No prior baseline,412,4228.55966796875,4376.269057410874,1962.3736572265625,12980.484375,5,/home/lzha/code/DEXTRAH/cluster_results/a1001/franka_cube_seed_sweep600_c7e66a0_20260612_092951/reward_plot_scalars.csv
No prior baseline,413,4221.569091796875,4455.021772420203,1940.0948486328125,13130.8623046875,5,/home/lzha/code/DEXTRAH/cluster_results/a1001/franka_cube_seed_sweep600_c7e66a0_20260612_092951/reward_plot_scalars.csv
No prior baseline,414,4231.75830078125,4429.7248852175035,1972.005859375,13090.8955078125,5,/home/lzha/code/DEXTRAH/cluster_results/a1001/franka_cube_seed_sweep600_c7e66a0_20260612_092951/reward_plot_scalars.csv
No prior baseline,415,4253.736987304687,4451.477690195147,1947.520263671875,13155.6171875,5,/home/lzha/code/DEXTRAH/cluster_results/a1001/franka_cube_seed_sweep600_c7e66a0_20260612_092951/reward_plot_scalars.csv
No prior baseline,416,4249.1363525390625,4444.377464406758,1957.0010986328125,13137.4384765625,5,/home/lzha/code/DEXTRAH/cluster_results/a1001/franka_cube_seed_sweep600_c7e66a0_20260612_092951/reward_plot_scalars.csv
No prior baseline,417,4247.192114257812,4464.567619738534,1939.2388916015625,13175.7861328125,5,/home/lzha/code/DEXTRAH/cluster_results/a1001/franka_cube_seed_sweep600_c7e66a0_20260612_092951/reward_plot_scalars.csv
No prior baseline,418,4249.863208007812,4445.718790712716,1994.697509765625,13140.8310546875,5,/home/lzha/code/DEXTRAH/cluster_results/a1001/franka_cube_seed_sweep600_c7e66a0_20260612_092951/reward_plot_scalars.csv
No prior baseline,419,4218.2375,4441.671654051774,1924.3912353515625,13101.23828125,5,/home/lzha/code/DEXTRAH/cluster_results/a1001/franka_cube_seed_sweep600_c7e66a0_20260612_092951/reward_plot_scalars.csv
No prior baseline,420,4255.299951171875,4479.871429269129,1987.4276123046875,13214.9560546875,5,/home/lzha/code/DEXTRAH/cluster_results/a1001/franka_cube_seed_sweep600_c7e66a0_20260612_092951/reward_plot_scalars.csv
No prior baseline,421,4218.520458984375,4437.737965321807,1936.1202392578125,13093.5234375,5,/home/lzha/code/DEXTRAH/cluster_results/a1001/franka_cube_seed_sweep600_c7e66a0_20260612_092951/reward_plot_scalars.csv
No prior baseline,422,4228.75517578125,4471.623596822148,1951.7451171875,13171.62109375,5,/home/lzha/code/DEXTRAH/cluster_results/a1001/franka_cube_seed_sweep600_c7e66a0_20260612_092951/reward_plot_scalars.csv
No prior baseline,423,4254.72294921875,4419.678762827623,1954.515380859375,13092.3564453125,5,/home/lzha/code/DEXTRAH/cluster_results/a1001/franka_cube_seed_sweep600_c7e66a0_20260612_092951/reward_plot_scalars.csv
No prior baseline,424,4233.6015625,4388.047837848626,1979.3828125,13008.859375,5,/home/lzha/code/DEXTRAH/cluster_results/a1001/franka_cube_seed_sweep600_c7e66a0_20260612_092951/reward_plot_scalars.csv
No prior baseline,425,4242.617211914063,4463.950947811108,1948.109375,13170.20703125,5,/home/lzha/code/DEXTRAH/cluster_results/a1001/franka_cube_seed_sweep600_c7e66a0_20260612_092951/reward_plot_scalars.csv
No prior baseline,426,4246.384350585938,4398.320170982167,2002.3272705078125,13042.33203125,5,/home/lzha/code/DEXTRAH/cluster_results/a1001/franka_cube_seed_sweep600_c7e66a0_20260612_092951/reward_plot_scalars.csv
No prior baseline,427,4215.3763427734375,4374.220072665022,1995.667724609375,12963.392578125,5,/home/lzha/code/DEXTRAH/cluster_results/a1001/franka_cube_seed_sweep600_c7e66a0_20260612_092951/reward_plot_scalars.csv
No prior baseline,428,4236.7091796875,4392.63591221242,1955.4779052734375,13020.4482421875,5,/home/lzha/code/DEXTRAH/cluster_results/a1001/franka_cube_seed_sweep600_c7e66a0_20260612_092951/reward_plot_scalars.csv
No prior baseline,429,4240.60947265625,4482.002073903213,1899.98193359375,13203.3623046875,5,/home/lzha/code/DEXTRAH/cluster_results/a1001/franka_cube_seed_sweep600_c7e66a0_20260612_092951/reward_plot_scalars.csv
No prior baseline,430,4263.097021484375,4476.258742180193,1969.4573974609375,13214.755859375,5,/home/lzha/code/DEXTRAH/cluster_results/a1001/franka_cube_seed_sweep600_c7e66a0_20260612_092951/reward_plot_scalars.csv
No prior baseline,431,4241.6298828125,4509.136291372103,1924.5062255859375,13258.4169921875,5,/home/lzha/code/DEXTRAH/cluster_results/a1001/franka_cube_seed_sweep600_c7e66a0_20260612_092951/reward_plot_scalars.csv
No prior baseline,432,4267.690942382813,4499.997798746087,1938.9765625,13267.0400390625,5,/home/lzha/code/DEXTRAH/cluster_results/a1001/franka_cube_seed_sweep600_c7e66a0_20260612_092951/reward_plot_scalars.csv
No prior baseline,433,4230.565454101563,4445.130101813016,1960.441162109375,13120.3173828125,5,/home/lzha/code/DEXTRAH/cluster_results/a1001/franka_cube_seed_sweep600_c7e66a0_20260612_092951/reward_plot_scalars.csv
No prior baseline,434,4260.297265625,4456.741449805409,1951.98974609375,13172.689453125,5,/home/lzha/code/DEXTRAH/cluster_results/a1001/franka_cube_seed_sweep600_c7e66a0_20260612_092951/reward_plot_scalars.csv
No prior baseline,435,4199.535717773438,4414.835746427524,1954.068603515625,13028.6630859375,5,/home/lzha/code/DEXTRAH/cluster_results/a1001/franka_cube_seed_sweep600_c7e66a0_20260612_092951/reward_plot_scalars.csv
No prior baseline,436,4230.145043945313,4510.921554925586,1936.555908203125,13251.54296875,5,/home/lzha/code/DEXTRAH/cluster_results/a1001/franka_cube_seed_sweep600_c7e66a0_20260612_092951/reward_plot_scalars.csv
No prior baseline,437,4254.346728515625,4498.137878338865,1943.0810546875,13250.03515625,5,/home/lzha/code/DEXTRAH/cluster_results/a1001/franka_cube_seed_sweep600_c7e66a0_20260612_092951/reward_plot_scalars.csv
No prior baseline,438,4253.0513916015625,4491.505562490432,1908.7327880859375,13235.03515625,5,/home/lzha/code/DEXTRAH/cluster_results/a1001/franka_cube_seed_sweep600_c7e66a0_20260612_092951/reward_plot_scalars.csv
No prior baseline,439,4212.885009765625,4458.472655101468,1911.2127685546875,13129.2861328125,5,/home/lzha/code/DEXTRAH/cluster_results/a1001/franka_cube_seed_sweep600_c7e66a0_20260612_092951/reward_plot_scalars.csv
No prior baseline,440,4280.026782226562,4428.955642512278,1960.735595703125,13136.5498046875,5,/home/lzha/code/DEXTRAH/cluster_results/a1001/franka_cube_seed_sweep600_c7e66a0_20260612_092951/reward_plot_scalars.csv
No prior baseline,441,4193.9681640625,4429.880716545792,1927.80078125,13053.0380859375,5,/home/lzha/code/DEXTRAH/cluster_results/a1001/franka_cube_seed_sweep600_c7e66a0_20260612_092951/reward_plot_scalars.csv
No prior baseline,442,4222.795239257813,4469.578313097635,1950.44482421875,13161.30859375,5,/home/lzha/code/DEXTRAH/cluster_results/a1001/franka_cube_seed_sweep600_c7e66a0_20260612_092951/reward_plot_scalars.csv
No prior baseline,443,4229.334252929688,4448.870771149425,1967.095458984375,13126.78515625,5,/home/lzha/code/DEXTRAH/cluster_results/a1001/franka_cube_seed_sweep600_c7e66a0_20260612_092951/reward_plot_scalars.csv
No prior baseline,444,4258.307421875,4482.866441476531,1925.5325927734375,13223.34375,5,/home/lzha/code/DEXTRAH/cluster_results/a1001/franka_cube_seed_sweep600_c7e66a0_20260612_092951/reward_plot_scalars.csv
No prior baseline,445,4218.22158203125,4392.278848981669,1995.4749755859375,13002.5146484375,5,/home/lzha/code/DEXTRAH/cluster_results/a1001/franka_cube_seed_sweep600_c7e66a0_20260612_092951/reward_plot_scalars.csv
No prior baseline,446,4206.083959960937,4396.212681583929,1953.9681396484375,12998.1318359375,5,/home/lzha/code/DEXTRAH/cluster_results/a1001/franka_cube_seed_sweep600_c7e66a0_20260612_092951/reward_plot_scalars.csv
No prior baseline,447,4221.844970703125,4432.491535887043,1896.4149169921875,13085.8369140625,5,/home/lzha/code/DEXTRAH/cluster_results/a1001/franka_cube_seed_sweep600_c7e66a0_20260612_092951/reward_plot_scalars.csv
No prior baseline,448,4260.519116210938,4477.267064124894,1967.8587646484375,13214.4208984375,5,/home/lzha/code/DEXTRAH/cluster_results/a1001/franka_cube_seed_sweep600_c7e66a0_20260612_092951/reward_plot_scalars.csv
No prior baseline,449,4276.924755859375,4482.2235294611555,1967.925537109375,13239.8681640625,5,/home/lzha/code/DEXTRAH/cluster_results/a1001/franka_cube_seed_sweep600_c7e66a0_20260612_092951/reward_plot_scalars.csv
No prior baseline,450,4212.395971679687,4477.843720327806,1930.50537109375,13167.6845703125,5,/home/lzha/code/DEXTRAH/cluster_results/a1001/franka_cube_seed_sweep600_c7e66a0_20260612_092951/reward_plot_scalars.csv
No prior baseline,451,4290.797021484375,4454.827046491548,1976.0977783203125,13198.810546875,5,/home/lzha/code/DEXTRAH/cluster_results/a1001/franka_cube_seed_sweep600_c7e66a0_20260612_092951/reward_plot_scalars.csv
No prior baseline,452,4238.741528320313,4439.191584993773,1970.01953125,13116.35546875,5,/home/lzha/code/DEXTRAH/cluster_results/a1001/franka_cube_seed_sweep600_c7e66a0_20260612_092951/reward_plot_scalars.csv
No prior baseline,453,4219.460278320313,4429.665750991787,1946.41748046875,13078.0224609375,5,/home/lzha/code/DEXTRAH/cluster_results/a1001/franka_cube_seed_sweep600_c7e66a0_20260612_092951/reward_plot_scalars.csv
No prior baseline,454,4257.8365478515625,4464.273580850357,1988.390869140625,13186.0400390625,5,/home/lzha/code/DEXTRAH/cluster_results/a1001/franka_cube_seed_sweep600_c7e66a0_20260612_092951/reward_plot_scalars.csv
No prior baseline,455,4304.370361328125,4518.259667747766,2002.4400634765625,13340.349609375,5,/home/lzha/code/DEXTRAH/cluster_results/a1001/franka_cube_seed_sweep600_c7e66a0_20260612_092951/reward_plot_scalars.csv
No prior baseline,456,4236.09873046875,4448.234613910948,1932.985107421875,13130.947265625,5,/home/lzha/code/DEXTRAH/cluster_results/a1001/franka_cube_seed_sweep600_c7e66a0_20260612_092951/reward_plot_scalars.csv
No prior baseline,457,4322.987231445312,4498.454160957041,1991.2196044921875,13317.94921875,5,/home/lzha/code/DEXTRAH/cluster_results/a1001/franka_cube_seed_sweep600_c7e66a0_20260612_092951/reward_plot_scalars.csv
No prior baseline,458,4186.877294921875,4297.224734181753,1968.5162353515625,12780.234375,5,/home/lzha/code/DEXTRAH/cluster_results/a1001/franka_cube_seed_sweep600_c7e66a0_20260612_092951/reward_plot_scalars.csv
No prior baseline,459,4225.558862304688,4489.6096583776,1856.1822509765625,13203.2998046875,5,/home/lzha/code/DEXTRAH/cluster_results/a1001/franka_cube_seed_sweep600_c7e66a0_20260612_092951/reward_plot_scalars.csv
No prior baseline,460,4265.814770507813,4446.209852319939,1978.9287109375,13157.1298828125,5,/home/lzha/code/DEXTRAH/cluster_results/a1001/franka_cube_seed_sweep600_c7e66a0_20260612_092951/reward_plot_scalars.csv
No prior baseline,461,4246.19736328125,4370.053089910046,2006.05029296875,12985.3447265625,5,/home/lzha/code/DEXTRAH/cluster_results/a1001/franka_cube_seed_sweep600_c7e66a0_20260612_092951/reward_plot_scalars.csv
No prior baseline,462,4307.025903320313,4517.040797401035,1995.2607421875,13340.662109375,5,/home/lzha/code/DEXTRAH/cluster_results/a1001/franka_cube_seed_sweep600_c7e66a0_20260612_092951/reward_plot_scalars.csv
No prior baseline,463,4224.777758789062,4464.165287741644,1928.6719970703125,13152.47265625,5,/home/lzha/code/DEXTRAH/cluster_results/a1001/franka_cube_seed_sweep600_c7e66a0_20260612_092951/reward_plot_scalars.csv
No prior baseline,464,4257.636572265625,4503.300262052173,1926.98974609375,13263.0263671875,5,/home/lzha/code/DEXTRAH/cluster_results/a1001/franka_cube_seed_sweep600_c7e66a0_20260612_092951/reward_plot_scalars.csv
No prior baseline,465,4254.9037109375,4492.567676331376,1928.3734130859375,13238.767578125,5,/home/lzha/code/DEXTRAH/cluster_results/a1001/franka_cube_seed_sweep600_c7e66a0_20260612_092951/reward_plot_scalars.csv
No prior baseline,466,4270.679248046875,4512.329603066481,1910.9813232421875,13294.478515625,5,/home/lzha/code/DEXTRAH/cluster_results/a1001/franka_cube_seed_sweep600_c7e66a0_20260612_092951/reward_plot_scalars.csv
No prior baseline,467,4275.459130859375,4530.319093133083,1911.9801025390625,13335.0771484375,5,/home/lzha/code/DEXTRAH/cluster_results/a1001/franka_cube_seed_sweep600_c7e66a0_20260612_092951/reward_plot_scalars.csv
No prior baseline,468,4373.238916015625,4507.382985352154,1998.494384765625,13385.466796875,5,/home/lzha/code/DEXTRAH/cluster_results/a1001/franka_cube_seed_sweep600_c7e66a0_20260612_092951/reward_plot_scalars.csv
No prior baseline,469,4245.945776367187,4495.714352006979,1892.1253662109375,13236.3623046875,5,/home/lzha/code/DEXTRAH/cluster_results/a1001/franka_cube_seed_sweep600_c7e66a0_20260612_092951/reward_plot_scalars.csv
No prior baseline,470,4259.247216796875,4503.358002429088,1912.871337890625,13265.1181640625,5,/home/lzha/code/DEXTRAH/cluster_results/a1001/franka_cube_seed_sweep600_c7e66a0_20260612_092951/reward_plot_scalars.csv
No prior baseline,471,4232.266162109375,4434.024990977891,1944.0228271484375,13099.3798828125,5,/home/lzha/code/DEXTRAH/cluster_results/a1001/franka_cube_seed_sweep600_c7e66a0_20260612_092951/reward_plot_scalars.csv
No prior baseline,472,4244.112548828125,4463.806470570001,1948.0335693359375,13170.7734375,5,/home/lzha/code/DEXTRAH/cluster_results/a1001/franka_cube_seed_sweep600_c7e66a0_20260612_092951/reward_plot_scalars.csv
No prior baseline,473,4242.122045898437,4442.758806057912,1917.713134765625,13125.0419921875,5,/home/lzha/code/DEXTRAH/cluster_results/a1001/franka_cube_seed_sweep600_c7e66a0_20260612_092951/reward_plot_scalars.csv
No prior baseline,474,4280.445556640625,4518.118160483711,1954.2628173828125,13315.796875,5,/home/lzha/code/DEXTRAH/cluster_results/a1001/franka_cube_seed_sweep600_c7e66a0_20260612_092951/reward_plot_scalars.csv
No prior baseline,475,4279.233740234375,4478.2090619290275,1919.749755859375,13233.8173828125,5,/home/lzha/code/DEXTRAH/cluster_results/a1001/franka_cube_seed_sweep600_c7e66a0_20260612_092951/reward_plot_scalars.csv
No prior baseline,476,4291.577734375,4465.542358060296,1989.88623046875,13221.75390625,5,/home/lzha/code/DEXTRAH/cluster_results/a1001/franka_cube_seed_sweep600_c7e66a0_20260612_092951/reward_plot_scalars.csv
No prior baseline,477,4282.622290039062,4419.828300821336,2003.180908203125,13121.080078125,5,/home/lzha/code/DEXTRAH/cluster_results/a1001/franka_cube_seed_sweep600_c7e66a0_20260612_092951/reward_plot_scalars.csv
No prior baseline,478,4245.160327148437,4547.772056301722,1882.5838623046875,13339.1787109375,5,/home/lzha/code/DEXTRAH/cluster_results/a1001/franka_cube_seed_sweep600_c7e66a0_20260612_092951/reward_plot_scalars.csv
No prior baseline,479,4250.726635742188,4491.073781130436,1937.5977783203125,13232.2275390625,5,/home/lzha/code/DEXTRAH/cluster_results/a1001/franka_cube_seed_sweep600_c7e66a0_20260612_092951/reward_plot_scalars.csv
No prior baseline,480,4259.297094726562,4465.778083820319,1978.665283203125,13190.3388671875,5,/home/lzha/code/DEXTRAH/cluster_results/a1001/franka_cube_seed_sweep600_c7e66a0_20260612_092951/reward_plot_scalars.csv
No prior baseline,481,4285.0633544921875,4497.298676547985,1954.01806640625,13278.6875,5,/home/lzha/code/DEXTRAH/cluster_results/a1001/franka_cube_seed_sweep600_c7e66a0_20260612_092951/reward_plot_scalars.csv
No prior baseline,482,4185.274389648437,4292.3506284591185,1941.1893310546875,12768.2236328125,5,/home/lzha/code/DEXTRAH/cluster_results/a1001/franka_cube_seed_sweep600_c7e66a0_20260612_092951/reward_plot_scalars.csv
No prior baseline,483,4234.59404296875,4389.148305669241,1927.59130859375,13010.5380859375,5,/home/lzha/code/DEXTRAH/cluster_results/a1001/franka_cube_seed_sweep600_c7e66a0_20260612_092951/reward_plot_scalars.csv
No prior baseline,484,4231.395190429687,4427.186119264502,1957.8868408203125,13085.142578125,5,/home/lzha/code/DEXTRAH/cluster_results/a1001/franka_cube_seed_sweep600_c7e66a0_20260612_092951/reward_plot_scalars.csv
No prior baseline,485,4215.907006835938,4427.569923410398,1932.6378173828125,13070.62890625,5,/home/lzha/code/DEXTRAH/cluster_results/a1001/franka_cube_seed_sweep600_c7e66a0_20260612_092951/reward_plot_scalars.csv
No prior baseline,486,4280.323486328125,4468.821169060479,1992.3612060546875,13217.6767578125,5,/home/lzha/code/DEXTRAH/cluster_results/a1001/franka_cube_seed_sweep600_c7e66a0_20260612_092951/reward_plot_scalars.csv
No prior baseline,487,4238.95849609375,4440.468212582071,1937.579833984375,13118.853515625,5,/home/lzha/code/DEXTRAH/cluster_results/a1001/franka_cube_seed_sweep600_c7e66a0_20260612_092951/reward_plot_scalars.csv
No prior baseline,488,4220.616455078125,4451.7566892325285,1927.511962890625,13123.3095703125,5,/home/lzha/code/DEXTRAH/cluster_results/a1001/franka_cube_seed_sweep600_c7e66a0_20260612_092951/reward_plot_scalars.csv
No prior baseline,489,4282.125268554688,4552.652579339082,1954.9739990234375,13386.9892578125,5,/home/lzha/code/DEXTRAH/cluster_results/a1001/franka_cube_seed_sweep600_c7e66a0_20260612_092951/reward_plot_scalars.csv
No prior baseline,490,4262.5941162109375,4544.982330707916,1930.4132080078125,13352.1396484375,5,/home/lzha/code/DEXTRAH/cluster_results/a1001/franka_cube_seed_sweep600_c7e66a0_20260612_092951/reward_plot_scalars.csv
No prior baseline,491,4283.371313476562,4545.456487608311,1972.3861083984375,13373.8486328125,5,/home/lzha/code/DEXTRAH/cluster_results/a1001/franka_cube_seed_sweep600_c7e66a0_20260612_092951/reward_plot_scalars.csv
No prior baseline,492,4268.776171875,4492.844356528152,1957.5999755859375,13253.7451171875,5,/home/lzha/code/DEXTRAH/cluster_results/a1001/franka_cube_seed_sweep600_c7e66a0_20260612_092951/reward_plot_scalars.csv
No prior baseline,493,4241.641455078125,4452.856868359732,1959.91748046875,13146.53125,5,/home/lzha/code/DEXTRAH/cluster_results/a1001/franka_cube_seed_sweep600_c7e66a0_20260612_092951/reward_plot_scalars.csv
No prior baseline,494,4265.048828125,4534.798806037197,1935.480712890625,13334.2275390625,5,/home/lzha/code/DEXTRAH/cluster_results/a1001/franka_cube_seed_sweep600_c7e66a0_20260612_092951/reward_plot_scalars.csv
No prior baseline,495,4254.692041015625,4528.101810131974,1932.6536865234375,13310.595703125,5,/home/lzha/code/DEXTRAH/cluster_results/a1001/franka_cube_seed_sweep600_c7e66a0_20260612_092951/reward_plot_scalars.csv
No prior baseline,496,4261.9015625,4508.501757377468,1940.9415283203125,13278.43359375,5,/home/lzha/code/DEXTRAH/cluster_results/a1001/franka_cube_seed_sweep600_c7e66a0_20260612_092951/reward_plot_scalars.csv
No prior baseline,497,4242.658520507813,4462.881019277253,1918.912353515625,13167.318359375,5,/home/lzha/code/DEXTRAH/cluster_results/a1001/franka_cube_seed_sweep600_c7e66a0_20260612_092951/reward_plot_scalars.csv
No prior baseline,498,4245.530688476562,4418.82509256985,2001.443603515625,13082.90625,5,/home/lzha/code/DEXTRAH/cluster_results/a1001/franka_cube_seed_sweep600_c7e66a0_20260612_092951/reward_plot_scalars.csv
No prior baseline,499,4250.064965820313,4441.375666465655,2004.902099609375,13132.6337890625,5,/home/lzha/code/DEXTRAH/cluster_results/a1001/franka_cube_seed_sweep600_c7e66a0_20260612_092951/reward_plot_scalars.csv
No prior baseline,500,4251.301538085938,4442.558248987237,1940.7874755859375,13135.6201171875,5,/home/lzha/code/DEXTRAH/cluster_results/a1001/franka_cube_seed_sweep600_c7e66a0_20260612_092951/reward_plot_scalars.csv
No prior baseline,501,4275.66953125,4511.916658323599,1971.041015625,13299.16015625,5,/home/lzha/code/DEXTRAH/cluster_results/a1001/franka_cube_seed_sweep600_c7e66a0_20260612_092951/reward_plot_scalars.csv
No prior baseline,502,4273.081787109375,4535.064837339016,1955.333984375,13342.66015625,5,/home/lzha/code/DEXTRAH/cluster_results/a1001/franka_cube_seed_sweep600_c7e66a0_20260612_092951/reward_plot_scalars.csv
No prior baseline,503,4275.834033203125,4473.4960400140135,1982.3590087890625,13222.5625,5,/home/lzha/code/DEXTRAH/cluster_results/a1001/franka_cube_seed_sweep600_c7e66a0_20260612_092951/reward_plot_scalars.csv
No prior baseline,504,4312.3365234375,4507.648701924453,1986.060302734375,13326.443359375,5,/home/lzha/code/DEXTRAH/cluster_results/a1001/franka_cube_seed_sweep600_c7e66a0_20260612_092951/reward_plot_scalars.csv
No prior baseline,505,4271.643310546875,4518.2761986250225,1900.73681640625,13307.380859375,5,/home/lzha/code/DEXTRAH/cluster_results/a1001/franka_cube_seed_sweep600_c7e66a0_20260612_092951/reward_plot_scalars.csv
No prior baseline,506,4250.92109375,4505.821115569091,1942.4732666015625,13262.2646484375,5,/home/lzha/code/DEXTRAH/cluster_results/a1001/franka_cube_seed_sweep600_c7e66a0_20260612_092951/reward_plot_scalars.csv
No prior baseline,507,4246.4181640625,4408.850367687991,1993.8580322265625,13063.83203125,5,/home/lzha/code/DEXTRAH/cluster_results/a1001/franka_cube_seed_sweep600_c7e66a0_20260612_092951/reward_plot_scalars.csv
No prior baseline,508,4290.53017578125,4488.602721400954,1954.6099853515625,13266.478515625,5,/home/lzha/code/DEXTRAH/cluster_results/a1001/franka_cube_seed_sweep600_c7e66a0_20260612_092951/reward_plot_scalars.csv
No prior baseline,509,4280.586499023438,4490.863223932921,1978.2017822265625,13261.2568359375,5,/home/lzha/code/DEXTRAH/cluster_results/a1001/franka_cube_seed_sweep600_c7e66a0_20260612_092951/reward_plot_scalars.csv
No prior baseline,510,4232.136694335937,4438.389026021657,1925.8773193359375,13108.2451171875,5,/home/lzha/code/DEXTRAH/cluster_results/a1001/franka_cube_seed_sweep600_c7e66a0_20260612_092951/reward_plot_scalars.csv
No prior baseline,511,4254.367919921875,4496.5493410479685,1931.9459228515625,13246.880859375,5,/home/lzha/code/DEXTRAH/cluster_results/a1001/franka_cube_seed_sweep600_c7e66a0_20260612_092951/reward_plot_scalars.csv
No prior baseline,512,4235.844702148437,4424.662455931938,1963.32177734375,13083.5517578125,5,/home/lzha/code/DEXTRAH/cluster_results/a1001/franka_cube_seed_sweep600_c7e66a0_20260612_092951/reward_plot_scalars.csv
No prior baseline,513,4227.35517578125,4400.438081396026,1970.532958984375,13027.7470703125,5,/home/lzha/code/DEXTRAH/cluster_results/a1001/franka_cube_seed_sweep600_c7e66a0_20260612_092951/reward_plot_scalars.csv
No prior baseline,514,4247.308056640625,4475.364668496969,1877.15869140625,13195.666015625,5,/home/lzha/code/DEXTRAH/cluster_results/a1001/franka_cube_seed_sweep600_c7e66a0_20260612_092951/reward_plot_scalars.csv
No prior baseline,515,4249.5950927734375,4473.15585208227,1934.5384521484375,13195.392578125,5,/home/lzha/code/DEXTRAH/cluster_results/a1001/franka_cube_seed_sweep600_c7e66a0_20260612_092951/reward_plot_scalars.csv
No prior baseline,516,4254.454614257813,4484.686275959305,1881.18701171875,13222.2607421875,5,/home/lzha/code/DEXTRAH/cluster_results/a1001/franka_cube_seed_sweep600_c7e66a0_20260612_092951/reward_plot_scalars.csv
No prior baseline,517,4250.764624023437,4511.590948155537,1904.652587890625,13272.5205078125,5,/home/lzha/code/DEXTRAH/cluster_results/a1001/franka_cube_seed_sweep600_c7e66a0_20260612_092951/reward_plot_scalars.csv
No prior baseline,518,4287.968237304687,4521.864895082157,1989.380615234375,13331.111328125,5,/home/lzha/code/DEXTRAH/cluster_results/a1001/franka_cube_seed_sweep600_c7e66a0_20260612_092951/reward_plot_scalars.csv
No prior baseline,519,4290.6380859375,4500.942603915261,1980.141357421875,13291.5576171875,5,/home/lzha/code/DEXTRAH/cluster_results/a1001/franka_cube_seed_sweep600_c7e66a0_20260612_092951/reward_plot_scalars.csv
No prior baseline,520,4330.794018554688,4518.641470878399,1987.8565673828125,13366.3125,5,/home/lzha/code/DEXTRAH/cluster_results/a1001/franka_cube_seed_sweep600_c7e66a0_20260612_092951/reward_plot_scalars.csv
No prior baseline,521,4281.183740234375,4557.05663902555,1927.5870361328125,13394.4970703125,5,/home/lzha/code/DEXTRAH/cluster_results/a1001/franka_cube_seed_sweep600_c7e66a0_20260612_092951/reward_plot_scalars.csv
No prior baseline,522,4294.566674804688,4523.165311282042,1969.062255859375,13340.1083984375,5,/home/lzha/code/DEXTRAH/cluster_results/a1001/franka_cube_seed_sweep600_c7e66a0_20260612_092951/reward_plot_scalars.csv
No prior baseline,523,4262.254614257812,4482.556372601693,1949.5657958984375,13226.6123046875,5,/home/lzha/code/DEXTRAH/cluster_results/a1001/franka_cube_seed_sweep600_c7e66a0_20260612_092951/reward_plot_scalars.csv
No prior baseline,524,4253.088818359375,4430.466042840383,1988.53466796875,13113.55859375,5,/home/lzha/code/DEXTRAH/cluster_results/a1001/franka_cube_seed_sweep600_c7e66a0_20260612_092951/reward_plot_scalars.csv
No prior baseline,525,4206.719921875,4459.346297112627,1925.348876953125,13124.810546875,5,/home/lzha/code/DEXTRAH/cluster_results/a1001/franka_cube_seed_sweep600_c7e66a0_20260612_092951/reward_plot_scalars.csv
No prior baseline,526,4284.642041015625,4481.958217131192,1984.520751953125,13247.9150390625,5,/home/lzha/code/DEXTRAH/cluster_results/a1001/franka_cube_seed_sweep600_c7e66a0_20260612_092951/reward_plot_scalars.csv
No prior baseline,527,4274.0130859375,4503.275358389732,1984.3919677734375,13280.3095703125,5,/home/lzha/code/DEXTRAH/cluster_results/a1001/franka_cube_seed_sweep600_c7e66a0_20260612_092951/reward_plot_scalars.csv
No prior baseline,528,4298.70107421875,4533.185662700064,1952.11474609375,13364.216796875,5,/home/lzha/code/DEXTRAH/cluster_results/a1001/franka_cube_seed_sweep600_c7e66a0_20260612_092951/reward_plot_scalars.csv
No prior baseline,529,4275.466723632812,4527.198439453131,1936.453125,13329.111328125,5,/home/lzha/code/DEXTRAH/cluster_results/a1001/franka_cube_seed_sweep600_c7e66a0_20260612_092951/reward_plot_scalars.csv
No prior baseline,530,4239.316479492188,4367.3651278419775,1957.1146240234375,12971.642578125,5,/home/lzha/code/DEXTRAH/cluster_results/a1001/franka_cube_seed_sweep600_c7e66a0_20260612_092951/reward_plot_scalars.csv
No prior baseline,531,4267.7697265625,4491.756902299645,1975.7447509765625,13250.7880859375,5,/home/lzha/code/DEXTRAH/cluster_results/a1001/franka_cube_seed_sweep600_c7e66a0_20260612_092951/reward_plot_scalars.csv
No prior baseline,532,4259.87958984375,4363.152572629659,1941.18212890625,12984.0546875,5,/home/lzha/code/DEXTRAH/cluster_results/a1001/franka_cube_seed_sweep600_c7e66a0_20260612_092951/reward_plot_scalars.csv
No prior baseline,533,4290.5899658203125,4491.200611312023,1973.9656982421875,13272.28515625,5,/home/lzha/code/DEXTRAH/cluster_results/a1001/franka_cube_seed_sweep600_c7e66a0_20260612_092951/reward_plot_scalars.csv
No prior baseline,534,4265.423095703125,4542.49700912071,1923.072021484375,13349.7021484375,5,/home/lzha/code/DEXTRAH/cluster_results/a1001/franka_cube_seed_sweep600_c7e66a0_20260612_092951/reward_plot_scalars.csv
No prior baseline,535,4272.739697265625,4478.697344869233,1949.7930908203125,13229.5419921875,5,/home/lzha/code/DEXTRAH/cluster_results/a1001/franka_cube_seed_sweep600_c7e66a0_20260612_092951/reward_plot_scalars.csv
No prior baseline,536,4267.55869140625,4435.888204077377,1996.5223388671875,13138.8193359375,5,/home/lzha/code/DEXTRAH/cluster_results/a1001/franka_cube_seed_sweep600_c7e66a0_20260612_092951/reward_plot_scalars.csv
No prior baseline,537,4283.487084960938,4493.857875006228,1916.1597900390625,13270.2080078125,5,/home/lzha/code/DEXTRAH/cluster_results/a1001/franka_cube_seed_sweep600_c7e66a0_20260612_092951/reward_plot_scalars.csv
No prior baseline,538,4267.280712890625,4485.678962320183,1933.1915283203125,13237.607421875,5,/home/lzha/code/DEXTRAH/cluster_results/a1001/franka_cube_seed_sweep600_c7e66a0_20260612_092951/reward_plot_scalars.csv
No prior baseline,539,4266.517138671875,4484.821137381353,1983.134765625,13235.7607421875,5,/home/lzha/code/DEXTRAH/cluster_results/a1001/franka_cube_seed_sweep600_c7e66a0_20260612_092951/reward_plot_scalars.csv
No prior baseline,540,4280.551806640625,4490.777659987064,1905.3851318359375,13260.705078125,5,/home/lzha/code/DEXTRAH/cluster_results/a1001/franka_cube_seed_sweep600_c7e66a0_20260612_092951/reward_plot_scalars.csv
No prior baseline,541,4302.827954101563,4517.071373129505,1941.046630859375,13334.7900390625,5,/home/lzha/code/DEXTRAH/cluster_results/a1001/franka_cube_seed_sweep600_c7e66a0_20260612_092951/reward_plot_scalars.csv
No prior baseline,542,4315.050732421875,4478.075549448208,1987.117431640625,13268.9921875,5,/home/lzha/code/DEXTRAH/cluster_results/a1001/franka_cube_seed_sweep600_c7e66a0_20260612_092951/reward_plot_scalars.csv
No prior baseline,543,4298.711572265625,4514.401544960808,1938.3409423828125,13325.822265625,5,/home/lzha/code/DEXTRAH/cluster_results/a1001/franka_cube_seed_sweep600_c7e66a0_20260612_092951/reward_plot_scalars.csv
No prior baseline,544,4234.377661132812,4455.044153674975,1895.61083984375,13143.4775390625,5,/home/lzha/code/DEXTRAH/cluster_results/a1001/franka_cube_seed_sweep600_c7e66a0_20260612_092951/reward_plot_scalars.csv
No prior baseline,545,4192.461376953125,4368.06927339696,1907.9129638671875,12927.623046875,5,/home/lzha/code/DEXTRAH/cluster_results/a1001/franka_cube_seed_sweep600_c7e66a0_20260612_092951/reward_plot_scalars.csv
No prior baseline,546,4278.855053710938,4486.246283148783,1900.406982421875,13249.2958984375,5,/home/lzha/code/DEXTRAH/cluster_results/a1001/franka_cube_seed_sweep600_c7e66a0_20260612_092951/reward_plot_scalars.csv
No prior baseline,547,4267.8204345703125,4442.587851566611,1979.189453125,13151.8056640625,5,/home/lzha/code/DEXTRAH/cluster_results/a1001/franka_cube_seed_sweep600_c7e66a0_20260612_092951/reward_plot_scalars.csv
No prior baseline,548,4304.653662109375,4520.3270666947665,1956.5179443359375,13344.01953125,5,/home/lzha/code/DEXTRAH/cluster_results/a1001/franka_cube_seed_sweep600_c7e66a0_20260612_092951/reward_plot_scalars.csv
No prior baseline,549,4270.017846679688,4480.897179165123,1954.9056396484375,13231.041015625,5,/home/lzha/code/DEXTRAH/cluster_results/a1001/franka_cube_seed_sweep600_c7e66a0_20260612_092951/reward_plot_scalars.csv
No prior baseline,550,4270.546557617187,4515.863088652358,1939.0794677734375,13301.642578125,5,/home/lzha/code/DEXTRAH/cluster_results/a1001/franka_cube_seed_sweep600_c7e66a0_20260612_092951/reward_plot_scalars.csv
No prior baseline,551,4254.384301757813,4468.079364713508,1958.793212890625,13190.1796875,5,/home/lzha/code/DEXTRAH/cluster_results/a1001/franka_cube_seed_sweep600_c7e66a0_20260612_092951/reward_plot_scalars.csv
No prior baseline,552,4229.716333007813,4416.4847434674475,1938.1373291015625,13061.8134765625,5,/home/lzha/code/DEXTRAH/cluster_results/a1001/franka_cube_seed_sweep600_c7e66a0_20260612_092951/reward_plot_scalars.csv
No prior baseline,553,4187.061596679688,4357.183340318366,1938.345458984375,12900.3017578125,5,/home/lzha/code/DEXTRAH/cluster_results/a1001/franka_cube_seed_sweep600_c7e66a0_20260612_092951/reward_plot_scalars.csv
No prior baseline,554,4222.564990234375,4376.855472329187,1949.2801513671875,12975.1142578125,5,/home/lzha/code/DEXTRAH/cluster_results/a1001/franka_cube_seed_sweep600_c7e66a0_20260612_092951/reward_plot_scalars.csv
No prior baseline,555,4280.926928710937,4453.6682532760515,1991.322265625,13187.748046875,5,/home/lzha/code/DEXTRAH/cluster_results/a1001/franka_cube_seed_sweep600_c7e66a0_20260612_092951/reward_plot_scalars.csv
No prior baseline,556,4300.8349609375,4514.363650896105,1983.06591796875,13329.197265625,5,/home/lzha/code/DEXTRAH/cluster_results/a1001/franka_cube_seed_sweep600_c7e66a0_20260612_092951/reward_plot_scalars.csv
No prior baseline,557,4284.359423828125,4461.624422606181,1999.3519287109375,13207.04296875,5,/home/lzha/code/DEXTRAH/cluster_results/a1001/franka_cube_seed_sweep600_c7e66a0_20260612_092951/reward_plot_scalars.csv
No prior baseline,558,4253.310522460937,4380.260269874629,1997.6011962890625,13012.5400390625,5,/home/lzha/code/DEXTRAH/cluster_results/a1001/franka_cube_seed_sweep600_c7e66a0_20260612_092951/reward_plot_scalars.csv
No prior baseline,559,4203.172412109375,4316.441652036464,2009.034912109375,12835.8525390625,5,/home/lzha/code/DEXTRAH/cluster_results/a1001/franka_cube_seed_sweep600_c7e66a0_20260612_092951/reward_plot_scalars.csv
No prior baseline,560,4278.5015869140625,4444.1822981272435,1984.128662109375,13165.6748046875,5,/home/lzha/code/DEXTRAH/cluster_results/a1001/franka_cube_seed_sweep600_c7e66a0_20260612_092951/reward_plot_scalars.csv
No prior baseline,561,4289.70625,4497.447167257017,2003.9205322265625,13284.27734375,5,/home/lzha/code/DEXTRAH/cluster_results/a1001/franka_cube_seed_sweep600_c7e66a0_20260612_092951/reward_plot_scalars.csv
No prior baseline,562,4258.477026367187,4495.880633964614,1956.050537109375,13249.705078125,5,/home/lzha/code/DEXTRAH/cluster_results/a1001/franka_cube_seed_sweep600_c7e66a0_20260612_092951/reward_plot_scalars.csv
No prior baseline,563,4259.731494140625,4456.740535752959,1983.71435546875,13172.8984375,5,/home/lzha/code/DEXTRAH/cluster_results/a1001/franka_cube_seed_sweep600_c7e66a0_20260612_092951/reward_plot_scalars.csv
No prior baseline,564,4251.48076171875,4502.817401865742,1919.1646728515625,13256.5810546875,5,/home/lzha/code/DEXTRAH/cluster_results/a1001/franka_cube_seed_sweep600_c7e66a0_20260612_092951/reward_plot_scalars.csv
No prior baseline,565,4338.639428710938,4562.078873678305,1990.81591796875,13461.7119140625,5,/home/lzha/code/DEXTRAH/cluster_results/a1001/franka_cube_seed_sweep600_c7e66a0_20260612_092951/reward_plot_scalars.csv
No prior baseline,566,4304.2384765625,4510.751443902537,2010.9327392578125,13325.466796875,5,/home/lzha/code/DEXTRAH/cluster_results/a1001/franka_cube_seed_sweep600_c7e66a0_20260612_092951/reward_plot_scalars.csv
No prior baseline,567,4293.2200927734375,4467.953245055529,2011.3807373046875,13228.87109375,5,/home/lzha/code/DEXTRAH/cluster_results/a1001/franka_cube_seed_sweep600_c7e66a0_20260612_092951/reward_plot_scalars.csv
Tracking loss,1,17.633523178100585,1.4482111068332009,16.11164665222168,19.795454025268555,5,/home/lzha/code/.codex-worktrees/DEXTRAH/franka-cube-traj-tracking/worklogs/franka-cube-grasp-prior/reward_success_comparison_20260612/training_curves.csv
Tracking loss,2,39.44121322631836,3.3519479474895175,35.821468353271484,44.85963439941406,5,/home/lzha/code/.codex-worktrees/DEXTRAH/franka-cube-traj-tracking/worklogs/franka-cube-grasp-prior/reward_success_comparison_20260612/training_curves.csv
Tracking loss,3,71.89127578735352,9.420397551014217,59.283573150634766,88.40351104736328,5,/home/lzha/code/.codex-worktrees/DEXTRAH/franka-cube-traj-tracking/worklogs/franka-cube-grasp-prior/reward_success_comparison_20260612/training_curves.csv
Tracking loss,4,141.37091674804688,10.68806681638169,131.30831909179688,159.96337890625,5,/home/lzha/code/.codex-worktrees/DEXTRAH/franka-cube-traj-tracking/worklogs/franka-cube-grasp-prior/reward_success_comparison_20260612/training_curves.csv
Tracking loss,5,264.9252471923828,56.25704362134697,200.83804321289062,361.97979736328125,5,/home/lzha/code/.codex-worktrees/DEXTRAH/franka-cube-traj-tracking/worklogs/franka-cube-grasp-prior/reward_success_comparison_20260612/training_curves.csv
Tracking loss,6,401.51873779296875,89.99928937888073,305.8005676269531,559.5474853515625,5,/home/lzha/code/.codex-worktrees/DEXTRAH/franka-cube-traj-tracking/worklogs/franka-cube-grasp-prior/reward_success_comparison_20260612/training_curves.csv
Tracking loss,7,504.5705871582031,110.25696168834774,409.83355712890625,718.3313598632812,5,/home/lzha/code/.codex-worktrees/DEXTRAH/franka-cube-traj-tracking/worklogs/franka-cube-grasp-prior/reward_success_comparison_20260612/training_curves.csv
Tracking loss,8,568.8092346191406,165.15387511702005,459.0498352050781,894.5415649414062,5,/home/lzha/code/.codex-worktrees/DEXTRAH/franka-cube-traj-tracking/worklogs/franka-cube-grasp-prior/reward_success_comparison_20260612/training_curves.csv
Tracking loss,9,609.4290893554687,173.32020797597443,488.3874816894531,949.9163818359375,5,/home/lzha/code/.codex-worktrees/DEXTRAH/franka-cube-traj-tracking/worklogs/franka-cube-grasp-prior/reward_success_comparison_20260612/training_curves.csv
Tracking loss,10,620.7492614746094,71.06323241533376,490.6446228027344,700.0302124023438,5,/home/lzha/code/.codex-worktrees/DEXTRAH/franka-cube-traj-tracking/worklogs/franka-cube-grasp-prior/reward_success_comparison_20260612/training_curves.csv
Tracking loss,11,456.1546630859375,90.05509058859927,359.58319091796875,614.3805541992188,5,/home/lzha/code/.codex-worktrees/DEXTRAH/franka-cube-traj-tracking/worklogs/franka-cube-grasp-prior/reward_success_comparison_20260612/training_curves.csv
Tracking loss,12,460.9805908203125,92.60405405905317,387.2874450683594,639.1341552734375,5,/home/lzha/code/.codex-worktrees/DEXTRAH/franka-cube-traj-tracking/worklogs/franka-cube-grasp-prior/reward_success_comparison_20260612/training_curves.csv
Tracking loss,13,536.447021484375,75.1260517303111,449.111083984375,676.4370727539062,5,/home/lzha/code/.codex-worktrees/DEXTRAH/franka-cube-traj-tracking/worklogs/franka-cube-grasp-prior/reward_success_comparison_20260612/training_curves.csv
Tracking loss,14,630.3991821289062,84.42528517800129,525.8861694335938,745.5565185546875,5,/home/lzha/code/.codex-worktrees/DEXTRAH/franka-cube-traj-tracking/worklogs/franka-cube-grasp-prior/reward_success_comparison_20260612/training_curves.csv
Tracking loss,15,748.32490234375,176.31647594172307,586.4556274414062,1089.081298828125,5,/home/lzha/code/.codex-worktrees/DEXTRAH/franka-cube-traj-tracking/worklogs/franka-cube-grasp-prior/reward_success_comparison_20260612/training_curves.csv
Tracking loss,16,796.5031860351562,184.5929123826798,645.2891845703125,1160.3485107421875,5,/home/lzha/code/.codex-worktrees/DEXTRAH/franka-cube-traj-tracking/worklogs/franka-cube-grasp-prior/reward_success_comparison_20260612/training_curves.csv
Tracking loss,17,815.0958862304688,173.36099946538226,664.9243774414062,1152.4849853515625,5,/home/lzha/code/.codex-worktrees/DEXTRAH/franka-cube-traj-tracking/worklogs/franka-cube-grasp-prior/reward_success_comparison_20260612/training_curves.csv
Tracking loss,18,830.2802001953125,150.28530549202372,659.3856201171875,1092.203369140625,5,/home/lzha/code/.codex-worktrees/DEXTRAH/franka-cube-traj-tracking/worklogs/franka-cube-grasp-prior/reward_success_comparison_20260612/training_curves.csv
Tracking loss,19,760.5787353515625,118.77739736663875,565.3005981445312,919.696044921875,5,/home/lzha/code/.codex-worktrees/DEXTRAH/franka-cube-traj-tracking/worklogs/franka-cube-grasp-prior/reward_success_comparison_20260612/training_curves.csv
Tracking loss,20,631.9380676269532,154.28700838290507,406.3409729003906,842.401123046875,5,/home/lzha/code/.codex-worktrees/DEXTRAH/franka-cube-traj-tracking/worklogs/franka-cube-grasp-prior/reward_success_comparison_20260612/training_curves.csv
Tracking loss,21,743.7977172851563,203.60449846677145,405.34130859375,1002.6704711914062,5,/home/lzha/code/.codex-worktrees/DEXTRAH/franka-cube-traj-tracking/worklogs/franka-cube-grasp-prior/reward_success_comparison_20260612/training_curves.csv
Tracking loss,22,782.9897399902344,208.7051839437839,466.3747253417969,1024.549072265625,5,/home/lzha/code/.codex-worktrees/DEXTRAH/franka-cube-traj-tracking/worklogs/franka-cube-grasp-prior/reward_success_comparison_20260612/training_curves.csv
Tracking loss,23,814.6880493164062,165.71807325733647,564.4497680664062,1012.1317138671875,5,/home/lzha/code/.codex-worktrees/DEXTRAH/franka-cube-traj-tracking/worklogs/franka-cube-grasp-prior/reward_success_comparison_20260612/training_curves.csv
Tracking loss,24,916.7750244140625,157.16917266942556,689.6947631835938,1076.815185546875,5,/home/lzha/code/.codex-worktrees/DEXTRAH/franka-cube-traj-tracking/worklogs/franka-cube-grasp-prior/reward_success_comparison_20260612/training_curves.csv
Tracking loss,25,997.0123901367188,146.8519361935964,774.7153930664062,1163.3170166015625,5,/home/lzha/code/.codex-worktrees/DEXTRAH/franka-cube-traj-tracking/worklogs/franka-cube-grasp-prior/reward_success_comparison_20260612/training_curves.csv
Tracking loss,26,1125.3920776367188,171.19751384532282,857.339599609375,1340.288818359375,5,/home/lzha/code/.codex-worktrees/DEXTRAH/franka-cube-traj-tracking/worklogs/franka-cube-grasp-prior/reward_success_comparison_20260612/training_curves.csv
Tracking loss,27,1222.0710693359374,197.29668968198928,904.496826171875,1428.7530517578125,5,/home/lzha/code/.codex-worktrees/DEXTRAH/franka-cube-traj-tracking/worklogs/franka-cube-grasp-prior/reward_success_comparison_20260612/training_curves.csv
Tracking loss,28,1343.725,212.26603147043645,964.3876953125,1535.491943359375,5,/home/lzha/code/.codex-worktrees/DEXTRAH/franka-cube-traj-tracking/worklogs/franka-cube-grasp-prior/reward_success_comparison_20260612/training_curves.csv
Tracking loss,29,1338.113720703125,184.06872151370936,994.546630859375,1531.3878173828125,5,/home/lzha/code/.codex-worktrees/DEXTRAH/franka-cube-traj-tracking/worklogs/franka-cube-grasp-prior/reward_success_comparison_20260612/training_curves.csv
Tracking loss,30,1524.129541015625,269.5645304181004,1022.8966064453125,1777.715576171875,5,/home/lzha/code/.codex-worktrees/DEXTRAH/franka-cube-traj-tracking/worklogs/franka-cube-grasp-prior/reward_success_comparison_20260612/training_curves.csv
Tracking loss,31,1543.4333251953126,286.0071753340124,1036.01318359375,1813.8187255859375,5,/home/lzha/code/.codex-worktrees/DEXTRAH/franka-cube-traj-tracking/worklogs/franka-cube-grasp-prior/reward_success_comparison_20260612/training_curves.csv
Tracking loss,32,1514.4927001953124,288.8520349990112,1022.9189453125,1842.0184326171875,5,/home/lzha/code/.codex-worktrees/DEXTRAH/franka-cube-traj-tracking/worklogs/franka-cube-grasp-prior/reward_success_comparison_20260612/training_curves.csv
Tracking loss,33,1593.88701171875,282.9259887860414,1091.7664794921875,1899.2109375,5,/home/lzha/code/.codex-worktrees/DEXTRAH/franka-cube-traj-tracking/worklogs/franka-cube-grasp-prior/reward_success_comparison_20260612/training_curves.csv
Tracking loss,34,1675.593505859375,214.9824469878648,1308.811767578125,1928.2904052734375,5,/home/lzha/code/.codex-worktrees/DEXTRAH/franka-cube-traj-tracking/worklogs/franka-cube-grasp-prior/reward_success_comparison_20260612/training_curves.csv
Tracking loss,35,1682.94736328125,188.9114521064816,1352.2940673828125,1887.8311767578125,5,/home/lzha/code/.codex-worktrees/DEXTRAH/franka-cube-traj-tracking/worklogs/franka-cube-grasp-prior/reward_success_comparison_20260612/training_curves.csv
Tracking loss,36,1719.3100830078124,202.6606391887514,1367.3299560546875,1898.0343017578125,5,/home/lzha/code/.codex-worktrees/DEXTRAH/franka-cube-traj-tracking/worklogs/franka-cube-grasp-prior/reward_success_comparison_20260612/training_curves.csv
Tracking loss,37,1803.0259033203124,169.50766763969548,1485.87109375,1939.568603515625,5,/home/lzha/code/.codex-worktrees/DEXTRAH/franka-cube-traj-tracking/worklogs/franka-cube-grasp-prior/reward_success_comparison_20260612/training_curves.csv
Tracking loss,38,1716.9607177734374,120.9900348973687,1577.6693115234375,1935.176025390625,5,/home/lzha/code/.codex-worktrees/DEXTRAH/franka-cube-traj-tracking/worklogs/franka-cube-grasp-prior/reward_success_comparison_20260612/training_curves.csv
Tracking loss,39,1869.3684326171874,129.15858294295893,1681.0770263671875,2008.1346435546875,5,/home/lzha/code/.codex-worktrees/DEXTRAH/franka-cube-traj-tracking/worklogs/franka-cube-grasp-prior/reward_success_comparison_20260612/training_curves.csv
Tracking loss,40,1909.7613037109375,128.4282661100038,1699.4251708984375,2050.889892578125,5,/home/lzha/code/.codex-worktrees/DEXTRAH/franka-cube-traj-tracking/worklogs/franka-cube-grasp-prior/reward_success_comparison_20260612/training_curves.csv
Tracking loss,41,1961.449072265625,173.73255205112167,1726.01171875,2135.649169921875,5,/home/lzha/code/.codex-worktrees/DEXTRAH/franka-cube-traj-tracking/worklogs/franka-cube-grasp-prior/reward_success_comparison_20260612/training_curves.csv
Tracking loss,42,1982.2388671875,165.56123859754464,1741.04833984375,2144.406982421875,5,/home/lzha/code/.codex-worktrees/DEXTRAH/franka-cube-traj-tracking/worklogs/franka-cube-grasp-prior/reward_success_comparison_20260612/training_curves.csv
Tracking loss,43,2001.2483642578125,130.491029916875,1837.3385009765625,2163.8212890625,5,/home/lzha/code/.codex-worktrees/DEXTRAH/franka-cube-traj-tracking/worklogs/franka-cube-grasp-prior/reward_success_comparison_20260612/training_curves.csv
Tracking loss,44,1996.8326416015625,112.76703435879473,1820.5501708984375,2167.3056640625,5,/home/lzha/code/.codex-worktrees/DEXTRAH/franka-cube-traj-tracking/worklogs/franka-cube-grasp-prior/reward_success_comparison_20260612/training_curves.csv
Tracking loss,45,2026.38466796875,115.7702807819615,1839.2899169921875,2170.71484375,5,/home/lzha/code/.codex-worktrees/DEXTRAH/franka-cube-traj-tracking/worklogs/franka-cube-grasp-prior/reward_success_comparison_20260612/training_curves.csv
Tracking loss,46,2070.0150146484375,88.93992881527899,1940.7421875,2199.249267578125,5,/home/lzha/code/.codex-worktrees/DEXTRAH/franka-cube-traj-tracking/worklogs/franka-cube-grasp-prior/reward_success_comparison_20260612/training_curves.csv
Tracking loss,47,1790.8516357421875,128.91640986644106,1597.4930419921875,1928.935791015625,5,/home/lzha/code/.codex-worktrees/DEXTRAH/franka-cube-traj-tracking/worklogs/franka-cube-grasp-prior/reward_success_comparison_20260612/training_curves.csv
Tracking loss,48,1961.8440673828125,97.78776741961032,1799.5626220703125,2046.72216796875,5,/home/lzha/code/.codex-worktrees/DEXTRAH/franka-cube-traj-tracking/worklogs/franka-cube-grasp-prior/reward_success_comparison_20260612/training_curves.csv
Tracking loss,49,2061.769775390625,122.07963797296843,1867.8104248046875,2234.19873046875,5,/home/lzha/code/.codex-worktrees/DEXTRAH/franka-cube-traj-tracking/worklogs/franka-cube-grasp-prior/reward_success_comparison_20260612/training_curves.csv
Tracking loss,50,2048.637548828125,156.47509865659416,1786.986572265625,2214.425048828125,5,/home/lzha/code/.codex-worktrees/DEXTRAH/franka-cube-traj-tracking/worklogs/franka-cube-grasp-prior/reward_success_comparison_20260612/training_curves.csv
Tracking loss,51,2091.440869140625,143.8756237258988,1864.0985107421875,2259.81005859375,5,/home/lzha/code/.codex-worktrees/DEXTRAH/franka-cube-traj-tracking/worklogs/franka-cube-grasp-prior/reward_success_comparison_20260612/training_curves.csv
Tracking loss,52,2112.0981201171876,119.98359697992055,1904.9322509765625,2232.8876953125,5,/home/lzha/code/.codex-worktrees/DEXTRAH/franka-cube-traj-tracking/worklogs/franka-cube-grasp-prior/reward_success_comparison_20260612/training_curves.csv
Tracking loss,53,2130.2025390625,96.91939134548552,1976.356201171875,2230.843994140625,5,/home/lzha/code/.codex-worktrees/DEXTRAH/franka-cube-traj-tracking/worklogs/franka-cube-grasp-prior/reward_success_comparison_20260612/training_curves.csv
Tracking loss,54,2141.905517578125,82.05928247467558,2016.85302734375,2249.802490234375,5,/home/lzha/code/.codex-worktrees/DEXTRAH/franka-cube-traj-tracking/worklogs/franka-cube-grasp-prior/reward_success_comparison_20260612/training_curves.csv
Tracking loss,55,2141.8233642578125,114.33989892554065,1967.9566650390625,2297.912353515625,5,/home/lzha/code/.codex-worktrees/DEXTRAH/franka-cube-traj-tracking/worklogs/franka-cube-grasp-prior/reward_success_comparison_20260612/training_curves.csv
Tracking loss,56,2149.86640625,89.42044986032472,2026.439697265625,2289.65625,5,/home/lzha/code/.codex-worktrees/DEXTRAH/franka-cube-traj-tracking/worklogs/franka-cube-grasp-prior/reward_success_comparison_20260612/training_curves.csv
Tracking loss,57,2068.2200927734375,102.1893107992247,1924.5068359375,2202.796875,5,/home/lzha/code/.codex-worktrees/DEXTRAH/franka-cube-traj-tracking/worklogs/franka-cube-grasp-prior/reward_success_comparison_20260612/training_curves.csv
Tracking loss,58,2163.708056640625,109.9682330507625,1989.12353515625,2302.19970703125,5,/home/lzha/code/.codex-worktrees/DEXTRAH/franka-cube-traj-tracking/worklogs/franka-cube-grasp-prior/reward_success_comparison_20260612/training_curves.csv
Tracking loss,59,2171.5680419921873,105.51748620589038,2036.5592041015625,2329.42529296875,5,/home/lzha/code/.codex-worktrees/DEXTRAH/franka-cube-traj-tracking/worklogs/franka-cube-grasp-prior/reward_success_comparison_20260612/training_curves.csv
Tracking loss,60,2182.316162109375,114.83283404521795,2035.4169921875,2347.123291015625,5,/home/lzha/code/.codex-worktrees/DEXTRAH/franka-cube-traj-tracking/worklogs/franka-cube-grasp-prior/reward_success_comparison_20260612/training_curves.csv
Tracking loss,61,2170.474462890625,73.3976131041042,2070.932373046875,2259.267333984375,5,/home/lzha/code/.codex-worktrees/DEXTRAH/franka-cube-traj-tracking/worklogs/franka-cube-grasp-prior/reward_success_comparison_20260612/training_curves.csv
Tracking loss,62,2182.3934326171875,95.84089565871369,2028.7926025390625,2284.821533203125,5,/home/lzha/code/.codex-worktrees/DEXTRAH/franka-cube-traj-tracking/worklogs/franka-cube-grasp-prior/reward_success_comparison_20260612/training_curves.csv
Tracking loss,63,2193.5383056640626,97.7234594253426,2028.6722412109375,2293.71044921875,5,/home/lzha/code/.codex-worktrees/DEXTRAH/franka-cube-traj-tracking/worklogs/franka-cube-grasp-prior/reward_success_comparison_20260612/training_curves.csv
Tracking loss,64,2211.687939453125,76.64834357578914,2120.94189453125,2341.946533203125,5,/home/lzha/code/.codex-worktrees/DEXTRAH/franka-cube-traj-tracking/worklogs/franka-cube-grasp-prior/reward_success_comparison_20260612/training_curves.csv
Tracking loss,65,2200.057080078125,54.09270803733906,2110.8330078125,2261.127685546875,5,/home/lzha/code/.codex-worktrees/DEXTRAH/franka-cube-traj-tracking/worklogs/franka-cube-grasp-prior/reward_success_comparison_20260612/training_curves.csv
Tracking loss,66,2038.5866455078126,85.9058162454636,1925.4691162109375,2140.488037109375,5,/home/lzha/code/.codex-worktrees/DEXTRAH/franka-cube-traj-tracking/worklogs/franka-cube-grasp-prior/reward_success_comparison_20260612/training_curves.csv
Tracking loss,67,2184.242626953125,109.46238316944313,2034.42333984375,2327.53564453125,5,/home/lzha/code/.codex-worktrees/DEXTRAH/franka-cube-traj-tracking/worklogs/franka-cube-grasp-prior/reward_success_comparison_20260612/training_curves.csv
Tracking loss,68,2209.25712890625,115.63040249306049,2057.24072265625,2377.531982421875,5,/home/lzha/code/.codex-worktrees/DEXTRAH/franka-cube-traj-tracking/worklogs/franka-cube-grasp-prior/reward_success_comparison_20260612/training_curves.csv
Tracking loss,69,2228.59228515625,111.344554476598,2112.513916015625,2415.575439453125,5,/home/lzha/code/.codex-worktrees/DEXTRAH/franka-cube-traj-tracking/worklogs/franka-cube-grasp-prior/reward_success_comparison_20260612/training_curves.csv
Tracking loss,70,2227.7993408203124,132.27276270170594,1996.2210693359375,2381.71142578125,5,/home/lzha/code/.codex-worktrees/DEXTRAH/franka-cube-traj-tracking/worklogs/franka-cube-grasp-prior/reward_success_comparison_20260612/training_curves.csv
Tracking loss,71,2221.6970458984374,139.76448516258094,2016.1129150390625,2425.68896484375,5,/home/lzha/code/.codex-worktrees/DEXTRAH/franka-cube-traj-tracking/worklogs/franka-cube-grasp-prior/reward_success_comparison_20260612/training_curves.csv
Tracking loss,72,2221.372314453125,134.63570393536713,2024.782470703125,2416.341796875,5,/home/lzha/code/.codex-worktrees/DEXTRAH/franka-cube-traj-tracking/worklogs/franka-cube-grasp-prior/reward_success_comparison_20260612/training_curves.csv
Tracking loss,73,2210.5594970703123,111.39584770575429,2001.1512451171875,2316.89453125,5,/home/lzha/code/.codex-worktrees/DEXTRAH/franka-cube-traj-tracking/worklogs/franka-cube-grasp-prior/reward_success_comparison_20260612/training_curves.csv
Tracking loss,74,2235.6064208984376,150.7041962442328,1986.0162353515625,2392.064208984375,5,/home/lzha/code/.codex-worktrees/DEXTRAH/franka-cube-traj-tracking/worklogs/franka-cube-grasp-prior/reward_success_comparison_20260612/training_curves.csv
Tracking loss,75,2100.2435791015623,85.00253847418466,1936.3167724609375,2183.052490234375,5,/home/lzha/code/.codex-worktrees/DEXTRAH/franka-cube-traj-tracking/worklogs/franka-cube-grasp-prior/reward_success_comparison_20260612/training_curves.csv
Tracking loss,76,2162.8917724609373,161.07333112855983,1896.6715087890625,2338.19970703125,5,/home/lzha/code/.codex-worktrees/DEXTRAH/franka-cube-traj-tracking/worklogs/franka-cube-grasp-prior/reward_success_comparison_20260612/training_curves.csv
Tracking loss,77,2169.927685546875,121.83841432210922,1966.08837890625,2342.184326171875,5,/home/lzha/code/.codex-worktrees/DEXTRAH/franka-cube-traj-tracking/worklogs/franka-cube-grasp-prior/reward_success_comparison_20260612/training_curves.csv
Tracking loss,78,2191.2294677734376,155.14675815864553,1994.0859375,2407.78955078125,5,/home/lzha/code/.codex-worktrees/DEXTRAH/franka-cube-traj-tracking/worklogs/franka-cube-grasp-prior/reward_success_comparison_20260612/training_curves.csv
Tracking loss,79,2183.4612548828127,140.72848445532242,2028.6602783203125,2420.209228515625,5,/home/lzha/code/.codex-worktrees/DEXTRAH/franka-cube-traj-tracking/worklogs/franka-cube-grasp-prior/reward_success_comparison_20260612/training_curves.csv
Tracking loss,80,2227.9203125,132.23317719194807,2039.279296875,2392.581787109375,5,/home/lzha/code/.codex-worktrees/DEXTRAH/franka-cube-traj-tracking/worklogs/franka-cube-grasp-prior/reward_success_comparison_20260612/training_curves.csv
Tracking loss,81,2238.296044921875,114.83862753929411,2058.07177734375,2351.11181640625,5,/home/lzha/code/.codex-worktrees/DEXTRAH/franka-cube-traj-tracking/worklogs/franka-cube-grasp-prior/reward_success_comparison_20260612/training_curves.csv
Tracking loss,82,2207.672314453125,140.4000040606725,2003.577880859375,2382.379638671875,5,/home/lzha/code/.codex-worktrees/DEXTRAH/franka-cube-traj-tracking/worklogs/franka-cube-grasp-prior/reward_success_comparison_20260612/training_curves.csv
Tracking loss,83,2212.19345703125,142.89768836670703,1999.888671875,2366.438232421875,5,/home/lzha/code/.codex-worktrees/DEXTRAH/franka-cube-traj-tracking/worklogs/franka-cube-grasp-prior/reward_success_comparison_20260612/training_curves.csv
Tracking loss,84,2211.123583984375,144.34615397902428,2014.41357421875,2377.457275390625,5,/home/lzha/code/.codex-worktrees/DEXTRAH/franka-cube-traj-tracking/worklogs/franka-cube-grasp-prior/reward_success_comparison_20260612/training_curves.csv
Tracking loss,85,2075.192236328125,142.16522710025998,1880.2567138671875,2255.096923828125,5,/home/lzha/code/.codex-worktrees/DEXTRAH/franka-cube-traj-tracking/worklogs/franka-cube-grasp-prior/reward_success_comparison_20260612/training_curves.csv
Tracking loss,86,2150.6220458984376,135.90964228646388,1975.2933349609375,2282.693115234375,5,/home/lzha/code/.codex-worktrees/DEXTRAH/franka-cube-traj-tracking/worklogs/franka-cube-grasp-prior/reward_success_comparison_20260612/training_curves.csv
Tracking loss,87,2113.2139404296877,111.75485354001667,2017.989501953125,2305.679443359375,5,/home/lzha/code/.codex-worktrees/DEXTRAH/franka-cube-traj-tracking/worklogs/franka-cube-grasp-prior/reward_success_comparison_20260612/training_curves.csv
Tracking loss,88,2137.744189453125,123.17470570295968,1987.2784423828125,2338.704833984375,5,/home/lzha/code/.codex-worktrees/DEXTRAH/franka-cube-traj-tracking/worklogs/franka-cube-grasp-prior/reward_success_comparison_20260612/training_curves.csv
Tracking loss,89,2133.8901123046876,98.96210131782324,2006.4127197265625,2298.819580078125,5,/home/lzha/code/.codex-worktrees/DEXTRAH/franka-cube-traj-tracking/worklogs/franka-cube-grasp-prior/reward_success_comparison_20260612/training_curves.csv
Tracking loss,90,2154.3261962890624,122.39390315328866,2011.728759765625,2311.916259765625,5,/home/lzha/code/.codex-worktrees/DEXTRAH/franka-cube-traj-tracking/worklogs/franka-cube-grasp-prior/reward_success_comparison_20260612/training_curves.csv
Tracking loss,91,2168.729541015625,111.90664460778137,2051.630859375,2321.095703125,5,/home/lzha/code/.codex-worktrees/DEXTRAH/franka-cube-traj-tracking/worklogs/franka-cube-grasp-prior/reward_success_comparison_20260612/training_curves.csv
Tracking loss,92,2189.8638671875,94.07080149211504,2094.428466796875,2317.656005859375,5,/home/lzha/code/.codex-worktrees/DEXTRAH/franka-cube-traj-tracking/worklogs/franka-cube-grasp-prior/reward_success_comparison_20260612/training_curves.csv
Tracking loss,93,2227.04521484375,109.0205003647859,2088.010986328125,2368.440673828125,5,/home/lzha/code/.codex-worktrees/DEXTRAH/franka-cube-traj-tracking/worklogs/franka-cube-grasp-prior/reward_success_comparison_20260612/training_curves.csv
Tracking loss,94,2063.852294921875,126.98128766744496,1908.633056640625,2265.551025390625,5,/home/lzha/code/.codex-worktrees/DEXTRAH/franka-cube-traj-tracking/worklogs/franka-cube-grasp-prior/reward_success_comparison_20260612/training_curves.csv
Tracking loss,95,2216.503515625,135.17352143506068,2020.947509765625,2392.25341796875,5,/home/lzha/code/.codex-worktrees/DEXTRAH/franka-cube-traj-tracking/worklogs/franka-cube-grasp-prior/reward_success_comparison_20260612/training_curves.csv
Tracking loss,96,2238.9268798828125,138.45626905384586,2006.3189697265625,2387.44580078125,5,/home/lzha/code/.codex-worktrees/DEXTRAH/franka-cube-traj-tracking/worklogs/franka-cube-grasp-prior/reward_success_comparison_20260612/training_curves.csv
Tracking loss,97,2231.95986328125,158.79729214953645,1957.04248046875,2443.055908203125,5,/home/lzha/code/.codex-worktrees/DEXTRAH/franka-cube-traj-tracking/worklogs/franka-cube-grasp-prior/reward_success_comparison_20260612/training_curves.csv
Tracking loss,98,2240.7001953125,160.8418852940913,1943.1005859375,2418.01904296875,5,/home/lzha/code/.codex-worktrees/DEXTRAH/franka-cube-traj-tracking/worklogs/franka-cube-grasp-prior/reward_success_comparison_20260612/training_curves.csv
Tracking loss,99,2277.5867431640627,162.04760185720167,2003.6636962890625,2493.623779296875,5,/home/lzha/code/.codex-worktrees/DEXTRAH/franka-cube-traj-tracking/worklogs/franka-cube-grasp-prior/reward_success_comparison_20260612/training_curves.csv
Tracking loss,100,2277.9908447265625,169.1724812885123,1980.7005615234375,2473.575927734375,5,/home/lzha/code/.codex-worktrees/DEXTRAH/franka-cube-traj-tracking/worklogs/franka-cube-grasp-prior/reward_success_comparison_20260612/training_curves.csv
Tracking loss,101,2300.450341796875,189.85016914928528,2018.922607421875,2568.147216796875,5,/home/lzha/code/.codex-worktrees/DEXTRAH/franka-cube-traj-tracking/worklogs/franka-cube-grasp-prior/reward_success_comparison_20260612/training_curves.csv
Tracking loss,102,2313.3470703125,168.55780632078228,2033.07373046875,2542.3984375,5,/home/lzha/code/.codex-worktrees/DEXTRAH/franka-cube-traj-tracking/worklogs/franka-cube-grasp-prior/reward_success_comparison_20260612/training_curves.csv
Tracking loss,103,2256.0394287109375,190.88719254622518,1930.1068115234375,2523.837158203125,5,/home/lzha/code/.codex-worktrees/DEXTRAH/franka-cube-traj-tracking/worklogs/franka-cube-grasp-prior/reward_success_comparison_20260612/training_curves.csv
Tracking loss,104,2219.579150390625,165.0762675582729,1914.193359375,2361.846435546875,5,/home/lzha/code/.codex-worktrees/DEXTRAH/franka-cube-traj-tracking/worklogs/franka-cube-grasp-prior/reward_success_comparison_20260612/training_curves.csv
Tracking loss,105,2247.552001953125,166.05322165155164,1944.615234375,2445.179443359375,5,/home/lzha/code/.codex-worktrees/DEXTRAH/franka-cube-traj-tracking/worklogs/franka-cube-grasp-prior/reward_success_comparison_20260612/training_curves.csv
Tracking loss,106,2306.1453125,137.34852113922244,2070.322509765625,2493.228515625,5,/home/lzha/code/.codex-worktrees/DEXTRAH/franka-cube-traj-tracking/worklogs/franka-cube-grasp-prior/reward_success_comparison_20260612/training_curves.csv
Tracking loss,107,2305.2962890625,145.4811176291908,2037.58935546875,2471.862548828125,5,/home/lzha/code/.codex-worktrees/DEXTRAH/franka-cube-traj-tracking/worklogs/franka-cube-grasp-prior/reward_success_comparison_20260612/training_curves.csv
Tracking loss,108,2320.955908203125,145.64054566398286,2052.810546875,2486.652099609375,5,/home/lzha/code/.codex-worktrees/DEXTRAH/franka-cube-traj-tracking/worklogs/franka-cube-grasp-prior/reward_success_comparison_20260612/training_curves.csv
Tracking loss,109,2287.745947265625,145.8353232793226,2017.517578125,2407.737548828125,5,/home/lzha/code/.codex-worktrees/DEXTRAH/franka-cube-traj-tracking/worklogs/franka-cube-grasp-prior/reward_success_comparison_20260612/training_curves.csv
Tracking loss,110,2334.715673828125,153.42548371545348,2050.602294921875,2489.93994140625,5,/home/lzha/code/.codex-worktrees/DEXTRAH/franka-cube-traj-tracking/worklogs/franka-cube-grasp-prior/reward_success_comparison_20260612/training_curves.csv
Tracking loss,111,2306.640380859375,124.69731481457497,2071.129638671875,2428.697998046875,5,/home/lzha/code/.codex-worktrees/DEXTRAH/franka-cube-traj-tracking/worklogs/franka-cube-grasp-prior/reward_success_comparison_20260612/training_curves.csv
Tracking loss,112,2329.85625,137.1134482974401,2067.966796875,2464.36669921875,5,/home/lzha/code/.codex-worktrees/DEXTRAH/franka-cube-traj-tracking/worklogs/franka-cube-grasp-prior/reward_success_comparison_20260612/training_curves.csv
Tracking loss,113,2217.507177734375,138.43758168810982,2009.83154296875,2387.260498046875,5,/home/lzha/code/.codex-worktrees/DEXTRAH/franka-cube-traj-tracking/worklogs/franka-cube-grasp-prior/reward_success_comparison_20260612/training_curves.csv
Tracking loss,114,2347.301953125,135.74596621642698,2092.72705078125,2495.346923828125,5,/home/lzha/code/.codex-worktrees/DEXTRAH/franka-cube-traj-tracking/worklogs/franka-cube-grasp-prior/reward_success_comparison_20260612/training_curves.csv
Tracking loss,115,2326.3123291015627,149.40955275403155,2037.3704833984375,2466.607666015625,5,/home/lzha/code/.codex-worktrees/DEXTRAH/franka-cube-traj-tracking/worklogs/franka-cube-grasp-prior/reward_success_comparison_20260612/training_curves.csv
Tracking loss,116,2328.8102783203126,166.06901059828877,2009.8167724609375,2467.02783203125,5,/home/lzha/code/.codex-worktrees/DEXTRAH/franka-cube-traj-tracking/worklogs/franka-cube-grasp-prior/reward_success_comparison_20260612/training_curves.csv
Tracking loss,117,2313.801416015625,150.5304832112377,2040.467041015625,2475.634033203125,5,/home/lzha/code/.codex-worktrees/DEXTRAH/franka-cube-traj-tracking/worklogs/franka-cube-grasp-prior/reward_success_comparison_20260612/training_curves.csv
Tracking loss,118,2331.65615234375,132.90266183481245,2086.52587890625,2458.458740234375,5,/home/lzha/code/.codex-worktrees/DEXTRAH/franka-cube-traj-tracking/worklogs/franka-cube-grasp-prior/reward_success_comparison_20260612/training_curves.csv
Tracking loss,119,2305.8016845703123,155.16661481874445,2009.3233642578125,2436.448486328125,5,/home/lzha/code/.codex-worktrees/DEXTRAH/franka-cube-traj-tracking/worklogs/franka-cube-grasp-prior/reward_success_comparison_20260612/training_curves.csv
Tracking loss,120,2305.695703125,151.2886183645445,2011.336181640625,2444.5166015625,5,/home/lzha/code/.codex-worktrees/DEXTRAH/franka-cube-traj-tracking/worklogs/franka-cube-grasp-prior/reward_success_comparison_20260612/training_curves.csv
Tracking loss,121,2314.268408203125,120.15979484553608,2082.1904296875,2417.27685546875,5,/home/lzha/code/.codex-worktrees/DEXTRAH/franka-cube-traj-tracking/worklogs/franka-cube-grasp-prior/reward_success_comparison_20260612/training_curves.csv
Tracking loss,122,2259.4584228515623,167.05009049915094,1943.7144775390625,2435.006591796875,5,/home/lzha/code/.codex-worktrees/DEXTRAH/franka-cube-traj-tracking/worklogs/franka-cube-grasp-prior/reward_success_comparison_20260612/training_curves.csv
Tracking loss,123,2318.681982421875,158.62024967744702,2042.054443359375,2514.74267578125,5,/home/lzha/code/.codex-worktrees/DEXTRAH/franka-cube-traj-tracking/worklogs/franka-cube-grasp-prior/reward_success_comparison_20260612/training_curves.csv
Tracking loss,124,2323.6624755859375,169.69637543936483,2033.0277099609375,2514.823974609375,5,/home/lzha/code/.codex-worktrees/DEXTRAH/franka-cube-traj-tracking/worklogs/franka-cube-grasp-prior/reward_success_comparison_20260612/training_curves.csv
Tracking loss,125,2342.8921142578124,191.70972687872722,2005.1531982421875,2597.32470703125,5,/home/lzha/code/.codex-worktrees/DEXTRAH/franka-cube-traj-tracking/worklogs/franka-cube-grasp-prior/reward_success_comparison_20260612/training_curves.csv
Tracking loss,126,2346.08173828125,137.33788677936064,2094.8359375,2484.15673828125,5,/home/lzha/code/.codex-worktrees/DEXTRAH/franka-cube-traj-tracking/worklogs/franka-cube-grasp-prior/reward_success_comparison_20260612/training_curves.csv
Tracking loss,127,2364.41806640625,113.83540845218543,2158.797607421875,2472.057861328125,5,/home/lzha/code/.codex-worktrees/DEXTRAH/franka-cube-traj-tracking/worklogs/franka-cube-grasp-prior/reward_success_comparison_20260612/training_curves.csv
Tracking loss,128,2390.817724609375,146.23874862800412,2151.505126953125,2557.3046875,5,/home/lzha/code/.codex-worktrees/DEXTRAH/franka-cube-traj-tracking/worklogs/franka-cube-grasp-prior/reward_success_comparison_20260612/training_curves.csv
Tracking loss,129,2419.5359375,133.1760683780386,2211.392333984375,2580.478271484375,5,/home/lzha/code/.codex-worktrees/DEXTRAH/franka-cube-traj-tracking/worklogs/franka-cube-grasp-prior/reward_success_comparison_20260612/training_curves.csv
Tracking loss,130,2345.086376953125,108.36051595156226,2156.22265625,2453.018798828125,5,/home/lzha/code/.codex-worktrees/DEXTRAH/franka-cube-traj-tracking/worklogs/franka-cube-grasp-prior/reward_success_comparison_20260612/training_curves.csv
Tracking loss,131,2387.4517578125,142.71896406579884,2213.4921875,2595.69873046875,5,/home/lzha/code/.codex-worktrees/DEXTRAH/franka-cube-traj-tracking/worklogs/franka-cube-grasp-prior/reward_success_comparison_20260612/training_curves.csv
Tracking loss,132,2296.232958984375,142.5025041633223,2068.865478515625,2494.025634765625,5,/home/lzha/code/.codex-worktrees/DEXTRAH/franka-cube-traj-tracking/worklogs/franka-cube-grasp-prior/reward_success_comparison_20260612/training_curves.csv
Tracking loss,133,2378.821875,135.11658147614557,2216.850341796875,2526.193603515625,5,/home/lzha/code/.codex-worktrees/DEXTRAH/franka-cube-traj-tracking/worklogs/franka-cube-grasp-prior/reward_success_comparison_20260612/training_curves.csv
Tracking loss,134,2368.37099609375,156.77049992834824,2134.424560546875,2504.52783203125,5,/home/lzha/code/.codex-worktrees/DEXTRAH/franka-cube-traj-tracking/worklogs/franka-cube-grasp-prior/reward_success_comparison_20260612/training_curves.csv
Tracking loss,135,2351.72841796875,146.15532966558908,2131.41943359375,2553.424560546875,5,/home/lzha/code/.codex-worktrees/DEXTRAH/franka-cube-traj-tracking/worklogs/franka-cube-grasp-prior/reward_success_comparison_20260612/training_curves.csv
Tracking loss,136,2367.49814453125,159.11339181364946,2150.4873046875,2538.586181640625,5,/home/lzha/code/.codex-worktrees/DEXTRAH/franka-cube-traj-tracking/worklogs/franka-cube-grasp-prior/reward_success_comparison_20260612/training_curves.csv
Tracking loss,137,2358.982666015625,121.53522450340306,2190.43017578125,2511.51806640625,5,/home/lzha/code/.codex-worktrees/DEXTRAH/franka-cube-traj-tracking/worklogs/franka-cube-grasp-prior/reward_success_comparison_20260612/training_curves.csv
Tracking loss,138,2377.955224609375,134.7761100673088,2158.001953125,2561.62646484375,5,/home/lzha/code/.codex-worktrees/DEXTRAH/franka-cube-traj-tracking/worklogs/franka-cube-grasp-prior/reward_success_comparison_20260612/training_curves.csv
Tracking loss,139,2415.046044921875,146.52192061691198,2229.275634765625,2626.44970703125,5,/home/lzha/code/.codex-worktrees/DEXTRAH/franka-cube-traj-tracking/worklogs/franka-cube-grasp-prior/reward_success_comparison_20260612/training_curves.csv
Tracking loss,140,2430.098828125,147.95439930035005,2248.41845703125,2619.60546875,5,/home/lzha/code/.codex-worktrees/DEXTRAH/franka-cube-traj-tracking/worklogs/franka-cube-grasp-prior/reward_success_comparison_20260612/training_curves.csv
Tracking loss,141,2320.104150390625,113.4071467274637,2182.681396484375,2450.176025390625,5,/home/lzha/code/.codex-worktrees/DEXTRAH/franka-cube-traj-tracking/worklogs/franka-cube-grasp-prior/reward_success_comparison_20260612/training_curves.csv
Tracking loss,142,2385.39326171875,158.38894662662307,2169.13134765625,2588.479248046875,5,/home/lzha/code/.codex-worktrees/DEXTRAH/franka-cube-traj-tracking/worklogs/franka-cube-grasp-prior/reward_success_comparison_20260612/training_curves.csv
Tracking loss,143,2377.49501953125,151.56942759985262,2189.331787109375,2567.69970703125,5,/home/lzha/code/.codex-worktrees/DEXTRAH/franka-cube-traj-tracking/worklogs/franka-cube-grasp-prior/reward_success_comparison_20260612/training_curves.csv
Tracking loss,144,2395.1650390625,111.25196452410054,2262.255615234375,2579.535400390625,5,/home/lzha/code/.codex-worktrees/DEXTRAH/franka-cube-traj-tracking/worklogs/franka-cube-grasp-prior/reward_success_comparison_20260612/training_curves.csv
Tracking loss,145,2387.786767578125,90.22513287379353,2244.944091796875,2519.9775390625,5,/home/lzha/code/.codex-worktrees/DEXTRAH/franka-cube-traj-tracking/worklogs/franka-cube-grasp-prior/reward_success_comparison_20260612/training_curves.csv
Tracking loss,146,2381.84013671875,89.37544708972425,2259.883056640625,2526.290283203125,5,/home/lzha/code/.codex-worktrees/DEXTRAH/franka-cube-traj-tracking/worklogs/franka-cube-grasp-prior/reward_success_comparison_20260612/training_curves.csv
Tracking loss,147,2401.50009765625,112.35988867559398,2256.814697265625,2533.7099609375,5,/home/lzha/code/.codex-worktrees/DEXTRAH/franka-cube-traj-tracking/worklogs/franka-cube-grasp-prior/reward_success_comparison_20260612/training_curves.csv
Tracking loss,148,2390.4001953125,124.58231314437676,2224.375244140625,2574.667724609375,5,/home/lzha/code/.codex-worktrees/DEXTRAH/franka-cube-traj-tracking/worklogs/franka-cube-grasp-prior/reward_success_comparison_20260612/training_curves.csv
Tracking loss,149,2428.164404296875,97.51549617312014,2311.397216796875,2552.41796875,5,/home/lzha/code/.codex-worktrees/DEXTRAH/franka-cube-traj-tracking/worklogs/franka-cube-grasp-prior/reward_success_comparison_20260612/training_curves.csv
Tracking loss,150,2380.45888671875,104.50646737274967,2299.984130859375,2579.559326171875,5,/home/lzha/code/.codex-worktrees/DEXTRAH/franka-cube-traj-tracking/worklogs/franka-cube-grasp-prior/reward_success_comparison_20260612/training_curves.csv
Tracking loss,151,2414.906787109375,107.7913678844343,2313.572509765625,2588.35205078125,5,/home/lzha/code/.codex-worktrees/DEXTRAH/franka-cube-traj-tracking/worklogs/franka-cube-grasp-prior/reward_success_comparison_20260612/training_curves.csv
Tracking loss,152,2424.783154296875,109.55957673796665,2283.02294921875,2582.28173828125,5,/home/lzha/code/.codex-worktrees/DEXTRAH/franka-cube-traj-tracking/worklogs/franka-cube-grasp-prior/reward_success_comparison_20260612/training_curves.csv
Tracking loss,153,2403.8224609375,149.09933455139313,2198.78271484375,2579.69970703125,5,/home/lzha/code/.codex-worktrees/DEXTRAH/franka-cube-traj-tracking/worklogs/franka-cube-grasp-prior/reward_success_comparison_20260612/training_curves.csv
Tracking loss,154,2411.669970703125,146.30044318808012,2251.9755859375,2591.6435546875,5,/home/lzha/code/.codex-worktrees/DEXTRAH/franka-cube-traj-tracking/worklogs/franka-cube-grasp-prior/reward_success_comparison_20260612/training_curves.csv
Tracking loss,155,2433.24404296875,155.16826205355693,2278.7421875,2694.361083984375,5,/home/lzha/code/.codex-worktrees/DEXTRAH/franka-cube-traj-tracking/worklogs/franka-cube-grasp-prior/reward_success_comparison_20260612/training_curves.csv
Tracking loss,156,2455.856591796875,131.37342191528725,2329.79345703125,2637.053466796875,5,/home/lzha/code/.codex-worktrees/DEXTRAH/franka-cube-traj-tracking/worklogs/franka-cube-grasp-prior/reward_success_comparison_20260612/training_curves.csv
Tracking loss,157,2471.39541015625,118.66824466474971,2327.130615234375,2638.673095703125,5,/home/lzha/code/.codex-worktrees/DEXTRAH/franka-cube-traj-tracking/worklogs/franka-cube-grasp-prior/reward_success_comparison_20260612/training_curves.csv
Tracking loss,158,2448.205322265625,88.16528292817314,2355.023193359375,2565.05615234375,5,/home/lzha/code/.codex-worktrees/DEXTRAH/franka-cube-traj-tracking/worklogs/franka-cube-grasp-prior/reward_success_comparison_20260612/training_curves.csv
Tracking loss,159,2480.621337890625,132.29671586994527,2349.53857421875,2659.9833984375,5,/home/lzha/code/.codex-worktrees/DEXTRAH/franka-cube-traj-tracking/worklogs/franka-cube-grasp-prior/reward_success_comparison_20260612/training_curves.csv
Tracking loss,160,2437.571630859375,165.9570659892219,2206.310302734375,2701.724853515625,5,/home/lzha/code/.codex-worktrees/DEXTRAH/franka-cube-traj-tracking/worklogs/franka-cube-grasp-prior/reward_success_comparison_20260612/training_curves.csv
Tracking loss,161,2472.61357421875,127.5698095956543,2355.78564453125,2688.17578125,5,/home/lzha/code/.codex-worktrees/DEXTRAH/franka-cube-traj-tracking/worklogs/franka-cube-grasp-prior/reward_success_comparison_20260612/training_curves.csv
Tracking loss,162,2479.48681640625,129.48083015193743,2316.407470703125,2653.868896484375,5,/home/lzha/code/.codex-worktrees/DEXTRAH/franka-cube-traj-tracking/worklogs/franka-cube-grasp-prior/reward_success_comparison_20260612/training_curves.csv
Tracking loss,163,2474.453857421875,136.3852783369175,2322.48046875,2658.778076171875,5,/home/lzha/code/.codex-worktrees/DEXTRAH/franka-cube-traj-tracking/worklogs/franka-cube-grasp-prior/reward_success_comparison_20260612/training_curves.csv
Tracking loss,164,2475.614501953125,130.10901327136722,2328.876708984375,2671.466796875,5,/home/lzha/code/.codex-worktrees/DEXTRAH/franka-cube-traj-tracking/worklogs/franka-cube-grasp-prior/reward_success_comparison_20260612/training_curves.csv
Tracking loss,165,2476.450634765625,119.53968330476894,2330.905029296875,2632.224609375,5,/home/lzha/code/.codex-worktrees/DEXTRAH/franka-cube-traj-tracking/worklogs/franka-cube-grasp-prior/reward_success_comparison_20260612/training_curves.csv
Tracking loss,166,2458.30859375,99.5299657000409,2325.017333984375,2576.05712890625,5,/home/lzha/code/.codex-worktrees/DEXTRAH/franka-cube-traj-tracking/worklogs/franka-cube-grasp-prior/reward_success_comparison_20260612/training_curves.csv
Tracking loss,167,2494.4951171875,125.90538777292612,2367.12744140625,2661.961181640625,5,/home/lzha/code/.codex-worktrees/DEXTRAH/franka-cube-traj-tracking/worklogs/franka-cube-grasp-prior/reward_success_comparison_20260612/training_curves.csv
Tracking loss,168,2496.1017578125,108.7785837280557,2385.71484375,2670.078125,5,/home/lzha/code/.codex-worktrees/DEXTRAH/franka-cube-traj-tracking/worklogs/franka-cube-grasp-prior/reward_success_comparison_20260612/training_curves.csv
Tracking loss,169,2416.865576171875,120.65487391422474,2312.4345703125,2630.092041015625,5,/home/lzha/code/.codex-worktrees/DEXTRAH/franka-cube-traj-tracking/worklogs/franka-cube-grasp-prior/reward_success_comparison_20260612/training_curves.csv
Tracking loss,170,2486.076123046875,114.214232676985,2395.8681640625,2708.65771484375,5,/home/lzha/code/.codex-worktrees/DEXTRAH/franka-cube-traj-tracking/worklogs/franka-cube-grasp-prior/reward_success_comparison_20260612/training_curves.csv
Tracking loss,171,2515.391015625,102.73385811802322,2423.614013671875,2708.46826171875,5,/home/lzha/code/.codex-worktrees/DEXTRAH/franka-cube-traj-tracking/worklogs/franka-cube-grasp-prior/reward_success_comparison_20260612/training_curves.csv
Tracking loss,172,2525.66787109375,135.34829823289382,2390.40966796875,2760.859375,5,/home/lzha/code/.codex-worktrees/DEXTRAH/franka-cube-traj-tracking/worklogs/franka-cube-grasp-prior/reward_success_comparison_20260612/training_curves.csv
Tracking loss,173,2508.0923828125,126.6830083019353,2373.790283203125,2739.8408203125,5,/home/lzha/code/.codex-worktrees/DEXTRAH/franka-cube-traj-tracking/worklogs/franka-cube-grasp-prior/reward_success_comparison_20260612/training_curves.csv
Tracking loss,174,2494.568701171875,98.05426693650227,2370.43896484375,2621.695556640625,5,/home/lzha/code/.codex-worktrees/DEXTRAH/franka-cube-traj-tracking/worklogs/franka-cube-grasp-prior/reward_success_comparison_20260612/training_curves.csv
Tracking loss,175,2528.58125,108.83997989518016,2362.262939453125,2687.401611328125,5,/home/lzha/code/.codex-worktrees/DEXTRAH/franka-cube-traj-tracking/worklogs/franka-cube-grasp-prior/reward_success_comparison_20260612/training_curves.csv
Tracking loss,176,2574.262060546875,130.94508844046345,2380.89501953125,2779.810302734375,5,/home/lzha/code/.codex-worktrees/DEXTRAH/franka-cube-traj-tracking/worklogs/franka-cube-grasp-prior/reward_success_comparison_20260612/training_curves.csv
Tracking loss,177,2529.22724609375,116.72755628375835,2433.550048828125,2740.40869140625,5,/home/lzha/code/.codex-worktrees/DEXTRAH/franka-cube-traj-tracking/worklogs/franka-cube-grasp-prior/reward_success_comparison_20260612/training_curves.csv
Tracking loss,178,2494.80068359375,163.55731014860157,2323.2734375,2789.53466796875,5,/home/lzha/code/.codex-worktrees/DEXTRAH/franka-cube-traj-tracking/worklogs/franka-cube-grasp-prior/reward_success_comparison_20260612/training_curves.csv
Tracking loss,179,2442.271630859375,106.94950802954276,2315.880126953125,2619.034423828125,5,/home/lzha/code/.codex-worktrees/DEXTRAH/franka-cube-traj-tracking/worklogs/franka-cube-grasp-prior/reward_success_comparison_20260612/training_curves.csv
Tracking loss,180,2482.184033203125,157.23307833279728,2344.55908203125,2777.89013671875,5,/home/lzha/code/.codex-worktrees/DEXTRAH/franka-cube-traj-tracking/worklogs/franka-cube-grasp-prior/reward_success_comparison_20260612/training_curves.csv
Tracking loss,181,2531.080224609375,131.47492817040595,2415.0576171875,2755.96044921875,5,/home/lzha/code/.codex-worktrees/DEXTRAH/franka-cube-traj-tracking/worklogs/franka-cube-grasp-prior/reward_success_comparison_20260612/training_curves.csv
Tracking loss,182,2532.516259765625,163.65760853156726,2377.103271484375,2814.92724609375,5,/home/lzha/code/.codex-worktrees/DEXTRAH/franka-cube-traj-tracking/worklogs/franka-cube-grasp-prior/reward_success_comparison_20260612/training_curves.csv
Tracking loss,183,2533.7021484375,125.5996608493601,2367.86328125,2710.111572265625,5,/home/lzha/code/.codex-worktrees/DEXTRAH/franka-cube-traj-tracking/worklogs/franka-cube-grasp-prior/reward_success_comparison_20260612/training_curves.csv
Tracking loss,184,2528.07294921875,114.5113697097198,2387.08349609375,2668.87646484375,5,/home/lzha/code/.codex-worktrees/DEXTRAH/franka-cube-traj-tracking/worklogs/franka-cube-grasp-prior/reward_success_comparison_20260612/training_curves.csv
Tracking loss,185,2525.050830078125,127.12481816441033,2421.927978515625,2759.9853515625,5,/home/lzha/code/.codex-worktrees/DEXTRAH/franka-cube-traj-tracking/worklogs/franka-cube-grasp-prior/reward_success_comparison_20260612/training_curves.csv
Tracking loss,186,2547.33125,147.7237616396716,2406.47119140625,2806.22607421875,5,/home/lzha/code/.codex-worktrees/DEXTRAH/franka-cube-traj-tracking/worklogs/franka-cube-grasp-prior/reward_success_comparison_20260612/training_curves.csv
Tracking loss,187,2570.577978515625,89.5724277748784,2461.92919921875,2718.3046875,5,/home/lzha/code/.codex-worktrees/DEXTRAH/franka-cube-traj-tracking/worklogs/franka-cube-grasp-prior/reward_success_comparison_20260612/training_curves.csv
Tracking loss,188,2500.774462890625,148.41962759655092,2369.3017578125,2765.909912109375,5,/home/lzha/code/.codex-worktrees/DEXTRAH/franka-cube-traj-tracking/worklogs/franka-cube-grasp-prior/reward_success_comparison_20260612/training_curves.csv
Tracking loss,189,2508.702392578125,160.37662007939983,2375.349853515625,2778.829833984375,5,/home/lzha/code/.codex-worktrees/DEXTRAH/franka-cube-traj-tracking/worklogs/franka-cube-grasp-prior/reward_success_comparison_20260612/training_curves.csv
Tracking loss,190,2537.04130859375,167.1039307536047,2376.47509765625,2802.6162109375,5,/home/lzha/code/.codex-worktrees/DEXTRAH/franka-cube-traj-tracking/worklogs/franka-cube-grasp-prior/reward_success_comparison_20260612/training_curves.csv
Tracking loss,191,2523.6119140625,159.46434971287619,2361.49755859375,2770.29345703125,5,/home/lzha/code/.codex-worktrees/DEXTRAH/franka-cube-traj-tracking/worklogs/franka-cube-grasp-prior/reward_success_comparison_20260612/training_curves.csv
Tracking loss,192,2539.327685546875,180.24364031462258,2372.318115234375,2864.433349609375,5,/home/lzha/code/.codex-worktrees/DEXTRAH/franka-cube-traj-tracking/worklogs/franka-cube-grasp-prior/reward_success_comparison_20260612/training_curves.csv
Tracking loss,193,2510.19599609375,149.69520175857872,2383.5,2793.814697265625,5,/home/lzha/code/.codex-worktrees/DEXTRAH/franka-cube-traj-tracking/worklogs/franka-cube-grasp-prior/reward_success_comparison_20260612/training_curves.csv
Tracking loss,194,2578.347509765625,140.07320505505663,2450.467529296875,2830.82080078125,5,/home/lzha/code/.codex-worktrees/DEXTRAH/franka-cube-traj-tracking/worklogs/franka-cube-grasp-prior/reward_success_comparison_20260612/training_curves.csv
Tracking loss,195,2601.725537109375,163.87876137923257,2477.597900390625,2908.3583984375,5,/home/lzha/code/.codex-worktrees/DEXTRAH/franka-cube-traj-tracking/worklogs/franka-cube-grasp-prior/reward_success_comparison_20260612/training_curves.csv
Tracking loss,196,2607.5341796875,165.67196742012678,2470.029052734375,2906.43798828125,5,/home/lzha/code/.codex-worktrees/DEXTRAH/franka-cube-traj-tracking/worklogs/franka-cube-grasp-prior/reward_success_comparison_20260612/training_curves.csv
Tracking loss,197,2522.512255859375,173.0891576539929,2299.88037109375,2769.432373046875,5,/home/lzha/code/.codex-worktrees/DEXTRAH/franka-cube-traj-tracking/worklogs/franka-cube-grasp-prior/reward_success_comparison_20260612/training_curves.csv
Tracking loss,198,2554.5373046875,171.63690851315354,2377.35693359375,2871.26123046875,5,/home/lzha/code/.codex-worktrees/DEXTRAH/franka-cube-traj-tracking/worklogs/franka-cube-grasp-prior/reward_success_comparison_20260612/training_curves.csv
Tracking loss,199,2569.098193359375,169.40094205181722,2432.83154296875,2898.6845703125,5,/home/lzha/code/.codex-worktrees/DEXTRAH/franka-cube-traj-tracking/worklogs/franka-cube-grasp-prior/reward_success_comparison_20260612/training_curves.csv
Tracking loss,200,2564.243212890625,172.77977253910552,2416.62646484375,2881.583740234375,5,/home/lzha/code/.codex-worktrees/DEXTRAH/franka-cube-traj-tracking/worklogs/franka-cube-grasp-prior/reward_success_comparison_20260612/training_curves.csv
Tracking loss,201,2570.473876953125,190.14920796860832,2403.41064453125,2911.408935546875,5,/home/lzha/code/.codex-worktrees/DEXTRAH/franka-cube-traj-tracking/worklogs/franka-cube-grasp-prior/reward_success_comparison_20260612/training_curves.csv
Tracking loss,202,2586.07060546875,124.49794387530893,2452.888916015625,2771.44189453125,5,/home/lzha/code/.codex-worktrees/DEXTRAH/franka-cube-traj-tracking/worklogs/franka-cube-grasp-prior/reward_success_comparison_20260612/training_curves.csv
Tracking loss,203,2574.0439453125,147.6313344703511,2412.92822265625,2852.0224609375,5,/home/lzha/code/.codex-worktrees/DEXTRAH/franka-cube-traj-tracking/worklogs/franka-cube-grasp-prior/reward_success_comparison_20260612/training_curves.csv
Tracking loss,204,2597.505322265625,205.19751479454612,2416.79296875,2934.147216796875,5,/home/lzha/code/.codex-worktrees/DEXTRAH/franka-cube-traj-tracking/worklogs/franka-cube-grasp-prior/reward_success_comparison_20260612/training_curves.csv
Tracking loss,205,2616.509375,188.69401656378344,2446.66943359375,2950.89404296875,5,/home/lzha/code/.codex-worktrees/DEXTRAH/franka-cube-traj-tracking/worklogs/franka-cube-grasp-prior/reward_success_comparison_20260612/training_curves.csv
Tracking loss,206,2578.735107421875,208.00458129854655,2418.872802734375,2978.963134765625,5,/home/lzha/code/.codex-worktrees/DEXTRAH/franka-cube-traj-tracking/worklogs/franka-cube-grasp-prior/reward_success_comparison_20260612/training_curves.csv
Tracking loss,207,2546.848583984375,198.45338985829406,2350.80078125,2927.779541015625,5,/home/lzha/code/.codex-worktrees/DEXTRAH/franka-cube-traj-tracking/worklogs/franka-cube-grasp-prior/reward_success_comparison_20260612/training_curves.csv
Tracking loss,208,2586.328662109375,202.5542395185604,2371.818359375,2969.48388671875,5,/home/lzha/code/.codex-worktrees/DEXTRAH/franka-cube-traj-tracking/worklogs/franka-cube-grasp-prior/reward_success_comparison_20260612/training_curves.csv
Tracking loss,209,2582.839990234375,168.00571221943565,2415.183837890625,2904.214599609375,5,/home/lzha/code/.codex-worktrees/DEXTRAH/franka-cube-traj-tracking/worklogs/franka-cube-grasp-prior/reward_success_comparison_20260612/training_curves.csv
Tracking loss,210,2601.05888671875,214.0494779924271,2393.66845703125,2991.632080078125,5,/home/lzha/code/.codex-worktrees/DEXTRAH/franka-cube-traj-tracking/worklogs/franka-cube-grasp-prior/reward_success_comparison_20260612/training_curves.csv
Tracking loss,211,2606.780615234375,155.06306038897856,2441.21630859375,2862.94873046875,5,/home/lzha/code/.codex-worktrees/DEXTRAH/franka-cube-traj-tracking/worklogs/franka-cube-grasp-prior/reward_success_comparison_20260612/training_curves.csv
Tracking loss,212,2618.36376953125,193.370164454439,2446.731201171875,2973.276123046875,5,/home/lzha/code/.codex-worktrees/DEXTRAH/franka-cube-traj-tracking/worklogs/franka-cube-grasp-prior/reward_success_comparison_20260612/training_curves.csv
Tracking loss,213,2606.852490234375,166.22865746994268,2415.896728515625,2888.3583984375,5,/home/lzha/code/.codex-worktrees/DEXTRAH/franka-cube-traj-tracking/worklogs/franka-cube-grasp-prior/reward_success_comparison_20260612/training_curves.csv
Tracking loss,214,2619.926123046875,192.80046969342695,2449.678955078125,2949.53173828125,5,/home/lzha/code/.codex-worktrees/DEXTRAH/franka-cube-traj-tracking/worklogs/franka-cube-grasp-prior/reward_success_comparison_20260612/training_curves.csv
Tracking loss,215,2613.583251953125,191.8655064342242,2448.52783203125,2933.858154296875,5,/home/lzha/code/.codex-worktrees/DEXTRAH/franka-cube-traj-tracking/worklogs/franka-cube-grasp-prior/reward_success_comparison_20260612/training_curves.csv
Tracking loss,216,2529.3671875,205.11500684966205,2335.178466796875,2860.37109375,5,/home/lzha/code/.codex-worktrees/DEXTRAH/franka-cube-traj-tracking/worklogs/franka-cube-grasp-prior/reward_success_comparison_20260612/training_curves.csv
Tracking loss,217,2629.22822265625,224.13064795085293,2396.932373046875,2984.57421875,5,/home/lzha/code/.codex-worktrees/DEXTRAH/franka-cube-traj-tracking/worklogs/franka-cube-grasp-prior/reward_success_comparison_20260612/training_curves.csv
Tracking loss,218,2659.421923828125,263.3186817222884,2403.2353515625,3027.420166015625,5,/home/lzha/code/.codex-worktrees/DEXTRAH/franka-cube-traj-tracking/worklogs/franka-cube-grasp-prior/reward_success_comparison_20260612/training_curves.csv
Tracking loss,219,2650.236474609375,239.94073558326926,2361.80322265625,2955.317626953125,5,/home/lzha/code/.codex-worktrees/DEXTRAH/franka-cube-traj-tracking/worklogs/franka-cube-grasp-prior/reward_success_comparison_20260612/training_curves.csv
Tracking loss,220,2696.593701171875,297.737341607294,2389.6201171875,3164.548095703125,5,/home/lzha/code/.codex-worktrees/DEXTRAH/franka-cube-traj-tracking/worklogs/franka-cube-grasp-prior/reward_success_comparison_20260612/training_curves.csv
Tracking loss,221,2767.085986328125,434.50795607288205,2389.30859375,3563.98388671875,5,/home/lzha/code/.codex-worktrees/DEXTRAH/franka-cube-traj-tracking/worklogs/franka-cube-grasp-prior/reward_success_comparison_20260612/training_curves.csv
Tracking loss,222,2826.524169921875,471.95039987086426,2438.1376953125,3722.300537109375,5,/home/lzha/code/.codex-worktrees/DEXTRAH/franka-cube-traj-tracking/worklogs/franka-cube-grasp-prior/reward_success_comparison_20260612/training_curves.csv
Tracking loss,223,2953.881103515625,722.9252778229884,2404.2333984375,4354.572265625,5,/home/lzha/code/.codex-worktrees/DEXTRAH/franka-cube-traj-tracking/worklogs/franka-cube-grasp-prior/reward_success_comparison_20260612/training_curves.csv
Tracking loss,224,2986.532861328125,766.8378847742956,2423.474365234375,4467.59912109375,5,/home/lzha/code/.codex-worktrees/DEXTRAH/franka-cube-traj-tracking/worklogs/franka-cube-grasp-prior/reward_success_comparison_20260612/training_curves.csv
Tracking loss,225,2787.68447265625,627.7046671030988,2282.974609375,3979.226806640625,5,/home/lzha/code/.codex-worktrees/DEXTRAH/franka-cube-traj-tracking/worklogs/franka-cube-grasp-prior/reward_success_comparison_20260612/training_curves.csv
Tracking loss,226,2890.557470703125,634.1007897307688,2384.534423828125,4099.72998046875,5,/home/lzha/code/.codex-worktrees/DEXTRAH/franka-cube-traj-tracking/worklogs/franka-cube-grasp-prior/reward_success_comparison_20260612/training_curves.csv
Tracking loss,227,2946.228955078125,745.9701785402649,2423.8173828125,4389.064453125,5,/home/lzha/code/.codex-worktrees/DEXTRAH/franka-cube-traj-tracking/worklogs/franka-cube-grasp-prior/reward_success_comparison_20260612/training_curves.csv
Tracking loss,228,2957.55205078125,757.6716509240847,2368.26171875,4415.56640625,5,/home/lzha/code/.codex-worktrees/DEXTRAH/franka-cube-traj-tracking/worklogs/franka-cube-grasp-prior/reward_success_comparison_20260612/training_curves.csv
Tracking loss,229,2983.7490234375,734.9931343831488,2477.060791015625,4415.46533203125,5,/home/lzha/code/.codex-worktrees/DEXTRAH/franka-cube-traj-tracking/worklogs/franka-cube-grasp-prior/reward_success_comparison_20260612/training_curves.csv
Tracking loss,230,3003.227734375,756.8071768852893,2501.0791015625,4478.1103515625,5,/home/lzha/code/.codex-worktrees/DEXTRAH/franka-cube-traj-tracking/worklogs/franka-cube-grasp-prior/reward_success_comparison_20260612/training_curves.csv
Tracking loss,231,3020.653662109375,849.6262829167651,2438.9677734375,4686.9541015625,5,/home/lzha/code/.codex-worktrees/DEXTRAH/franka-cube-traj-tracking/worklogs/franka-cube-grasp-prior/reward_success_comparison_20260612/training_curves.csv
Tracking loss,232,3013.702978515625,914.9824484636455,2330.432373046875,4797.3232421875,5,/home/lzha/code/.codex-worktrees/DEXTRAH/franka-cube-traj-tracking/worklogs/franka-cube-grasp-prior/reward_success_comparison_20260612/training_curves.csv
Tracking loss,233,3123.667431640625,1109.115477840286,2397.217529296875,5309.5615234375,5,/home/lzha/code/.codex-worktrees/DEXTRAH/franka-cube-traj-tracking/worklogs/franka-cube-grasp-prior/reward_success_comparison_20260612/training_curves.csv
Tracking loss,234,3162.436474609375,866.1344645253164,2563.0234375,4840.2802734375,5,/home/lzha/code/.codex-worktrees/DEXTRAH/franka-cube-traj-tracking/worklogs/franka-cube-grasp-prior/reward_success_comparison_20260612/training_curves.csv
Tracking loss,235,3129.562890625,1092.530738218417,2354.54931640625,5258.47509765625,5,/home/lzha/code/.codex-worktrees/DEXTRAH/franka-cube-traj-tracking/worklogs/franka-cube-grasp-prior/reward_success_comparison_20260612/training_curves.csv
Tracking loss,236,3139.50556640625,1066.8773252662568,2393.23193359375,5216.6748046875,5,/home/lzha/code/.codex-worktrees/DEXTRAH/franka-cube-traj-tracking/worklogs/franka-cube-grasp-prior/reward_success_comparison_20260612/training_curves.csv
Tracking loss,237,3131.65654296875,1050.709597915921,2439.02783203125,5205.92578125,5,/home/lzha/code/.codex-worktrees/DEXTRAH/franka-cube-traj-tracking/worklogs/franka-cube-grasp-prior/reward_success_comparison_20260612/training_curves.csv
Tracking loss,238,3220.856591796875,1251.7203240820484,2442.810546875,5707.10400390625,5,/home/lzha/code/.codex-worktrees/DEXTRAH/franka-cube-traj-tracking/worklogs/franka-cube-grasp-prior/reward_success_comparison_20260612/training_curves.csv
Tracking loss,239,3263.849609375,1295.0878347940566,2444.833740234375,5837.0,5,/home/lzha/code/.codex-worktrees/DEXTRAH/franka-cube-traj-tracking/worklogs/franka-cube-grasp-prior/reward_success_comparison_20260612/training_curves.csv
Tracking loss,240,3271.743994140625,1304.254340650793,2471.073486328125,5861.220703125,5,/home/lzha/code/.codex-worktrees/DEXTRAH/franka-cube-traj-tracking/worklogs/franka-cube-grasp-prior/reward_success_comparison_20260612/training_curves.csv
Tracking loss,241,3344.477587890625,1403.3898691367574,2447.19921875,6129.34814453125,5,/home/lzha/code/.codex-worktrees/DEXTRAH/franka-cube-traj-tracking/worklogs/franka-cube-grasp-prior/reward_success_comparison_20260612/training_curves.csv
Tracking loss,242,3347.1123046875,1443.907318613181,2474.51171875,6213.43408203125,5,/home/lzha/code/.codex-worktrees/DEXTRAH/franka-cube-traj-tracking/worklogs/franka-cube-grasp-prior/reward_success_comparison_20260612/training_curves.csv
Tracking loss,243,3425.531005859375,1568.0334872392768,2456.76220703125,6537.0537109375,5,/home/lzha/code/.codex-worktrees/DEXTRAH/franka-cube-traj-tracking/worklogs/franka-cube-grasp-prior/reward_success_comparison_20260612/training_curves.csv
Tracking loss,244,3515.985302734375,1926.0253226537754,2321.55517578125,7344.03466796875,5,/home/lzha/code/.codex-worktrees/DEXTRAH/franka-cube-traj-tracking/worklogs/franka-cube-grasp-prior/reward_success_comparison_20260612/training_curves.csv
Tracking loss,245,3566.97001953125,1852.1109219979471,2477.89501953125,7247.4990234375,5,/home/lzha/code/.codex-worktrees/DEXTRAH/franka-cube-traj-tracking/worklogs/franka-cube-grasp-prior/reward_success_comparison_20260612/training_curves.csv
Tracking loss,246,3748.02138671875,2262.1109367835684,2423.791015625,8248.8671875,5,/home/lzha/code/.codex-worktrees/DEXTRAH/franka-cube-traj-tracking/worklogs/franka-cube-grasp-prior/reward_success_comparison_20260612/training_curves.csv
Tracking loss,247,3806.846484375,2398.492784434196,2413.90576171875,8585.5029296875,5,/home/lzha/code/.codex-worktrees/DEXTRAH/franka-cube-traj-tracking/worklogs/franka-cube-grasp-prior/reward_success_comparison_20260612/training_curves.csv
Tracking loss,248,3859.55380859375,2461.94415162648,2447.20458984375,8767.572265625,5,/home/lzha/code/.codex-worktrees/DEXTRAH/franka-cube-traj-tracking/worklogs/franka-cube-grasp-prior/reward_success_comparison_20260612/training_curves.csv
Tracking loss,249,3831.276953125,2413.295086873301,2373.189208984375,8638.783203125,5,/home/lzha/code/.codex-worktrees/DEXTRAH/franka-cube-traj-tracking/worklogs/franka-cube-grasp-prior/reward_success_comparison_20260612/training_curves.csv
Tracking loss,250,3910.316650390625,2611.0627254696597,2448.584228515625,9117.802734375,5,/home/lzha/code/.codex-worktrees/DEXTRAH/franka-cube-traj-tracking/worklogs/franka-cube-grasp-prior/reward_success_comparison_20260612/training_curves.csv
Tracking loss,251,3888.3265625,2561.0387988575153,2449.639404296875,8996.2216796875,5,/home/lzha/code/.codex-worktrees/DEXTRAH/franka-cube-traj-tracking/worklogs/franka-cube-grasp-prior/reward_success_comparison_20260612/training_curves.csv
Tracking loss,252,3865.1111328125,2445.189669729669,2493.751708984375,8742.8203125,5,/home/lzha/code/.codex-worktrees/DEXTRAH/franka-cube-traj-tracking/worklogs/franka-cube-grasp-prior/reward_success_comparison_20260612/training_curves.csv
Tracking loss,253,4013.668408203125,2847.4121570468087,2446.632080078125,9695.2626953125,5,/home/lzha/code/.codex-worktrees/DEXTRAH/franka-cube-traj-tracking/worklogs/franka-cube-grasp-prior/reward_success_comparison_20260612/training_curves.csv
Tracking loss,254,4056.74169921875,2874.6498140617205,2438.427734375,9792.875,5,/home/lzha/code/.codex-worktrees/DEXTRAH/franka-cube-traj-tracking/worklogs/franka-cube-grasp-prior/reward_success_comparison_20260612/training_curves.csv
Tracking loss,255,4015.42841796875,2785.794244251354,2401.974365234375,9570.296875,5,/home/lzha/code/.codex-worktrees/DEXTRAH/franka-cube-traj-tracking/worklogs/franka-cube-grasp-prior/reward_success_comparison_20260612/training_curves.csv
Tracking loss,256,4032.33642578125,2829.6767928459235,2363.0244140625,9670.734375,5,/home/lzha/code/.codex-worktrees/DEXTRAH/franka-cube-traj-tracking/worklogs/franka-cube-grasp-prior/reward_success_comparison_20260612/training_curves.csv
Tracking loss,257,4032.534033203125,2801.8615889343155,2440.509033203125,9623.841796875,5,/home/lzha/code/.codex-worktrees/DEXTRAH/franka-cube-traj-tracking/worklogs/franka-cube-grasp-prior/reward_success_comparison_20260612/training_curves.csv
Tracking loss,258,4146.54501953125,2980.1770536760196,2464.80908203125,10093.2099609375,5,/home/lzha/code/.codex-worktrees/DEXTRAH/franka-cube-traj-tracking/worklogs/franka-cube-grasp-prior/reward_success_comparison_20260612/training_curves.csv
Tracking loss,259,4167.665185546875,2974.180583787922,2521.423583984375,10102.380859375,5,/home/lzha/code/.codex-worktrees/DEXTRAH/franka-cube-traj-tracking/worklogs/franka-cube-grasp-prior/reward_success_comparison_20260612/training_curves.csv
Tracking loss,260,4157.525634765625,2984.786226604837,2450.57275390625,10111.41015625,5,/home/lzha/code/.codex-worktrees/DEXTRAH/franka-cube-traj-tracking/worklogs/franka-cube-grasp-prior/reward_success_comparison_20260612/training_curves.csv
Tracking loss,261,4126.78505859375,3010.892536534624,2456.2392578125,10135.4873046875,5,/home/lzha/code/.codex-worktrees/DEXTRAH/franka-cube-traj-tracking/worklogs/franka-cube-grasp-prior/reward_success_comparison_20260612/training_curves.csv
Tracking loss,262,4246.63486328125,3185.7668428785264,2500.96533203125,10602.8818359375,5,/home/lzha/code/.codex-worktrees/DEXTRAH/franka-cube-traj-tracking/worklogs/franka-cube-grasp-prior/reward_success_comparison_20260612/training_curves.csv
Tracking loss,263,4230.0404296875,3321.840020989713,2355.46484375,10861.62109375,5,/home/lzha/code/.codex-worktrees/DEXTRAH/franka-cube-traj-tracking/worklogs/franka-cube-grasp-prior/reward_success_comparison_20260612/training_curves.csv
Tracking loss,264,4151.540283203125,3005.290052317718,2446.9619140625,10145.9013671875,5,/home/lzha/code/.codex-worktrees/DEXTRAH/franka-cube-traj-tracking/worklogs/franka-cube-grasp-prior/reward_success_comparison_20260612/training_curves.csv
Tracking loss,265,4113.333154296875,2910.8868218524926,2459.68896484375,9917.5068359375,5,/home/lzha/code/.codex-worktrees/DEXTRAH/franka-cube-traj-tracking/worklogs/franka-cube-grasp-prior/reward_success_comparison_20260612/training_curves.csv
Tracking loss,266,4130.12783203125,2914.986101037229,2491.2353515625,9946.5869140625,5,/home/lzha/code/.codex-worktrees/DEXTRAH/franka-cube-traj-tracking/worklogs/franka-cube-grasp-prior/reward_success_comparison_20260612/training_curves.csv
Tracking loss,267,4167.9333984375,2990.496162170582,2483.1611328125,10134.6669921875,5,/home/lzha/code/.codex-worktrees/DEXTRAH/franka-cube-traj-tracking/worklogs/franka-cube-grasp-prior/reward_success_comparison_20260612/training_curves.csv
Tracking loss,268,4254.541552734375,3189.5252254591596,2424.28515625,10617.5849609375,5,/home/lzha/code/.codex-worktrees/DEXTRAH/franka-cube-traj-tracking/worklogs/franka-cube-grasp-prior/reward_success_comparison_20260612/training_curves.csv
Tracking loss,269,4233.530712890625,3144.8442302486073,2515.181884765625,10508.5498046875,5,/home/lzha/code/.codex-worktrees/DEXTRAH/franka-cube-traj-tracking/worklogs/franka-cube-grasp-prior/reward_success_comparison_20260612/training_curves.csv
Tracking loss,270,4312.095068359375,3306.723348908668,2486.9814453125,10917.125,5,/home/lzha/code/.codex-worktrees/DEXTRAH/franka-cube-traj-tracking/worklogs/franka-cube-grasp-prior/reward_success_comparison_20260612/training_curves.csv
Tracking loss,271,4258.73623046875,3124.0930002955024,2455.74755859375,10495.2900390625,5,/home/lzha/code/.codex-worktrees/DEXTRAH/franka-cube-traj-tracking/worklogs/franka-cube-grasp-prior/reward_success_comparison_20260612/training_curves.csv
Tracking loss,272,4211.3048828125,3271.9880414582235,2400.616455078125,10742.0810546875,5,/home/lzha/code/.codex-worktrees/DEXTRAH/franka-cube-traj-tracking/worklogs/franka-cube-grasp-prior/reward_success_comparison_20260612/training_curves.csv
Tracking loss,273,4206.6634765625,3138.927623390788,2438.822998046875,10472.783203125,5,/home/lzha/code/.codex-worktrees/DEXTRAH/franka-cube-traj-tracking/worklogs/franka-cube-grasp-prior/reward_success_comparison_20260612/training_curves.csv
Tracking loss,274,4278.64580078125,3256.6697761511437,2451.186767578125,10781.142578125,5,/home/lzha/code/.codex-worktrees/DEXTRAH/franka-cube-traj-tracking/worklogs/franka-cube-grasp-prior/reward_success_comparison_20260612/training_curves.csv
Tracking loss,275,4274.7740234375,3207.848410746451,2522.475830078125,10681.2919921875,5,/home/lzha/code/.codex-worktrees/DEXTRAH/franka-cube-traj-tracking/worklogs/franka-cube-grasp-prior/reward_success_comparison_20260612/training_curves.csv
Tracking loss,276,4321.598388671875,3330.9053724124497,2445.697998046875,10973.5361328125,5,/home/lzha/code/.codex-worktrees/DEXTRAH/franka-cube-traj-tracking/worklogs/franka-cube-grasp-prior/reward_success_comparison_20260612/training_curves.csv
Tracking loss,277,4361.154443359375,3415.002930464006,2440.39697265625,11179.255859375,5,/home/lzha/code/.codex-worktrees/DEXTRAH/franka-cube-traj-tracking/worklogs/franka-cube-grasp-prior/reward_success_comparison_20260612/training_curves.csv
Tracking loss,278,4344.04169921875,3353.3687217849415,2442.84228515625,11039.390625,5,/home/lzha/code/.codex-worktrees/DEXTRAH/franka-cube-traj-tracking/worklogs/franka-cube-grasp-prior/reward_success_comparison_20260612/training_curves.csv
Tracking loss,279,4336.656689453125,3367.5400279832384,2429.49267578125,11061.4296875,5,/home/lzha/code/.codex-worktrees/DEXTRAH/franka-cube-traj-tracking/worklogs/franka-cube-grasp-prior/reward_success_comparison_20260612/training_curves.csv
Tracking loss,280,4316.706884765625,3298.7145647210573,2438.709716796875,10901.638671875,5,/home/lzha/code/.codex-worktrees/DEXTRAH/franka-cube-traj-tracking/worklogs/franka-cube-grasp-prior/reward_success_comparison_20260612/training_curves.csv
Tracking loss,281,4412.75078125,3509.641853406454,2477.998779296875,11420.2392578125,5,/home/lzha/code/.codex-worktrees/DEXTRAH/franka-cube-traj-tracking/worklogs/franka-cube-grasp-prior/reward_success_comparison_20260612/training_curves.csv
Tracking loss,282,4308.513818359375,3332.2664182071344,2329.41015625,10955.236328125,5,/home/lzha/code/.codex-worktrees/DEXTRAH/franka-cube-traj-tracking/worklogs/franka-cube-grasp-prior/reward_success_comparison_20260612/training_curves.csv
Tracking loss,283,4397.75107421875,3360.300899723679,2451.97607421875,11100.6123046875,5,/home/lzha/code/.codex-worktrees/DEXTRAH/franka-cube-traj-tracking/worklogs/franka-cube-grasp-prior/reward_success_comparison_20260612/training_curves.csv
Tracking loss,284,4437.4994140625,3507.975905119435,2445.263916015625,11435.5947265625,5,/home/lzha/code/.codex-worktrees/DEXTRAH/franka-cube-traj-tracking/worklogs/franka-cube-grasp-prior/reward_success_comparison_20260612/training_curves.csv
Tracking loss,285,4398.958740234375,3527.0223908276403,2438.49462890625,11438.748046875,5,/home/lzha/code/.codex-worktrees/DEXTRAH/franka-cube-traj-tracking/worklogs/franka-cube-grasp-prior/reward_success_comparison_20260612/training_curves.csv
Tracking loss,286,4461.238330078125,3547.6502783657315,2427.25537109375,11545.9482421875,5,/home/lzha/code/.codex-worktrees/DEXTRAH/franka-cube-traj-tracking/worklogs/franka-cube-grasp-prior/reward_success_comparison_20260612/training_curves.csv
Tracking loss,287,4492.251025390625,3617.216198260444,2410.15869140625,11715.982421875,5,/home/lzha/code/.codex-worktrees/DEXTRAH/franka-cube-traj-tracking/worklogs/franka-cube-grasp-prior/reward_success_comparison_20260612/training_curves.csv
Tracking loss,288,4427.246044921875,3512.7041348971425,2406.39111328125,11441.607421875,5,/home/lzha/code/.codex-worktrees/DEXTRAH/franka-cube-traj-tracking/worklogs/franka-cube-grasp-prior/reward_success_comparison_20260612/training_curves.csv
Tracking loss,289,4430.960986328125,3483.2235415239857,2402.43798828125,11383.154296875,5,/home/lzha/code/.codex-worktrees/DEXTRAH/franka-cube-traj-tracking/worklogs/franka-cube-grasp-prior/reward_success_comparison_20260612/training_curves.csv
Tracking loss,290,4471.11728515625,3520.7682038949984,2512.59765625,11498.380859375,5,/home/lzha/code/.codex-worktrees/DEXTRAH/franka-cube-traj-tracking/worklogs/franka-cube-grasp-prior/reward_success_comparison_20260612/training_curves.csv
Tracking loss,291,4388.5689453125,3564.7290012246117,2364.1748046875,11500.53125,5,/home/lzha/code/.codex-worktrees/DEXTRAH/franka-cube-traj-tracking/worklogs/franka-cube-grasp-prior/reward_success_comparison_20260612/training_curves.csv
Tracking loss,292,4405.609130859375,3482.407588977721,2450.642333984375,11355.314453125,5,/home/lzha/code/.codex-worktrees/DEXTRAH/franka-cube-traj-tracking/worklogs/franka-cube-grasp-prior/reward_success_comparison_20260612/training_curves.csv
Tracking loss,293,4426.650244140625,3617.9031126713603,2434.39404296875,11646.4560546875,5,/home/lzha/code/.codex-worktrees/DEXTRAH/franka-cube-traj-tracking/worklogs/franka-cube-grasp-prior/reward_success_comparison_20260612/training_curves.csv
Tracking loss,294,4292.258203125,3378.6177109790415,2322.662353515625,11033.8984375,5,/home/lzha/code/.codex-worktrees/DEXTRAH/franka-cube-traj-tracking/worklogs/franka-cube-grasp-prior/reward_success_comparison_20260612/training_curves.csv
Tracking loss,295,4272.666357421875,3276.0997592243903,2472.05322265625,10810.2880859375,5,/home/lzha/code/.codex-worktrees/DEXTRAH/franka-cube-traj-tracking/worklogs/franka-cube-grasp-prior/reward_success_comparison_20260612/training_curves.csv
Tracking loss,296,4280.7322265625,3318.778118460392,2443.823486328125,10906.935546875,5,/home/lzha/code/.codex-worktrees/DEXTRAH/franka-cube-traj-tracking/worklogs/franka-cube-grasp-prior/reward_success_comparison_20260612/training_curves.csv
Tracking loss,297,4323.655029296875,3379.4677876265177,2456.57861328125,11072.7919921875,5,/home/lzha/code/.codex-worktrees/DEXTRAH/franka-cube-traj-tracking/worklogs/franka-cube-grasp-prior/reward_success_comparison_20260612/training_curves.csv
Tracking loss,298,4314.877734375,3409.3997882988056,2325.564208984375,11113.7880859375,5,/home/lzha/code/.codex-worktrees/DEXTRAH/franka-cube-traj-tracking/worklogs/franka-cube-grasp-prior/reward_success_comparison_20260612/training_curves.csv
Tracking loss,299,4362.69814453125,3395.4586079236615,2355.894775390625,11130.515625,5,/home/lzha/code/.codex-worktrees/DEXTRAH/franka-cube-traj-tracking/worklogs/franka-cube-grasp-prior/reward_success_comparison_20260612/training_curves.csv
Tracking loss,300,4368.018505859375,3487.0398402282717,2340.2177734375,11327.2470703125,5,/home/lzha/code/.codex-worktrees/DEXTRAH/franka-cube-traj-tracking/worklogs/franka-cube-grasp-prior/reward_success_comparison_20260612/training_curves.csv
Tracking loss,301,4369.49423828125,3416.868283345678,2409.2646484375,11188.484375,5,/home/lzha/code/.codex-worktrees/DEXTRAH/franka-cube-traj-tracking/worklogs/franka-cube-grasp-prior/reward_success_comparison_20260612/training_curves.csv
Tracking loss,302,4428.872705078125,3575.3334414863057,2395.822021484375,11562.955078125,5,/home/lzha/code/.codex-worktrees/DEXTRAH/franka-cube-traj-tracking/worklogs/franka-cube-grasp-prior/reward_success_comparison_20260612/training_curves.csv
Tracking loss,303,4468.101171875,3543.0999070790854,2512.13427734375,11537.8818359375,5,/home/lzha/code/.codex-worktrees/DEXTRAH/franka-cube-traj-tracking/worklogs/franka-cube-grasp-prior/reward_success_comparison_20260612/training_curves.csv
Tracking loss,304,4428.23212890625,3458.524673026716,2471.07666015625,11326.36328125,5,/home/lzha/code/.codex-worktrees/DEXTRAH/franka-cube-traj-tracking/worklogs/franka-cube-grasp-prior/reward_success_comparison_20260612/training_curves.csv
Tracking loss,305,4536.68681640625,3533.048720289075,2513.759521484375,11590.5810546875,5,/home/lzha/code/.codex-worktrees/DEXTRAH/franka-cube-traj-tracking/worklogs/franka-cube-grasp-prior/reward_success_comparison_20260612/training_curves.csv
Tracking loss,306,4527.171337890625,3475.840436142468,2492.581298828125,11465.203125,5,/home/lzha/code/.codex-worktrees/DEXTRAH/franka-cube-traj-tracking/worklogs/franka-cube-grasp-prior/reward_success_comparison_20260612/training_curves.csv
Tracking loss,307,4647.5345703125,3645.750428798422,2486.256591796875,11920.2724609375,5,/home/lzha/code/.codex-worktrees/DEXTRAH/franka-cube-traj-tracking/worklogs/franka-cube-grasp-prior/reward_success_comparison_20260612/training_curves.csv
Tracking loss,308,4586.18544921875,3721.6212748074076,2440.994384765625,12012.412109375,5,/home/lzha/code/.codex-worktrees/DEXTRAH/franka-cube-traj-tracking/worklogs/franka-cube-grasp-prior/reward_success_comparison_20260612/training_curves.csv
Tracking loss,309,4691.60390625,3756.7571274299744,2395.749267578125,12183.3857421875,5,/home/lzha/code/.codex-worktrees/DEXTRAH/franka-cube-traj-tracking/worklogs/franka-cube-grasp-prior/reward_success_comparison_20260612/training_curves.csv
Tracking loss,310,4652.532177734375,3595.871768644118,2406.98486328125,11816.408203125,5,/home/lzha/code/.codex-worktrees/DEXTRAH/franka-cube-traj-tracking/worklogs/franka-cube-grasp-prior/reward_success_comparison_20260612/training_curves.csv
Tracking loss,311,4701.03544921875,3700.5655703955617,2470.19482421875,12075.4609375,5,/home/lzha/code/.codex-worktrees/DEXTRAH/franka-cube-traj-tracking/worklogs/franka-cube-grasp-prior/reward_success_comparison_20260612/training_curves.csv
Tracking loss,312,4701.1802734375,3742.1005526126123,2294.328857421875,12140.8681640625,5,/home/lzha/code/.codex-worktrees/DEXTRAH/franka-cube-traj-tracking/worklogs/franka-cube-grasp-prior/reward_success_comparison_20260612/training_curves.csv
Tracking loss,313,4775.8486328125,3841.656920393498,2353.012939453125,12416.544921875,5,/home/lzha/code/.codex-worktrees/DEXTRAH/franka-cube-traj-tracking/worklogs/franka-cube-grasp-prior/reward_success_comparison_20260612/training_curves.csv
Tracking loss,314,4781.20751953125,3646.6374391996223,2324.994384765625,12019.2451171875,5,/home/lzha/code/.codex-worktrees/DEXTRAH/franka-cube-traj-tracking/worklogs/franka-cube-grasp-prior/reward_success_comparison_20260612/training_curves.csv
Tracking loss,315,4871.64794921875,3684.7402809930877,2372.27392578125,12157.232421875,5,/home/lzha/code/.codex-worktrees/DEXTRAH/franka-cube-traj-tracking/worklogs/franka-cube-grasp-prior/reward_success_comparison_20260612/training_curves.csv
Tracking loss,316,4853.46865234375,3562.462528975337,2419.186279296875,11888.16015625,5,/home/lzha/code/.codex-worktrees/DEXTRAH/franka-cube-traj-tracking/worklogs/franka-cube-grasp-prior/reward_success_comparison_20260612/training_curves.csv
Tracking loss,317,4863.841748046875,3687.278316104149,2359.4814453125,12158.107421875,5,/home/lzha/code/.codex-worktrees/DEXTRAH/franka-cube-traj-tracking/worklogs/franka-cube-grasp-prior/reward_success_comparison_20260612/training_curves.csv
Tracking loss,318,4894.161767578125,3617.482708962227,2397.127685546875,12006.765625,5,/home/lzha/code/.codex-worktrees/DEXTRAH/franka-cube-traj-tracking/worklogs/franka-cube-grasp-prior/reward_success_comparison_20260612/training_curves.csv
Tracking loss,319,4913.753759765625,3533.344524814099,2228.759521484375,11692.5888671875,5,/home/lzha/code/.codex-worktrees/DEXTRAH/franka-cube-traj-tracking/worklogs/franka-cube-grasp-prior/reward_success_comparison_20260612/training_curves.csv
Tracking loss,320,4956.7744140625,3636.140503500914,2302.02392578125,12011.0107421875,5,/home/lzha/code/.codex-worktrees/DEXTRAH/franka-cube-traj-tracking/worklogs/franka-cube-grasp-prior/reward_success_comparison_20260612/training_curves.csv
Tracking loss,321,5133.258544921875,3726.3322297701548,2311.49560546875,12224.6767578125,5,/home/lzha/code/.codex-worktrees/DEXTRAH/franka-cube-traj-tracking/worklogs/franka-cube-grasp-prior/reward_success_comparison_20260612/training_curves.csv
Tracking loss,322,5153.715478515625,3747.9627431609097,2242.541748046875,12261.3876953125,5,/home/lzha/code/.codex-worktrees/DEXTRAH/franka-cube-traj-tracking/worklogs/franka-cube-grasp-prior/reward_success_comparison_20260612/training_curves.csv
Tracking loss,323,5203.951611328125,3789.952002338366,2237.210693359375,12393.9599609375,5,/home/lzha/code/.codex-worktrees/DEXTRAH/franka-cube-traj-tracking/worklogs/franka-cube-grasp-prior/reward_success_comparison_20260612/training_curves.csv
Tracking loss,324,5172.657568359375,3681.429192840717,2299.46044921875,12129.6455078125,5,/home/lzha/code/.codex-worktrees/DEXTRAH/franka-cube-traj-tracking/worklogs/franka-cube-grasp-prior/reward_success_comparison_20260612/training_curves.csv
Tracking loss,325,5189.445849609375,3721.466064480801,2266.798828125,12251.41015625,5,/home/lzha/code/.codex-worktrees/DEXTRAH/franka-cube-traj-tracking/worklogs/franka-cube-grasp-prior/reward_success_comparison_20260612/training_curves.csv
Tracking loss,326,5269.729150390625,3662.8428395560277,2225.9873046875,11959.0537109375,5,/home/lzha/code/.codex-worktrees/DEXTRAH/franka-cube-traj-tracking/worklogs/franka-cube-grasp-prior/reward_success_comparison_20260612/training_curves.csv
Tracking loss,327,5409.148193359375,3735.449613042686,2214.593017578125,12052.0068359375,5,/home/lzha/code/.codex-worktrees/DEXTRAH/franka-cube-traj-tracking/worklogs/franka-cube-grasp-prior/reward_success_comparison_20260612/training_curves.csv
Tracking loss,328,5456.54501953125,3894.584635367455,2181.46484375,12474.6923828125,5,/home/lzha/code/.codex-worktrees/DEXTRAH/franka-cube-traj-tracking/worklogs/franka-cube-grasp-prior/reward_success_comparison_20260612/training_curves.csv
Tracking loss,329,5561.292578125,3905.7737332265965,2255.404052734375,12414.9892578125,5,/home/lzha/code/.codex-worktrees/DEXTRAH/franka-cube-traj-tracking/worklogs/franka-cube-grasp-prior/reward_success_comparison_20260612/training_curves.csv
Tracking loss,330,5518.75791015625,3888.8027129574807,2219.99658203125,12358.5537109375,5,/home/lzha/code/.codex-worktrees/DEXTRAH/franka-cube-traj-tracking/worklogs/franka-cube-grasp-prior/reward_success_comparison_20260612/training_curves.csv
Tracking loss,331,5641.42470703125,3995.488791855597,2218.0830078125,12580.376953125,5,/home/lzha/code/.codex-worktrees/DEXTRAH/franka-cube-traj-tracking/worklogs/franka-cube-grasp-prior/reward_success_comparison_20260612/training_curves.csv
Tracking loss,332,5607.402001953125,3945.331192895114,2194.5341796875,12510.18359375,5,/home/lzha/code/.codex-worktrees/DEXTRAH/franka-cube-traj-tracking/worklogs/franka-cube-grasp-prior/reward_success_comparison_20260612/training_curves.csv
Tracking loss,333,5534.223583984375,3813.3466648122035,2156.42578125,12073.7783203125,5,/home/lzha/code/.codex-worktrees/DEXTRAH/franka-cube-traj-tracking/worklogs/franka-cube-grasp-prior/reward_success_comparison_20260612/training_curves.csv
Tracking loss,334,5602.195263671875,3875.79923982695,2228.1279296875,12173.6513671875,5,/home/lzha/code/.codex-worktrees/DEXTRAH/franka-cube-traj-tracking/worklogs/franka-cube-grasp-prior/reward_success_comparison_20260612/training_curves.csv
Tracking loss,335,5698.50966796875,3927.1375485747003,2253.49853515625,12243.0869140625,5,/home/lzha/code/.codex-worktrees/DEXTRAH/franka-cube-traj-tracking/worklogs/franka-cube-grasp-prior/reward_success_comparison_20260612/training_curves.csv
Tracking loss,336,5710.510205078125,4000.977143900245,2179.27587890625,12504.421875,5,/home/lzha/code/.codex-worktrees/DEXTRAH/franka-cube-traj-tracking/worklogs/franka-cube-grasp-prior/reward_success_comparison_20260612/training_curves.csv
Tracking loss,337,5884.58935546875,4100.430783502498,2249.76708984375,12701.921875,5,/home/lzha/code/.codex-worktrees/DEXTRAH/franka-cube-traj-tracking/worklogs/franka-cube-grasp-prior/reward_success_comparison_20260612/training_curves.csv
Tracking loss,338,5713.54609375,3937.3146010284863,2231.874267578125,12151.7587890625,5,/home/lzha/code/.codex-worktrees/DEXTRAH/franka-cube-traj-tracking/worklogs/franka-cube-grasp-prior/reward_success_comparison_20260612/training_curves.csv
Tracking loss,339,5813.3607421875,4099.291636223522,2154.3720703125,12539.142578125,5,/home/lzha/code/.codex-worktrees/DEXTRAH/franka-cube-traj-tracking/worklogs/franka-cube-grasp-prior/reward_success_comparison_20260612/training_curves.csv
Tracking loss,340,5871.17724609375,4111.794812036903,2223.775634765625,12516.9072265625,5,/home/lzha/code/.codex-worktrees/DEXTRAH/franka-cube-traj-tracking/worklogs/franka-cube-grasp-prior/reward_success_comparison_20260612/training_curves.csv
Tracking loss,341,5822.087841796875,4075.260922759698,2230.725341796875,12274.642578125,5,/home/lzha/code/.codex-worktrees/DEXTRAH/franka-cube-traj-tracking/worklogs/franka-cube-grasp-prior/reward_success_comparison_20260612/training_curves.csv
Tracking loss,342,5833.437109375,4137.464172159705,2248.894287109375,12627.0673828125,5,/home/lzha/code/.codex-worktrees/DEXTRAH/franka-cube-traj-tracking/worklogs/franka-cube-grasp-prior/reward_success_comparison_20260612/training_curves.csv
Tracking loss,343,5850.24912109375,4091.1380344507966,2201.5869140625,12332.5107421875,5,/home/lzha/code/.codex-worktrees/DEXTRAH/franka-cube-traj-tracking/worklogs/franka-cube-grasp-prior/reward_success_comparison_20260612/training_curves.csv
Tracking loss,344,5928.937841796875,4129.528392066057,2216.89501953125,12412.98828125,5,/home/lzha/code/.codex-worktrees/DEXTRAH/franka-cube-traj-tracking/worklogs/franka-cube-grasp-prior/reward_success_comparison_20260612/training_curves.csv
Tracking loss,345,5869.680224609375,4100.144866393334,2091.580810546875,12209.2919921875,5,/home/lzha/code/.codex-worktrees/DEXTRAH/franka-cube-traj-tracking/worklogs/franka-cube-grasp-prior/reward_success_comparison_20260612/training_curves.csv
Tracking loss,346,5922.4029296875,4180.377679625546,2146.833984375,12478.380859375,5,/home/lzha/code/.codex-worktrees/DEXTRAH/franka-cube-traj-tracking/worklogs/franka-cube-grasp-prior/reward_success_comparison_20260612/training_curves.csv
Tracking loss,347,5970.942822265625,4223.106184753157,2188.6240234375,12357.751953125,5,/home/lzha/code/.codex-worktrees/DEXTRAH/franka-cube-traj-tracking/worklogs/franka-cube-grasp-prior/reward_success_comparison_20260612/training_curves.csv
Tracking loss,348,5950.292236328125,4319.434615497653,2089.88330078125,12719.1982421875,5,/home/lzha/code/.codex-worktrees/DEXTRAH/franka-cube-traj-tracking/worklogs/franka-cube-grasp-prior/reward_success_comparison_20260612/training_curves.csv
Tracking loss,349,5921.36259765625,4233.446450346192,2147.233154296875,12733.4658203125,5,/home/lzha/code/.codex-worktrees/DEXTRAH/franka-cube-traj-tracking/worklogs/franka-cube-grasp-prior/reward_success_comparison_20260612/training_curves.csv
Tracking loss,350,6037.82734375,4347.772949588634,2090.363037109375,12682.9580078125,5,/home/lzha/code/.codex-worktrees/DEXTRAH/franka-cube-traj-tracking/worklogs/franka-cube-grasp-prior/reward_success_comparison_20260612/training_curves.csv
Tracking loss,351,5960.7009765625,4266.042941688999,2093.0205078125,12504.232421875,5,/home/lzha/code/.codex-worktrees/DEXTRAH/franka-cube-traj-tracking/worklogs/franka-cube-grasp-prior/reward_success_comparison_20260612/training_curves.csv
Tracking loss,352,6057.5810546875,4337.848121196877,2129.74169921875,12612.80859375,5,/home/lzha/code/.codex-worktrees/DEXTRAH/franka-cube-traj-tracking/worklogs/franka-cube-grasp-prior/reward_success_comparison_20260612/training_curves.csv
Tracking loss,353,6175.4568359375,4452.134745672784,2134.205810546875,12781.0576171875,5,/home/lzha/code/.codex-worktrees/DEXTRAH/franka-cube-traj-tracking/worklogs/franka-cube-grasp-prior/reward_success_comparison_20260612/training_curves.csv
Tracking loss,354,6150.34453125,4352.295351380597,2150.747802734375,12491.404296875,5,/home/lzha/code/.codex-worktrees/DEXTRAH/franka-cube-traj-tracking/worklogs/franka-cube-grasp-prior/reward_success_comparison_20260612/training_curves.csv
Tracking loss,355,6127.10693359375,4350.430230801477,2093.770751953125,12455.658203125,5,/home/lzha/code/.codex-worktrees/DEXTRAH/franka-cube-traj-tracking/worklogs/franka-cube-grasp-prior/reward_success_comparison_20260612/training_curves.csv
Tracking loss,356,6151.2310546875,4387.057877226614,2106.2822265625,12417.1630859375,5,/home/lzha/code/.codex-worktrees/DEXTRAH/franka-cube-traj-tracking/worklogs/franka-cube-grasp-prior/reward_success_comparison_20260612/training_curves.csv
Tracking loss,357,6122.181396484375,4376.906046996177,2127.83544921875,12399.341796875,5,/home/lzha/code/.codex-worktrees/DEXTRAH/franka-cube-traj-tracking/worklogs/franka-cube-grasp-prior/reward_success_comparison_20260612/training_curves.csv
Tracking loss,358,6107.363525390625,4380.379731923226,2048.09765625,12413.9931640625,5,/home/lzha/code/.codex-worktrees/DEXTRAH/franka-cube-traj-tracking/worklogs/franka-cube-grasp-prior/reward_success_comparison_20260612/training_curves.csv
Tracking loss,359,6159.9048828125,4415.997281025,2152.918212890625,12704.0361328125,5,/home/lzha/code/.codex-worktrees/DEXTRAH/franka-cube-traj-tracking/worklogs/franka-cube-grasp-prior/reward_success_comparison_20260612/training_curves.csv
Tracking loss,360,6224.65966796875,4465.8150779611,2095.355224609375,12752.7958984375,5,/home/lzha/code/.codex-worktrees/DEXTRAH/franka-cube-traj-tracking/worklogs/franka-cube-grasp-prior/reward_success_comparison_20260612/training_curves.csv
Tracking loss,361,6165.1302734375,4389.176780770066,2102.1650390625,12565.4501953125,5,/home/lzha/code/.codex-worktrees/DEXTRAH/franka-cube-traj-tracking/worklogs/franka-cube-grasp-prior/reward_success_comparison_20260612/training_curves.csv
Tracking loss,362,6124.03056640625,4392.531479615658,2046.299072265625,12396.9775390625,5,/home/lzha/code/.codex-worktrees/DEXTRAH/franka-cube-traj-tracking/worklogs/franka-cube-grasp-prior/reward_success_comparison_20260612/training_curves.csv
Tracking loss,363,6158.852783203125,4501.648326787109,2072.01611328125,12703.7587890625,5,/home/lzha/code/.codex-worktrees/DEXTRAH/franka-cube-traj-tracking/worklogs/franka-cube-grasp-prior/reward_success_comparison_20260612/training_curves.csv
Tracking loss,364,6231.392578125,4448.525688893412,2096.43994140625,12803.6982421875,5,/home/lzha/code/.codex-worktrees/DEXTRAH/franka-cube-traj-tracking/worklogs/franka-cube-grasp-prior/reward_success_comparison_20260612/training_curves.csv
Tracking loss,365,6201.708984375,4448.401884771922,2111.1015625,12597.64453125,5,/home/lzha/code/.codex-worktrees/DEXTRAH/franka-cube-traj-tracking/worklogs/franka-cube-grasp-prior/reward_success_comparison_20260612/training_curves.csv
Tracking loss,366,6204.773681640625,4494.952603203566,2070.132080078125,12748.5361328125,5,/home/lzha/code/.codex-worktrees/DEXTRAH/franka-cube-traj-tracking/worklogs/franka-cube-grasp-prior/reward_success_comparison_20260612/training_curves.csv
Tracking loss,367,6162.444775390625,4446.441283850154,2119.23828125,12656.353515625,5,/home/lzha/code/.codex-worktrees/DEXTRAH/franka-cube-traj-tracking/worklogs/franka-cube-grasp-prior/reward_success_comparison_20260612/training_curves.csv
Tracking loss,368,6167.672998046875,4531.206798571406,2034.7685546875,12726.5888671875,5,/home/lzha/code/.codex-worktrees/DEXTRAH/franka-cube-traj-tracking/worklogs/franka-cube-grasp-prior/reward_success_comparison_20260612/training_curves.csv
Tracking loss,369,6046.037744140625,4322.5542545480985,2003.3388671875,12172.5048828125,5,/home/lzha/code/.codex-worktrees/DEXTRAH/franka-cube-traj-tracking/worklogs/franka-cube-grasp-prior/reward_success_comparison_20260612/training_curves.csv
Tracking loss,370,6135.634985351562,4374.993603609596,2039.8050537109375,12125.044921875,5,/home/lzha/code/.codex-worktrees/DEXTRAH/franka-cube-traj-tracking/worklogs/franka-cube-grasp-prior/reward_success_comparison_20260612/training_curves.csv
Tracking loss,371,6240.352099609375,4505.571372000903,2076.302490234375,12586.0537109375,5,/home/lzha/code/.codex-worktrees/DEXTRAH/franka-cube-traj-tracking/worklogs/franka-cube-grasp-prior/reward_success_comparison_20260612/training_curves.csv
Tracking loss,372,6153.73486328125,4428.502750754732,2044.56201171875,12519.4736328125,5,/home/lzha/code/.codex-worktrees/DEXTRAH/franka-cube-traj-tracking/worklogs/franka-cube-grasp-prior/reward_success_comparison_20260612/training_curves.csv
Tracking loss,373,6186.4875,4533.549615741129,2048.6513671875,12930.748046875,5,/home/lzha/code/.codex-worktrees/DEXTRAH/franka-cube-traj-tracking/worklogs/franka-cube-grasp-prior/reward_success_comparison_20260612/training_curves.csv
Tracking loss,374,6093.687744140625,4385.872769934304,2072.1015625,12433.46484375,5,/home/lzha/code/.codex-worktrees/DEXTRAH/franka-cube-traj-tracking/worklogs/franka-cube-grasp-prior/reward_success_comparison_20260612/training_curves.csv
Tracking loss,375,6234.418969726563,4586.085963044836,1983.4149169921875,12644.4462890625,5,/home/lzha/code/.codex-worktrees/DEXTRAH/franka-cube-traj-tracking/worklogs/franka-cube-grasp-prior/reward_success_comparison_20260612/training_curves.csv
Tracking loss,376,6156.193334960937,4435.135628151406,2018.2003173828125,12480.2294921875,5,/home/lzha/code/.codex-worktrees/DEXTRAH/franka-cube-traj-tracking/worklogs/franka-cube-grasp-prior/reward_success_comparison_20260612/training_curves.csv
Tracking loss,377,6224.996337890625,4511.882889410385,2043.688720703125,12628.7060546875,5,/home/lzha/code/.codex-worktrees/DEXTRAH/franka-cube-traj-tracking/worklogs/franka-cube-grasp-prior/reward_success_comparison_20260612/training_curves.csv
Tracking loss,378,6306.3709716796875,4656.674162969273,1944.2271728515625,12978.9130859375,5,/home/lzha/code/.codex-worktrees/DEXTRAH/franka-cube-traj-tracking/worklogs/franka-cube-grasp-prior/reward_success_comparison_20260612/training_curves.csv
Tracking loss,379,6201.927978515625,4544.795133137673,2071.313720703125,12848.6845703125,5,/home/lzha/code/.codex-worktrees/DEXTRAH/franka-cube-traj-tracking/worklogs/franka-cube-grasp-prior/reward_success_comparison_20260612/training_curves.csv
Tracking loss,380,6173.295874023437,4510.467246744833,2001.7181396484375,12585.130859375,5,/home/lzha/code/.codex-worktrees/DEXTRAH/franka-cube-traj-tracking/worklogs/franka-cube-grasp-prior/reward_success_comparison_20260612/training_curves.csv
Tracking loss,381,6333.121875,4669.425574183195,2029.498046875,12812.3798828125,5,/home/lzha/code/.codex-worktrees/DEXTRAH/franka-cube-traj-tracking/worklogs/franka-cube-grasp-prior/reward_success_comparison_20260612/training_curves.csv
Tracking loss,382,6155.17314453125,4469.234280373783,2041.794189453125,12408.33203125,5,/home/lzha/code/.codex-worktrees/DEXTRAH/franka-cube-traj-tracking/worklogs/franka-cube-grasp-prior/reward_success_comparison_20260612/training_curves.csv
Tracking loss,383,6318.290478515625,4587.290194732059,2121.279541015625,12665.5517578125,5,/home/lzha/code/.codex-worktrees/DEXTRAH/franka-cube-traj-tracking/worklogs/franka-cube-grasp-prior/reward_success_comparison_20260612/training_curves.csv
Tracking loss,384,6284.894677734375,4575.3732699372185,2106.170654296875,12765.7744140625,5,/home/lzha/code/.codex-worktrees/DEXTRAH/franka-cube-traj-tracking/worklogs/franka-cube-grasp-prior/reward_success_comparison_20260612/training_curves.csv
Tracking loss,385,6117.750537109375,4437.540304551403,2019.437744140625,12320.0185546875,5,/home/lzha/code/.codex-worktrees/DEXTRAH/franka-cube-traj-tracking/worklogs/franka-cube-grasp-prior/reward_success_comparison_20260612/training_curves.csv
Tracking loss,386,6148.8744140625,4408.129627698453,2128.4013671875,12507.955078125,5,/home/lzha/code/.codex-worktrees/DEXTRAH/franka-cube-traj-tracking/worklogs/franka-cube-grasp-prior/reward_success_comparison_20260612/training_curves.csv
Tracking loss,387,6130.454248046875,4366.828526064538,2152.25537109375,12154.533203125,5,/home/lzha/code/.codex-worktrees/DEXTRAH/franka-cube-traj-tracking/worklogs/franka-cube-grasp-prior/reward_success_comparison_20260612/training_curves.csv
Tracking loss,388,6203.43984375,4446.566750028601,2223.469482421875,12729.8837890625,5,/home/lzha/code/.codex-worktrees/DEXTRAH/franka-cube-traj-tracking/worklogs/franka-cube-grasp-prior/reward_success_comparison_20260612/training_curves.csv
Tracking loss,389,6357.066015625,4610.853432788278,2198.271728515625,12961.0234375,5,/home/lzha/code/.codex-worktrees/DEXTRAH/franka-cube-traj-tracking/worklogs/franka-cube-grasp-prior/reward_success_comparison_20260612/training_curves.csv
Tracking loss,390,6355.145556640625,4665.238007115134,2091.741455078125,12828.1376953125,5,/home/lzha/code/.codex-worktrees/DEXTRAH/franka-cube-traj-tracking/worklogs/franka-cube-grasp-prior/reward_success_comparison_20260612/training_curves.csv
Tracking loss,391,6328.064404296875,4629.095576942018,2107.9287109375,12799.8056640625,5,/home/lzha/code/.codex-worktrees/DEXTRAH/franka-cube-traj-tracking/worklogs/franka-cube-grasp-prior/reward_success_comparison_20260612/training_curves.csv
Tracking loss,392,6265.050048828125,4498.346920601199,2229.60107421875,12382.0947265625,5,/home/lzha/code/.codex-worktrees/DEXTRAH/franka-cube-traj-tracking/worklogs/franka-cube-grasp-prior/reward_success_comparison_20260612/training_curves.csv
Tracking loss,393,6334.20283203125,4580.035325087398,2245.614990234375,12743.9345703125,5,/home/lzha/code/.codex-worktrees/DEXTRAH/franka-cube-traj-tracking/worklogs/franka-cube-grasp-prior/reward_success_comparison_20260612/training_curves.csv
Tracking loss,394,6409.2576171875,4723.3063882723945,2235.583984375,12902.546875,5,/home/lzha/code/.codex-worktrees/DEXTRAH/franka-cube-traj-tracking/worklogs/franka-cube-grasp-prior/reward_success_comparison_20260612/training_curves.csv
Tracking loss,395,6389.411767578125,4667.349332513762,2188.18408203125,12744.0595703125,5,/home/lzha/code/.codex-worktrees/DEXTRAH/franka-cube-traj-tracking/worklogs/franka-cube-grasp-prior/reward_success_comparison_20260612/training_curves.csv
Tracking loss,396,6432.203076171875,4713.591109545555,2260.062255859375,12961.529296875,5,/home/lzha/code/.codex-worktrees/DEXTRAH/franka-cube-traj-tracking/worklogs/franka-cube-grasp-prior/reward_success_comparison_20260612/training_curves.csv
Tracking loss,397,6342.927099609375,4623.71908374882,2310.308349609375,12807.0009765625,5,/home/lzha/code/.codex-worktrees/DEXTRAH/franka-cube-traj-tracking/worklogs/franka-cube-grasp-prior/reward_success_comparison_20260612/training_curves.csv
Tracking loss,398,6405.84619140625,4663.300404761474,2271.84228515625,12934.53125,5,/home/lzha/code/.codex-worktrees/DEXTRAH/franka-cube-traj-tracking/worklogs/franka-cube-grasp-prior/reward_success_comparison_20260612/training_curves.csv
Tracking loss,399,6420.9970703125,4652.807472445982,2306.26220703125,13051.263671875,5,/home/lzha/code/.codex-worktrees/DEXTRAH/franka-cube-traj-tracking/worklogs/franka-cube-grasp-prior/reward_success_comparison_20260612/training_curves.csv
Tracking loss,400,6384.670166015625,4583.945357904039,2344.264404296875,12765.71875,5,/home/lzha/code/.codex-worktrees/DEXTRAH/franka-cube-traj-tracking/worklogs/franka-cube-grasp-prior/reward_success_comparison_20260612/training_curves.csv
Tracking loss,401,6368.40478515625,4578.148280024372,2318.8984375,12601.923828125,5,/home/lzha/code/.codex-worktrees/DEXTRAH/franka-cube-traj-tracking/worklogs/franka-cube-grasp-prior/reward_success_comparison_20260612/training_curves.csv
Tracking loss,402,6446.1298828125,4653.74677565602,2437.08740234375,12755.134765625,5,/home/lzha/code/.codex-worktrees/DEXTRAH/franka-cube-traj-tracking/worklogs/franka-cube-grasp-prior/reward_success_comparison_20260612/training_curves.csv
Tracking loss,403,6364.124072265625,4613.746992621591,2277.471435546875,12635.99609375,5,/home/lzha/code/.codex-worktrees/DEXTRAH/franka-cube-traj-tracking/worklogs/franka-cube-grasp-prior/reward_success_comparison_20260612/training_curves.csv
Tracking loss,404,6423.167626953125,4631.000326774592,2425.86865234375,12820.140625,5,/home/lzha/code/.codex-worktrees/DEXTRAH/franka-cube-traj-tracking/worklogs/franka-cube-grasp-prior/reward_success_comparison_20260612/training_curves.csv
Tracking loss,405,6422.77470703125,4703.221216550383,2377.8310546875,12970.4521484375,5,/home/lzha/code/.codex-worktrees/DEXTRAH/franka-cube-traj-tracking/worklogs/franka-cube-grasp-prior/reward_success_comparison_20260612/training_curves.csv
Tracking loss,406,6397.61845703125,4610.814563894825,2394.5986328125,12964.419921875,5,/home/lzha/code/.codex-worktrees/DEXTRAH/franka-cube-traj-tracking/worklogs/franka-cube-grasp-prior/reward_success_comparison_20260612/training_curves.csv
Tracking loss,407,6519.651025390625,4723.062305683636,2398.207763671875,13020.810546875,5,/home/lzha/code/.codex-worktrees/DEXTRAH/franka-cube-traj-tracking/worklogs/franka-cube-grasp-prior/reward_success_comparison_20260612/training_curves.csv
Tracking loss,408,6465.384912109375,4703.455397335326,2350.52392578125,13034.861328125,5,/home/lzha/code/.codex-worktrees/DEXTRAH/franka-cube-traj-tracking/worklogs/franka-cube-grasp-prior/reward_success_comparison_20260612/training_curves.csv
Tracking loss,409,6458.456787109375,4618.232650641601,2432.2490234375,12869.8994140625,5,/home/lzha/code/.codex-worktrees/DEXTRAH/franka-cube-traj-tracking/worklogs/franka-cube-grasp-prior/reward_success_comparison_20260612/training_curves.csv
Tracking loss,410,6501.278466796875,4756.606377242472,2397.9990234375,13135.6171875,5,/home/lzha/code/.codex-worktrees/DEXTRAH/franka-cube-traj-tracking/worklogs/franka-cube-grasp-prior/reward_success_comparison_20260612/training_curves.csv
Tracking loss,411,6404.1833984375,4599.445101964954,2465.119384765625,12523.0810546875,5,/home/lzha/code/.codex-worktrees/DEXTRAH/franka-cube-traj-tracking/worklogs/franka-cube-grasp-prior/reward_success_comparison_20260612/training_curves.csv
Tracking loss,412,6564.269091796875,4711.89176375487,2486.4609375,12910.4345703125,5,/home/lzha/code/.codex-worktrees/DEXTRAH/franka-cube-traj-tracking/worklogs/franka-cube-grasp-prior/reward_success_comparison_20260612/training_curves.csv
Tracking loss,413,6554.3828125,4742.822603931805,2481.7744140625,13010.3857421875,5,/home/lzha/code/.codex-worktrees/DEXTRAH/franka-cube-traj-tracking/worklogs/franka-cube-grasp-prior/reward_success_comparison_20260612/training_curves.csv
Tracking loss,414,6487.93056640625,4750.907566415464,2380.37109375,13094.0126953125,5,/home/lzha/code/.codex-worktrees/DEXTRAH/franka-cube-traj-tracking/worklogs/franka-cube-grasp-prior/reward_success_comparison_20260612/training_curves.csv
Tracking loss,415,6311.25048828125,4461.050651725074,2479.078125,12425.6259765625,5,/home/lzha/code/.codex-worktrees/DEXTRAH/franka-cube-traj-tracking/worklogs/franka-cube-grasp-prior/reward_success_comparison_20260612/training_curves.csv
Tracking loss,416,6377.976416015625,4486.647330929124,2524.19189453125,12466.130859375,5,/home/lzha/code/.codex-worktrees/DEXTRAH/franka-cube-traj-tracking/worklogs/franka-cube-grasp-prior/reward_success_comparison_20260612/training_curves.csv
Tracking loss,417,6425.1927734375,4616.450781963028,2476.459716796875,12765.91015625,5,/home/lzha/code/.codex-worktrees/DEXTRAH/franka-cube-traj-tracking/worklogs/franka-cube-grasp-prior/reward_success_comparison_20260612/training_curves.csv
Tracking loss,418,6426.587109375,4663.30562250994,2412.47705078125,12866.90625,5,/home/lzha/code/.codex-worktrees/DEXTRAH/franka-cube-traj-tracking/worklogs/franka-cube-grasp-prior/reward_success_comparison_20260612/training_curves.csv
Tracking loss,419,6449.344384765625,4622.034856742791,2531.2939453125,12613.4462890625,5,/home/lzha/code/.codex-worktrees/DEXTRAH/franka-cube-traj-tracking/worklogs/franka-cube-grasp-prior/reward_success_comparison_20260612/training_curves.csv
Tracking loss,420,6501.31240234375,4705.711516106992,2477.50439453125,12921.7275390625,5,/home/lzha/code/.codex-worktrees/DEXTRAH/franka-cube-traj-tracking/worklogs/franka-cube-grasp-prior/reward_success_comparison_20260612/training_curves.csv
Tracking loss,421,6440.785693359375,4647.331644150529,2474.430908203125,12791.5810546875,5,/home/lzha/code/.codex-worktrees/DEXTRAH/franka-cube-traj-tracking/worklogs/franka-cube-grasp-prior/reward_success_comparison_20260612/training_curves.csv
Tracking loss,422,6469.0259765625,4702.985304815484,2476.565673828125,12919.9345703125,5,/home/lzha/code/.codex-worktrees/DEXTRAH/franka-cube-traj-tracking/worklogs/franka-cube-grasp-prior/reward_success_comparison_20260612/training_curves.csv
Tracking loss,423,6529.14462890625,4684.929369628917,2491.42431640625,12921.90625,5,/home/lzha/code/.codex-worktrees/DEXTRAH/franka-cube-traj-tracking/worklogs/franka-cube-grasp-prior/reward_success_comparison_20260612/training_curves.csv
Tracking loss,424,6537.8775390625,4649.887811267816,2543.6875,12922.169921875,5,/home/lzha/code/.codex-worktrees/DEXTRAH/franka-cube-traj-tracking/worklogs/franka-cube-grasp-prior/reward_success_comparison_20260612/training_curves.csv
Tracking loss,425,6456.794677734375,4658.8569955680205,2469.045166015625,12876.4306640625,5,/home/lzha/code/.codex-worktrees/DEXTRAH/franka-cube-traj-tracking/worklogs/franka-cube-grasp-prior/reward_success_comparison_20260612/training_curves.csv
Tracking loss,426,6532.672021484375,4721.62090002714,2515.00537109375,13095.6142578125,5,/home/lzha/code/.codex-worktrees/DEXTRAH/franka-cube-traj-tracking/worklogs/franka-cube-grasp-prior/reward_success_comparison_20260612/training_curves.csv
Tracking loss,427,6521.657861328125,4677.585518388872,2509.405517578125,13070.916015625,5,/home/lzha/code/.codex-worktrees/DEXTRAH/franka-cube-traj-tracking/worklogs/franka-cube-grasp-prior/reward_success_comparison_20260612/training_curves.csv
Tracking loss,428,6464.28359375,4597.253099316467,2455.46240234375,12826.216796875,5,/home/lzha/code/.codex-worktrees/DEXTRAH/franka-cube-traj-tracking/worklogs/franka-cube-grasp-prior/reward_success_comparison_20260612/training_curves.csv
Tracking loss,429,6510.849267578125,4560.464560739664,2528.91552734375,12726.205078125,5,/home/lzha/code/.codex-worktrees/DEXTRAH/franka-cube-traj-tracking/worklogs/franka-cube-grasp-prior/reward_success_comparison_20260612/training_curves.csv
Tracking loss,430,6548.549267578125,4644.343067956182,2574.22119140625,12904.404296875,5,/home/lzha/code/.codex-worktrees/DEXTRAH/franka-cube-traj-tracking/worklogs/franka-cube-grasp-prior/reward_success_comparison_20260612/training_curves.csv
Tracking loss,431,6532.91162109375,4687.553147012409,2505.6591796875,12866.484375,5,/home/lzha/code/.codex-worktrees/DEXTRAH/franka-cube-traj-tracking/worklogs/franka-cube-grasp-prior/reward_success_comparison_20260612/training_curves.csv
Tracking loss,432,6509.798876953125,4594.80851326586,2574.3056640625,12808.3134765625,5,/home/lzha/code/.codex-worktrees/DEXTRAH/franka-cube-traj-tracking/worklogs/franka-cube-grasp-prior/reward_success_comparison_20260612/training_curves.csv
Tracking loss,433,6593.49677734375,4672.805522680386,2544.4814453125,13017.94140625,5,/home/lzha/code/.codex-worktrees/DEXTRAH/franka-cube-traj-tracking/worklogs/franka-cube-grasp-prior/reward_success_comparison_20260612/training_curves.csv
Tracking loss,434,6587.347705078125,4722.634389818925,2577.09814453125,13050.4033203125,5,/home/lzha/code/.codex-worktrees/DEXTRAH/franka-cube-traj-tracking/worklogs/franka-cube-grasp-prior/reward_success_comparison_20260612/training_curves.csv
Tracking loss,435,6552.054736328125,4738.728056895953,2530.1083984375,13080.873046875,5,/home/lzha/code/.codex-worktrees/DEXTRAH/franka-cube-traj-tracking/worklogs/franka-cube-grasp-prior/reward_success_comparison_20260612/training_curves.csv
Tracking loss,436,6547.271533203125,4709.856763417728,2539.603271484375,13115.8525390625,5,/home/lzha/code/.codex-worktrees/DEXTRAH/franka-cube-traj-tracking/worklogs/franka-cube-grasp-prior/reward_success_comparison_20260612/training_curves.csv
Tracking loss,437,6601.66630859375,4683.010135366433,2611.428955078125,12921.4814453125,5,/home/lzha/code/.codex-worktrees/DEXTRAH/franka-cube-traj-tracking/worklogs/franka-cube-grasp-prior/reward_success_comparison_20260612/training_curves.csv
Tracking loss,438,6601.96103515625,4608.318344804095,2576.32861328125,13073.7099609375,5,/home/lzha/code/.codex-worktrees/DEXTRAH/franka-cube-traj-tracking/worklogs/franka-cube-grasp-prior/reward_success_comparison_20260612/training_curves.csv
Tracking loss,439,6684.1994140625,4672.602361360381,2579.51513671875,13148.626953125,5,/home/lzha/code/.codex-worktrees/DEXTRAH/franka-cube-traj-tracking/worklogs/franka-cube-grasp-prior/reward_success_comparison_20260612/training_curves.csv
Tracking loss,440,6614.002880859375,4626.933304489201,2514.115478515625,12762.255859375,5,/home/lzha/code/.codex-worktrees/DEXTRAH/franka-cube-traj-tracking/worklogs/franka-cube-grasp-prior/reward_success_comparison_20260612/training_curves.csv
Tracking loss,441,6547.872900390625,4715.576793398294,2515.39306640625,13044.1171875,5,/home/lzha/code/.codex-worktrees/DEXTRAH/franka-cube-traj-tracking/worklogs/franka-cube-grasp-prior/reward_success_comparison_20260612/training_curves.csv
Tracking loss,442,6601.7615234375,4630.743304721081,2521.47412109375,12925.81640625,5,/home/lzha/code/.codex-worktrees/DEXTRAH/franka-cube-traj-tracking/worklogs/franka-cube-grasp-prior/reward_success_comparison_20260612/training_curves.csv
Tracking loss,443,6480.903564453125,4509.346981948219,2481.28466796875,12529.9248046875,5,/home/lzha/code/.codex-worktrees/DEXTRAH/franka-cube-traj-tracking/worklogs/franka-cube-grasp-prior/reward_success_comparison_20260612/training_curves.csv
Tracking loss,444,6629.215966796875,4589.003500048029,2512.509033203125,12845.1796875,5,/home/lzha/code/.codex-worktrees/DEXTRAH/franka-cube-traj-tracking/worklogs/franka-cube-grasp-prior/reward_success_comparison_20260612/training_curves.csv
Tracking loss,445,6647.992431640625,4705.324436339101,2465.193359375,13055.5,5,/home/lzha/code/.codex-worktrees/DEXTRAH/franka-cube-traj-tracking/worklogs/franka-cube-grasp-prior/reward_success_comparison_20260612/training_curves.csv
Tracking loss,446,6644.702587890625,4727.191946844728,2470.888427734375,13204.4580078125,5,/home/lzha/code/.codex-worktrees/DEXTRAH/franka-cube-traj-tracking/worklogs/franka-cube-grasp-prior/reward_success_comparison_20260612/training_curves.csv
Tracking loss,447,6612.98525390625,4690.247169611515,2562.203369140625,12989.75,5,/home/lzha/code/.codex-worktrees/DEXTRAH/franka-cube-traj-tracking/worklogs/franka-cube-grasp-prior/reward_success_comparison_20260612/training_curves.csv
Tracking loss,448,6599.73349609375,4706.785691654522,2601.764892578125,13027.1748046875,5,/home/lzha/code/.codex-worktrees/DEXTRAH/franka-cube-traj-tracking/worklogs/franka-cube-grasp-prior/reward_success_comparison_20260612/training_curves.csv
Tracking loss,449,6688.991357421875,4793.839586423201,2585.97216796875,13164.7568359375,5,/home/lzha/code/.codex-worktrees/DEXTRAH/franka-cube-traj-tracking/worklogs/franka-cube-grasp-prior/reward_success_comparison_20260612/training_curves.csv
Tracking loss,450,6627.131689453125,4712.0371863006585,2548.420654296875,12946.4931640625,5,/home/lzha/code/.codex-worktrees/DEXTRAH/franka-cube-traj-tracking/worklogs/franka-cube-grasp-prior/reward_success_comparison_20260612/training_curves.csv
Tracking loss,451,6600.2673828125,4798.178102501624,2505.318359375,13168.4326171875,5,/home/lzha/code/.codex-worktrees/DEXTRAH/franka-cube-traj-tracking/worklogs/franka-cube-grasp-prior/reward_success_comparison_20260612/training_curves.csv
Tracking loss,452,6590.448046875,4783.843062202484,2499.07080078125,13086.6962890625,5,/home/lzha/code/.codex-worktrees/DEXTRAH/franka-cube-traj-tracking/worklogs/franka-cube-grasp-prior/reward_success_comparison_20260612/training_curves.csv
Tracking loss,453,6605.2720703125,4730.075332992968,2409.354736328125,13021.6513671875,5,/home/lzha/code/.codex-worktrees/DEXTRAH/franka-cube-traj-tracking/worklogs/franka-cube-grasp-prior/reward_success_comparison_20260612/training_curves.csv
Tracking loss,454,6557.259375,4676.019602416867,2465.18798828125,12789.84375,5,/home/lzha/code/.codex-worktrees/DEXTRAH/franka-cube-traj-tracking/worklogs/franka-cube-grasp-prior/reward_success_comparison_20260612/training_curves.csv
Tracking loss,455,6571.46708984375,4695.300314691262,2524.767822265625,12967.0439453125,5,/home/lzha/code/.codex-worktrees/DEXTRAH/franka-cube-traj-tracking/worklogs/franka-cube-grasp-prior/reward_success_comparison_20260612/training_curves.csv
Tracking loss,456,6674.3130859375,4699.877225046651,2566.065673828125,12887.982421875,5,/home/lzha/code/.codex-worktrees/DEXTRAH/franka-cube-traj-tracking/worklogs/franka-cube-grasp-prior/reward_success_comparison_20260612/training_curves.csv
Tracking loss,457,6756.042529296875,4781.244012237371,2573.597412109375,13133.7158203125,5,/home/lzha/code/.codex-worktrees/DEXTRAH/franka-cube-traj-tracking/worklogs/franka-cube-grasp-prior/reward_success_comparison_20260612/training_curves.csv
Tracking loss,458,6699.305126953125,4672.991675474645,2566.056396484375,12852.248046875,5,/home/lzha/code/.codex-worktrees/DEXTRAH/franka-cube-traj-tracking/worklogs/franka-cube-grasp-prior/reward_success_comparison_20260612/training_curves.csv
Tracking loss,459,6708.337744140625,4776.455349073446,2471.190185546875,13133.5205078125,5,/home/lzha/code/.codex-worktrees/DEXTRAH/franka-cube-traj-tracking/worklogs/franka-cube-grasp-prior/reward_success_comparison_20260612/training_curves.csv
Tracking loss,460,6738.94404296875,4767.988617537314,2470.389892578125,13042.14453125,5,/home/lzha/code/.codex-worktrees/DEXTRAH/franka-cube-traj-tracking/worklogs/franka-cube-grasp-prior/reward_success_comparison_20260612/training_curves.csv
Tracking loss,461,6903.8615234375,4686.370310336911,2516.37353515625,13189.205078125,5,/home/lzha/code/.codex-worktrees/DEXTRAH/franka-cube-traj-tracking/worklogs/franka-cube-grasp-prior/reward_success_comparison_20260612/training_curves.csv
Tracking loss,462,6842.397412109375,4646.631629646428,2517.233642578125,13236.1748046875,5,/home/lzha/code/.codex-worktrees/DEXTRAH/franka-cube-traj-tracking/worklogs/franka-cube-grasp-prior/reward_success_comparison_20260612/training_curves.csv
Tracking loss,463,6762.836181640625,4538.210605297428,2550.409423828125,12894.2685546875,5,/home/lzha/code/.codex-worktrees/DEXTRAH/franka-cube-traj-tracking/worklogs/franka-cube-grasp-prior/reward_success_comparison_20260612/training_curves.csv
Tracking loss,464,6711.465576171875,4493.66831470908,2592.77685546875,12571.9501953125,5,/home/lzha/code/.codex-worktrees/DEXTRAH/franka-cube-traj-tracking/worklogs/franka-cube-grasp-prior/reward_success_comparison_20260612/training_curves.csv
Tracking loss,465,6778.66796875,4542.55444505254,2542.001708984375,12631.2744140625,5,/home/lzha/code/.codex-worktrees/DEXTRAH/franka-cube-traj-tracking/worklogs/franka-cube-grasp-prior/reward_success_comparison_20260612/training_curves.csv
Tracking loss,466,6823.97822265625,4534.142672773292,2452.077392578125,12862.515625,5,/home/lzha/code/.codex-worktrees/DEXTRAH/franka-cube-traj-tracking/worklogs/franka-cube-grasp-prior/reward_success_comparison_20260612/training_curves.csv
Tracking loss,467,6888.76328125,4488.29210283195,2454.37060546875,12812.169921875,5,/home/lzha/code/.codex-worktrees/DEXTRAH/franka-cube-traj-tracking/worklogs/franka-cube-grasp-prior/reward_success_comparison_20260612/training_curves.csv
Tracking loss,468,6988.569970703125,4606.104410942832,2542.8408203125,13138.24609375,5,/home/lzha/code/.codex-worktrees/DEXTRAH/franka-cube-traj-tracking/worklogs/franka-cube-grasp-prior/reward_success_comparison_20260612/training_curves.csv
Tracking loss,469,6966.128076171875,4535.426502763879,2553.19677734375,12856.15234375,5,/home/lzha/code/.codex-worktrees/DEXTRAH/franka-cube-traj-tracking/worklogs/franka-cube-grasp-prior/reward_success_comparison_20260612/training_curves.csv
Tracking loss,470,6877.036865234375,4517.957672570364,2461.30029296875,12872.0439453125,5,/home/lzha/code/.codex-worktrees/DEXTRAH/franka-cube-traj-tracking/worklogs/franka-cube-grasp-prior/reward_success_comparison_20260612/training_curves.csv
Tracking loss,471,6955.4591796875,4583.945010717081,2562.9892578125,13020.2392578125,5,/home/lzha/code/.codex-worktrees/DEXTRAH/franka-cube-traj-tracking/worklogs/franka-cube-grasp-prior/reward_success_comparison_20260612/training_curves.csv
Tracking loss,472,7016.06025390625,4547.423730599805,2547.053466796875,12885.7548828125,5,/home/lzha/code/.codex-worktrees/DEXTRAH/franka-cube-traj-tracking/worklogs/franka-cube-grasp-prior/reward_success_comparison_20260612/training_curves.csv
Tracking loss,473,7045.62890625,4546.77445855283,2557.946533203125,13091.642578125,5,/home/lzha/code/.codex-worktrees/DEXTRAH/franka-cube-traj-tracking/worklogs/franka-cube-grasp-prior/reward_success_comparison_20260612/training_curves.csv
Tracking loss,474,6941.439794921875,4555.314399294208,2545.23486328125,12971.3408203125,5,/home/lzha/code/.codex-worktrees/DEXTRAH/franka-cube-traj-tracking/worklogs/franka-cube-grasp-prior/reward_success_comparison_20260612/training_curves.csv
Tracking loss,475,7115.428662109375,4567.571762348212,2552.135498046875,13143.7822265625,5,/home/lzha/code/.codex-worktrees/DEXTRAH/franka-cube-traj-tracking/worklogs/franka-cube-grasp-prior/reward_success_comparison_20260612/training_curves.csv
Tracking loss,476,7091.691064453125,4553.0043589222405,2548.92626953125,13050.9521484375,5,/home/lzha/code/.codex-worktrees/DEXTRAH/franka-cube-traj-tracking/worklogs/franka-cube-grasp-prior/reward_success_comparison_20260612/training_curves.csv
Tracking loss,477,7072.622314453125,4519.0746283128665,2526.84033203125,13091.3330078125,5,/home/lzha/code/.codex-worktrees/DEXTRAH/franka-cube-traj-tracking/worklogs/franka-cube-grasp-prior/reward_success_comparison_20260612/training_curves.csv
Tracking loss,478,7022.583203125,4481.161635970877,2500.039306640625,12805.607421875,5,/home/lzha/code/.codex-worktrees/DEXTRAH/franka-cube-traj-tracking/worklogs/franka-cube-grasp-prior/reward_success_comparison_20260612/training_curves.csv
Tracking loss,479,7140.81904296875,4489.214724800933,2560.117431640625,12940.2587890625,5,/home/lzha/code/.codex-worktrees/DEXTRAH/franka-cube-traj-tracking/worklogs/franka-cube-grasp-prior/reward_success_comparison_20260612/training_curves.csv
Tracking loss,480,7086.127734375,4525.3786389571615,2593.599365234375,13265.6083984375,5,/home/lzha/code/.codex-worktrees/DEXTRAH/franka-cube-traj-tracking/worklogs/franka-cube-grasp-prior/reward_success_comparison_20260612/training_curves.csv
Tracking loss,481,7178.264794921875,4496.6460334537105,2489.775146484375,13198.9423828125,5,/home/lzha/code/.codex-worktrees/DEXTRAH/franka-cube-traj-tracking/worklogs/franka-cube-grasp-prior/reward_success_comparison_20260612/training_curves.csv
Tracking loss,482,7281.363671875,4471.776706238318,2567.281005859375,13151.603515625,5,/home/lzha/code/.codex-worktrees/DEXTRAH/franka-cube-traj-tracking/worklogs/franka-cube-grasp-prior/reward_success_comparison_20260612/training_curves.csv
Tracking loss,483,7224.846728515625,4466.9320167765445,2505.6328125,13125.0,5,/home/lzha/code/.codex-worktrees/DEXTRAH/franka-cube-traj-tracking/worklogs/franka-cube-grasp-prior/reward_success_comparison_20260612/training_curves.csv
Tracking loss,484,7191.153857421875,4483.0574254192725,2506.88232421875,13229.8701171875,5,/home/lzha/code/.codex-worktrees/DEXTRAH/franka-cube-traj-tracking/worklogs/franka-cube-grasp-prior/reward_success_comparison_20260612/training_curves.csv
Tracking loss,485,7270.195849609375,4510.965818034643,2445.227783203125,13256.935546875,5,/home/lzha/code/.codex-worktrees/DEXTRAH/franka-cube-traj-tracking/worklogs/franka-cube-grasp-prior/reward_success_comparison_20260612/training_curves.csv
Tracking loss,486,7271.21982421875,4412.9236427753385,2542.6572265625,13176.7275390625,5,/home/lzha/code/.codex-worktrees/DEXTRAH/franka-cube-traj-tracking/worklogs/franka-cube-grasp-prior/reward_success_comparison_20260612/training_curves.csv
Tracking loss,487,7432.04072265625,4458.323602260695,2541.135986328125,13306.8857421875,5,/home/lzha/code/.codex-worktrees/DEXTRAH/franka-cube-traj-tracking/worklogs/franka-cube-grasp-prior/reward_success_comparison_20260612/training_curves.csv
Tracking loss,488,7331.1673828125,4405.672299168374,2388.582275390625,12960.8818359375,5,/home/lzha/code/.codex-worktrees/DEXTRAH/franka-cube-traj-tracking/worklogs/franka-cube-grasp-prior/reward_success_comparison_20260612/training_curves.csv
Tracking loss,489,7403.901220703125,4407.088073482604,2488.386474609375,12900.259765625,5,/home/lzha/code/.codex-worktrees/DEXTRAH/franka-cube-traj-tracking/worklogs/franka-cube-grasp-prior/reward_success_comparison_20260612/training_curves.csv
Tracking loss,490,7307.725732421875,4461.187348493014,2538.9951171875,13026.6171875,5,/home/lzha/code/.codex-worktrees/DEXTRAH/franka-cube-traj-tracking/worklogs/franka-cube-grasp-prior/reward_success_comparison_20260612/training_curves.csv
Tracking loss,491,7343.725537109375,4448.258224575778,2512.678955078125,13202.419921875,5,/home/lzha/code/.codex-worktrees/DEXTRAH/franka-cube-traj-tracking/worklogs/franka-cube-grasp-prior/reward_success_comparison_20260612/training_curves.csv
Tracking loss,492,7332.155078125,4495.613035304346,2479.980712890625,13164.982421875,5,/home/lzha/code/.codex-worktrees/DEXTRAH/franka-cube-traj-tracking/worklogs/franka-cube-grasp-prior/reward_success_comparison_20260612/training_curves.csv
Tracking loss,493,7346.928271484375,4470.251060557157,2636.685791015625,13103.099609375,5,/home/lzha/code/.codex-worktrees/DEXTRAH/franka-cube-traj-tracking/worklogs/franka-cube-grasp-prior/reward_success_comparison_20260612/training_curves.csv
Tracking loss,494,7421.74052734375,4460.162358854841,2564.2978515625,13224.0771484375,5,/home/lzha/code/.codex-worktrees/DEXTRAH/franka-cube-traj-tracking/worklogs/franka-cube-grasp-prior/reward_success_comparison_20260612/training_curves.csv
Tracking loss,495,7416.783447265625,4476.114480725976,2500.95849609375,13200.748046875,5,/home/lzha/code/.codex-worktrees/DEXTRAH/franka-cube-traj-tracking/worklogs/franka-cube-grasp-prior/reward_success_comparison_20260612/training_curves.csv
Tracking loss,496,7498.552099609375,4472.835413867654,2445.5322265625,13111.13671875,5,/home/lzha/code/.codex-worktrees/DEXTRAH/franka-cube-traj-tracking/worklogs/franka-cube-grasp-prior/reward_success_comparison_20260612/training_curves.csv
Tracking loss,497,7538.5263671875,4367.458464865008,2496.9140625,12943.6875,5,/home/lzha/code/.codex-worktrees/DEXTRAH/franka-cube-traj-tracking/worklogs/franka-cube-grasp-prior/reward_success_comparison_20260612/training_curves.csv
Tracking loss,498,7444.12734375,4448.274962742258,2534.10595703125,13150.3193359375,5,/home/lzha/code/.codex-worktrees/DEXTRAH/franka-cube-traj-tracking/worklogs/franka-cube-grasp-prior/reward_success_comparison_20260612/training_curves.csv
Tracking loss,499,7541.269189453125,4506.808683828834,2484.845458984375,13303.0185546875,5,/home/lzha/code/.codex-worktrees/DEXTRAH/franka-cube-traj-tracking/worklogs/franka-cube-grasp-prior/reward_success_comparison_20260612/training_curves.csv
Tracking loss,500,7633.848779296875,4508.296316416445,2521.6533203125,13296.55078125,5,/home/lzha/code/.codex-worktrees/DEXTRAH/franka-cube-traj-tracking/worklogs/franka-cube-grasp-prior/reward_success_comparison_20260612/training_curves.csv
Tracking loss,501,7539.91201171875,4441.474977806638,2504.61083984375,13050.537109375,5,/home/lzha/code/.codex-worktrees/DEXTRAH/franka-cube-traj-tracking/worklogs/franka-cube-grasp-prior/reward_success_comparison_20260612/training_curves.csv
Tracking loss,502,7619.39912109375,4467.276174572931,2550.1669921875,13267.37109375,5,/home/lzha/code/.codex-worktrees/DEXTRAH/franka-cube-traj-tracking/worklogs/franka-cube-grasp-prior/reward_success_comparison_20260612/training_curves.csv
Tracking loss,503,7618.33154296875,4469.374462673647,2618.845947265625,13152.984375,5,/home/lzha/code/.codex-worktrees/DEXTRAH/franka-cube-traj-tracking/worklogs/franka-cube-grasp-prior/reward_success_comparison_20260612/training_curves.csv
Tracking loss,504,7586.8111328125,4418.505049873564,2555.730712890625,13005.2509765625,5,/home/lzha/code/.codex-worktrees/DEXTRAH/franka-cube-traj-tracking/worklogs/franka-cube-grasp-prior/reward_success_comparison_20260612/training_curves.csv
Tracking loss,505,7651.3783203125,4461.333283960743,2508.3720703125,13261.154296875,5,/home/lzha/code/.codex-worktrees/DEXTRAH/franka-cube-traj-tracking/worklogs/franka-cube-grasp-prior/reward_success_comparison_20260612/training_curves.csv
Tracking loss,506,7676.46962890625,4475.867372825191,2423.417236328125,13115.4443359375,5,/home/lzha/code/.codex-worktrees/DEXTRAH/franka-cube-traj-tracking/worklogs/franka-cube-grasp-prior/reward_success_comparison_20260612/training_curves.csv
Tracking loss,507,7564.86748046875,4413.199891407077,2436.917236328125,13248.7568359375,5,/home/lzha/code/.codex-worktrees/DEXTRAH/franka-cube-traj-tracking/worklogs/franka-cube-grasp-prior/reward_success_comparison_20260612/training_curves.csv
Tracking loss,508,7728.830859375,4449.38542037528,2494.676513671875,13234.7470703125,5,/home/lzha/code/.codex-worktrees/DEXTRAH/franka-cube-traj-tracking/worklogs/franka-cube-grasp-prior/reward_success_comparison_20260612/training_curves.csv
Tracking loss,509,7756.220263671875,4451.287020624607,2538.93798828125,13144.849609375,5,/home/lzha/code/.codex-worktrees/DEXTRAH/franka-cube-traj-tracking/worklogs/franka-cube-grasp-prior/reward_success_comparison_20260612/training_curves.csv
Tracking loss,510,7725.93212890625,4445.206181227456,2544.384765625,13049.86328125,5,/home/lzha/code/.codex-worktrees/DEXTRAH/franka-cube-traj-tracking/worklogs/franka-cube-grasp-prior/reward_success_comparison_20260612/training_curves.csv
Tracking loss,511,7702.63359375,4419.863170054246,2588.85888671875,13158.78515625,5,/home/lzha/code/.codex-worktrees/DEXTRAH/franka-cube-traj-tracking/worklogs/franka-cube-grasp-prior/reward_success_comparison_20260612/training_curves.csv
Tracking loss,512,7757.773779296875,4428.066437124866,2543.54833984375,13162.96484375,5,/home/lzha/code/.codex-worktrees/DEXTRAH/franka-cube-traj-tracking/worklogs/franka-cube-grasp-prior/reward_success_comparison_20260612/training_curves.csv
Tracking loss,513,7739.08193359375,4403.27257607086,2584.30078125,13045.0009765625,5,/home/lzha/code/.codex-worktrees/DEXTRAH/franka-cube-traj-tracking/worklogs/franka-cube-grasp-prior/reward_success_comparison_20260612/training_curves.csv
Tracking loss,514,7856.313232421875,4472.582298996822,2593.416015625,13253.9638671875,5,/home/lzha/code/.codex-worktrees/DEXTRAH/franka-cube-traj-tracking/worklogs/franka-cube-grasp-prior/reward_success_comparison_20260612/training_curves.csv
Tracking loss,515,7993.690478515625,4458.146117427403,2600.2431640625,12975.8857421875,5,/home/lzha/code/.codex-worktrees/DEXTRAH/franka-cube-traj-tracking/worklogs/franka-cube-grasp-prior/reward_success_comparison_20260612/training_curves.csv
Tracking loss,516,7949.43203125,4505.512754395652,2627.9150390625,13228.61328125,5,/home/lzha/code/.codex-worktrees/DEXTRAH/franka-cube-traj-tracking/worklogs/franka-cube-grasp-prior/reward_success_comparison_20260612/training_curves.csv
Tracking loss,517,7942.9236328125,4492.44758589246,2486.89892578125,13271.662109375,5,/home/lzha/code/.codex-worktrees/DEXTRAH/franka-cube-traj-tracking/worklogs/franka-cube-grasp-prior/reward_success_comparison_20260612/training_curves.csv
Tracking loss,518,7916.94658203125,4601.747022386442,2481.859375,13406.32421875,5,/home/lzha/code/.codex-worktrees/DEXTRAH/franka-cube-traj-tracking/worklogs/franka-cube-grasp-prior/reward_success_comparison_20260612/training_curves.csv
Tracking loss,519,7864.242138671875,4534.348668392997,2541.686279296875,13201.8408203125,5,/home/lzha/code/.codex-worktrees/DEXTRAH/franka-cube-traj-tracking/worklogs/franka-cube-grasp-prior/reward_success_comparison_20260612/training_curves.csv
Tracking loss,520,7917.7587890625,4493.119974052419,2570.05810546875,13276.4033203125,5,/home/lzha/code/.codex-worktrees/DEXTRAH/franka-cube-traj-tracking/worklogs/franka-cube-grasp-prior/reward_success_comparison_20260612/training_curves.csv
Tracking loss,521,7874.102685546875,4442.434445412419,2620.93310546875,13213.4697265625,5,/home/lzha/code/.codex-worktrees/DEXTRAH/franka-cube-traj-tracking/worklogs/franka-cube-grasp-prior/reward_success_comparison_20260612/training_curves.csv
Tracking loss,522,8023.9064453125,4561.41479220831,2488.47607421875,13312.5498046875,5,/home/lzha/code/.codex-worktrees/DEXTRAH/franka-cube-traj-tracking/worklogs/franka-cube-grasp-prior/reward_success_comparison_20260612/training_curves.csv
Tracking loss,523,8018.9234375,4455.234953481924,2586.09765625,13129.2958984375,5,/home/lzha/code/.codex-worktrees/DEXTRAH/franka-cube-traj-tracking/worklogs/franka-cube-grasp-prior/reward_success_comparison_20260612/training_curves.csv
Tracking loss,524,7979.48056640625,4534.42457888053,2581.093017578125,13328.197265625,5,/home/lzha/code/.codex-worktrees/DEXTRAH/franka-cube-traj-tracking/worklogs/franka-cube-grasp-prior/reward_success_comparison_20260612/training_curves.csv
Tracking loss,525,8012.73125,4552.089793549003,2487.420654296875,13178.634765625,5,/home/lzha/code/.codex-worktrees/DEXTRAH/franka-cube-traj-tracking/worklogs/franka-cube-grasp-prior/reward_success_comparison_20260612/training_curves.csv
Tracking loss,526,8033.90380859375,4559.774007361314,2472.88330078125,13245.2724609375,5,/home/lzha/code/.codex-worktrees/DEXTRAH/franka-cube-traj-tracking/worklogs/franka-cube-grasp-prior/reward_success_comparison_20260612/training_curves.csv
Tracking loss,527,7935.4423828125,4524.634179419358,2515.9921875,13176.8701171875,5,/home/lzha/code/.codex-worktrees/DEXTRAH/franka-cube-traj-tracking/worklogs/franka-cube-grasp-prior/reward_success_comparison_20260612/training_curves.csv
Tracking loss,528,8001.45087890625,4562.611663475185,2489.112548828125,13247.6298828125,5,/home/lzha/code/.codex-worktrees/DEXTRAH/franka-cube-traj-tracking/worklogs/franka-cube-grasp-prior/reward_success_comparison_20260612/training_curves.csv
Tracking loss,529,8091.6935546875,4614.661540710101,2495.560791015625,13385.3134765625,5,/home/lzha/code/.codex-worktrees/DEXTRAH/franka-cube-traj-tracking/worklogs/franka-cube-grasp-prior/reward_success_comparison_20260612/training_curves.csv
Tracking loss,530,8157.860791015625,4610.267923993666,2575.361083984375,13443.0205078125,5,/home/lzha/code/.codex-worktrees/DEXTRAH/franka-cube-traj-tracking/worklogs/franka-cube-grasp-prior/reward_success_comparison_20260612/training_curves.csv
Tracking loss,531,8051.71728515625,4489.435367810455,2511.41015625,13016.533203125,5,/home/lzha/code/.codex-worktrees/DEXTRAH/franka-cube-traj-tracking/worklogs/franka-cube-grasp-prior/reward_success_comparison_20260612/training_curves.csv
Tracking loss,532,8045.6591796875,4511.191407311272,2568.329833984375,13075.732421875,5,/home/lzha/code/.codex-worktrees/DEXTRAH/franka-cube-traj-tracking/worklogs/franka-cube-grasp-prior/reward_success_comparison_20260612/training_curves.csv
Tracking loss,533,8079.97802734375,4504.764370042557,2603.984375,12950.765625,5,/home/lzha/code/.codex-worktrees/DEXTRAH/franka-cube-traj-tracking/worklogs/franka-cube-grasp-prior/reward_success_comparison_20260612/training_curves.csv
Tracking loss,534,8069.5056640625,4514.376882723628,2562.24560546875,13165.5693359375,5,/home/lzha/code/.codex-worktrees/DEXTRAH/franka-cube-traj-tracking/worklogs/franka-cube-grasp-prior/reward_success_comparison_20260612/training_curves.csv
Tracking loss,535,8097.894287109375,4567.767583117305,2470.72021484375,13308.1767578125,5,/home/lzha/code/.codex-worktrees/DEXTRAH/franka-cube-traj-tracking/worklogs/franka-cube-grasp-prior/reward_success_comparison_20260612/training_curves.csv
Tracking loss,536,8059.151220703125,4519.346947848536,2474.09765625,13104.8759765625,5,/home/lzha/code/.codex-worktrees/DEXTRAH/franka-cube-traj-tracking/worklogs/franka-cube-grasp-prior/reward_success_comparison_20260612/training_curves.csv
Tracking loss,537,8178.638720703125,4580.579855382742,2499.70458984375,13085.4697265625,5,/home/lzha/code/.codex-worktrees/DEXTRAH/franka-cube-traj-tracking/worklogs/franka-cube-grasp-prior/reward_success_comparison_20260612/training_curves.csv
Tracking loss,538,8112.277001953125,4537.165731038299,2508.489990234375,13103.96875,5,/home/lzha/code/.codex-worktrees/DEXTRAH/franka-cube-traj-tracking/worklogs/franka-cube-grasp-prior/reward_success_comparison_20260612/training_curves.csv
Tracking loss,539,8321.566357421874,4642.869725426768,2587.94873046875,13298.0537109375,5,/home/lzha/code/.codex-worktrees/DEXTRAH/franka-cube-traj-tracking/worklogs/franka-cube-grasp-prior/reward_success_comparison_20260612/training_curves.csv
Tracking loss,540,8195.198291015626,4558.791512871216,2596.460205078125,13293.736328125,5,/home/lzha/code/.codex-worktrees/DEXTRAH/franka-cube-traj-tracking/worklogs/franka-cube-grasp-prior/reward_success_comparison_20260612/training_curves.csv
Tracking loss,541,8207.3603515625,4576.189106687137,2572.501708984375,13286.8935546875,5,/home/lzha/code/.codex-worktrees/DEXTRAH/franka-cube-traj-tracking/worklogs/franka-cube-grasp-prior/reward_success_comparison_20260612/training_curves.csv
Tracking loss,542,8267.058203125,4600.897834865098,2501.798583984375,13375.35546875,5,/home/lzha/code/.codex-worktrees/DEXTRAH/franka-cube-traj-tracking/worklogs/franka-cube-grasp-prior/reward_success_comparison_20260612/training_curves.csv
Tracking loss,543,8368.62841796875,4659.387544170704,2544.82763671875,13458.56640625,5,/home/lzha/code/.codex-worktrees/DEXTRAH/franka-cube-traj-tracking/worklogs/franka-cube-grasp-prior/reward_success_comparison_20260612/training_curves.csv
Tracking loss,544,8264.769091796876,4633.619832971788,2541.7744140625,13345.986328125,5,/home/lzha/code/.codex-worktrees/DEXTRAH/franka-cube-traj-tracking/worklogs/franka-cube-grasp-prior/reward_success_comparison_20260612/training_curves.csv
Tracking loss,545,8219.158251953126,4573.976380731321,2558.71240234375,13147.80859375,5,/home/lzha/code/.codex-worktrees/DEXTRAH/franka-cube-traj-tracking/worklogs/franka-cube-grasp-prior/reward_success_comparison_20260612/training_curves.csv
Tracking loss,546,8306.3384765625,4698.772040531847,2531.845703125,13304.724609375,5,/home/lzha/code/.codex-worktrees/DEXTRAH/franka-cube-traj-tracking/worklogs/franka-cube-grasp-prior/reward_success_comparison_20260612/training_curves.csv
Tracking loss,547,8341.937890625,4673.001497668829,2498.1689453125,13322.4130859375,5,/home/lzha/code/.codex-worktrees/DEXTRAH/franka-cube-traj-tracking/worklogs/franka-cube-grasp-prior/reward_success_comparison_20260612/training_curves.csv
Tracking loss,548,8342.878173828125,4664.746068339206,2565.130615234375,13409.87109375,5,/home/lzha/code/.codex-worktrees/DEXTRAH/franka-cube-traj-tracking/worklogs/franka-cube-grasp-prior/reward_success_comparison_20260612/training_curves.csv
Tracking loss,549,8368.9638671875,4634.120699329411,2542.18701171875,13361.2783203125,5,/home/lzha/code/.codex-worktrees/DEXTRAH/franka-cube-traj-tracking/worklogs/franka-cube-grasp-prior/reward_success_comparison_20260612/training_curves.csv
Tracking loss,550,8411.243701171876,4650.869731997868,2637.73583984375,13304.2392578125,5,/home/lzha/code/.codex-worktrees/DEXTRAH/franka-cube-traj-tracking/worklogs/franka-cube-grasp-prior/reward_success_comparison_20260612/training_curves.csv
Tracking loss,551,8375.580029296874,4664.608287896549,2537.6728515625,13339.15234375,5,/home/lzha/code/.codex-worktrees/DEXTRAH/franka-cube-traj-tracking/worklogs/franka-cube-grasp-prior/reward_success_comparison_20260612/training_curves.csv
Tracking loss,552,8335.31533203125,4653.368005643231,2586.64599609375,13240.2685546875,5,/home/lzha/code/.codex-worktrees/DEXTRAH/franka-cube-traj-tracking/worklogs/franka-cube-grasp-prior/reward_success_comparison_20260612/training_curves.csv
Tracking loss,553,8289.795556640625,4660.639354176315,2396.307373046875,13134.099609375,5,/home/lzha/code/.codex-worktrees/DEXTRAH/franka-cube-traj-tracking/worklogs/franka-cube-grasp-prior/reward_success_comparison_20260612/training_curves.csv
Tracking loss,554,8343.0140625,4677.165778362638,2488.576904296875,13416.4873046875,5,/home/lzha/code/.codex-worktrees/DEXTRAH/franka-cube-traj-tracking/worklogs/franka-cube-grasp-prior/reward_success_comparison_20260612/training_curves.csv
Tracking loss,555,8351.130908203126,4659.299290214447,2446.137451171875,13271.923828125,5,/home/lzha/code/.codex-worktrees/DEXTRAH/franka-cube-traj-tracking/worklogs/franka-cube-grasp-prior/reward_success_comparison_20260612/training_curves.csv
Tracking loss,556,8397.65478515625,4698.327585033059,2503.57763671875,13358.6171875,5,/home/lzha/code/.codex-worktrees/DEXTRAH/franka-cube-traj-tracking/worklogs/franka-cube-grasp-prior/reward_success_comparison_20260612/training_curves.csv
Tracking loss,557,8379.663427734375,4714.996428836069,2440.76904296875,13307.6513671875,5,/home/lzha/code/.codex-worktrees/DEXTRAH/franka-cube-traj-tracking/worklogs/franka-cube-grasp-prior/reward_success_comparison_20260612/training_curves.csv
Tracking loss,558,8395.21806640625,4722.623287995467,2477.846923828125,13364.8837890625,5,/home/lzha/code/.codex-worktrees/DEXTRAH/franka-cube-traj-tracking/worklogs/franka-cube-grasp-prior/reward_success_comparison_20260612/training_curves.csv
Tracking loss,559,8346.47333984375,4644.607986190701,2576.742919921875,13384.2744140625,5,/home/lzha/code/.codex-worktrees/DEXTRAH/franka-cube-traj-tracking/worklogs/franka-cube-grasp-prior/reward_success_comparison_20260612/training_curves.csv
Tracking loss,560,8418.49296875,4721.041450160734,2556.989990234375,13456.6767578125,5,/home/lzha/code/.codex-worktrees/DEXTRAH/franka-cube-traj-tracking/worklogs/franka-cube-grasp-prior/reward_success_comparison_20260612/training_curves.csv
Tracking loss,561,8453.655517578125,4729.381925010754,2617.46484375,13463.0869140625,5,/home/lzha/code/.codex-worktrees/DEXTRAH/franka-cube-traj-tracking/worklogs/franka-cube-grasp-prior/reward_success_comparison_20260612/training_curves.csv
Tracking loss,562,8452.889306640625,4758.01700825109,2449.52978515625,13270.3330078125,5,/home/lzha/code/.codex-worktrees/DEXTRAH/franka-cube-traj-tracking/worklogs/franka-cube-grasp-prior/reward_success_comparison_20260612/training_curves.csv
Tracking loss,563,8417.0408203125,4719.137961466282,2490.06103515625,13251.591796875,5,/home/lzha/code/.codex-worktrees/DEXTRAH/franka-cube-traj-tracking/worklogs/franka-cube-grasp-prior/reward_success_comparison_20260612/training_curves.csv
Tracking loss,564,8388.2802734375,4713.22351693993,2425.2041015625,13248.24609375,5,/home/lzha/code/.codex-worktrees/DEXTRAH/franka-cube-traj-tracking/worklogs/franka-cube-grasp-prior/reward_success_comparison_20260612/training_curves.csv
Tracking loss,565,8492.230224609375,4827.007945665183,2432.7822265625,13417.4462890625,5,/home/lzha/code/.codex-worktrees/DEXTRAH/franka-cube-traj-tracking/worklogs/franka-cube-grasp-prior/reward_success_comparison_20260612/training_curves.csv
Tracking loss,566,8433.635107421875,4746.132830078331,2426.5126953125,13311.4306640625,5,/home/lzha/code/.codex-worktrees/DEXTRAH/franka-cube-traj-tracking/worklogs/franka-cube-grasp-prior/reward_success_comparison_20260612/training_curves.csv
Tracking loss,567,8453.342236328124,4748.780203454243,2404.028076171875,13385.97265625,5,/home/lzha/code/.codex-worktrees/DEXTRAH/franka-cube-traj-tracking/worklogs/franka-cube-grasp-prior/reward_success_comparison_20260612/training_curves.csv
Tracking loss,568,8499.19619140625,4715.320585972498,2486.98974609375,13364.8388671875,5,/home/lzha/code/.codex-worktrees/DEXTRAH/franka-cube-traj-tracking/worklogs/franka-cube-grasp-prior/reward_success_comparison_20260612/training_curves.csv
Tracking loss,569,8501.180224609376,4707.776177970806,2486.692626953125,13191.7685546875,5,/home/lzha/code/.codex-worktrees/DEXTRAH/franka-cube-traj-tracking/worklogs/franka-cube-grasp-prior/reward_success_comparison_20260612/training_curves.csv
Tracking loss,570,8520.637548828125,4774.940746449416,2501.61767578125,13378.4638671875,5,/home/lzha/code/.codex-worktrees/DEXTRAH/franka-cube-traj-tracking/worklogs/franka-cube-grasp-prior/reward_success_comparison_20260612/training_curves.csv
Tracking loss,571,8630.59072265625,4811.139052834795,2576.7080078125,13435.162109375,5,/home/lzha/code/.codex-worktrees/DEXTRAH/franka-cube-traj-tracking/worklogs/franka-cube-grasp-prior/reward_success_comparison_20260612/training_curves.csv
