method,run,seed,epoch,reward_iter,cube_success_rate,event_file
no_tracking,franka_cube_baseline_A_histseed_2557f3e_20260612_0922,1781139395,1,18.066177368164062,3.0517578125e-05,/tmp/franka_compare_tracking_vs_baseline/baseline/summaries/events.out.tfevents.1781255082.batch-block7-01489
no_tracking,franka_cube_baseline_A_histseed_2557f3e_20260612_0922,1781139395,2,35.01088333129883,0.0,/tmp/franka_compare_tracking_vs_baseline/baseline/summaries/events.out.tfevents.1781255082.batch-block7-01489
no_tracking,franka_cube_baseline_A_histseed_2557f3e_20260612_0922,1781139395,3,62.12226104736328,0.0,/tmp/franka_compare_tracking_vs_baseline/baseline/summaries/events.out.tfevents.1781255082.batch-block7-01489
no_tracking,franka_cube_baseline_A_histseed_2557f3e_20260612_0922,1781139395,4,129.36021423339844,0.0,/tmp/franka_compare_tracking_vs_baseline/baseline/summaries/events.out.tfevents.1781255082.batch-block7-01489
no_tracking,franka_cube_baseline_A_histseed_2557f3e_20260612_0922,1781139395,5,296.9483642578125,0.0,/tmp/franka_compare_tracking_vs_baseline/baseline/summaries/events.out.tfevents.1781255082.batch-block7-01489
no_tracking,franka_cube_baseline_A_histseed_2557f3e_20260612_0922,1781139395,6,442.6062927246094,0.0,/tmp/franka_compare_tracking_vs_baseline/baseline/summaries/events.out.tfevents.1781255082.batch-block7-01489
no_tracking,franka_cube_baseline_A_histseed_2557f3e_20260612_0922,1781139395,7,608.3453979492188,0.0,/tmp/franka_compare_tracking_vs_baseline/baseline/summaries/events.out.tfevents.1781255082.batch-block7-01489
no_tracking,franka_cube_baseline_A_histseed_2557f3e_20260612_0922,1781139395,8,746.4380493164062,0.0,/tmp/franka_compare_tracking_vs_baseline/baseline/summaries/events.out.tfevents.1781255082.batch-block7-01489
no_tracking,franka_cube_baseline_A_histseed_2557f3e_20260612_0922,1781139395,9,789.3878173828125,0.0,/tmp/franka_compare_tracking_vs_baseline/baseline/summaries/events.out.tfevents.1781255082.batch-block7-01489
no_tracking,franka_cube_baseline_A_histseed_2557f3e_20260612_0922,1781139395,10,535.9940185546875,1.52587890625e-05,/tmp/franka_compare_tracking_vs_baseline/baseline/summaries/events.out.tfevents.1781255082.batch-block7-01489
no_tracking,franka_cube_baseline_A_histseed_2557f3e_20260612_0922,1781139395,11,356.36859130859375,0.0,/tmp/franka_compare_tracking_vs_baseline/baseline/summaries/events.out.tfevents.1781255082.batch-block7-01489
no_tracking,franka_cube_baseline_A_histseed_2557f3e_20260612_0922,1781139395,12,368.81292724609375,0.0,/tmp/franka_compare_tracking_vs_baseline/baseline/summaries/events.out.tfevents.1781255082.batch-block7-01489
no_tracking,franka_cube_baseline_A_histseed_2557f3e_20260612_0922,1781139395,13,457.8048400878906,7.62939453125e-06,/tmp/franka_compare_tracking_vs_baseline/baseline/summaries/events.out.tfevents.1781255082.batch-block7-01489
no_tracking,franka_cube_baseline_A_histseed_2557f3e_20260612_0922,1781139395,14,607.9026489257812,0.0,/tmp/franka_compare_tracking_vs_baseline/baseline/summaries/events.out.tfevents.1781255082.batch-block7-01489
no_tracking,franka_cube_baseline_A_histseed_2557f3e_20260612_0922,1781139395,15,700.9232177734375,0.0,/tmp/franka_compare_tracking_vs_baseline/baseline/summaries/events.out.tfevents.1781255082.batch-block7-01489
no_tracking,franka_cube_baseline_A_histseed_2557f3e_20260612_0922,1781139395,16,760.7290649414062,0.0,/tmp/franka_compare_tracking_vs_baseline/baseline/summaries/events.out.tfevents.1781255082.batch-block7-01489
no_tracking,franka_cube_baseline_A_histseed_2557f3e_20260612_0922,1781139395,17,896.5941162109375,0.0,/tmp/franka_compare_tracking_vs_baseline/baseline/summaries/events.out.tfevents.1781255082.batch-block7-01489
no_tracking,franka_cube_baseline_A_histseed_2557f3e_20260612_0922,1781139395,18,945.37060546875,0.0,/tmp/franka_compare_tracking_vs_baseline/baseline/summaries/events.out.tfevents.1781255082.batch-block7-01489
no_tracking,franka_cube_baseline_A_histseed_2557f3e_20260612_0922,1781139395,19,712.7791137695312,6.103515625e-05,/tmp/franka_compare_tracking_vs_baseline/baseline/summaries/events.out.tfevents.1781255082.batch-block7-01489
no_tracking,franka_cube_baseline_A_histseed_2557f3e_20260612_0922,1781139395,20,764.9652709960938,0.0,/tmp/franka_compare_tracking_vs_baseline/baseline/summaries/events.out.tfevents.1781255082.batch-block7-01489
no_tracking,franka_cube_baseline_A_histseed_2557f3e_20260612_0922,1781139395,21,933.0595092773438,0.0,/tmp/franka_compare_tracking_vs_baseline/baseline/summaries/events.out.tfevents.1781255082.batch-block7-01489
no_tracking,franka_cube_baseline_A_histseed_2557f3e_20260612_0922,1781139395,22,1026.2374267578125,0.0,/tmp/franka_compare_tracking_vs_baseline/baseline/summaries/events.out.tfevents.1781255082.batch-block7-01489
no_tracking,franka_cube_baseline_A_histseed_2557f3e_20260612_0922,1781139395,23,1073.0777587890625,0.0,/tmp/franka_compare_tracking_vs_baseline/baseline/summaries/events.out.tfevents.1781255082.batch-block7-01489
no_tracking,franka_cube_baseline_A_histseed_2557f3e_20260612_0922,1781139395,24,1114.338134765625,0.0,/tmp/franka_compare_tracking_vs_baseline/baseline/summaries/events.out.tfevents.1781255082.batch-block7-01489
no_tracking,franka_cube_baseline_A_histseed_2557f3e_20260612_0922,1781139395,25,1105.9012451171875,7.62939453125e-06,/tmp/franka_compare_tracking_vs_baseline/baseline/summaries/events.out.tfevents.1781255082.batch-block7-01489
no_tracking,franka_cube_baseline_A_histseed_2557f3e_20260612_0922,1781139395,26,1207.5074462890625,0.0,/tmp/franka_compare_tracking_vs_baseline/baseline/summaries/events.out.tfevents.1781255082.batch-block7-01489
no_tracking,franka_cube_baseline_A_histseed_2557f3e_20260612_0922,1781139395,27,1149.6134033203125,7.62939453125e-06,/tmp/franka_compare_tracking_vs_baseline/baseline/summaries/events.out.tfevents.1781255082.batch-block7-01489
no_tracking,franka_cube_baseline_A_histseed_2557f3e_20260612_0922,1781139395,28,1252.410888671875,0.0,/tmp/franka_compare_tracking_vs_baseline/baseline/summaries/events.out.tfevents.1781255082.batch-block7-01489
no_tracking,franka_cube_baseline_A_histseed_2557f3e_20260612_0922,1781139395,29,1091.81640625,0.0,/tmp/franka_compare_tracking_vs_baseline/baseline/summaries/events.out.tfevents.1781255082.batch-block7-01489
no_tracking,franka_cube_baseline_A_histseed_2557f3e_20260612_0922,1781139395,30,1189.2886962890625,0.0,/tmp/franka_compare_tracking_vs_baseline/baseline/summaries/events.out.tfevents.1781255082.batch-block7-01489
no_tracking,franka_cube_baseline_A_histseed_2557f3e_20260612_0922,1781139395,31,1253.8463134765625,0.0,/tmp/franka_compare_tracking_vs_baseline/baseline/summaries/events.out.tfevents.1781255082.batch-block7-01489
no_tracking,franka_cube_baseline_A_histseed_2557f3e_20260612_0922,1781139395,32,1292.35498046875,0.0,/tmp/franka_compare_tracking_vs_baseline/baseline/summaries/events.out.tfevents.1781255082.batch-block7-01489
no_tracking,franka_cube_baseline_A_histseed_2557f3e_20260612_0922,1781139395,33,1301.9989013671875,0.0,/tmp/franka_compare_tracking_vs_baseline/baseline/summaries/events.out.tfevents.1781255082.batch-block7-01489
no_tracking,franka_cube_baseline_A_histseed_2557f3e_20260612_0922,1781139395,34,1365.0274658203125,0.0,/tmp/franka_compare_tracking_vs_baseline/baseline/summaries/events.out.tfevents.1781255082.batch-block7-01489
no_tracking,franka_cube_baseline_A_histseed_2557f3e_20260612_0922,1781139395,35,1357.665771484375,1.52587890625e-05,/tmp/franka_compare_tracking_vs_baseline/baseline/summaries/events.out.tfevents.1781255082.batch-block7-01489
no_tracking,franka_cube_baseline_A_histseed_2557f3e_20260612_0922,1781139395,36,1440.45166015625,0.0,/tmp/franka_compare_tracking_vs_baseline/baseline/summaries/events.out.tfevents.1781255082.batch-block7-01489
no_tracking,franka_cube_baseline_A_histseed_2557f3e_20260612_0922,1781139395,37,1421.13525390625,2.288818359375e-05,/tmp/franka_compare_tracking_vs_baseline/baseline/summaries/events.out.tfevents.1781255082.batch-block7-01489
no_tracking,franka_cube_baseline_A_histseed_2557f3e_20260612_0922,1781139395,38,1254.9720458984375,3.0517578125e-05,/tmp/franka_compare_tracking_vs_baseline/baseline/summaries/events.out.tfevents.1781255082.batch-block7-01489
no_tracking,franka_cube_baseline_A_histseed_2557f3e_20260612_0922,1781139395,39,1385.8310546875,0.0,/tmp/franka_compare_tracking_vs_baseline/baseline/summaries/events.out.tfevents.1781255082.batch-block7-01489
no_tracking,franka_cube_baseline_A_histseed_2557f3e_20260612_0922,1781139395,40,1453.31689453125,0.0,/tmp/franka_compare_tracking_vs_baseline/baseline/summaries/events.out.tfevents.1781255082.batch-block7-01489
no_tracking,franka_cube_baseline_A_histseed_2557f3e_20260612_0922,1781139395,41,1469.414794921875,1.52587890625e-05,/tmp/franka_compare_tracking_vs_baseline/baseline/summaries/events.out.tfevents.1781255082.batch-block7-01489
no_tracking,franka_cube_baseline_A_histseed_2557f3e_20260612_0922,1781139395,42,1513.1397705078125,0.0,/tmp/franka_compare_tracking_vs_baseline/baseline/summaries/events.out.tfevents.1781255082.batch-block7-01489
no_tracking,franka_cube_baseline_A_histseed_2557f3e_20260612_0922,1781139395,43,1467.24853515625,7.62939453125e-06,/tmp/franka_compare_tracking_vs_baseline/baseline/summaries/events.out.tfevents.1781255082.batch-block7-01489
no_tracking,franka_cube_baseline_A_histseed_2557f3e_20260612_0922,1781139395,44,1489.887451171875,1.52587890625e-05,/tmp/franka_compare_tracking_vs_baseline/baseline/summaries/events.out.tfevents.1781255082.batch-block7-01489
no_tracking,franka_cube_baseline_A_histseed_2557f3e_20260612_0922,1781139395,45,1509.019287109375,0.0,/tmp/franka_compare_tracking_vs_baseline/baseline/summaries/events.out.tfevents.1781255082.batch-block7-01489
no_tracking,franka_cube_baseline_A_histseed_2557f3e_20260612_0922,1781139395,46,1509.9749755859375,0.0,/tmp/franka_compare_tracking_vs_baseline/baseline/summaries/events.out.tfevents.1781255082.batch-block7-01489
no_tracking,franka_cube_baseline_A_histseed_2557f3e_20260612_0922,1781139395,47,1303.8472900390625,0.0,/tmp/franka_compare_tracking_vs_baseline/baseline/summaries/events.out.tfevents.1781255082.batch-block7-01489
no_tracking,franka_cube_baseline_A_histseed_2557f3e_20260612_0922,1781139395,48,1383.0526123046875,0.0,/tmp/franka_compare_tracking_vs_baseline/baseline/summaries/events.out.tfevents.1781255082.batch-block7-01489
no_tracking,franka_cube_baseline_A_histseed_2557f3e_20260612_0922,1781139395,49,1482.1456298828125,0.0,/tmp/franka_compare_tracking_vs_baseline/baseline/summaries/events.out.tfevents.1781255082.batch-block7-01489
no_tracking,franka_cube_baseline_A_histseed_2557f3e_20260612_0922,1781139395,50,1443.2318115234375,0.0,/tmp/franka_compare_tracking_vs_baseline/baseline/summaries/events.out.tfevents.1781255082.batch-block7-01489
no_tracking,franka_cube_baseline_A_histseed_2557f3e_20260612_0922,1781139395,51,1493.7071533203125,0.0,/tmp/franka_compare_tracking_vs_baseline/baseline/summaries/events.out.tfevents.1781255082.batch-block7-01489
no_tracking,franka_cube_baseline_A_histseed_2557f3e_20260612_0922,1781139395,52,1487.65087890625,9.918212890625e-05,/tmp/franka_compare_tracking_vs_baseline/baseline/summaries/events.out.tfevents.1781255082.batch-block7-01489
no_tracking,franka_cube_baseline_A_histseed_2557f3e_20260612_0922,1781139395,53,1548.80029296875,0.0,/tmp/franka_compare_tracking_vs_baseline/baseline/summaries/events.out.tfevents.1781255082.batch-block7-01489
no_tracking,franka_cube_baseline_A_histseed_2557f3e_20260612_0922,1781139395,54,1530.8717041015625,0.0,/tmp/franka_compare_tracking_vs_baseline/baseline/summaries/events.out.tfevents.1781255082.batch-block7-01489
no_tracking,franka_cube_baseline_A_histseed_2557f3e_20260612_0922,1781139395,55,1570.2945556640625,9.918212890625e-05,/tmp/franka_compare_tracking_vs_baseline/baseline/summaries/events.out.tfevents.1781255082.batch-block7-01489
no_tracking,franka_cube_baseline_A_histseed_2557f3e_20260612_0922,1781139395,56,1523.3970947265625,0.0,/tmp/franka_compare_tracking_vs_baseline/baseline/summaries/events.out.tfevents.1781255082.batch-block7-01489
no_tracking,franka_cube_baseline_A_histseed_2557f3e_20260612_0922,1781139395,57,1423.441162109375,7.62939453125e-05,/tmp/franka_compare_tracking_vs_baseline/baseline/summaries/events.out.tfevents.1781255082.batch-block7-01489
no_tracking,franka_cube_baseline_A_histseed_2557f3e_20260612_0922,1781139395,58,1545.3165283203125,0.0,/tmp/franka_compare_tracking_vs_baseline/baseline/summaries/events.out.tfevents.1781255082.batch-block7-01489
no_tracking,franka_cube_baseline_A_histseed_2557f3e_20260612_0922,1781139395,59,1578.574951171875,0.0,/tmp/franka_compare_tracking_vs_baseline/baseline/summaries/events.out.tfevents.1781255082.batch-block7-01489
no_tracking,franka_cube_baseline_A_histseed_2557f3e_20260612_0922,1781139395,60,1538.16748046875,0.0,/tmp/franka_compare_tracking_vs_baseline/baseline/summaries/events.out.tfevents.1781255082.batch-block7-01489
no_tracking,franka_cube_baseline_A_histseed_2557f3e_20260612_0922,1781139395,61,1551.5267333984375,9.1552734375e-05,/tmp/franka_compare_tracking_vs_baseline/baseline/summaries/events.out.tfevents.1781255082.batch-block7-01489
no_tracking,franka_cube_baseline_A_histseed_2557f3e_20260612_0922,1781139395,62,1631.654541015625,0.0,/tmp/franka_compare_tracking_vs_baseline/baseline/summaries/events.out.tfevents.1781255082.batch-block7-01489
no_tracking,franka_cube_baseline_A_histseed_2557f3e_20260612_0922,1781139395,63,1585.720458984375,0.0001373291015625,/tmp/franka_compare_tracking_vs_baseline/baseline/summaries/events.out.tfevents.1781255082.batch-block7-01489
no_tracking,franka_cube_baseline_A_histseed_2557f3e_20260612_0922,1781139395,64,1583.6473388671875,1.52587890625e-05,/tmp/franka_compare_tracking_vs_baseline/baseline/summaries/events.out.tfevents.1781255082.batch-block7-01489
no_tracking,franka_cube_baseline_A_histseed_2557f3e_20260612_0922,1781139395,65,1604.180419921875,2.288818359375e-05,/tmp/franka_compare_tracking_vs_baseline/baseline/summaries/events.out.tfevents.1781255082.batch-block7-01489
no_tracking,franka_cube_baseline_A_histseed_2557f3e_20260612_0922,1781139395,66,1408.321533203125,0.00022125244140625,/tmp/franka_compare_tracking_vs_baseline/baseline/summaries/events.out.tfevents.1781255082.batch-block7-01489
no_tracking,franka_cube_baseline_A_histseed_2557f3e_20260612_0922,1781139395,67,1578.2437744140625,0.000335693359375,/tmp/franka_compare_tracking_vs_baseline/baseline/summaries/events.out.tfevents.1781255082.batch-block7-01489
no_tracking,franka_cube_baseline_A_histseed_2557f3e_20260612_0922,1781139395,68,1610.1470947265625,5.340576171875e-05,/tmp/franka_compare_tracking_vs_baseline/baseline/summaries/events.out.tfevents.1781255082.batch-block7-01489
no_tracking,franka_cube_baseline_A_histseed_2557f3e_20260612_0922,1781139395,69,1613.1959228515625,7.62939453125e-05,/tmp/franka_compare_tracking_vs_baseline/baseline/summaries/events.out.tfevents.1781255082.batch-block7-01489
no_tracking,franka_cube_baseline_A_histseed_2557f3e_20260612_0922,1781139395,70,1612.1104736328125,0.0002288818359375,/tmp/franka_compare_tracking_vs_baseline/baseline/summaries/events.out.tfevents.1781255082.batch-block7-01489
no_tracking,franka_cube_baseline_A_histseed_2557f3e_20260612_0922,1781139395,71,1627.668212890625,3.814697265625e-05,/tmp/franka_compare_tracking_vs_baseline/baseline/summaries/events.out.tfevents.1781255082.batch-block7-01489
no_tracking,franka_cube_baseline_A_histseed_2557f3e_20260612_0922,1781139395,72,1619.87744140625,0.00014495849609375,/tmp/franka_compare_tracking_vs_baseline/baseline/summaries/events.out.tfevents.1781255082.batch-block7-01489
no_tracking,franka_cube_baseline_A_histseed_2557f3e_20260612_0922,1781139395,73,1576.59228515625,0.0,/tmp/franka_compare_tracking_vs_baseline/baseline/summaries/events.out.tfevents.1781255082.batch-block7-01489
no_tracking,franka_cube_baseline_A_histseed_2557f3e_20260612_0922,1781139395,74,1579.1658935546875,0.0,/tmp/franka_compare_tracking_vs_baseline/baseline/summaries/events.out.tfevents.1781255082.batch-block7-01489
no_tracking,franka_cube_baseline_A_histseed_2557f3e_20260612_0922,1781139395,75,1486.472412109375,0.0,/tmp/franka_compare_tracking_vs_baseline/baseline/summaries/events.out.tfevents.1781255082.batch-block7-01489
no_tracking,franka_cube_baseline_A_histseed_2557f3e_20260612_0922,1781139395,76,1507.687255859375,8.392333984375e-05,/tmp/franka_compare_tracking_vs_baseline/baseline/summaries/events.out.tfevents.1781255082.batch-block7-01489
no_tracking,franka_cube_baseline_A_histseed_2557f3e_20260612_0922,1781139395,77,1579.4766845703125,1.52587890625e-05,/tmp/franka_compare_tracking_vs_baseline/baseline/summaries/events.out.tfevents.1781255082.batch-block7-01489
no_tracking,franka_cube_baseline_A_histseed_2557f3e_20260612_0922,1781139395,78,1631.218994140625,6.866455078125e-05,/tmp/franka_compare_tracking_vs_baseline/baseline/summaries/events.out.tfevents.1781255082.batch-block7-01489
no_tracking,franka_cube_baseline_A_histseed_2557f3e_20260612_0922,1781139395,79,1644.255859375,0.0,/tmp/franka_compare_tracking_vs_baseline/baseline/summaries/events.out.tfevents.1781255082.batch-block7-01489
no_tracking,franka_cube_baseline_A_histseed_2557f3e_20260612_0922,1781139395,80,1616.2047119140625,0.0,/tmp/franka_compare_tracking_vs_baseline/baseline/summaries/events.out.tfevents.1781255082.batch-block7-01489
no_tracking,franka_cube_baseline_A_histseed_2557f3e_20260612_0922,1781139395,81,1640.0242919921875,4.57763671875e-05,/tmp/franka_compare_tracking_vs_baseline/baseline/summaries/events.out.tfevents.1781255082.batch-block7-01489
no_tracking,franka_cube_baseline_A_histseed_2557f3e_20260612_0922,1781139395,82,1629.150634765625,7.62939453125e-05,/tmp/franka_compare_tracking_vs_baseline/baseline/summaries/events.out.tfevents.1781255082.batch-block7-01489
no_tracking,franka_cube_baseline_A_histseed_2557f3e_20260612_0922,1781139395,83,1617.765625,0.0,/tmp/franka_compare_tracking_vs_baseline/baseline/summaries/events.out.tfevents.1781255082.batch-block7-01489
no_tracking,franka_cube_baseline_A_histseed_2557f3e_20260612_0922,1781139395,84,1604.6859130859375,0.0,/tmp/franka_compare_tracking_vs_baseline/baseline/summaries/events.out.tfevents.1781255082.batch-block7-01489
no_tracking,franka_cube_baseline_A_histseed_2557f3e_20260612_0922,1781139395,85,1465.9361572265625,0.0,/tmp/franka_compare_tracking_vs_baseline/baseline/summaries/events.out.tfevents.1781255082.batch-block7-01489
no_tracking,franka_cube_baseline_A_histseed_2557f3e_20260612_0922,1781139395,86,1576.3974609375,0.0,/tmp/franka_compare_tracking_vs_baseline/baseline/summaries/events.out.tfevents.1781255082.batch-block7-01489
no_tracking,franka_cube_baseline_A_histseed_2557f3e_20260612_0922,1781139395,87,1624.179443359375,0.0001373291015625,/tmp/franka_compare_tracking_vs_baseline/baseline/summaries/events.out.tfevents.1781255082.batch-block7-01489
no_tracking,franka_cube_baseline_A_histseed_2557f3e_20260612_0922,1781139395,88,1581.4930419921875,0.0001068115234375,/tmp/franka_compare_tracking_vs_baseline/baseline/summaries/events.out.tfevents.1781255082.batch-block7-01489
no_tracking,franka_cube_baseline_A_histseed_2557f3e_20260612_0922,1781139395,89,1572.6038818359375,8.392333984375e-05,/tmp/franka_compare_tracking_vs_baseline/baseline/summaries/events.out.tfevents.1781255082.batch-block7-01489
no_tracking,franka_cube_baseline_A_histseed_2557f3e_20260612_0922,1781139395,90,1620.9073486328125,8.392333984375e-05,/tmp/franka_compare_tracking_vs_baseline/baseline/summaries/events.out.tfevents.1781255082.batch-block7-01489
no_tracking,franka_cube_baseline_A_histseed_2557f3e_20260612_0922,1781139395,91,1579.5379638671875,6.866455078125e-05,/tmp/franka_compare_tracking_vs_baseline/baseline/summaries/events.out.tfevents.1781255082.batch-block7-01489
no_tracking,franka_cube_baseline_A_histseed_2557f3e_20260612_0922,1781139395,92,1615.5364990234375,0.0,/tmp/franka_compare_tracking_vs_baseline/baseline/summaries/events.out.tfevents.1781255082.batch-block7-01489
no_tracking,franka_cube_baseline_A_histseed_2557f3e_20260612_0922,1781139395,93,1655.041259765625,5.340576171875e-05,/tmp/franka_compare_tracking_vs_baseline/baseline/summaries/events.out.tfevents.1781255082.batch-block7-01489
no_tracking,franka_cube_baseline_A_histseed_2557f3e_20260612_0922,1781139395,94,1460.0946044921875,4.57763671875e-05,/tmp/franka_compare_tracking_vs_baseline/baseline/summaries/events.out.tfevents.1781255082.batch-block7-01489
no_tracking,franka_cube_baseline_A_histseed_2557f3e_20260612_0922,1781139395,95,1580.5816650390625,6.103515625e-05,/tmp/franka_compare_tracking_vs_baseline/baseline/summaries/events.out.tfevents.1781255082.batch-block7-01489
no_tracking,franka_cube_baseline_A_histseed_2557f3e_20260612_0922,1781139395,96,1635.0821533203125,7.62939453125e-05,/tmp/franka_compare_tracking_vs_baseline/baseline/summaries/events.out.tfevents.1781255082.batch-block7-01489
no_tracking,franka_cube_baseline_A_histseed_2557f3e_20260612_0922,1781139395,97,1651.3109130859375,0.00030517578125,/tmp/franka_compare_tracking_vs_baseline/baseline/summaries/events.out.tfevents.1781255082.batch-block7-01489
no_tracking,franka_cube_baseline_A_histseed_2557f3e_20260612_0922,1781139395,98,1653.88427734375,8.392333984375e-05,/tmp/franka_compare_tracking_vs_baseline/baseline/summaries/events.out.tfevents.1781255082.batch-block7-01489
no_tracking,franka_cube_baseline_A_histseed_2557f3e_20260612_0922,1781139395,99,1672.857177734375,1.52587890625e-05,/tmp/franka_compare_tracking_vs_baseline/baseline/summaries/events.out.tfevents.1781255082.batch-block7-01489
no_tracking,franka_cube_baseline_A_histseed_2557f3e_20260612_0922,1781139395,100,1626.5775146484375,2.288818359375e-05,/tmp/franka_compare_tracking_vs_baseline/baseline/summaries/events.out.tfevents.1781255082.batch-block7-01489
no_tracking,franka_cube_baseline_A_histseed_2557f3e_20260612_0922,1781139395,101,1597.69482421875,3.0517578125e-05,/tmp/franka_compare_tracking_vs_baseline/baseline/summaries/events.out.tfevents.1781255082.batch-block7-01489
no_tracking,franka_cube_baseline_A_histseed_2557f3e_20260612_0922,1781139395,102,1586.009033203125,0.0001373291015625,/tmp/franka_compare_tracking_vs_baseline/baseline/summaries/events.out.tfevents.1781255082.batch-block7-01489
no_tracking,franka_cube_baseline_A_histseed_2557f3e_20260612_0922,1781139395,103,1629.20751953125,0.0001678466796875,/tmp/franka_compare_tracking_vs_baseline/baseline/summaries/events.out.tfevents.1781255082.batch-block7-01489
no_tracking,franka_cube_baseline_A_histseed_2557f3e_20260612_0922,1781139395,104,1548.1812744140625,0.00026702880859375,/tmp/franka_compare_tracking_vs_baseline/baseline/summaries/events.out.tfevents.1781255082.batch-block7-01489
no_tracking,franka_cube_baseline_A_histseed_2557f3e_20260612_0922,1781139395,105,1622.82666015625,0.0002593994140625,/tmp/franka_compare_tracking_vs_baseline/baseline/summaries/events.out.tfevents.1781255082.batch-block7-01489
no_tracking,franka_cube_baseline_A_histseed_2557f3e_20260612_0922,1781139395,106,1675.2645263671875,0.0005035400390625,/tmp/franka_compare_tracking_vs_baseline/baseline/summaries/events.out.tfevents.1781255082.batch-block7-01489
no_tracking,franka_cube_baseline_A_histseed_2557f3e_20260612_0922,1781139395,107,1640.5235595703125,0.00041961669921875,/tmp/franka_compare_tracking_vs_baseline/baseline/summaries/events.out.tfevents.1781255082.batch-block7-01489
no_tracking,franka_cube_baseline_A_histseed_2557f3e_20260612_0922,1781139395,108,1650.7315673828125,0.00049591064453125,/tmp/franka_compare_tracking_vs_baseline/baseline/summaries/events.out.tfevents.1781255082.batch-block7-01489
no_tracking,franka_cube_baseline_A_histseed_2557f3e_20260612_0922,1781139395,109,1674.2088623046875,0.00080108642578125,/tmp/franka_compare_tracking_vs_baseline/baseline/summaries/events.out.tfevents.1781255082.batch-block7-01489
no_tracking,franka_cube_baseline_A_histseed_2557f3e_20260612_0922,1781139395,110,1627.46875,0.000946044921875,/tmp/franka_compare_tracking_vs_baseline/baseline/summaries/events.out.tfevents.1781255082.batch-block7-01489
no_tracking,franka_cube_baseline_A_histseed_2557f3e_20260612_0922,1781139395,111,1618.3082275390625,0.0009307861328125,/tmp/franka_compare_tracking_vs_baseline/baseline/summaries/events.out.tfevents.1781255082.batch-block7-01489
no_tracking,franka_cube_baseline_A_histseed_2557f3e_20260612_0922,1781139395,112,1672.7449951171875,0.000732421875,/tmp/franka_compare_tracking_vs_baseline/baseline/summaries/events.out.tfevents.1781255082.batch-block7-01489
no_tracking,franka_cube_baseline_A_histseed_2557f3e_20260612_0922,1781139395,113,1539.1358642578125,0.000457763671875,/tmp/franka_compare_tracking_vs_baseline/baseline/summaries/events.out.tfevents.1781255082.batch-block7-01489
no_tracking,franka_cube_baseline_A_histseed_2557f3e_20260612_0922,1781139395,114,1573.94189453125,0.00081634521484375,/tmp/franka_compare_tracking_vs_baseline/baseline/summaries/events.out.tfevents.1781255082.batch-block7-01489
no_tracking,franka_cube_baseline_A_histseed_2557f3e_20260612_0922,1781139395,115,1594.726318359375,0.0016632080078125,/tmp/franka_compare_tracking_vs_baseline/baseline/summaries/events.out.tfevents.1781255082.batch-block7-01489
no_tracking,franka_cube_baseline_A_histseed_2557f3e_20260612_0922,1781139395,116,1593.515625,0.00127410888671875,/tmp/franka_compare_tracking_vs_baseline/baseline/summaries/events.out.tfevents.1781255082.batch-block7-01489
no_tracking,franka_cube_baseline_A_histseed_2557f3e_20260612_0922,1781139395,117,1697.5313720703125,0.00139617919921875,/tmp/franka_compare_tracking_vs_baseline/baseline/summaries/events.out.tfevents.1781255082.batch-block7-01489
no_tracking,franka_cube_baseline_A_histseed_2557f3e_20260612_0922,1781139395,118,1623.040283203125,0.0009765625,/tmp/franka_compare_tracking_vs_baseline/baseline/summaries/events.out.tfevents.1781255082.batch-block7-01489
no_tracking,franka_cube_baseline_A_histseed_2557f3e_20260612_0922,1781139395,119,1675.9403076171875,0.0009613037109375,/tmp/franka_compare_tracking_vs_baseline/baseline/summaries/events.out.tfevents.1781255082.batch-block7-01489
no_tracking,franka_cube_baseline_A_histseed_2557f3e_20260612_0922,1781139395,120,1644.998046875,0.00087738037109375,/tmp/franka_compare_tracking_vs_baseline/baseline/summaries/events.out.tfevents.1781255082.batch-block7-01489
no_tracking,franka_cube_baseline_A_histseed_2557f3e_20260612_0922,1781139395,121,1613.693603515625,0.001861572265625,/tmp/franka_compare_tracking_vs_baseline/baseline/summaries/events.out.tfevents.1781255082.batch-block7-01489
no_tracking,franka_cube_baseline_A_histseed_2557f3e_20260612_0922,1781139395,122,1561.9075927734375,0.001678466796875,/tmp/franka_compare_tracking_vs_baseline/baseline/summaries/events.out.tfevents.1781255082.batch-block7-01489
no_tracking,franka_cube_baseline_A_histseed_2557f3e_20260612_0922,1781139395,123,1587.137451171875,0.00141143798828125,/tmp/franka_compare_tracking_vs_baseline/baseline/summaries/events.out.tfevents.1781255082.batch-block7-01489
no_tracking,franka_cube_baseline_A_histseed_2557f3e_20260612_0922,1781139395,124,1655.9119873046875,0.0026397705078125,/tmp/franka_compare_tracking_vs_baseline/baseline/summaries/events.out.tfevents.1781255082.batch-block7-01489
no_tracking,franka_cube_baseline_A_histseed_2557f3e_20260612_0922,1781139395,125,1648.8115234375,0.0024871826171875,/tmp/franka_compare_tracking_vs_baseline/baseline/summaries/events.out.tfevents.1781255082.batch-block7-01489
no_tracking,franka_cube_baseline_A_histseed_2557f3e_20260612_0922,1781139395,126,1614.623046875,0.00347137451171875,/tmp/franka_compare_tracking_vs_baseline/baseline/summaries/events.out.tfevents.1781255082.batch-block7-01489
no_tracking,franka_cube_baseline_A_histseed_2557f3e_20260612_0922,1781139395,127,1662.515380859375,0.0027923583984375,/tmp/franka_compare_tracking_vs_baseline/baseline/summaries/events.out.tfevents.1781255082.batch-block7-01489
no_tracking,franka_cube_baseline_A_histseed_2557f3e_20260612_0922,1781139395,128,1566.8455810546875,0.0022430419921875,/tmp/franka_compare_tracking_vs_baseline/baseline/summaries/events.out.tfevents.1781255082.batch-block7-01489
no_tracking,franka_cube_baseline_A_histseed_2557f3e_20260612_0922,1781139395,129,1693.2646484375,0.00212860107421875,/tmp/franka_compare_tracking_vs_baseline/baseline/summaries/events.out.tfevents.1781255082.batch-block7-01489
no_tracking,franka_cube_baseline_A_histseed_2557f3e_20260612_0922,1781139395,130,1643.5274658203125,0.001708984375,/tmp/franka_compare_tracking_vs_baseline/baseline/summaries/events.out.tfevents.1781255082.batch-block7-01489
no_tracking,franka_cube_baseline_A_histseed_2557f3e_20260612_0922,1781139395,131,1591.1575927734375,0.00133514404296875,/tmp/franka_compare_tracking_vs_baseline/baseline/summaries/events.out.tfevents.1781255082.batch-block7-01489
no_tracking,franka_cube_baseline_A_histseed_2557f3e_20260612_0922,1781139395,132,1521.372802734375,0.0009002685546875,/tmp/franka_compare_tracking_vs_baseline/baseline/summaries/events.out.tfevents.1781255082.batch-block7-01489
no_tracking,franka_cube_baseline_A_histseed_2557f3e_20260612_0922,1781139395,133,1535.852783203125,0.0009918212890625,/tmp/franka_compare_tracking_vs_baseline/baseline/summaries/events.out.tfevents.1781255082.batch-block7-01489
no_tracking,franka_cube_baseline_A_histseed_2557f3e_20260612_0922,1781139395,134,1564.7867431640625,0.0010528564453125,/tmp/franka_compare_tracking_vs_baseline/baseline/summaries/events.out.tfevents.1781255082.batch-block7-01489
no_tracking,franka_cube_baseline_A_histseed_2557f3e_20260612_0922,1781139395,135,1532.7276611328125,0.00122833251953125,/tmp/franka_compare_tracking_vs_baseline/baseline/summaries/events.out.tfevents.1781255082.batch-block7-01489
no_tracking,franka_cube_baseline_A_histseed_2557f3e_20260612_0922,1781139395,136,1547.4888916015625,0.00138092041015625,/tmp/franka_compare_tracking_vs_baseline/baseline/summaries/events.out.tfevents.1781255082.batch-block7-01489
no_tracking,franka_cube_baseline_A_histseed_2557f3e_20260612_0922,1781139395,137,1561.770751953125,0.00081634521484375,/tmp/franka_compare_tracking_vs_baseline/baseline/summaries/events.out.tfevents.1781255082.batch-block7-01489
no_tracking,franka_cube_baseline_A_histseed_2557f3e_20260612_0922,1781139395,138,1440.5443115234375,0.00067138671875,/tmp/franka_compare_tracking_vs_baseline/baseline/summaries/events.out.tfevents.1781255082.batch-block7-01489
no_tracking,franka_cube_baseline_A_histseed_2557f3e_20260612_0922,1781139395,139,1579.0482177734375,0.0009765625,/tmp/franka_compare_tracking_vs_baseline/baseline/summaries/events.out.tfevents.1781255082.batch-block7-01489
no_tracking,franka_cube_baseline_A_histseed_2557f3e_20260612_0922,1781139395,140,1447.247314453125,0.00072479248046875,/tmp/franka_compare_tracking_vs_baseline/baseline/summaries/events.out.tfevents.1781255082.batch-block7-01489
no_tracking,franka_cube_baseline_A_histseed_2557f3e_20260612_0922,1781139395,141,1439.9090576171875,0.0004119873046875,/tmp/franka_compare_tracking_vs_baseline/baseline/summaries/events.out.tfevents.1781255082.batch-block7-01489
no_tracking,franka_cube_baseline_A_histseed_2557f3e_20260612_0922,1781139395,142,1567.5286865234375,0.001251220703125,/tmp/franka_compare_tracking_vs_baseline/baseline/summaries/events.out.tfevents.1781255082.batch-block7-01489
no_tracking,franka_cube_baseline_A_histseed_2557f3e_20260612_0922,1781139395,143,1551.4761962890625,0.00196075439453125,/tmp/franka_compare_tracking_vs_baseline/baseline/summaries/events.out.tfevents.1781255082.batch-block7-01489
no_tracking,franka_cube_baseline_A_histseed_2557f3e_20260612_0922,1781139395,144,1599.02685546875,0.0023956298828125,/tmp/franka_compare_tracking_vs_baseline/baseline/summaries/events.out.tfevents.1781255082.batch-block7-01489
no_tracking,franka_cube_baseline_A_histseed_2557f3e_20260612_0922,1781139395,145,1556.81640625,0.00177001953125,/tmp/franka_compare_tracking_vs_baseline/baseline/summaries/events.out.tfevents.1781255082.batch-block7-01489
no_tracking,franka_cube_baseline_A_histseed_2557f3e_20260612_0922,1781139395,146,1586.376220703125,0.00099945068359375,/tmp/franka_compare_tracking_vs_baseline/baseline/summaries/events.out.tfevents.1781255082.batch-block7-01489
no_tracking,franka_cube_baseline_A_histseed_2557f3e_20260612_0922,1781139395,147,1607.5963134765625,0.00072479248046875,/tmp/franka_compare_tracking_vs_baseline/baseline/summaries/events.out.tfevents.1781255082.batch-block7-01489
no_tracking,franka_cube_baseline_A_histseed_2557f3e_20260612_0922,1781139395,148,1595.5108642578125,0.00093841552734375,/tmp/franka_compare_tracking_vs_baseline/baseline/summaries/events.out.tfevents.1781255082.batch-block7-01489
no_tracking,franka_cube_baseline_A_histseed_2557f3e_20260612_0922,1781139395,149,1618.9781494140625,0.0008697509765625,/tmp/franka_compare_tracking_vs_baseline/baseline/summaries/events.out.tfevents.1781255082.batch-block7-01489
no_tracking,franka_cube_baseline_A_histseed_2557f3e_20260612_0922,1781139395,150,1675.0946044921875,0.000885009765625,/tmp/franka_compare_tracking_vs_baseline/baseline/summaries/events.out.tfevents.1781255082.batch-block7-01489
no_tracking,franka_cube_baseline_A_histseed_2557f3e_20260612_0922,1781139395,151,1634.0423583984375,0.00089263916015625,/tmp/franka_compare_tracking_vs_baseline/baseline/summaries/events.out.tfevents.1781255082.batch-block7-01489
no_tracking,franka_cube_baseline_A_histseed_2557f3e_20260612_0922,1781139395,152,1663.3507080078125,0.00115203857421875,/tmp/franka_compare_tracking_vs_baseline/baseline/summaries/events.out.tfevents.1781255082.batch-block7-01489
no_tracking,franka_cube_baseline_A_histseed_2557f3e_20260612_0922,1781139395,153,1679.81396484375,0.00106048583984375,/tmp/franka_compare_tracking_vs_baseline/baseline/summaries/events.out.tfevents.1781255082.batch-block7-01489
no_tracking,franka_cube_baseline_A_histseed_2557f3e_20260612_0922,1781139395,154,1689.5169677734375,0.00119781494140625,/tmp/franka_compare_tracking_vs_baseline/baseline/summaries/events.out.tfevents.1781255082.batch-block7-01489
no_tracking,franka_cube_baseline_A_histseed_2557f3e_20260612_0922,1781139395,155,1709.665283203125,0.0014495849609375,/tmp/franka_compare_tracking_vs_baseline/baseline/summaries/events.out.tfevents.1781255082.batch-block7-01489
no_tracking,franka_cube_baseline_A_histseed_2557f3e_20260612_0922,1781139395,156,1747.166259765625,0.0018463134765625,/tmp/franka_compare_tracking_vs_baseline/baseline/summaries/events.out.tfevents.1781255082.batch-block7-01489
no_tracking,franka_cube_baseline_A_histseed_2557f3e_20260612_0922,1781139395,157,1692.55029296875,0.00112152099609375,/tmp/franka_compare_tracking_vs_baseline/baseline/summaries/events.out.tfevents.1781255082.batch-block7-01489
no_tracking,franka_cube_baseline_A_histseed_2557f3e_20260612_0922,1781139395,158,1668.2083740234375,0.0006256103515625,/tmp/franka_compare_tracking_vs_baseline/baseline/summaries/events.out.tfevents.1781255082.batch-block7-01489
no_tracking,franka_cube_baseline_A_histseed_2557f3e_20260612_0922,1781139395,159,1634.6207275390625,0.00106048583984375,/tmp/franka_compare_tracking_vs_baseline/baseline/summaries/events.out.tfevents.1781255082.batch-block7-01489
no_tracking,franka_cube_baseline_A_histseed_2557f3e_20260612_0922,1781139395,160,1575.587890625,0.00079345703125,/tmp/franka_compare_tracking_vs_baseline/baseline/summaries/events.out.tfevents.1781255082.batch-block7-01489
no_tracking,franka_cube_baseline_A_histseed_2557f3e_20260612_0922,1781139395,161,1614.801025390625,0.00125885009765625,/tmp/franka_compare_tracking_vs_baseline/baseline/summaries/events.out.tfevents.1781255082.batch-block7-01489
no_tracking,franka_cube_baseline_A_histseed_2557f3e_20260612_0922,1781139395,162,1726.981689453125,0.00153350830078125,/tmp/franka_compare_tracking_vs_baseline/baseline/summaries/events.out.tfevents.1781255082.batch-block7-01489
no_tracking,franka_cube_baseline_A_histseed_2557f3e_20260612_0922,1781139395,163,1669.925537109375,0.00099945068359375,/tmp/franka_compare_tracking_vs_baseline/baseline/summaries/events.out.tfevents.1781255082.batch-block7-01489
no_tracking,franka_cube_baseline_A_histseed_2557f3e_20260612_0922,1781139395,164,1734.70556640625,0.00099945068359375,/tmp/franka_compare_tracking_vs_baseline/baseline/summaries/events.out.tfevents.1781255082.batch-block7-01489
no_tracking,franka_cube_baseline_A_histseed_2557f3e_20260612_0922,1781139395,165,1701.4063720703125,0.0006561279296875,/tmp/franka_compare_tracking_vs_baseline/baseline/summaries/events.out.tfevents.1781255082.batch-block7-01489
no_tracking,franka_cube_baseline_A_histseed_2557f3e_20260612_0922,1781139395,166,1629.4832763671875,0.0005340576171875,/tmp/franka_compare_tracking_vs_baseline/baseline/summaries/events.out.tfevents.1781255082.batch-block7-01489
no_tracking,franka_cube_baseline_A_histseed_2557f3e_20260612_0922,1781139395,167,1664.6201171875,0.0004730224609375,/tmp/franka_compare_tracking_vs_baseline/baseline/summaries/events.out.tfevents.1781255082.batch-block7-01489
no_tracking,franka_cube_baseline_A_histseed_2557f3e_20260612_0922,1781139395,168,1614.5733642578125,0.00077056884765625,/tmp/franka_compare_tracking_vs_baseline/baseline/summaries/events.out.tfevents.1781255082.batch-block7-01489
no_tracking,franka_cube_baseline_A_histseed_2557f3e_20260612_0922,1781139395,169,1584.2501220703125,0.00084686279296875,/tmp/franka_compare_tracking_vs_baseline/baseline/summaries/events.out.tfevents.1781255082.batch-block7-01489
no_tracking,franka_cube_baseline_A_histseed_2557f3e_20260612_0922,1781139395,170,1658.637939453125,0.00135040283203125,/tmp/franka_compare_tracking_vs_baseline/baseline/summaries/events.out.tfevents.1781255082.batch-block7-01489
no_tracking,franka_cube_baseline_A_histseed_2557f3e_20260612_0922,1781139395,171,1708.9935302734375,0.00145721435546875,/tmp/franka_compare_tracking_vs_baseline/baseline/summaries/events.out.tfevents.1781255082.batch-block7-01489
no_tracking,franka_cube_baseline_A_histseed_2557f3e_20260612_0922,1781139395,172,1698.8409423828125,0.00106048583984375,/tmp/franka_compare_tracking_vs_baseline/baseline/summaries/events.out.tfevents.1781255082.batch-block7-01489
no_tracking,franka_cube_baseline_A_histseed_2557f3e_20260612_0922,1781139395,173,1719.5284423828125,0.00078582763671875,/tmp/franka_compare_tracking_vs_baseline/baseline/summaries/events.out.tfevents.1781255082.batch-block7-01489
no_tracking,franka_cube_baseline_A_histseed_2557f3e_20260612_0922,1781139395,174,1676.2838134765625,0.00078582763671875,/tmp/franka_compare_tracking_vs_baseline/baseline/summaries/events.out.tfevents.1781255082.batch-block7-01489
no_tracking,franka_cube_baseline_A_histseed_2557f3e_20260612_0922,1781139395,175,1665.035400390625,0.00084686279296875,/tmp/franka_compare_tracking_vs_baseline/baseline/summaries/events.out.tfevents.1781255082.batch-block7-01489
no_tracking,franka_cube_baseline_A_histseed_2557f3e_20260612_0922,1781139395,176,1723.9609375,0.00078582763671875,/tmp/franka_compare_tracking_vs_baseline/baseline/summaries/events.out.tfevents.1781255082.batch-block7-01489
no_tracking,franka_cube_baseline_A_histseed_2557f3e_20260612_0922,1781139395,177,1683.8802490234375,0.0009307861328125,/tmp/franka_compare_tracking_vs_baseline/baseline/summaries/events.out.tfevents.1781255082.batch-block7-01489
no_tracking,franka_cube_baseline_A_histseed_2557f3e_20260612_0922,1781139395,178,1632.348388671875,0.00112152099609375,/tmp/franka_compare_tracking_vs_baseline/baseline/summaries/events.out.tfevents.1781255082.batch-block7-01489
no_tracking,franka_cube_baseline_A_histseed_2557f3e_20260612_0922,1781139395,179,1618.3651123046875,0.00189208984375,/tmp/franka_compare_tracking_vs_baseline/baseline/summaries/events.out.tfevents.1781255082.batch-block7-01489
no_tracking,franka_cube_baseline_A_histseed_2557f3e_20260612_0922,1781139395,180,1639.187744140625,0.00202178955078125,/tmp/franka_compare_tracking_vs_baseline/baseline/summaries/events.out.tfevents.1781255082.batch-block7-01489
no_tracking,franka_cube_baseline_A_histseed_2557f3e_20260612_0922,1781139395,181,1624.7904052734375,0.0019683837890625,/tmp/franka_compare_tracking_vs_baseline/baseline/summaries/events.out.tfevents.1781255082.batch-block7-01489
no_tracking,franka_cube_baseline_A_histseed_2557f3e_20260612_0922,1781139395,182,1767.3094482421875,0.00173187255859375,/tmp/franka_compare_tracking_vs_baseline/baseline/summaries/events.out.tfevents.1781255082.batch-block7-01489
no_tracking,franka_cube_baseline_A_histseed_2557f3e_20260612_0922,1781139395,183,1664.763916015625,0.0010528564453125,/tmp/franka_compare_tracking_vs_baseline/baseline/summaries/events.out.tfevents.1781255082.batch-block7-01489
no_tracking,franka_cube_baseline_A_histseed_2557f3e_20260612_0922,1781139395,184,1656.043701171875,0.0008544921875,/tmp/franka_compare_tracking_vs_baseline/baseline/summaries/events.out.tfevents.1781255082.batch-block7-01489
no_tracking,franka_cube_baseline_A_histseed_2557f3e_20260612_0922,1781139395,185,1683.38330078125,0.00077056884765625,/tmp/franka_compare_tracking_vs_baseline/baseline/summaries/events.out.tfevents.1781255082.batch-block7-01489
no_tracking,franka_cube_baseline_A_histseed_2557f3e_20260612_0922,1781139395,186,1661.778076171875,0.0010833740234375,/tmp/franka_compare_tracking_vs_baseline/baseline/summaries/events.out.tfevents.1781255082.batch-block7-01489
no_tracking,franka_cube_baseline_A_histseed_2557f3e_20260612_0922,1781139395,187,1747.06884765625,0.00124359130859375,/tmp/franka_compare_tracking_vs_baseline/baseline/summaries/events.out.tfevents.1781255082.batch-block7-01489
no_tracking,franka_cube_baseline_A_histseed_2557f3e_20260612_0922,1781139395,188,1607.546875,0.00098419189453125,/tmp/franka_compare_tracking_vs_baseline/baseline/summaries/events.out.tfevents.1781255082.batch-block7-01489
no_tracking,franka_cube_baseline_A_histseed_2557f3e_20260612_0922,1781139395,189,1654.246337890625,0.0015869140625,/tmp/franka_compare_tracking_vs_baseline/baseline/summaries/events.out.tfevents.1781255082.batch-block7-01489
no_tracking,franka_cube_baseline_A_histseed_2557f3e_20260612_0922,1781139395,190,1679.6619873046875,0.001220703125,/tmp/franka_compare_tracking_vs_baseline/baseline/summaries/events.out.tfevents.1781255082.batch-block7-01489
no_tracking,franka_cube_baseline_A_histseed_2557f3e_20260612_0922,1781139395,191,1672.095703125,0.00101470947265625,/tmp/franka_compare_tracking_vs_baseline/baseline/summaries/events.out.tfevents.1781255082.batch-block7-01489
no_tracking,franka_cube_baseline_A_histseed_2557f3e_20260612_0922,1781139395,192,1694.2535400390625,0.00095367431640625,/tmp/franka_compare_tracking_vs_baseline/baseline/summaries/events.out.tfevents.1781255082.batch-block7-01489
no_tracking,franka_cube_baseline_A_histseed_2557f3e_20260612_0922,1781139395,193,1654.8885498046875,0.00092315673828125,/tmp/franka_compare_tracking_vs_baseline/baseline/summaries/events.out.tfevents.1781255082.batch-block7-01489
no_tracking,franka_cube_baseline_A_histseed_2557f3e_20260612_0922,1781139395,194,1727.458984375,0.000701904296875,/tmp/franka_compare_tracking_vs_baseline/baseline/summaries/events.out.tfevents.1781255082.batch-block7-01489
no_tracking,franka_cube_baseline_A_histseed_2557f3e_20260612_0922,1781139395,195,1716.942626953125,0.0009307861328125,/tmp/franka_compare_tracking_vs_baseline/baseline/summaries/events.out.tfevents.1781255082.batch-block7-01489
no_tracking,franka_cube_baseline_A_histseed_2557f3e_20260612_0922,1781139395,196,1710.1876220703125,0.001007080078125,/tmp/franka_compare_tracking_vs_baseline/baseline/summaries/events.out.tfevents.1781255082.batch-block7-01489
no_tracking,franka_cube_baseline_A_histseed_2557f3e_20260612_0922,1781139395,197,1627.3426513671875,0.000762939453125,/tmp/franka_compare_tracking_vs_baseline/baseline/summaries/events.out.tfevents.1781255082.batch-block7-01489
no_tracking,franka_cube_baseline_A_histseed_2557f3e_20260612_0922,1781139395,198,1674.9102783203125,0.0018463134765625,/tmp/franka_compare_tracking_vs_baseline/baseline/summaries/events.out.tfevents.1781255082.batch-block7-01489
no_tracking,franka_cube_baseline_A_histseed_2557f3e_20260612_0922,1781139395,199,1723.339599609375,0.001861572265625,/tmp/franka_compare_tracking_vs_baseline/baseline/summaries/events.out.tfevents.1781255082.batch-block7-01489
no_tracking,franka_cube_baseline_A_histseed_2557f3e_20260612_0922,1781139395,200,1657.9344482421875,0.00136566162109375,/tmp/franka_compare_tracking_vs_baseline/baseline/summaries/events.out.tfevents.1781255082.batch-block7-01489
no_tracking,franka_cube_baseline_A_histseed_2557f3e_20260612_0922,1781139395,201,1699.4610595703125,0.00139617919921875,/tmp/franka_compare_tracking_vs_baseline/baseline/summaries/events.out.tfevents.1781255082.batch-block7-01489
no_tracking,franka_cube_baseline_A_histseed_2557f3e_20260612_0922,1781139395,202,1691.945556640625,0.00147247314453125,/tmp/franka_compare_tracking_vs_baseline/baseline/summaries/events.out.tfevents.1781255082.batch-block7-01489
no_tracking,franka_cube_baseline_A_histseed_2557f3e_20260612_0922,1781139395,203,1732.0224609375,0.00128173828125,/tmp/franka_compare_tracking_vs_baseline/baseline/summaries/events.out.tfevents.1781255082.batch-block7-01489
no_tracking,franka_cube_baseline_A_histseed_2557f3e_20260612_0922,1781139395,204,1733.5343017578125,0.00101470947265625,/tmp/franka_compare_tracking_vs_baseline/baseline/summaries/events.out.tfevents.1781255082.batch-block7-01489
no_tracking,franka_cube_baseline_A_histseed_2557f3e_20260612_0922,1781139395,205,1732.2838134765625,0.00098419189453125,/tmp/franka_compare_tracking_vs_baseline/baseline/summaries/events.out.tfevents.1781255082.batch-block7-01489
no_tracking,franka_cube_baseline_A_histseed_2557f3e_20260612_0922,1781139395,206,1757.6668701171875,0.00112152099609375,/tmp/franka_compare_tracking_vs_baseline/baseline/summaries/events.out.tfevents.1781255082.batch-block7-01489
no_tracking,franka_cube_baseline_A_histseed_2557f3e_20260612_0922,1781139395,207,1635.111572265625,0.0006103515625,/tmp/franka_compare_tracking_vs_baseline/baseline/summaries/events.out.tfevents.1781255082.batch-block7-01489
no_tracking,franka_cube_baseline_A_histseed_2557f3e_20260612_0922,1781139395,208,1698.4901123046875,0.00072479248046875,/tmp/franka_compare_tracking_vs_baseline/baseline/summaries/events.out.tfevents.1781255082.batch-block7-01489
no_tracking,franka_cube_baseline_A_histseed_2557f3e_20260612_0922,1781139395,209,1718.097412109375,0.00086212158203125,/tmp/franka_compare_tracking_vs_baseline/baseline/summaries/events.out.tfevents.1781255082.batch-block7-01489
no_tracking,franka_cube_baseline_A_histseed_2557f3e_20260612_0922,1781139395,210,1701.3271484375,0.0016326904296875,/tmp/franka_compare_tracking_vs_baseline/baseline/summaries/events.out.tfevents.1781255082.batch-block7-01489
no_tracking,franka_cube_baseline_A_histseed_2557f3e_20260612_0922,1781139395,211,1661.0648193359375,0.00223541259765625,/tmp/franka_compare_tracking_vs_baseline/baseline/summaries/events.out.tfevents.1781255082.batch-block7-01489
no_tracking,franka_cube_baseline_A_histseed_2557f3e_20260612_0922,1781139395,212,1756.4520263671875,0.00209808349609375,/tmp/franka_compare_tracking_vs_baseline/baseline/summaries/events.out.tfevents.1781255082.batch-block7-01489
no_tracking,franka_cube_baseline_A_histseed_2557f3e_20260612_0922,1781139395,213,1720.179931640625,0.00241851806640625,/tmp/franka_compare_tracking_vs_baseline/baseline/summaries/events.out.tfevents.1781255082.batch-block7-01489
no_tracking,franka_cube_baseline_A_histseed_2557f3e_20260612_0922,1781139395,214,1649.6207275390625,0.0026092529296875,/tmp/franka_compare_tracking_vs_baseline/baseline/summaries/events.out.tfevents.1781255082.batch-block7-01489
no_tracking,franka_cube_baseline_A_histseed_2557f3e_20260612_0922,1781139395,215,1665.336181640625,0.0034332275390625,/tmp/franka_compare_tracking_vs_baseline/baseline/summaries/events.out.tfevents.1781255082.batch-block7-01489
no_tracking,franka_cube_baseline_A_histseed_2557f3e_20260612_0922,1781139395,216,1680.4388427734375,0.00382232666015625,/tmp/franka_compare_tracking_vs_baseline/baseline/summaries/events.out.tfevents.1781255082.batch-block7-01489
no_tracking,franka_cube_baseline_A_histseed_2557f3e_20260612_0922,1781139395,217,1780.5924072265625,0.00433349609375,/tmp/franka_compare_tracking_vs_baseline/baseline/summaries/events.out.tfevents.1781255082.batch-block7-01489
no_tracking,franka_cube_baseline_A_histseed_2557f3e_20260612_0922,1781139395,218,1813.13427734375,0.00391387939453125,/tmp/franka_compare_tracking_vs_baseline/baseline/summaries/events.out.tfevents.1781255082.batch-block7-01489
no_tracking,franka_cube_baseline_A_histseed_2557f3e_20260612_0922,1781139395,219,1917.442626953125,0.00345611572265625,/tmp/franka_compare_tracking_vs_baseline/baseline/summaries/events.out.tfevents.1781255082.batch-block7-01489
no_tracking,franka_cube_baseline_A_histseed_2557f3e_20260612_0922,1781139395,220,1842.3115234375,0.0027923583984375,/tmp/franka_compare_tracking_vs_baseline/baseline/summaries/events.out.tfevents.1781255082.batch-block7-01489
no_tracking,franka_cube_baseline_A_histseed_2557f3e_20260612_0922,1781139395,221,1771.9171142578125,0.00150299072265625,/tmp/franka_compare_tracking_vs_baseline/baseline/summaries/events.out.tfevents.1781255082.batch-block7-01489
no_tracking,franka_cube_baseline_A_histseed_2557f3e_20260612_0922,1781139395,222,1788.541259765625,0.00113677978515625,/tmp/franka_compare_tracking_vs_baseline/baseline/summaries/events.out.tfevents.1781255082.batch-block7-01489
no_tracking,franka_cube_baseline_A_histseed_2557f3e_20260612_0922,1781139395,223,1838.19873046875,0.000579833984375,/tmp/franka_compare_tracking_vs_baseline/baseline/summaries/events.out.tfevents.1781255082.batch-block7-01489
no_tracking,franka_cube_baseline_A_histseed_2557f3e_20260612_0922,1781139395,224,1737.830322265625,7.62939453125e-06,/tmp/franka_compare_tracking_vs_baseline/baseline/summaries/events.out.tfevents.1781255082.batch-block7-01489
no_tracking,franka_cube_baseline_A_histseed_2557f3e_20260612_0922,1781139395,225,1651.3135986328125,1.52587890625e-05,/tmp/franka_compare_tracking_vs_baseline/baseline/summaries/events.out.tfevents.1781255082.batch-block7-01489
no_tracking,franka_cube_baseline_A_histseed_2557f3e_20260612_0922,1781139395,226,1662.649658203125,0.00251007080078125,/tmp/franka_compare_tracking_vs_baseline/baseline/summaries/events.out.tfevents.1781255082.batch-block7-01489
no_tracking,franka_cube_baseline_A_histseed_2557f3e_20260612_0922,1781139395,227,1687.62646484375,0.00298309326171875,/tmp/franka_compare_tracking_vs_baseline/baseline/summaries/events.out.tfevents.1781255082.batch-block7-01489
no_tracking,franka_cube_baseline_A_histseed_2557f3e_20260612_0922,1781139395,228,1760.2591552734375,0.00287628173828125,/tmp/franka_compare_tracking_vs_baseline/baseline/summaries/events.out.tfevents.1781255082.batch-block7-01489
no_tracking,franka_cube_baseline_A_histseed_2557f3e_20260612_0922,1781139395,229,1719.3846435546875,0.0031890869140625,/tmp/franka_compare_tracking_vs_baseline/baseline/summaries/events.out.tfevents.1781255082.batch-block7-01489
no_tracking,franka_cube_baseline_A_histseed_2557f3e_20260612_0922,1781139395,230,1737.1807861328125,0.00341796875,/tmp/franka_compare_tracking_vs_baseline/baseline/summaries/events.out.tfevents.1781255082.batch-block7-01489
no_tracking,franka_cube_baseline_A_histseed_2557f3e_20260612_0922,1781139395,231,1741.746826171875,0.00331878662109375,/tmp/franka_compare_tracking_vs_baseline/baseline/summaries/events.out.tfevents.1781255082.batch-block7-01489
no_tracking,franka_cube_baseline_A_histseed_2557f3e_20260612_0922,1781139395,232,1803.4219970703125,0.00263214111328125,/tmp/franka_compare_tracking_vs_baseline/baseline/summaries/events.out.tfevents.1781255082.batch-block7-01489
no_tracking,franka_cube_baseline_A_histseed_2557f3e_20260612_0922,1781139395,233,1775.6207275390625,0.00205230712890625,/tmp/franka_compare_tracking_vs_baseline/baseline/summaries/events.out.tfevents.1781255082.batch-block7-01489
no_tracking,franka_cube_baseline_A_histseed_2557f3e_20260612_0922,1781139395,234,1816.5142822265625,0.0019378662109375,/tmp/franka_compare_tracking_vs_baseline/baseline/summaries/events.out.tfevents.1781255082.batch-block7-01489
no_tracking,franka_cube_baseline_A_histseed_2557f3e_20260612_0922,1781139395,235,1697.6123046875,0.00160980224609375,/tmp/franka_compare_tracking_vs_baseline/baseline/summaries/events.out.tfevents.1781255082.batch-block7-01489
no_tracking,franka_cube_baseline_A_histseed_2557f3e_20260612_0922,1781139395,236,1727.833740234375,0.00345611572265625,/tmp/franka_compare_tracking_vs_baseline/baseline/summaries/events.out.tfevents.1781255082.batch-block7-01489
no_tracking,franka_cube_baseline_A_histseed_2557f3e_20260612_0922,1781139395,237,1753.1573486328125,0.00370025634765625,/tmp/franka_compare_tracking_vs_baseline/baseline/summaries/events.out.tfevents.1781255082.batch-block7-01489
no_tracking,franka_cube_baseline_A_histseed_2557f3e_20260612_0922,1781139395,238,1810.153076171875,0.00370025634765625,/tmp/franka_compare_tracking_vs_baseline/baseline/summaries/events.out.tfevents.1781255082.batch-block7-01489
no_tracking,franka_cube_baseline_A_histseed_2557f3e_20260612_0922,1781139395,239,1793.467041015625,0.003631591796875,/tmp/franka_compare_tracking_vs_baseline/baseline/summaries/events.out.tfevents.1781255082.batch-block7-01489
no_tracking,franka_cube_baseline_A_histseed_2557f3e_20260612_0922,1781139395,240,1762.4581298828125,0.0033721923828125,/tmp/franka_compare_tracking_vs_baseline/baseline/summaries/events.out.tfevents.1781255082.batch-block7-01489
no_tracking,franka_cube_baseline_A_histseed_2557f3e_20260612_0922,1781139395,241,1772.99560546875,0.003753662109375,/tmp/franka_compare_tracking_vs_baseline/baseline/summaries/events.out.tfevents.1781255082.batch-block7-01489
no_tracking,franka_cube_baseline_A_histseed_2557f3e_20260612_0922,1781139395,242,1710.880859375,0.0041046142578125,/tmp/franka_compare_tracking_vs_baseline/baseline/summaries/events.out.tfevents.1781255082.batch-block7-01489
no_tracking,franka_cube_baseline_A_histseed_2557f3e_20260612_0922,1781139395,243,1882.3721923828125,0.00453948974609375,/tmp/franka_compare_tracking_vs_baseline/baseline/summaries/events.out.tfevents.1781255082.batch-block7-01489
no_tracking,franka_cube_baseline_A_histseed_2557f3e_20260612_0922,1781139395,244,1675.1624755859375,0.00322723388671875,/tmp/franka_compare_tracking_vs_baseline/baseline/summaries/events.out.tfevents.1781255082.batch-block7-01489
no_tracking,franka_cube_baseline_A_histseed_2557f3e_20260612_0922,1781139395,245,1754.7689208984375,0.00421905517578125,/tmp/franka_compare_tracking_vs_baseline/baseline/summaries/events.out.tfevents.1781255082.batch-block7-01489
no_tracking,franka_cube_baseline_A_histseed_2557f3e_20260612_0922,1781139395,246,1813.3819580078125,0.00458526611328125,/tmp/franka_compare_tracking_vs_baseline/baseline/summaries/events.out.tfevents.1781255082.batch-block7-01489
no_tracking,franka_cube_baseline_A_histseed_2557f3e_20260612_0922,1781139395,247,1821.3111572265625,0.0057525634765625,/tmp/franka_compare_tracking_vs_baseline/baseline/summaries/events.out.tfevents.1781255082.batch-block7-01489
no_tracking,franka_cube_baseline_A_histseed_2557f3e_20260612_0922,1781139395,248,1710.3814697265625,0.00734710693359375,/tmp/franka_compare_tracking_vs_baseline/baseline/summaries/events.out.tfevents.1781255082.batch-block7-01489
no_tracking,franka_cube_baseline_A_histseed_2557f3e_20260612_0922,1781139395,249,1816.5408935546875,0.00716400146484375,/tmp/franka_compare_tracking_vs_baseline/baseline/summaries/events.out.tfevents.1781255082.batch-block7-01489
no_tracking,franka_cube_baseline_A_histseed_2557f3e_20260612_0922,1781139395,250,1738.1412353515625,0.00847625732421875,/tmp/franka_compare_tracking_vs_baseline/baseline/summaries/events.out.tfevents.1781255082.batch-block7-01489
no_tracking,franka_cube_baseline_A_histseed_2557f3e_20260612_0922,1781139395,251,1897.735107421875,0.009674072265625,/tmp/franka_compare_tracking_vs_baseline/baseline/summaries/events.out.tfevents.1781255082.batch-block7-01489
no_tracking,franka_cube_baseline_A_histseed_2557f3e_20260612_0922,1781139395,252,1782.18359375,0.01020050048828125,/tmp/franka_compare_tracking_vs_baseline/baseline/summaries/events.out.tfevents.1781255082.batch-block7-01489
no_tracking,franka_cube_baseline_A_histseed_2557f3e_20260612_0922,1781139395,253,1759.200439453125,0.012451171875,/tmp/franka_compare_tracking_vs_baseline/baseline/summaries/events.out.tfevents.1781255082.batch-block7-01489
no_tracking,franka_cube_baseline_A_histseed_2557f3e_20260612_0922,1781139395,254,1724.45361328125,0.01206207275390625,/tmp/franka_compare_tracking_vs_baseline/baseline/summaries/events.out.tfevents.1781255082.batch-block7-01489
no_tracking,franka_cube_baseline_A_histseed_2557f3e_20260612_0922,1781139395,255,1826.090576171875,0.01428985595703125,/tmp/franka_compare_tracking_vs_baseline/baseline/summaries/events.out.tfevents.1781255082.batch-block7-01489
no_tracking,franka_cube_baseline_A_histseed_2557f3e_20260612_0922,1781139395,256,1909.9222412109375,0.02062225341796875,/tmp/franka_compare_tracking_vs_baseline/baseline/summaries/events.out.tfevents.1781255082.batch-block7-01489
no_tracking,franka_cube_baseline_A_histseed_2557f3e_20260612_0922,1781139395,257,1851.0235595703125,0.0211639404296875,/tmp/franka_compare_tracking_vs_baseline/baseline/summaries/events.out.tfevents.1781255082.batch-block7-01489
no_tracking,franka_cube_baseline_A_histseed_2557f3e_20260612_0922,1781139395,258,1881.6341552734375,0.020263671875,/tmp/franka_compare_tracking_vs_baseline/baseline/summaries/events.out.tfevents.1781255082.batch-block7-01489
no_tracking,franka_cube_baseline_A_histseed_2557f3e_20260612_0922,1781139395,259,1901.4268798828125,0.02215576171875,/tmp/franka_compare_tracking_vs_baseline/baseline/summaries/events.out.tfevents.1781255082.batch-block7-01489
no_tracking,franka_cube_baseline_A_histseed_2557f3e_20260612_0922,1781139395,260,1821.327880859375,0.02346038818359375,/tmp/franka_compare_tracking_vs_baseline/baseline/summaries/events.out.tfevents.1781255082.batch-block7-01489
no_tracking,franka_cube_baseline_A_histseed_2557f3e_20260612_0922,1781139395,261,1933.8284912109375,0.0280914306640625,/tmp/franka_compare_tracking_vs_baseline/baseline/summaries/events.out.tfevents.1781255082.batch-block7-01489
no_tracking,franka_cube_baseline_A_histseed_2557f3e_20260612_0922,1781139395,262,2023.699951171875,0.03171539306640625,/tmp/franka_compare_tracking_vs_baseline/baseline/summaries/events.out.tfevents.1781255082.batch-block7-01489
no_tracking,franka_cube_baseline_A_histseed_2557f3e_20260612_0922,1781139395,263,2023.603515625,0.02262115478515625,/tmp/franka_compare_tracking_vs_baseline/baseline/summaries/events.out.tfevents.1781255082.batch-block7-01489
no_tracking,franka_cube_baseline_A_histseed_2557f3e_20260612_0922,1781139395,264,1848.31396484375,0.03031158447265625,/tmp/franka_compare_tracking_vs_baseline/baseline/summaries/events.out.tfevents.1781255082.batch-block7-01489
no_tracking,franka_cube_baseline_A_histseed_2557f3e_20260612_0922,1781139395,265,2047.1102294921875,0.0653839111328125,/tmp/franka_compare_tracking_vs_baseline/baseline/summaries/events.out.tfevents.1781255082.batch-block7-01489
no_tracking,franka_cube_baseline_A_histseed_2557f3e_20260612_0922,1781139395,266,2100.136474609375,0.08089447021484375,/tmp/franka_compare_tracking_vs_baseline/baseline/summaries/events.out.tfevents.1781255082.batch-block7-01489
no_tracking,franka_cube_baseline_A_histseed_2557f3e_20260612_0922,1781139395,267,2118.725341796875,0.09055328369140625,/tmp/franka_compare_tracking_vs_baseline/baseline/summaries/events.out.tfevents.1781255082.batch-block7-01489
no_tracking,franka_cube_baseline_A_histseed_2557f3e_20260612_0922,1781139395,268,2203.15869140625,0.09934234619140625,/tmp/franka_compare_tracking_vs_baseline/baseline/summaries/events.out.tfevents.1781255082.batch-block7-01489
no_tracking,franka_cube_baseline_A_histseed_2557f3e_20260612_0922,1781139395,269,2376.377197265625,0.10811614990234375,/tmp/franka_compare_tracking_vs_baseline/baseline/summaries/events.out.tfevents.1781255082.batch-block7-01489
no_tracking,franka_cube_baseline_A_histseed_2557f3e_20260612_0922,1781139395,270,2402.541015625,0.1231842041015625,/tmp/franka_compare_tracking_vs_baseline/baseline/summaries/events.out.tfevents.1781255082.batch-block7-01489
no_tracking,franka_cube_baseline_A_histseed_2557f3e_20260612_0922,1781139395,271,2715.30712890625,0.1337432861328125,/tmp/franka_compare_tracking_vs_baseline/baseline/summaries/events.out.tfevents.1781255082.batch-block7-01489
no_tracking,franka_cube_baseline_A_histseed_2557f3e_20260612_0922,1781139395,272,3033.194091796875,0.1281890869140625,/tmp/franka_compare_tracking_vs_baseline/baseline/summaries/events.out.tfevents.1781255082.batch-block7-01489
no_tracking,franka_cube_baseline_A_histseed_2557f3e_20260612_0922,1781139395,273,3188.458251953125,0.12699127197265625,/tmp/franka_compare_tracking_vs_baseline/baseline/summaries/events.out.tfevents.1781255082.batch-block7-01489
no_tracking,franka_cube_baseline_A_histseed_2557f3e_20260612_0922,1781139395,274,3141.44970703125,0.21014404296875,/tmp/franka_compare_tracking_vs_baseline/baseline/summaries/events.out.tfevents.1781255082.batch-block7-01489
no_tracking,franka_cube_baseline_A_histseed_2557f3e_20260612_0922,1781139395,275,3275.833740234375,0.2460479736328125,/tmp/franka_compare_tracking_vs_baseline/baseline/summaries/events.out.tfevents.1781255082.batch-block7-01489
no_tracking,franka_cube_baseline_A_histseed_2557f3e_20260612_0922,1781139395,276,3706.91357421875,0.24663543701171875,/tmp/franka_compare_tracking_vs_baseline/baseline/summaries/events.out.tfevents.1781255082.batch-block7-01489
no_tracking,franka_cube_baseline_A_histseed_2557f3e_20260612_0922,1781139395,277,3855.88623046875,0.25255584716796875,/tmp/franka_compare_tracking_vs_baseline/baseline/summaries/events.out.tfevents.1781255082.batch-block7-01489
no_tracking,franka_cube_baseline_A_histseed_2557f3e_20260612_0922,1781139395,278,4206.8935546875,0.26528167724609375,/tmp/franka_compare_tracking_vs_baseline/baseline/summaries/events.out.tfevents.1781255082.batch-block7-01489
no_tracking,franka_cube_baseline_A_histseed_2557f3e_20260612_0922,1781139395,279,4761.07763671875,0.27313232421875,/tmp/franka_compare_tracking_vs_baseline/baseline/summaries/events.out.tfevents.1781255082.batch-block7-01489
no_tracking,franka_cube_baseline_A_histseed_2557f3e_20260612_0922,1781139395,280,4712.26318359375,0.27276611328125,/tmp/franka_compare_tracking_vs_baseline/baseline/summaries/events.out.tfevents.1781255082.batch-block7-01489
no_tracking,franka_cube_baseline_A_histseed_2557f3e_20260612_0922,1781139395,281,4810.7939453125,0.27104949951171875,/tmp/franka_compare_tracking_vs_baseline/baseline/summaries/events.out.tfevents.1781255082.batch-block7-01489
no_tracking,franka_cube_baseline_A_histseed_2557f3e_20260612_0922,1781139395,282,5319.08935546875,0.2168426513671875,/tmp/franka_compare_tracking_vs_baseline/baseline/summaries/events.out.tfevents.1781255082.batch-block7-01489
no_tracking,franka_cube_baseline_A_histseed_2557f3e_20260612_0922,1781139395,283,5361.310546875,0.2981414794921875,/tmp/franka_compare_tracking_vs_baseline/baseline/summaries/events.out.tfevents.1781255082.batch-block7-01489
no_tracking,franka_cube_baseline_A_histseed_2557f3e_20260612_0922,1781139395,284,5054.8076171875,0.37866973876953125,/tmp/franka_compare_tracking_vs_baseline/baseline/summaries/events.out.tfevents.1781255082.batch-block7-01489
no_tracking,franka_cube_baseline_A_histseed_2557f3e_20260612_0922,1781139395,285,5501.22119140625,0.39272308349609375,/tmp/franka_compare_tracking_vs_baseline/baseline/summaries/events.out.tfevents.1781255082.batch-block7-01489
no_tracking,franka_cube_baseline_A_histseed_2557f3e_20260612_0922,1781139395,286,5205.34912109375,0.40836334228515625,/tmp/franka_compare_tracking_vs_baseline/baseline/summaries/events.out.tfevents.1781255082.batch-block7-01489
no_tracking,franka_cube_baseline_A_histseed_2557f3e_20260612_0922,1781139395,287,5975.12109375,0.42449188232421875,/tmp/franka_compare_tracking_vs_baseline/baseline/summaries/events.out.tfevents.1781255082.batch-block7-01489
no_tracking,franka_cube_baseline_A_histseed_2557f3e_20260612_0922,1781139395,288,6027.98046875,0.430389404296875,/tmp/franka_compare_tracking_vs_baseline/baseline/summaries/events.out.tfevents.1781255082.batch-block7-01489
no_tracking,franka_cube_baseline_A_histseed_2557f3e_20260612_0922,1781139395,289,6391.578125,0.44074249267578125,/tmp/franka_compare_tracking_vs_baseline/baseline/summaries/events.out.tfevents.1781255082.batch-block7-01489
no_tracking,franka_cube_baseline_A_histseed_2557f3e_20260612_0922,1781139395,290,6683.30810546875,0.44589996337890625,/tmp/franka_compare_tracking_vs_baseline/baseline/summaries/events.out.tfevents.1781255082.batch-block7-01489
no_tracking,franka_cube_baseline_A_histseed_2557f3e_20260612_0922,1781139395,291,6610.5234375,0.35065460205078125,/tmp/franka_compare_tracking_vs_baseline/baseline/summaries/events.out.tfevents.1781255082.batch-block7-01489
no_tracking,franka_cube_baseline_A_histseed_2557f3e_20260612_0922,1781139395,292,6640.03564453125,0.35492706298828125,/tmp/franka_compare_tracking_vs_baseline/baseline/summaries/events.out.tfevents.1781255082.batch-block7-01489
no_tracking,franka_cube_baseline_A_histseed_2557f3e_20260612_0922,1781139395,293,6560.4404296875,0.47745513916015625,/tmp/franka_compare_tracking_vs_baseline/baseline/summaries/events.out.tfevents.1781255082.batch-block7-01489
no_tracking,franka_cube_baseline_A_histseed_2557f3e_20260612_0922,1781139395,294,6675.439453125,0.49878692626953125,/tmp/franka_compare_tracking_vs_baseline/baseline/summaries/events.out.tfevents.1781255082.batch-block7-01489
no_tracking,franka_cube_baseline_A_histseed_2557f3e_20260612_0922,1781139395,295,7137.19873046875,0.5025863647460938,/tmp/franka_compare_tracking_vs_baseline/baseline/summaries/events.out.tfevents.1781255082.batch-block7-01489
no_tracking,franka_cube_baseline_A_histseed_2557f3e_20260612_0922,1781139395,296,7720.322265625,0.5131683349609375,/tmp/franka_compare_tracking_vs_baseline/baseline/summaries/events.out.tfevents.1781255082.batch-block7-01489
no_tracking,franka_cube_baseline_A_histseed_2557f3e_20260612_0922,1781139395,297,7501.22607421875,0.5160903930664062,/tmp/franka_compare_tracking_vs_baseline/baseline/summaries/events.out.tfevents.1781255082.batch-block7-01489
no_tracking,franka_cube_baseline_A_histseed_2557f3e_20260612_0922,1781139395,298,7969.2978515625,0.524566650390625,/tmp/franka_compare_tracking_vs_baseline/baseline/summaries/events.out.tfevents.1781255082.batch-block7-01489
no_tracking,franka_cube_baseline_A_histseed_2557f3e_20260612_0922,1781139395,299,8417.978515625,0.5428848266601562,/tmp/franka_compare_tracking_vs_baseline/baseline/summaries/events.out.tfevents.1781255082.batch-block7-01489
no_tracking,franka_cube_baseline_A_histseed_2557f3e_20260612_0922,1781139395,300,7956.26904296875,0.5011749267578125,/tmp/franka_compare_tracking_vs_baseline/baseline/summaries/events.out.tfevents.1781255082.batch-block7-01489
no_tracking,franka_cube_baseline_A_histseed_2557f3e_20260612_0922,1781139395,301,8045.9775390625,0.42258453369140625,/tmp/franka_compare_tracking_vs_baseline/baseline/summaries/events.out.tfevents.1781255082.batch-block7-01489
no_tracking,franka_cube_baseline_A_histseed_2557f3e_20260612_0922,1781139395,302,8418.36328125,0.5712890625,/tmp/franka_compare_tracking_vs_baseline/baseline/summaries/events.out.tfevents.1781255082.batch-block7-01489
no_tracking,franka_cube_baseline_A_histseed_2557f3e_20260612_0922,1781139395,303,8166.60546875,0.6238479614257812,/tmp/franka_compare_tracking_vs_baseline/baseline/summaries/events.out.tfevents.1781255082.batch-block7-01489
no_tracking,franka_cube_baseline_A_histseed_2557f3e_20260612_0922,1781139395,304,9149.4970703125,0.6116180419921875,/tmp/franka_compare_tracking_vs_baseline/baseline/summaries/events.out.tfevents.1781255082.batch-block7-01489
no_tracking,franka_cube_baseline_A_histseed_2557f3e_20260612_0922,1781139395,305,9127.298828125,0.6257247924804688,/tmp/franka_compare_tracking_vs_baseline/baseline/summaries/events.out.tfevents.1781255082.batch-block7-01489
no_tracking,franka_cube_baseline_A_histseed_2557f3e_20260612_0922,1781139395,306,9385.0244140625,0.6299057006835938,/tmp/franka_compare_tracking_vs_baseline/baseline/summaries/events.out.tfevents.1781255082.batch-block7-01489
no_tracking,franka_cube_baseline_A_histseed_2557f3e_20260612_0922,1781139395,307,9368.3984375,0.6261215209960938,/tmp/franka_compare_tracking_vs_baseline/baseline/summaries/events.out.tfevents.1781255082.batch-block7-01489
no_tracking,franka_cube_baseline_A_histseed_2557f3e_20260612_0922,1781139395,308,9558.271484375,0.6376800537109375,/tmp/franka_compare_tracking_vs_baseline/baseline/summaries/events.out.tfevents.1781255082.batch-block7-01489
no_tracking,franka_cube_baseline_A_histseed_2557f3e_20260612_0922,1781139395,309,9705.560546875,0.627716064453125,/tmp/franka_compare_tracking_vs_baseline/baseline/summaries/events.out.tfevents.1781255082.batch-block7-01489
no_tracking,franka_cube_baseline_A_histseed_2557f3e_20260612_0922,1781139395,310,9814.56640625,0.45961761474609375,/tmp/franka_compare_tracking_vs_baseline/baseline/summaries/events.out.tfevents.1781255082.batch-block7-01489
no_tracking,franka_cube_baseline_A_histseed_2557f3e_20260612_0922,1781139395,311,9450.650390625,0.5869064331054688,/tmp/franka_compare_tracking_vs_baseline/baseline/summaries/events.out.tfevents.1781255082.batch-block7-01489
no_tracking,franka_cube_baseline_A_histseed_2557f3e_20260612_0922,1781139395,312,9508.365234375,0.6829833984375,/tmp/franka_compare_tracking_vs_baseline/baseline/summaries/events.out.tfevents.1781255082.batch-block7-01489
no_tracking,franka_cube_baseline_A_histseed_2557f3e_20260612_0922,1781139395,313,9978.6494140625,0.66436767578125,/tmp/franka_compare_tracking_vs_baseline/baseline/summaries/events.out.tfevents.1781255082.batch-block7-01489
no_tracking,franka_cube_baseline_A_histseed_2557f3e_20260612_0922,1781139395,314,9600.1865234375,0.682098388671875,/tmp/franka_compare_tracking_vs_baseline/baseline/summaries/events.out.tfevents.1781255082.batch-block7-01489
no_tracking,franka_cube_baseline_A_histseed_2557f3e_20260612_0922,1781139395,315,9914.23828125,0.6973495483398438,/tmp/franka_compare_tracking_vs_baseline/baseline/summaries/events.out.tfevents.1781255082.batch-block7-01489
no_tracking,franka_cube_baseline_A_histseed_2557f3e_20260612_0922,1781139395,316,10127.298828125,0.692626953125,/tmp/franka_compare_tracking_vs_baseline/baseline/summaries/events.out.tfevents.1781255082.batch-block7-01489
no_tracking,franka_cube_baseline_A_histseed_2557f3e_20260612_0922,1781139395,317,10380.701171875,0.695526123046875,/tmp/franka_compare_tracking_vs_baseline/baseline/summaries/events.out.tfevents.1781255082.batch-block7-01489
no_tracking,franka_cube_baseline_A_histseed_2557f3e_20260612_0922,1781139395,318,10394.376953125,0.6922836303710938,/tmp/franka_compare_tracking_vs_baseline/baseline/summaries/events.out.tfevents.1781255082.batch-block7-01489
no_tracking,franka_cube_baseline_A_histseed_2557f3e_20260612_0922,1781139395,319,10648.1005859375,0.5631256103515625,/tmp/franka_compare_tracking_vs_baseline/baseline/summaries/events.out.tfevents.1781255082.batch-block7-01489
no_tracking,franka_cube_baseline_A_histseed_2557f3e_20260612_0922,1781139395,320,10591.2607421875,0.5707778930664062,/tmp/franka_compare_tracking_vs_baseline/baseline/summaries/events.out.tfevents.1781255082.batch-block7-01489
no_tracking,franka_cube_baseline_A_histseed_2557f3e_20260612_0922,1781139395,321,10418.673828125,0.6988296508789062,/tmp/franka_compare_tracking_vs_baseline/baseline/summaries/events.out.tfevents.1781255082.batch-block7-01489
no_tracking,franka_cube_baseline_A_histseed_2557f3e_20260612_0922,1781139395,322,10664.8681640625,0.6983718872070312,/tmp/franka_compare_tracking_vs_baseline/baseline/summaries/events.out.tfevents.1781255082.batch-block7-01489
no_tracking,franka_cube_baseline_A_histseed_2557f3e_20260612_0922,1781139395,323,10465.0478515625,0.6988983154296875,/tmp/franka_compare_tracking_vs_baseline/baseline/summaries/events.out.tfevents.1781255082.batch-block7-01489
no_tracking,franka_cube_baseline_A_histseed_2557f3e_20260612_0922,1781139395,324,10475.4794921875,0.7218399047851562,/tmp/franka_compare_tracking_vs_baseline/baseline/summaries/events.out.tfevents.1781255082.batch-block7-01489
no_tracking,franka_cube_baseline_A_histseed_2557f3e_20260612_0922,1781139395,325,10704.1357421875,0.7154312133789062,/tmp/franka_compare_tracking_vs_baseline/baseline/summaries/events.out.tfevents.1781255082.batch-block7-01489
no_tracking,franka_cube_baseline_A_histseed_2557f3e_20260612_0922,1781139395,326,10859.216796875,0.7238540649414062,/tmp/franka_compare_tracking_vs_baseline/baseline/summaries/events.out.tfevents.1781255082.batch-block7-01489
no_tracking,franka_cube_baseline_A_histseed_2557f3e_20260612_0922,1781139395,327,10644.4638671875,0.731292724609375,/tmp/franka_compare_tracking_vs_baseline/baseline/summaries/events.out.tfevents.1781255082.batch-block7-01489
no_tracking,franka_cube_baseline_A_histseed_2557f3e_20260612_0922,1781139395,328,11072.2900390625,0.6704788208007812,/tmp/franka_compare_tracking_vs_baseline/baseline/summaries/events.out.tfevents.1781255082.batch-block7-01489
no_tracking,franka_cube_baseline_A_histseed_2557f3e_20260612_0922,1781139395,329,11209.6826171875,0.5565185546875,/tmp/franka_compare_tracking_vs_baseline/baseline/summaries/events.out.tfevents.1781255082.batch-block7-01489
no_tracking,franka_cube_baseline_A_histseed_2557f3e_20260612_0922,1781139395,330,11013.390625,0.7351531982421875,/tmp/franka_compare_tracking_vs_baseline/baseline/summaries/events.out.tfevents.1781255082.batch-block7-01489
no_tracking,franka_cube_baseline_A_histseed_2557f3e_20260612_0922,1781139395,331,11074.3935546875,0.7467269897460938,/tmp/franka_compare_tracking_vs_baseline/baseline/summaries/events.out.tfevents.1781255082.batch-block7-01489
no_tracking,franka_cube_baseline_A_histseed_2557f3e_20260612_0922,1781139395,332,11409.0234375,0.7431411743164062,/tmp/franka_compare_tracking_vs_baseline/baseline/summaries/events.out.tfevents.1781255082.batch-block7-01489
no_tracking,franka_cube_baseline_A_histseed_2557f3e_20260612_0922,1781139395,333,11181.828125,0.7526702880859375,/tmp/franka_compare_tracking_vs_baseline/baseline/summaries/events.out.tfevents.1781255082.batch-block7-01489
no_tracking,franka_cube_baseline_A_histseed_2557f3e_20260612_0922,1781139395,334,11394.421875,0.7507476806640625,/tmp/franka_compare_tracking_vs_baseline/baseline/summaries/events.out.tfevents.1781255082.batch-block7-01489
no_tracking,franka_cube_baseline_A_histseed_2557f3e_20260612_0922,1781139395,335,11503.3876953125,0.747344970703125,/tmp/franka_compare_tracking_vs_baseline/baseline/summaries/events.out.tfevents.1781255082.batch-block7-01489
no_tracking,franka_cube_baseline_A_histseed_2557f3e_20260612_0922,1781139395,336,11576.482421875,0.7448654174804688,/tmp/franka_compare_tracking_vs_baseline/baseline/summaries/events.out.tfevents.1781255082.batch-block7-01489
no_tracking,franka_cube_baseline_A_histseed_2557f3e_20260612_0922,1781139395,337,11677.8798828125,0.7436981201171875,/tmp/franka_compare_tracking_vs_baseline/baseline/summaries/events.out.tfevents.1781255082.batch-block7-01489
no_tracking,franka_cube_baseline_A_histseed_2557f3e_20260612_0922,1781139395,338,11745.9306640625,0.5715179443359375,/tmp/franka_compare_tracking_vs_baseline/baseline/summaries/events.out.tfevents.1781255082.batch-block7-01489
no_tracking,franka_cube_baseline_A_histseed_2557f3e_20260612_0922,1781139395,339,11299.109375,0.6967391967773438,/tmp/franka_compare_tracking_vs_baseline/baseline/summaries/events.out.tfevents.1781255082.batch-block7-01489
no_tracking,franka_cube_baseline_A_histseed_2557f3e_20260612_0922,1781139395,340,11516.2939453125,0.7559432983398438,/tmp/franka_compare_tracking_vs_baseline/baseline/summaries/events.out.tfevents.1781255082.batch-block7-01489
no_tracking,franka_cube_baseline_A_histseed_2557f3e_20260612_0922,1781139395,341,11256.771484375,0.7541580200195312,/tmp/franka_compare_tracking_vs_baseline/baseline/summaries/events.out.tfevents.1781255082.batch-block7-01489
no_tracking,franka_cube_baseline_A_histseed_2557f3e_20260612_0922,1781139395,342,11293.302734375,0.7553787231445312,/tmp/franka_compare_tracking_vs_baseline/baseline/summaries/events.out.tfevents.1781255082.batch-block7-01489
no_tracking,franka_cube_baseline_A_histseed_2557f3e_20260612_0922,1781139395,343,11403.578125,0.769775390625,/tmp/franka_compare_tracking_vs_baseline/baseline/summaries/events.out.tfevents.1781255082.batch-block7-01489
no_tracking,franka_cube_baseline_A_histseed_2557f3e_20260612_0922,1781139395,344,11516.751953125,0.753326416015625,/tmp/franka_compare_tracking_vs_baseline/baseline/summaries/events.out.tfevents.1781255082.batch-block7-01489
no_tracking,franka_cube_baseline_A_histseed_2557f3e_20260612_0922,1781139395,345,11682.6318359375,0.7630157470703125,/tmp/franka_compare_tracking_vs_baseline/baseline/summaries/events.out.tfevents.1781255082.batch-block7-01489
no_tracking,franka_cube_baseline_A_histseed_2557f3e_20260612_0922,1781139395,346,11536.9306640625,0.7660598754882812,/tmp/franka_compare_tracking_vs_baseline/baseline/summaries/events.out.tfevents.1781255082.batch-block7-01489
no_tracking,franka_cube_baseline_A_histseed_2557f3e_20260612_0922,1781139395,347,11777.5595703125,0.6546249389648438,/tmp/franka_compare_tracking_vs_baseline/baseline/summaries/events.out.tfevents.1781255082.batch-block7-01489
no_tracking,franka_cube_baseline_A_histseed_2557f3e_20260612_0922,1781139395,348,11560.8486328125,0.6448211669921875,/tmp/franka_compare_tracking_vs_baseline/baseline/summaries/events.out.tfevents.1781255082.batch-block7-01489
no_tracking,franka_cube_baseline_A_histseed_2557f3e_20260612_0922,1781139395,349,11844.0595703125,0.7714920043945312,/tmp/franka_compare_tracking_vs_baseline/baseline/summaries/events.out.tfevents.1781255082.batch-block7-01489
no_tracking,franka_cube_baseline_A_histseed_2557f3e_20260612_0922,1781139395,350,12068.7412109375,0.7663345336914062,/tmp/franka_compare_tracking_vs_baseline/baseline/summaries/events.out.tfevents.1781255082.batch-block7-01489
no_tracking,franka_cube_baseline_A_histseed_2557f3e_20260612_0922,1781139395,351,11790.498046875,0.7583389282226562,/tmp/franka_compare_tracking_vs_baseline/baseline/summaries/events.out.tfevents.1781255082.batch-block7-01489
no_tracking,franka_cube_baseline_A_histseed_2557f3e_20260612_0922,1781139395,352,11555.228515625,0.7693252563476562,/tmp/franka_compare_tracking_vs_baseline/baseline/summaries/events.out.tfevents.1781255082.batch-block7-01489
no_tracking,franka_cube_baseline_A_histseed_2557f3e_20260612_0922,1781139395,353,11839.0830078125,0.7657852172851562,/tmp/franka_compare_tracking_vs_baseline/baseline/summaries/events.out.tfevents.1781255082.batch-block7-01489
no_tracking,franka_cube_baseline_A_histseed_2557f3e_20260612_0922,1781139395,354,11733.3076171875,0.7697067260742188,/tmp/franka_compare_tracking_vs_baseline/baseline/summaries/events.out.tfevents.1781255082.batch-block7-01489
no_tracking,franka_cube_baseline_A_histseed_2557f3e_20260612_0922,1781139395,355,12018.3662109375,0.7717132568359375,/tmp/franka_compare_tracking_vs_baseline/baseline/summaries/events.out.tfevents.1781255082.batch-block7-01489
no_tracking,franka_cube_baseline_A_histseed_2557f3e_20260612_0922,1781139395,356,11781.955078125,0.73095703125,/tmp/franka_compare_tracking_vs_baseline/baseline/summaries/events.out.tfevents.1781255082.batch-block7-01489
no_tracking,franka_cube_baseline_A_histseed_2557f3e_20260612_0922,1781139395,357,11839.7919921875,0.6009521484375,/tmp/franka_compare_tracking_vs_baseline/baseline/summaries/events.out.tfevents.1781255082.batch-block7-01489
no_tracking,franka_cube_baseline_A_histseed_2557f3e_20260612_0922,1781139395,358,11788.134765625,0.7669143676757812,/tmp/franka_compare_tracking_vs_baseline/baseline/summaries/events.out.tfevents.1781255082.batch-block7-01489
no_tracking,franka_cube_baseline_A_histseed_2557f3e_20260612_0922,1781139395,359,11786.9375,0.7841644287109375,/tmp/franka_compare_tracking_vs_baseline/baseline/summaries/events.out.tfevents.1781255082.batch-block7-01489
no_tracking,franka_cube_baseline_A_histseed_2557f3e_20260612_0922,1781139395,360,11705.029296875,0.7799835205078125,/tmp/franka_compare_tracking_vs_baseline/baseline/summaries/events.out.tfevents.1781255082.batch-block7-01489
no_tracking,franka_cube_baseline_A_histseed_2557f3e_20260612_0922,1781139395,361,11899.6689453125,0.777923583984375,/tmp/franka_compare_tracking_vs_baseline/baseline/summaries/events.out.tfevents.1781255082.batch-block7-01489
no_tracking,franka_cube_baseline_A_histseed_2557f3e_20260612_0922,1781139395,362,12020.4267578125,0.7795562744140625,/tmp/franka_compare_tracking_vs_baseline/baseline/summaries/events.out.tfevents.1781255082.batch-block7-01489
no_tracking,franka_cube_baseline_A_histseed_2557f3e_20260612_0922,1781139395,363,12156.466796875,0.7784042358398438,/tmp/franka_compare_tracking_vs_baseline/baseline/summaries/events.out.tfevents.1781255082.batch-block7-01489
no_tracking,franka_cube_baseline_A_histseed_2557f3e_20260612_0922,1781139395,364,12054.9599609375,0.7831573486328125,/tmp/franka_compare_tracking_vs_baseline/baseline/summaries/events.out.tfevents.1781255082.batch-block7-01489
no_tracking,franka_cube_baseline_A_histseed_2557f3e_20260612_0922,1781139395,365,12105.1171875,0.7778472900390625,/tmp/franka_compare_tracking_vs_baseline/baseline/summaries/events.out.tfevents.1781255082.batch-block7-01489
no_tracking,franka_cube_baseline_A_histseed_2557f3e_20260612_0922,1781139395,366,12210.814453125,0.6114730834960938,/tmp/franka_compare_tracking_vs_baseline/baseline/summaries/events.out.tfevents.1781255082.batch-block7-01489
no_tracking,franka_cube_baseline_A_histseed_2557f3e_20260612_0922,1781139395,367,12314.4345703125,0.7184219360351562,/tmp/franka_compare_tracking_vs_baseline/baseline/summaries/events.out.tfevents.1781255082.batch-block7-01489
no_tracking,franka_cube_baseline_A_histseed_2557f3e_20260612_0922,1781139395,368,12100.5185546875,0.7853317260742188,/tmp/franka_compare_tracking_vs_baseline/baseline/summaries/events.out.tfevents.1781255082.batch-block7-01489
no_tracking,franka_cube_baseline_A_histseed_2557f3e_20260612_0922,1781139395,369,12001.4169921875,0.7767257690429688,/tmp/franka_compare_tracking_vs_baseline/baseline/summaries/events.out.tfevents.1781255082.batch-block7-01489
no_tracking,franka_cube_baseline_A_histseed_2557f3e_20260612_0922,1781139395,370,12118.9912109375,0.7779006958007812,/tmp/franka_compare_tracking_vs_baseline/baseline/summaries/events.out.tfevents.1781255082.batch-block7-01489
no_tracking,franka_cube_baseline_A_histseed_2557f3e_20260612_0922,1781139395,371,12290.013671875,0.784820556640625,/tmp/franka_compare_tracking_vs_baseline/baseline/summaries/events.out.tfevents.1781255082.batch-block7-01489
no_tracking,franka_cube_baseline_A_histseed_2557f3e_20260612_0922,1781139395,372,12218.294921875,0.782745361328125,/tmp/franka_compare_tracking_vs_baseline/baseline/summaries/events.out.tfevents.1781255082.batch-block7-01489
no_tracking,franka_cube_baseline_A_histseed_2557f3e_20260612_0922,1781139395,373,12182.1064453125,0.7918624877929688,/tmp/franka_compare_tracking_vs_baseline/baseline/summaries/events.out.tfevents.1781255082.batch-block7-01489
no_tracking,franka_cube_baseline_A_histseed_2557f3e_20260612_0922,1781139395,374,12179.00390625,0.7883758544921875,/tmp/franka_compare_tracking_vs_baseline/baseline/summaries/events.out.tfevents.1781255082.batch-block7-01489
no_tracking,franka_cube_baseline_A_histseed_2557f3e_20260612_0922,1781139395,375,12012.9306640625,0.6908035278320312,/tmp/franka_compare_tracking_vs_baseline/baseline/summaries/events.out.tfevents.1781255082.batch-block7-01489
no_tracking,franka_cube_baseline_A_histseed_2557f3e_20260612_0922,1781139395,376,12158.6201171875,0.6592864990234375,/tmp/franka_compare_tracking_vs_baseline/baseline/summaries/events.out.tfevents.1781255082.batch-block7-01489
no_tracking,franka_cube_baseline_A_histseed_2557f3e_20260612_0922,1781139395,377,12160.3388671875,0.787078857421875,/tmp/franka_compare_tracking_vs_baseline/baseline/summaries/events.out.tfevents.1781255082.batch-block7-01489
no_tracking,franka_cube_baseline_A_histseed_2557f3e_20260612_0922,1781139395,378,12049.6298828125,0.7888412475585938,/tmp/franka_compare_tracking_vs_baseline/baseline/summaries/events.out.tfevents.1781255082.batch-block7-01489
no_tracking,franka_cube_baseline_A_histseed_2557f3e_20260612_0922,1781139395,379,12196.8310546875,0.7747039794921875,/tmp/franka_compare_tracking_vs_baseline/baseline/summaries/events.out.tfevents.1781255082.batch-block7-01489
no_tracking,franka_cube_baseline_A_histseed_2557f3e_20260612_0922,1781139395,380,12069.1484375,0.7868576049804688,/tmp/franka_compare_tracking_vs_baseline/baseline/summaries/events.out.tfevents.1781255082.batch-block7-01489
no_tracking,franka_cube_baseline_A_histseed_2557f3e_20260612_0922,1781139395,381,12142.255859375,0.7796096801757812,/tmp/franka_compare_tracking_vs_baseline/baseline/summaries/events.out.tfevents.1781255082.batch-block7-01489
no_tracking,franka_cube_baseline_A_histseed_2557f3e_20260612_0922,1781139395,382,12141.05859375,0.78216552734375,/tmp/franka_compare_tracking_vs_baseline/baseline/summaries/events.out.tfevents.1781255082.batch-block7-01489
no_tracking,franka_cube_baseline_A_histseed_2557f3e_20260612_0922,1781139395,383,12183.1787109375,0.7822113037109375,/tmp/franka_compare_tracking_vs_baseline/baseline/summaries/events.out.tfevents.1781255082.batch-block7-01489
no_tracking,franka_cube_baseline_A_histseed_2557f3e_20260612_0922,1781139395,384,12057.4599609375,0.7495346069335938,/tmp/franka_compare_tracking_vs_baseline/baseline/summaries/events.out.tfevents.1781255082.batch-block7-01489
no_tracking,franka_cube_baseline_A_histseed_2557f3e_20260612_0922,1781139395,385,11976.142578125,0.5974349975585938,/tmp/franka_compare_tracking_vs_baseline/baseline/summaries/events.out.tfevents.1781255082.batch-block7-01489
no_tracking,franka_cube_baseline_A_histseed_2557f3e_20260612_0922,1781139395,386,11955.0361328125,0.7676010131835938,/tmp/franka_compare_tracking_vs_baseline/baseline/summaries/events.out.tfevents.1781255082.batch-block7-01489
no_tracking,franka_cube_baseline_A_histseed_2557f3e_20260612_0922,1781139395,387,11779.6083984375,0.7905960083007812,/tmp/franka_compare_tracking_vs_baseline/baseline/summaries/events.out.tfevents.1781255082.batch-block7-01489
no_tracking,franka_cube_baseline_A_histseed_2557f3e_20260612_0922,1781139395,388,12015.857421875,0.7786102294921875,/tmp/franka_compare_tracking_vs_baseline/baseline/summaries/events.out.tfevents.1781255082.batch-block7-01489
no_tracking,franka_cube_baseline_A_histseed_2557f3e_20260612_0922,1781139395,389,12119.068359375,0.7833786010742188,/tmp/franka_compare_tracking_vs_baseline/baseline/summaries/events.out.tfevents.1781255082.batch-block7-01489
no_tracking,franka_cube_baseline_A_histseed_2557f3e_20260612_0922,1781139395,390,12111.0556640625,0.7845077514648438,/tmp/franka_compare_tracking_vs_baseline/baseline/summaries/events.out.tfevents.1781255082.batch-block7-01489
no_tracking,franka_cube_baseline_A_histseed_2557f3e_20260612_0922,1781139395,391,12101.1064453125,0.7827911376953125,/tmp/franka_compare_tracking_vs_baseline/baseline/summaries/events.out.tfevents.1781255082.batch-block7-01489
no_tracking,franka_cube_baseline_A_histseed_2557f3e_20260612_0922,1781139395,392,12132.5205078125,0.7925567626953125,/tmp/franka_compare_tracking_vs_baseline/baseline/summaries/events.out.tfevents.1781255082.batch-block7-01489
no_tracking,franka_cube_baseline_A_histseed_2557f3e_20260612_0922,1781139395,393,12274.0859375,0.791259765625,/tmp/franka_compare_tracking_vs_baseline/baseline/summaries/events.out.tfevents.1781255082.batch-block7-01489
no_tracking,franka_cube_baseline_A_histseed_2557f3e_20260612_0922,1781139395,394,12388.466796875,0.640625,/tmp/franka_compare_tracking_vs_baseline/baseline/summaries/events.out.tfevents.1781255082.batch-block7-01489
no_tracking,franka_cube_baseline_A_histseed_2557f3e_20260612_0922,1781139395,395,12343.5732421875,0.7232437133789062,/tmp/franka_compare_tracking_vs_baseline/baseline/summaries/events.out.tfevents.1781255082.batch-block7-01489
no_tracking,franka_cube_baseline_A_histseed_2557f3e_20260612_0922,1781139395,396,12326.8486328125,0.8023529052734375,/tmp/franka_compare_tracking_vs_baseline/baseline/summaries/events.out.tfevents.1781255082.batch-block7-01489
no_tracking,franka_cube_baseline_A_histseed_2557f3e_20260612_0922,1781139395,397,12371.0322265625,0.7996063232421875,/tmp/franka_compare_tracking_vs_baseline/baseline/summaries/events.out.tfevents.1781255082.batch-block7-01489
no_tracking,franka_cube_baseline_A_histseed_2557f3e_20260612_0922,1781139395,398,12042.42578125,0.7990036010742188,/tmp/franka_compare_tracking_vs_baseline/baseline/summaries/events.out.tfevents.1781255082.batch-block7-01489
no_tracking,franka_cube_baseline_A_histseed_2557f3e_20260612_0922,1781139395,399,12272.1513671875,0.8074188232421875,/tmp/franka_compare_tracking_vs_baseline/baseline/summaries/events.out.tfevents.1781255082.batch-block7-01489
no_tracking,franka_cube_baseline_A_histseed_2557f3e_20260612_0922,1781139395,400,12194.6923828125,0.7983322143554688,/tmp/franka_compare_tracking_vs_baseline/baseline/summaries/events.out.tfevents.1781255082.batch-block7-01489
no_tracking,franka_cube_baseline_A_histseed_2557f3e_20260612_0922,1781139395,401,12123.7958984375,0.8009872436523438,/tmp/franka_compare_tracking_vs_baseline/baseline/summaries/events.out.tfevents.1781255082.batch-block7-01489
no_tracking,franka_cube_baseline_A_histseed_2557f3e_20260612_0922,1781139395,402,12360.6708984375,0.8032073974609375,/tmp/franka_compare_tracking_vs_baseline/baseline/summaries/events.out.tfevents.1781255082.batch-block7-01489
no_tracking,franka_cube_baseline_A_histseed_2557f3e_20260612_0922,1781139395,403,12310.173828125,0.7215728759765625,/tmp/franka_compare_tracking_vs_baseline/baseline/summaries/events.out.tfevents.1781255082.batch-block7-01489
no_tracking,franka_cube_baseline_A_histseed_2557f3e_20260612_0922,1781139395,404,12337.779296875,0.6664962768554688,/tmp/franka_compare_tracking_vs_baseline/baseline/summaries/events.out.tfevents.1781255082.batch-block7-01489
no_tracking,franka_cube_baseline_A_histseed_2557f3e_20260612_0922,1781139395,405,12471.6259765625,0.806060791015625,/tmp/franka_compare_tracking_vs_baseline/baseline/summaries/events.out.tfevents.1781255082.batch-block7-01489
no_tracking,franka_cube_baseline_A_histseed_2557f3e_20260612_0922,1781139395,406,12520.326171875,0.811981201171875,/tmp/franka_compare_tracking_vs_baseline/baseline/summaries/events.out.tfevents.1781255082.batch-block7-01489
no_tracking,franka_cube_baseline_A_histseed_2557f3e_20260612_0922,1781139395,407,12294.0732421875,0.8039474487304688,/tmp/franka_compare_tracking_vs_baseline/baseline/summaries/events.out.tfevents.1781255082.batch-block7-01489
no_tracking,franka_cube_baseline_A_histseed_2557f3e_20260612_0922,1781139395,408,12403.1083984375,0.8089065551757812,/tmp/franka_compare_tracking_vs_baseline/baseline/summaries/events.out.tfevents.1781255082.batch-block7-01489
no_tracking,franka_cube_baseline_A_histseed_2557f3e_20260612_0922,1781139395,409,12482.4951171875,0.8032302856445312,/tmp/franka_compare_tracking_vs_baseline/baseline/summaries/events.out.tfevents.1781255082.batch-block7-01489
no_tracking,franka_cube_baseline_A_histseed_2557f3e_20260612_0922,1781139395,410,12277.6259765625,0.8062820434570312,/tmp/franka_compare_tracking_vs_baseline/baseline/summaries/events.out.tfevents.1781255082.batch-block7-01489
no_tracking,franka_cube_baseline_A_histseed_2557f3e_20260612_0922,1781139395,411,12336.2060546875,0.808319091796875,/tmp/franka_compare_tracking_vs_baseline/baseline/summaries/events.out.tfevents.1781255082.batch-block7-01489
no_tracking,franka_cube_baseline_A_histseed_2557f3e_20260612_0922,1781139395,412,12406.755859375,0.789154052734375,/tmp/franka_compare_tracking_vs_baseline/baseline/summaries/events.out.tfevents.1781255082.batch-block7-01489
no_tracking,franka_cube_baseline_A_histseed_2557f3e_20260612_0922,1781139395,413,12480.818359375,0.6249008178710938,/tmp/franka_compare_tracking_vs_baseline/baseline/summaries/events.out.tfevents.1781255082.batch-block7-01489
no_tracking,franka_cube_baseline_A_histseed_2557f3e_20260612_0922,1781139395,414,12414.513671875,0.7879714965820312,/tmp/franka_compare_tracking_vs_baseline/baseline/summaries/events.out.tfevents.1781255082.batch-block7-01489
no_tracking,franka_cube_baseline_A_histseed_2557f3e_20260612_0922,1781139395,415,12475.671875,0.8139114379882812,/tmp/franka_compare_tracking_vs_baseline/baseline/summaries/events.out.tfevents.1781255082.batch-block7-01489
no_tracking,franka_cube_baseline_A_histseed_2557f3e_20260612_0922,1781139395,416,12487.724609375,0.8073272705078125,/tmp/franka_compare_tracking_vs_baseline/baseline/summaries/events.out.tfevents.1781255082.batch-block7-01489
no_tracking,franka_cube_baseline_A_histseed_2557f3e_20260612_0922,1781139395,417,12408.189453125,0.803985595703125,/tmp/franka_compare_tracking_vs_baseline/baseline/summaries/events.out.tfevents.1781255082.batch-block7-01489
no_tracking,franka_cube_baseline_A_histseed_2557f3e_20260612_0922,1781139395,418,12457.939453125,0.8069992065429688,/tmp/franka_compare_tracking_vs_baseline/baseline/summaries/events.out.tfevents.1781255082.batch-block7-01489
no_tracking,franka_cube_baseline_A_histseed_2557f3e_20260612_0922,1781139395,419,12457.3212890625,0.7998580932617188,/tmp/franka_compare_tracking_vs_baseline/baseline/summaries/events.out.tfevents.1781255082.batch-block7-01489
no_tracking,franka_cube_baseline_A_histseed_2557f3e_20260612_0922,1781139395,420,12395.298828125,0.8110427856445312,/tmp/franka_compare_tracking_vs_baseline/baseline/summaries/events.out.tfevents.1781255082.batch-block7-01489
no_tracking,franka_cube_baseline_A_histseed_2557f3e_20260612_0922,1781139395,421,12543.1494140625,0.8084564208984375,/tmp/franka_compare_tracking_vs_baseline/baseline/summaries/events.out.tfevents.1781255082.batch-block7-01489
no_tracking,franka_cube_baseline_A_histseed_2557f3e_20260612_0922,1781139395,422,12306.2998046875,0.6700897216796875,/tmp/franka_compare_tracking_vs_baseline/baseline/summaries/events.out.tfevents.1781255082.batch-block7-01489
no_tracking,franka_cube_baseline_A_histseed_2557f3e_20260612_0922,1781139395,423,12547.1484375,0.7340469360351562,/tmp/franka_compare_tracking_vs_baseline/baseline/summaries/events.out.tfevents.1781255082.batch-block7-01489
no_tracking,franka_cube_baseline_A_histseed_2557f3e_20260612_0922,1781139395,424,12550.853515625,0.8139419555664062,/tmp/franka_compare_tracking_vs_baseline/baseline/summaries/events.out.tfevents.1781255082.batch-block7-01489
no_tracking,franka_cube_baseline_A_histseed_2557f3e_20260612_0922,1781139395,425,12574.8349609375,0.8125534057617188,/tmp/franka_compare_tracking_vs_baseline/baseline/summaries/events.out.tfevents.1781255082.batch-block7-01489
no_tracking,franka_cube_baseline_A_histseed_2557f3e_20260612_0922,1781139395,426,12497.8388671875,0.8082504272460938,/tmp/franka_compare_tracking_vs_baseline/baseline/summaries/events.out.tfevents.1781255082.batch-block7-01489
no_tracking,franka_cube_baseline_A_histseed_2557f3e_20260612_0922,1781139395,427,12608.4443359375,0.8113555908203125,/tmp/franka_compare_tracking_vs_baseline/baseline/summaries/events.out.tfevents.1781255082.batch-block7-01489
no_tracking,franka_cube_baseline_A_histseed_2557f3e_20260612_0922,1781139395,428,12526.52734375,0.8063735961914062,/tmp/franka_compare_tracking_vs_baseline/baseline/summaries/events.out.tfevents.1781255082.batch-block7-01489
no_tracking,franka_cube_baseline_A_histseed_2557f3e_20260612_0922,1781139395,429,12502.4462890625,0.8139190673828125,/tmp/franka_compare_tracking_vs_baseline/baseline/summaries/events.out.tfevents.1781255082.batch-block7-01489
no_tracking,franka_cube_baseline_A_histseed_2557f3e_20260612_0922,1781139395,430,12464.48828125,0.8101959228515625,/tmp/franka_compare_tracking_vs_baseline/baseline/summaries/events.out.tfevents.1781255082.batch-block7-01489
no_tracking,franka_cube_baseline_A_histseed_2557f3e_20260612_0922,1781139395,431,12630.2314453125,0.7470779418945312,/tmp/franka_compare_tracking_vs_baseline/baseline/summaries/events.out.tfevents.1781255082.batch-block7-01489
no_tracking,franka_cube_baseline_A_histseed_2557f3e_20260612_0922,1781139395,432,12208.068359375,0.6761016845703125,/tmp/franka_compare_tracking_vs_baseline/baseline/summaries/events.out.tfevents.1781255082.batch-block7-01489
no_tracking,franka_cube_baseline_A_histseed_2557f3e_20260612_0922,1781139395,433,12465.26953125,0.8184280395507812,/tmp/franka_compare_tracking_vs_baseline/baseline/summaries/events.out.tfevents.1781255082.batch-block7-01489
no_tracking,franka_cube_baseline_A_histseed_2557f3e_20260612_0922,1781139395,434,12549.8876953125,0.822418212890625,/tmp/franka_compare_tracking_vs_baseline/baseline/summaries/events.out.tfevents.1781255082.batch-block7-01489
no_tracking,franka_cube_baseline_A_histseed_2557f3e_20260612_0922,1781139395,435,12622.9775390625,0.8082733154296875,/tmp/franka_compare_tracking_vs_baseline/baseline/summaries/events.out.tfevents.1781255082.batch-block7-01489
no_tracking,franka_cube_baseline_A_histseed_2557f3e_20260612_0922,1781139395,436,12407.6767578125,0.8152923583984375,/tmp/franka_compare_tracking_vs_baseline/baseline/summaries/events.out.tfevents.1781255082.batch-block7-01489
no_tracking,franka_cube_baseline_A_histseed_2557f3e_20260612_0922,1781139395,437,12543.2626953125,0.8137893676757812,/tmp/franka_compare_tracking_vs_baseline/baseline/summaries/events.out.tfevents.1781255082.batch-block7-01489
no_tracking,franka_cube_baseline_A_histseed_2557f3e_20260612_0922,1781139395,438,12573.9296875,0.81390380859375,/tmp/franka_compare_tracking_vs_baseline/baseline/summaries/events.out.tfevents.1781255082.batch-block7-01489
no_tracking,franka_cube_baseline_A_histseed_2557f3e_20260612_0922,1781139395,439,12427.921875,0.8166427612304688,/tmp/franka_compare_tracking_vs_baseline/baseline/summaries/events.out.tfevents.1781255082.batch-block7-01489
no_tracking,franka_cube_baseline_A_histseed_2557f3e_20260612_0922,1781139395,440,12553.357421875,0.8066940307617188,/tmp/franka_compare_tracking_vs_baseline/baseline/summaries/events.out.tfevents.1781255082.batch-block7-01489
no_tracking,franka_cube_baseline_A_histseed_2557f3e_20260612_0922,1781139395,441,12769.9423828125,0.6361236572265625,/tmp/franka_compare_tracking_vs_baseline/baseline/summaries/events.out.tfevents.1781255082.batch-block7-01489
no_tracking,franka_cube_baseline_A_histseed_2557f3e_20260612_0922,1781139395,442,12530.7412109375,0.7921676635742188,/tmp/franka_compare_tracking_vs_baseline/baseline/summaries/events.out.tfevents.1781255082.batch-block7-01489
no_tracking,franka_cube_baseline_A_histseed_2557f3e_20260612_0922,1781139395,443,12414.599609375,0.824981689453125,/tmp/franka_compare_tracking_vs_baseline/baseline/summaries/events.out.tfevents.1781255082.batch-block7-01489
no_tracking,franka_cube_baseline_A_histseed_2557f3e_20260612_0922,1781139395,444,12588.845703125,0.8187713623046875,/tmp/franka_compare_tracking_vs_baseline/baseline/summaries/events.out.tfevents.1781255082.batch-block7-01489
no_tracking,franka_cube_baseline_A_histseed_2557f3e_20260612_0922,1781139395,445,12284.1123046875,0.8097610473632812,/tmp/franka_compare_tracking_vs_baseline/baseline/summaries/events.out.tfevents.1781255082.batch-block7-01489
no_tracking,franka_cube_baseline_A_histseed_2557f3e_20260612_0922,1781139395,446,12571.3232421875,0.820709228515625,/tmp/franka_compare_tracking_vs_baseline/baseline/summaries/events.out.tfevents.1781255082.batch-block7-01489
no_tracking,franka_cube_baseline_A_histseed_2557f3e_20260612_0922,1781139395,447,12517.4375,0.8160629272460938,/tmp/franka_compare_tracking_vs_baseline/baseline/summaries/events.out.tfevents.1781255082.batch-block7-01489
no_tracking,franka_cube_baseline_A_histseed_2557f3e_20260612_0922,1781139395,448,12572.4638671875,0.8237838745117188,/tmp/franka_compare_tracking_vs_baseline/baseline/summaries/events.out.tfevents.1781255082.batch-block7-01489
no_tracking,franka_cube_baseline_A_histseed_2557f3e_20260612_0922,1781139395,449,12702.853515625,0.8207855224609375,/tmp/franka_compare_tracking_vs_baseline/baseline/summaries/events.out.tfevents.1781255082.batch-block7-01489
no_tracking,franka_cube_baseline_A_histseed_2557f3e_20260612_0922,1781139395,450,12627.1181640625,0.6996536254882812,/tmp/franka_compare_tracking_vs_baseline/baseline/summaries/events.out.tfevents.1781255082.batch-block7-01489
no_tracking,franka_cube_baseline_A_histseed_2557f3e_20260612_0922,1781139395,451,12819.4150390625,0.7345199584960938,/tmp/franka_compare_tracking_vs_baseline/baseline/summaries/events.out.tfevents.1781255082.batch-block7-01489
no_tracking,franka_cube_baseline_A_histseed_2557f3e_20260612_0922,1781139395,452,12834.296875,0.8215866088867188,/tmp/franka_compare_tracking_vs_baseline/baseline/summaries/events.out.tfevents.1781255082.batch-block7-01489
no_tracking,franka_cube_baseline_A_histseed_2557f3e_20260612_0922,1781139395,453,12547.5458984375,0.8173751831054688,/tmp/franka_compare_tracking_vs_baseline/baseline/summaries/events.out.tfevents.1781255082.batch-block7-01489
no_tracking,franka_cube_baseline_A_histseed_2557f3e_20260612_0922,1781139395,454,12608.2255859375,0.80877685546875,/tmp/franka_compare_tracking_vs_baseline/baseline/summaries/events.out.tfevents.1781255082.batch-block7-01489
no_tracking,franka_cube_baseline_A_histseed_2557f3e_20260612_0922,1781139395,455,12579.9560546875,0.8184738159179688,/tmp/franka_compare_tracking_vs_baseline/baseline/summaries/events.out.tfevents.1781255082.batch-block7-01489
no_tracking,franka_cube_baseline_A_histseed_2557f3e_20260612_0922,1781139395,456,12662.1611328125,0.811004638671875,/tmp/franka_compare_tracking_vs_baseline/baseline/summaries/events.out.tfevents.1781255082.batch-block7-01489
no_tracking,franka_cube_baseline_A_histseed_2557f3e_20260612_0922,1781139395,457,12545.111328125,0.818756103515625,/tmp/franka_compare_tracking_vs_baseline/baseline/summaries/events.out.tfevents.1781255082.batch-block7-01489
no_tracking,franka_cube_baseline_A_histseed_2557f3e_20260612_0922,1781139395,458,12376.220703125,0.8153152465820312,/tmp/franka_compare_tracking_vs_baseline/baseline/summaries/events.out.tfevents.1781255082.batch-block7-01489
no_tracking,franka_cube_baseline_A_histseed_2557f3e_20260612_0922,1781139395,459,12690.9306640625,0.7662429809570312,/tmp/franka_compare_tracking_vs_baseline/baseline/summaries/events.out.tfevents.1781255082.batch-block7-01489
no_tracking,franka_cube_baseline_A_histseed_2557f3e_20260612_0922,1781139395,460,12498.509765625,0.667205810546875,/tmp/franka_compare_tracking_vs_baseline/baseline/summaries/events.out.tfevents.1781255082.batch-block7-01489
no_tracking,franka_cube_baseline_A_histseed_2557f3e_20260612_0922,1781139395,461,12549.904296875,0.8152999877929688,/tmp/franka_compare_tracking_vs_baseline/baseline/summaries/events.out.tfevents.1781255082.batch-block7-01489
no_tracking,franka_cube_baseline_A_histseed_2557f3e_20260612_0922,1781139395,462,12600.20703125,0.8224716186523438,/tmp/franka_compare_tracking_vs_baseline/baseline/summaries/events.out.tfevents.1781255082.batch-block7-01489
no_tracking,franka_cube_baseline_A_histseed_2557f3e_20260612_0922,1781139395,463,12600.2470703125,0.8157806396484375,/tmp/franka_compare_tracking_vs_baseline/baseline/summaries/events.out.tfevents.1781255082.batch-block7-01489
no_tracking,franka_cube_baseline_A_histseed_2557f3e_20260612_0922,1781139395,464,12636.77734375,0.8199539184570312,/tmp/franka_compare_tracking_vs_baseline/baseline/summaries/events.out.tfevents.1781255082.batch-block7-01489
no_tracking,franka_cube_baseline_A_histseed_2557f3e_20260612_0922,1781139395,465,12772.0244140625,0.8194580078125,/tmp/franka_compare_tracking_vs_baseline/baseline/summaries/events.out.tfevents.1781255082.batch-block7-01489
no_tracking,franka_cube_baseline_A_histseed_2557f3e_20260612_0922,1781139395,466,12756.357421875,0.8198928833007812,/tmp/franka_compare_tracking_vs_baseline/baseline/summaries/events.out.tfevents.1781255082.batch-block7-01489
no_tracking,franka_cube_baseline_A_histseed_2557f3e_20260612_0922,1781139395,467,12491.7099609375,0.8217926025390625,/tmp/franka_compare_tracking_vs_baseline/baseline/summaries/events.out.tfevents.1781255082.batch-block7-01489
no_tracking,franka_cube_baseline_A_histseed_2557f3e_20260612_0922,1781139395,468,12828.4482421875,0.8221664428710938,/tmp/franka_compare_tracking_vs_baseline/baseline/summaries/events.out.tfevents.1781255082.batch-block7-01489
no_tracking,franka_cube_baseline_A_histseed_2557f3e_20260612_0922,1781139395,469,12648.21875,0.6600494384765625,/tmp/franka_compare_tracking_vs_baseline/baseline/summaries/events.out.tfevents.1781255082.batch-block7-01489
no_tracking,franka_cube_baseline_A_histseed_2557f3e_20260612_0922,1781139395,470,12595.173828125,0.8069839477539062,/tmp/franka_compare_tracking_vs_baseline/baseline/summaries/events.out.tfevents.1781255082.batch-block7-01489
no_tracking,franka_cube_baseline_A_histseed_2557f3e_20260612_0922,1781139395,471,12715.7744140625,0.83251953125,/tmp/franka_compare_tracking_vs_baseline/baseline/summaries/events.out.tfevents.1781255082.batch-block7-01489
no_tracking,franka_cube_baseline_A_histseed_2557f3e_20260612_0922,1781139395,472,12600.5322265625,0.8253555297851562,/tmp/franka_compare_tracking_vs_baseline/baseline/summaries/events.out.tfevents.1781255082.batch-block7-01489
no_tracking,franka_cube_baseline_A_histseed_2557f3e_20260612_0922,1781139395,473,12750.814453125,0.8221588134765625,/tmp/franka_compare_tracking_vs_baseline/baseline/summaries/events.out.tfevents.1781255082.batch-block7-01489
no_tracking,franka_cube_baseline_A_histseed_2557f3e_20260612_0922,1781139395,474,12735.380859375,0.828582763671875,/tmp/franka_compare_tracking_vs_baseline/baseline/summaries/events.out.tfevents.1781255082.batch-block7-01489
no_tracking,franka_cube_baseline_A_histseed_2557f3e_20260612_0922,1781139395,475,12720.1787109375,0.8236846923828125,/tmp/franka_compare_tracking_vs_baseline/baseline/summaries/events.out.tfevents.1781255082.batch-block7-01489
no_tracking,franka_cube_baseline_A_histseed_2557f3e_20260612_0922,1781139395,476,12787.3857421875,0.8293380737304688,/tmp/franka_compare_tracking_vs_baseline/baseline/summaries/events.out.tfevents.1781255082.batch-block7-01489
no_tracking,franka_cube_baseline_A_histseed_2557f3e_20260612_0922,1781139395,477,12771.626953125,0.8224258422851562,/tmp/franka_compare_tracking_vs_baseline/baseline/summaries/events.out.tfevents.1781255082.batch-block7-01489
no_tracking,franka_cube_baseline_A_histseed_2557f3e_20260612_0922,1781139395,478,12557.8251953125,0.7204132080078125,/tmp/franka_compare_tracking_vs_baseline/baseline/summaries/events.out.tfevents.1781255082.batch-block7-01489
no_tracking,franka_cube_baseline_A_histseed_2557f3e_20260612_0922,1781139395,479,12711.876953125,0.75250244140625,/tmp/franka_compare_tracking_vs_baseline/baseline/summaries/events.out.tfevents.1781255082.batch-block7-01489
no_tracking,franka_cube_baseline_A_histseed_2557f3e_20260612_0922,1781139395,480,12817.0322265625,0.8341903686523438,/tmp/franka_compare_tracking_vs_baseline/baseline/summaries/events.out.tfevents.1781255082.batch-block7-01489
no_tracking,franka_cube_baseline_A_histseed_2557f3e_20260612_0922,1781139395,481,12764.390625,0.8300704956054688,/tmp/franka_compare_tracking_vs_baseline/baseline/summaries/events.out.tfevents.1781255082.batch-block7-01489
no_tracking,franka_cube_baseline_A_histseed_2557f3e_20260612_0922,1781139395,482,12908.4931640625,0.8249969482421875,/tmp/franka_compare_tracking_vs_baseline/baseline/summaries/events.out.tfevents.1781255082.batch-block7-01489
no_tracking,franka_cube_baseline_A_histseed_2557f3e_20260612_0922,1781139395,483,12740.1875,0.834014892578125,/tmp/franka_compare_tracking_vs_baseline/baseline/summaries/events.out.tfevents.1781255082.batch-block7-01489
no_tracking,franka_cube_baseline_A_histseed_2557f3e_20260612_0922,1781139395,484,12718.6220703125,0.830780029296875,/tmp/franka_compare_tracking_vs_baseline/baseline/summaries/events.out.tfevents.1781255082.batch-block7-01489
no_tracking,franka_cube_baseline_A_histseed_2557f3e_20260612_0922,1781139395,485,12751.73828125,0.838958740234375,/tmp/franka_compare_tracking_vs_baseline/baseline/summaries/events.out.tfevents.1781255082.batch-block7-01489
no_tracking,franka_cube_baseline_A_histseed_2557f3e_20260612_0922,1781139395,486,12799.25390625,0.836090087890625,/tmp/franka_compare_tracking_vs_baseline/baseline/summaries/events.out.tfevents.1781255082.batch-block7-01489
no_tracking,franka_cube_baseline_A_histseed_2557f3e_20260612_0922,1781139395,487,12830.154296875,0.7976913452148438,/tmp/franka_compare_tracking_vs_baseline/baseline/summaries/events.out.tfevents.1781255082.batch-block7-01489
no_tracking,franka_cube_baseline_A_histseed_2557f3e_20260612_0922,1781139395,488,12720.166015625,0.6953353881835938,/tmp/franka_compare_tracking_vs_baseline/baseline/summaries/events.out.tfevents.1781255082.batch-block7-01489
no_tracking,franka_cube_baseline_A_histseed_2557f3e_20260612_0922,1781139395,489,12891.0244140625,0.8379669189453125,/tmp/franka_compare_tracking_vs_baseline/baseline/summaries/events.out.tfevents.1781255082.batch-block7-01489
no_tracking,franka_cube_baseline_A_histseed_2557f3e_20260612_0922,1781139395,490,12819.5859375,0.8413619995117188,/tmp/franka_compare_tracking_vs_baseline/baseline/summaries/events.out.tfevents.1781255082.batch-block7-01489
no_tracking,franka_cube_baseline_A_histseed_2557f3e_20260612_0922,1781139395,491,12900.6123046875,0.8294830322265625,/tmp/franka_compare_tracking_vs_baseline/baseline/summaries/events.out.tfevents.1781255082.batch-block7-01489
no_tracking,franka_cube_baseline_A_histseed_2557f3e_20260612_0922,1781139395,492,12794.2822265625,0.836944580078125,/tmp/franka_compare_tracking_vs_baseline/baseline/summaries/events.out.tfevents.1781255082.batch-block7-01489
no_tracking,franka_cube_baseline_A_histseed_2557f3e_20260612_0922,1781139395,493,12832.1435546875,0.8369140625,/tmp/franka_compare_tracking_vs_baseline/baseline/summaries/events.out.tfevents.1781255082.batch-block7-01489
no_tracking,franka_cube_baseline_A_histseed_2557f3e_20260612_0922,1781139395,494,12938.6484375,0.8366012573242188,/tmp/franka_compare_tracking_vs_baseline/baseline/summaries/events.out.tfevents.1781255082.batch-block7-01489
no_tracking,franka_cube_baseline_A_histseed_2557f3e_20260612_0922,1781139395,495,12682.201171875,0.8411636352539062,/tmp/franka_compare_tracking_vs_baseline/baseline/summaries/events.out.tfevents.1781255082.batch-block7-01489
no_tracking,franka_cube_baseline_A_histseed_2557f3e_20260612_0922,1781139395,496,12892.7900390625,0.8382339477539062,/tmp/franka_compare_tracking_vs_baseline/baseline/summaries/events.out.tfevents.1781255082.batch-block7-01489
no_tracking,franka_cube_baseline_A_histseed_2557f3e_20260612_0922,1781139395,497,12916.9345703125,0.6852951049804688,/tmp/franka_compare_tracking_vs_baseline/baseline/summaries/events.out.tfevents.1781255082.batch-block7-01489
no_tracking,franka_cube_baseline_A_histseed_2557f3e_20260612_0922,1781139395,498,12949.380859375,0.8224411010742188,/tmp/franka_compare_tracking_vs_baseline/baseline/summaries/events.out.tfevents.1781255082.batch-block7-01489
no_tracking,franka_cube_baseline_A_histseed_2557f3e_20260612_0922,1781139395,499,12976.4892578125,0.8438949584960938,/tmp/franka_compare_tracking_vs_baseline/baseline/summaries/events.out.tfevents.1781255082.batch-block7-01489
no_tracking,franka_cube_baseline_A_histseed_2557f3e_20260612_0922,1781139395,500,13004.15625,0.83819580078125,/tmp/franka_compare_tracking_vs_baseline/baseline/summaries/events.out.tfevents.1781255082.batch-block7-01489
no_tracking,franka_cube_baseline_A_histseed_2557f3e_20260612_0922,1781139395,501,12879.634765625,0.8346481323242188,/tmp/franka_compare_tracking_vs_baseline/baseline/summaries/events.out.tfevents.1781255082.batch-block7-01489
no_tracking,franka_cube_baseline_A_histseed_2557f3e_20260612_0922,1781139395,502,12603.89453125,0.8453216552734375,/tmp/franka_compare_tracking_vs_baseline/baseline/summaries/events.out.tfevents.1781255082.batch-block7-01489
no_tracking,franka_cube_baseline_A_histseed_2557f3e_20260612_0922,1781139395,503,12812.5009765625,0.835418701171875,/tmp/franka_compare_tracking_vs_baseline/baseline/summaries/events.out.tfevents.1781255082.batch-block7-01489
no_tracking,franka_cube_baseline_A_histseed_2557f3e_20260612_0922,1781139395,504,12932.2685546875,0.8475341796875,/tmp/franka_compare_tracking_vs_baseline/baseline/summaries/events.out.tfevents.1781255082.batch-block7-01489
no_tracking,franka_cube_baseline_A_histseed_2557f3e_20260612_0922,1781139395,505,12888.984375,0.8375473022460938,/tmp/franka_compare_tracking_vs_baseline/baseline/summaries/events.out.tfevents.1781255082.batch-block7-01489
no_tracking,franka_cube_baseline_A_histseed_2557f3e_20260612_0922,1781139395,506,12869.59375,0.7540512084960938,/tmp/franka_compare_tracking_vs_baseline/baseline/summaries/events.out.tfevents.1781255082.batch-block7-01489
no_tracking,franka_cube_baseline_A_histseed_2557f3e_20260612_0922,1781139395,507,12893.69140625,0.7604751586914062,/tmp/franka_compare_tracking_vs_baseline/baseline/summaries/events.out.tfevents.1781255082.batch-block7-01489
no_tracking,franka_cube_baseline_A_histseed_2557f3e_20260612_0922,1781139395,508,12947.87890625,0.8505706787109375,/tmp/franka_compare_tracking_vs_baseline/baseline/summaries/events.out.tfevents.1781255082.batch-block7-01489
no_tracking,franka_cube_baseline_A_histseed_2557f3e_20260612_0922,1781139395,509,13004.326171875,0.8465118408203125,/tmp/franka_compare_tracking_vs_baseline/baseline/summaries/events.out.tfevents.1781255082.batch-block7-01489
no_tracking,franka_cube_baseline_A_histseed_2557f3e_20260612_0922,1781139395,510,12990.6318359375,0.8360214233398438,/tmp/franka_compare_tracking_vs_baseline/baseline/summaries/events.out.tfevents.1781255082.batch-block7-01489
no_tracking,franka_cube_baseline_A_histseed_2557f3e_20260612_0922,1781139395,511,13015.1689453125,0.8462600708007812,/tmp/franka_compare_tracking_vs_baseline/baseline/summaries/events.out.tfevents.1781255082.batch-block7-01489
no_tracking,franka_cube_baseline_A_histseed_2557f3e_20260612_0922,1781139395,512,13039.4638671875,0.8349456787109375,/tmp/franka_compare_tracking_vs_baseline/baseline/summaries/events.out.tfevents.1781255082.batch-block7-01489
no_tracking,franka_cube_baseline_A_histseed_2557f3e_20260612_0922,1781139395,513,12914.5595703125,0.84600830078125,/tmp/franka_compare_tracking_vs_baseline/baseline/summaries/events.out.tfevents.1781255082.batch-block7-01489
no_tracking,franka_cube_baseline_A_histseed_2557f3e_20260612_0922,1781139395,514,13057.375,0.8433303833007812,/tmp/franka_compare_tracking_vs_baseline/baseline/summaries/events.out.tfevents.1781255082.batch-block7-01489
no_tracking,franka_cube_baseline_A_histseed_2557f3e_20260612_0922,1781139395,515,13108.26953125,0.8201904296875,/tmp/franka_compare_tracking_vs_baseline/baseline/summaries/events.out.tfevents.1781255082.batch-block7-01489
no_tracking,franka_cube_baseline_A_histseed_2557f3e_20260612_0922,1781139395,516,12953.283203125,0.6979446411132812,/tmp/franka_compare_tracking_vs_baseline/baseline/summaries/events.out.tfevents.1781255082.batch-block7-01489
no_tracking,franka_cube_baseline_A_histseed_2557f3e_20260612_0922,1781139395,517,12913.1572265625,0.8443374633789062,/tmp/franka_compare_tracking_vs_baseline/baseline/summaries/events.out.tfevents.1781255082.batch-block7-01489
no_tracking,franka_cube_baseline_A_histseed_2557f3e_20260612_0922,1781139395,518,12872.9697265625,0.846282958984375,/tmp/franka_compare_tracking_vs_baseline/baseline/summaries/events.out.tfevents.1781255082.batch-block7-01489
no_tracking,franka_cube_baseline_A_histseed_2557f3e_20260612_0922,1781139395,519,13003.017578125,0.837249755859375,/tmp/franka_compare_tracking_vs_baseline/baseline/summaries/events.out.tfevents.1781255082.batch-block7-01489
no_tracking,franka_cube_baseline_A_histseed_2557f3e_20260612_0922,1781139395,520,12882.5224609375,0.8408050537109375,/tmp/franka_compare_tracking_vs_baseline/baseline/summaries/events.out.tfevents.1781255082.batch-block7-01489
no_tracking,franka_cube_baseline_A_histseed_2557f3e_20260612_0922,1781139395,521,13033.9501953125,0.8391342163085938,/tmp/franka_compare_tracking_vs_baseline/baseline/summaries/events.out.tfevents.1781255082.batch-block7-01489
no_tracking,franka_cube_baseline_A_histseed_2557f3e_20260612_0922,1781139395,522,12865.546875,0.8428878784179688,/tmp/franka_compare_tracking_vs_baseline/baseline/summaries/events.out.tfevents.1781255082.batch-block7-01489
no_tracking,franka_cube_baseline_A_histseed_2557f3e_20260612_0922,1781139395,523,13026.5830078125,0.850250244140625,/tmp/franka_compare_tracking_vs_baseline/baseline/summaries/events.out.tfevents.1781255082.batch-block7-01489
no_tracking,franka_cube_baseline_A_histseed_2557f3e_20260612_0922,1781139395,524,12970.9169921875,0.8452224731445312,/tmp/franka_compare_tracking_vs_baseline/baseline/summaries/events.out.tfevents.1781255082.batch-block7-01489
no_tracking,franka_cube_baseline_A_histseed_2557f3e_20260612_0922,1781139395,525,13034.2314453125,0.706939697265625,/tmp/franka_compare_tracking_vs_baseline/baseline/summaries/events.out.tfevents.1781255082.batch-block7-01489
no_tracking,franka_cube_baseline_A_histseed_2557f3e_20260612_0922,1781139395,526,12994.724609375,0.8199691772460938,/tmp/franka_compare_tracking_vs_baseline/baseline/summaries/events.out.tfevents.1781255082.batch-block7-01489
no_tracking,franka_cube_baseline_A_histseed_2557f3e_20260612_0922,1781139395,527,12545.0009765625,0.8506240844726562,/tmp/franka_compare_tracking_vs_baseline/baseline/summaries/events.out.tfevents.1781255082.batch-block7-01489
no_tracking,franka_cube_baseline_A_histseed_2557f3e_20260612_0922,1781139395,528,12633.9111328125,0.8404693603515625,/tmp/franka_compare_tracking_vs_baseline/baseline/summaries/events.out.tfevents.1781255082.batch-block7-01489
no_tracking,franka_cube_baseline_A_histseed_2557f3e_20260612_0922,1781139395,529,10135.873046875,0.8214950561523438,/tmp/franka_compare_tracking_vs_baseline/baseline/summaries/events.out.tfevents.1781255082.batch-block7-01489
no_tracking,franka_cube_baseline_A_histseed_2557f3e_20260612_0922,1781139395,530,10505.0234375,0.8097000122070312,/tmp/franka_compare_tracking_vs_baseline/baseline/summaries/events.out.tfevents.1781255082.batch-block7-01489
no_tracking,franka_cube_baseline_A_histseed_2557f3e_20260612_0922,1781139395,531,9951.6611328125,0.8104934692382812,/tmp/franka_compare_tracking_vs_baseline/baseline/summaries/events.out.tfevents.1781255082.batch-block7-01489
no_tracking,franka_cube_baseline_A_histseed_2557f3e_20260612_0922,1781139395,532,9269.7333984375,0.8104400634765625,/tmp/franka_compare_tracking_vs_baseline/baseline/summaries/events.out.tfevents.1781255082.batch-block7-01489
no_tracking,franka_cube_baseline_A_histseed_2557f3e_20260612_0922,1781139395,533,11263.2001953125,0.8314666748046875,/tmp/franka_compare_tracking_vs_baseline/baseline/summaries/events.out.tfevents.1781255082.batch-block7-01489
no_tracking,franka_cube_baseline_A_histseed_2557f3e_20260612_0922,1781139395,534,12806.759765625,0.804229736328125,/tmp/franka_compare_tracking_vs_baseline/baseline/summaries/events.out.tfevents.1781255082.batch-block7-01489
no_tracking,franka_cube_baseline_A_histseed_2557f3e_20260612_0922,1781139395,535,12587.978515625,0.78741455078125,/tmp/franka_compare_tracking_vs_baseline/baseline/summaries/events.out.tfevents.1781255082.batch-block7-01489
no_tracking,franka_cube_baseline_A_histseed_2557f3e_20260612_0922,1781139395,536,12751.828125,0.8632431030273438,/tmp/franka_compare_tracking_vs_baseline/baseline/summaries/events.out.tfevents.1781255082.batch-block7-01489
no_tracking,franka_cube_baseline_A_histseed_2557f3e_20260612_0922,1781139395,537,12346.3310546875,0.8612747192382812,/tmp/franka_compare_tracking_vs_baseline/baseline/summaries/events.out.tfevents.1781255082.batch-block7-01489
no_tracking,franka_cube_baseline_A_histseed_2557f3e_20260612_0922,1781139395,538,12587.5673828125,0.8475570678710938,/tmp/franka_compare_tracking_vs_baseline/baseline/summaries/events.out.tfevents.1781255082.batch-block7-01489
no_tracking,franka_cube_baseline_A_histseed_2557f3e_20260612_0922,1781139395,539,12417.3369140625,0.8187942504882812,/tmp/franka_compare_tracking_vs_baseline/baseline/summaries/events.out.tfevents.1781255082.batch-block7-01489
no_tracking,franka_cube_baseline_A_histseed_2557f3e_20260612_0922,1781139395,540,12716.6689453125,0.8150711059570312,/tmp/franka_compare_tracking_vs_baseline/baseline/summaries/events.out.tfevents.1781255082.batch-block7-01489
no_tracking,franka_cube_baseline_A_histseed_2557f3e_20260612_0922,1781139395,541,12933.7958984375,0.8176803588867188,/tmp/franka_compare_tracking_vs_baseline/baseline/summaries/events.out.tfevents.1781255082.batch-block7-01489
no_tracking,franka_cube_baseline_A_histseed_2557f3e_20260612_0922,1781139395,542,12947.62109375,0.8125076293945312,/tmp/franka_compare_tracking_vs_baseline/baseline/summaries/events.out.tfevents.1781255082.batch-block7-01489
no_tracking,franka_cube_baseline_A_histseed_2557f3e_20260612_0922,1781139395,543,12935.5576171875,0.84613037109375,/tmp/franka_compare_tracking_vs_baseline/baseline/summaries/events.out.tfevents.1781255082.batch-block7-01489
no_tracking,franka_cube_baseline_A_histseed_2557f3e_20260612_0922,1781139395,544,12958.8447265625,0.7515945434570312,/tmp/franka_compare_tracking_vs_baseline/baseline/summaries/events.out.tfevents.1781255082.batch-block7-01489
no_tracking,franka_cube_baseline_A_histseed_2557f3e_20260612_0922,1781139395,545,13022.580078125,0.860595703125,/tmp/franka_compare_tracking_vs_baseline/baseline/summaries/events.out.tfevents.1781255082.batch-block7-01489
no_tracking,franka_cube_baseline_A_histseed_2557f3e_20260612_0922,1781139395,546,12926.501953125,0.861541748046875,/tmp/franka_compare_tracking_vs_baseline/baseline/summaries/events.out.tfevents.1781255082.batch-block7-01489
no_tracking,franka_cube_baseline_A_histseed_2557f3e_20260612_0922,1781139395,547,13023.3505859375,0.8515243530273438,/tmp/franka_compare_tracking_vs_baseline/baseline/summaries/events.out.tfevents.1781255082.batch-block7-01489
no_tracking,franka_cube_baseline_A_histseed_2557f3e_20260612_0922,1781139395,548,12917.6767578125,0.8215866088867188,/tmp/franka_compare_tracking_vs_baseline/baseline/summaries/events.out.tfevents.1781255082.batch-block7-01489
no_tracking,franka_cube_baseline_A_histseed_2557f3e_20260612_0922,1781139395,549,13090.1123046875,0.80926513671875,/tmp/franka_compare_tracking_vs_baseline/baseline/summaries/events.out.tfevents.1781255082.batch-block7-01489
no_tracking,franka_cube_baseline_A_histseed_2557f3e_20260612_0922,1781139395,550,13003.2900390625,0.8136062622070312,/tmp/franka_compare_tracking_vs_baseline/baseline/summaries/events.out.tfevents.1781255082.batch-block7-01489
no_tracking,franka_cube_baseline_A_histseed_2557f3e_20260612_0922,1781139395,551,12769.4287109375,0.8046493530273438,/tmp/franka_compare_tracking_vs_baseline/baseline/summaries/events.out.tfevents.1781255082.batch-block7-01489
no_tracking,franka_cube_baseline_A_histseed_2557f3e_20260612_0922,1781139395,552,12805.0283203125,0.8429489135742188,/tmp/franka_compare_tracking_vs_baseline/baseline/summaries/events.out.tfevents.1781255082.batch-block7-01489
no_tracking,franka_cube_baseline_A_histseed_2557f3e_20260612_0922,1781139395,553,13037.7314453125,0.7683334350585938,/tmp/franka_compare_tracking_vs_baseline/baseline/summaries/events.out.tfevents.1781255082.batch-block7-01489
no_tracking,franka_cube_baseline_A_histseed_2557f3e_20260612_0922,1781139395,554,13054.1572265625,0.8325119018554688,/tmp/franka_compare_tracking_vs_baseline/baseline/summaries/events.out.tfevents.1781255082.batch-block7-01489
no_tracking,franka_cube_baseline_A_histseed_2557f3e_20260612_0922,1781139395,555,13109.1650390625,0.8639907836914062,/tmp/franka_compare_tracking_vs_baseline/baseline/summaries/events.out.tfevents.1781255082.batch-block7-01489
no_tracking,franka_cube_baseline_A_histseed_2557f3e_20260612_0922,1781139395,556,12999.45703125,0.8542633056640625,/tmp/franka_compare_tracking_vs_baseline/baseline/summaries/events.out.tfevents.1781255082.batch-block7-01489
no_tracking,franka_cube_baseline_A_histseed_2557f3e_20260612_0922,1781139395,557,13085.4951171875,0.8360061645507812,/tmp/franka_compare_tracking_vs_baseline/baseline/summaries/events.out.tfevents.1781255082.batch-block7-01489
no_tracking,franka_cube_baseline_A_histseed_2557f3e_20260612_0922,1781139395,558,12947.564453125,0.8160400390625,/tmp/franka_compare_tracking_vs_baseline/baseline/summaries/events.out.tfevents.1781255082.batch-block7-01489
no_tracking,franka_cube_baseline_A_histseed_2557f3e_20260612_0922,1781139395,559,13013.986328125,0.8160247802734375,/tmp/franka_compare_tracking_vs_baseline/baseline/summaries/events.out.tfevents.1781255082.batch-block7-01489
no_tracking,franka_cube_baseline_A_histseed_2557f3e_20260612_0922,1781139395,560,13192.765625,0.8123092651367188,/tmp/franka_compare_tracking_vs_baseline/baseline/summaries/events.out.tfevents.1781255082.batch-block7-01489
no_tracking,franka_cube_baseline_A_histseed_2557f3e_20260612_0922,1781139395,561,13070.8984375,0.8267822265625,/tmp/franka_compare_tracking_vs_baseline/baseline/summaries/events.out.tfevents.1781255082.batch-block7-01489
no_tracking,franka_cube_baseline_A_histseed_2557f3e_20260612_0922,1781139395,562,13165.5673828125,0.8129043579101562,/tmp/franka_compare_tracking_vs_baseline/baseline/summaries/events.out.tfevents.1781255082.batch-block7-01489
no_tracking,franka_cube_baseline_A_histseed_2557f3e_20260612_0922,1781139395,563,13079.8359375,0.7807998657226562,/tmp/franka_compare_tracking_vs_baseline/baseline/summaries/events.out.tfevents.1781255082.batch-block7-01489
no_tracking,franka_cube_baseline_A_histseed_2557f3e_20260612_0922,1781139395,564,13040.3876953125,0.8640823364257812,/tmp/franka_compare_tracking_vs_baseline/baseline/summaries/events.out.tfevents.1781255082.batch-block7-01489
no_tracking,franka_cube_baseline_A_histseed_2557f3e_20260612_0922,1781139395,565,13052.2236328125,0.8599700927734375,/tmp/franka_compare_tracking_vs_baseline/baseline/summaries/events.out.tfevents.1781255082.batch-block7-01489
no_tracking,franka_cube_baseline_A_histseed_2557f3e_20260612_0922,1781139395,566,13037.8447265625,0.8470230102539062,/tmp/franka_compare_tracking_vs_baseline/baseline/summaries/events.out.tfevents.1781255082.batch-block7-01489
no_tracking,franka_cube_baseline_A_histseed_2557f3e_20260612_0922,1781139395,567,13180.9921875,0.8184051513671875,/tmp/franka_compare_tracking_vs_baseline/baseline/summaries/events.out.tfevents.1781255082.batch-block7-01489
no_tracking,franka_cube_baseline_A_histseed_2557f3e_20260612_0922,1781139395,568,13047.125,0.8152618408203125,/tmp/franka_compare_tracking_vs_baseline/baseline/summaries/events.out.tfevents.1781255082.batch-block7-01489
no_tracking,franka_cube_baseline_A_histseed_2557f3e_20260612_0922,1781139395,569,12936.6181640625,0.8199462890625,/tmp/franka_compare_tracking_vs_baseline/baseline/summaries/events.out.tfevents.1781255082.batch-block7-01489
no_tracking,franka_cube_baseline_A_histseed_2557f3e_20260612_0922,1781139395,570,12874.814453125,0.8143081665039062,/tmp/franka_compare_tracking_vs_baseline/baseline/summaries/events.out.tfevents.1781255082.batch-block7-01489
no_tracking,franka_cube_baseline_A_histseed_2557f3e_20260612_0922,1781139395,571,13191.8720703125,0.8498458862304688,/tmp/franka_compare_tracking_vs_baseline/baseline/summaries/events.out.tfevents.1781255082.batch-block7-01489
no_tracking,franka_cube_baseline_A_histseed_2557f3e_20260612_0922,1781139395,572,12978.845703125,0.7482986450195312,/tmp/franka_compare_tracking_vs_baseline/baseline/summaries/events.out.tfevents.1781255082.batch-block7-01489
no_tracking,franka_cube_baseline_A_histseed_2557f3e_20260612_0922,1781139395,573,13116.8701171875,0.8578948974609375,/tmp/franka_compare_tracking_vs_baseline/baseline/summaries/events.out.tfevents.1781255082.batch-block7-01489
no_tracking,franka_cube_baseline_A_histseed_2557f3e_20260612_0922,1781139395,574,13120.728515625,0.8662261962890625,/tmp/franka_compare_tracking_vs_baseline/baseline/summaries/events.out.tfevents.1781255082.batch-block7-01489
no_tracking,franka_cube_baseline_A_histseed_2557f3e_20260612_0922,1781139395,575,13061.0517578125,0.8570709228515625,/tmp/franka_compare_tracking_vs_baseline/baseline/summaries/events.out.tfevents.1781255082.batch-block7-01489
no_tracking,franka_cube_baseline_A_histseed_2557f3e_20260612_0922,1781139395,576,12839.1513671875,0.8312911987304688,/tmp/franka_compare_tracking_vs_baseline/baseline/summaries/events.out.tfevents.1781255082.batch-block7-01489
no_tracking,franka_cube_baseline_A_histseed_2557f3e_20260612_0922,1781139395,577,13019.2021484375,0.8163681030273438,/tmp/franka_compare_tracking_vs_baseline/baseline/summaries/events.out.tfevents.1781255082.batch-block7-01489
no_tracking,franka_cube_baseline_A_histseed_2557f3e_20260612_0922,1781139395,578,13164.341796875,0.8196563720703125,/tmp/franka_compare_tracking_vs_baseline/baseline/summaries/events.out.tfevents.1781255082.batch-block7-01489
no_tracking,franka_cube_baseline_A_histseed_2557f3e_20260612_0922,1781139395,579,13185.7783203125,0.811676025390625,/tmp/franka_compare_tracking_vs_baseline/baseline/summaries/events.out.tfevents.1781255082.batch-block7-01489
no_tracking,franka_cube_baseline_A_histseed_2557f3e_20260612_0922,1781139395,580,13152.310546875,0.842193603515625,/tmp/franka_compare_tracking_vs_baseline/baseline/summaries/events.out.tfevents.1781255082.batch-block7-01489
no_tracking,franka_cube_baseline_A_histseed_2557f3e_20260612_0922,1781139395,581,13187.8359375,0.7784500122070312,/tmp/franka_compare_tracking_vs_baseline/baseline/summaries/events.out.tfevents.1781255082.batch-block7-01489
no_tracking,franka_cube_baseline_A_histseed_2557f3e_20260612_0922,1781139395,582,12969.4501953125,0.822845458984375,/tmp/franka_compare_tracking_vs_baseline/baseline/summaries/events.out.tfevents.1781255082.batch-block7-01489
no_tracking,franka_cube_baseline_A_histseed_2557f3e_20260612_0922,1781139395,583,13008.8583984375,0.8649749755859375,/tmp/franka_compare_tracking_vs_baseline/baseline/summaries/events.out.tfevents.1781255082.batch-block7-01489
no_tracking,franka_cube_baseline_A_histseed_2557f3e_20260612_0922,1781139395,584,13100.23828125,0.85601806640625,/tmp/franka_compare_tracking_vs_baseline/baseline/summaries/events.out.tfevents.1781255082.batch-block7-01489
no_tracking,franka_cube_baseline_A_histseed_2557f3e_20260612_0922,1781139395,585,12954.6181640625,0.8364181518554688,/tmp/franka_compare_tracking_vs_baseline/baseline/summaries/events.out.tfevents.1781255082.batch-block7-01489
no_tracking,franka_cube_baseline_A_histseed_2557f3e_20260612_0922,1781139395,586,13045.4775390625,0.8123016357421875,/tmp/franka_compare_tracking_vs_baseline/baseline/summaries/events.out.tfevents.1781255082.batch-block7-01489
no_tracking,franka_cube_baseline_A_histseed_2557f3e_20260612_0922,1781139395,587,12936.607421875,0.813507080078125,/tmp/franka_compare_tracking_vs_baseline/baseline/summaries/events.out.tfevents.1781255082.batch-block7-01489
no_tracking,franka_cube_baseline_A_histseed_2557f3e_20260612_0922,1781139395,588,13052.52734375,0.8171844482421875,/tmp/franka_compare_tracking_vs_baseline/baseline/summaries/events.out.tfevents.1781255082.batch-block7-01489
no_tracking,franka_cube_baseline_A_histseed_2557f3e_20260612_0922,1781139395,589,13172.9287109375,0.8282394409179688,/tmp/franka_compare_tracking_vs_baseline/baseline/summaries/events.out.tfevents.1781255082.batch-block7-01489
no_tracking,franka_cube_baseline_A_histseed_2557f3e_20260612_0922,1781139395,590,13090.58984375,0.8296966552734375,/tmp/franka_compare_tracking_vs_baseline/baseline/summaries/events.out.tfevents.1781255082.batch-block7-01489
no_tracking,franka_cube_baseline_A_histseed_2557f3e_20260612_0922,1781139395,591,12848.3525390625,0.7791976928710938,/tmp/franka_compare_tracking_vs_baseline/baseline/summaries/events.out.tfevents.1781255082.batch-block7-01489
no_tracking,franka_cube_baseline_A_histseed_2557f3e_20260612_0922,1781139395,592,12981.125,0.865875244140625,/tmp/franka_compare_tracking_vs_baseline/baseline/summaries/events.out.tfevents.1781255082.batch-block7-01489
no_tracking,franka_cube_baseline_A_histseed_2557f3e_20260612_0922,1781139395,593,13041.7099609375,0.8657455444335938,/tmp/franka_compare_tracking_vs_baseline/baseline/summaries/events.out.tfevents.1781255082.batch-block7-01489
no_tracking,franka_cube_baseline_A_histseed_2557f3e_20260612_0922,1781139395,594,13195.845703125,0.854400634765625,/tmp/franka_compare_tracking_vs_baseline/baseline/summaries/events.out.tfevents.1781255082.batch-block7-01489
no_tracking,franka_cube_baseline_A_histseed_2557f3e_20260612_0922,1781139395,595,13224.6845703125,0.823272705078125,/tmp/franka_compare_tracking_vs_baseline/baseline/summaries/events.out.tfevents.1781255082.batch-block7-01489
no_tracking,franka_cube_baseline_A_histseed_2557f3e_20260612_0922,1781139395,596,12988.8232421875,0.81707763671875,/tmp/franka_compare_tracking_vs_baseline/baseline/summaries/events.out.tfevents.1781255082.batch-block7-01489
no_tracking,franka_cube_baseline_A_histseed_2557f3e_20260612_0922,1781139395,597,13044.794921875,0.8188323974609375,/tmp/franka_compare_tracking_vs_baseline/baseline/summaries/events.out.tfevents.1781255082.batch-block7-01489
tracking_loss,franka_cube_trackloss_default_b7e04f0_seed1_20260612_1042,1,1,18.916667938232422,0.0,/tmp/franka_compare_tracking_vs_baseline/tracking/seed1/summaries/events.out.tfevents.1781292087.batch-block7-02946
tracking_loss,franka_cube_trackloss_default_b7e04f0_seed1_20260612_1042,1,2,36.74085998535156,0.0,/tmp/franka_compare_tracking_vs_baseline/tracking/seed1/summaries/events.out.tfevents.1781292087.batch-block7-02946
tracking_loss,franka_cube_trackloss_default_b7e04f0_seed1_20260612_1042,1,3,88.40351104736328,0.0,/tmp/franka_compare_tracking_vs_baseline/tracking/seed1/summaries/events.out.tfevents.1781292087.batch-block7-02946
tracking_loss,franka_cube_trackloss_default_b7e04f0_seed1_20260612_1042,1,4,131.30831909179688,0.0,/tmp/franka_compare_tracking_vs_baseline/tracking/seed1/summaries/events.out.tfevents.1781292087.batch-block7-02946
tracking_loss,franka_cube_trackloss_default_b7e04f0_seed1_20260612_1042,1,5,200.83804321289062,0.0,/tmp/franka_compare_tracking_vs_baseline/tracking/seed1/summaries/events.out.tfevents.1781292087.batch-block7-02946
tracking_loss,franka_cube_trackloss_default_b7e04f0_seed1_20260612_1042,1,6,331.9483947753906,0.0,/tmp/franka_compare_tracking_vs_baseline/tracking/seed1/summaries/events.out.tfevents.1781292087.batch-block7-02946
tracking_loss,franka_cube_trackloss_default_b7e04f0_seed1_20260612_1042,1,7,451.3429870605469,0.0,/tmp/franka_compare_tracking_vs_baseline/tracking/seed1/summaries/events.out.tfevents.1781292087.batch-block7-02946
tracking_loss,franka_cube_trackloss_default_b7e04f0_seed1_20260612_1042,1,8,492.7303466796875,0.0,/tmp/franka_compare_tracking_vs_baseline/tracking/seed1/summaries/events.out.tfevents.1781292087.batch-block7-02946
tracking_loss,franka_cube_trackloss_default_b7e04f0_seed1_20260612_1042,1,9,544.6791381835938,0.0,/tmp/franka_compare_tracking_vs_baseline/tracking/seed1/summaries/events.out.tfevents.1781292087.batch-block7-02946
tracking_loss,franka_cube_trackloss_default_b7e04f0_seed1_20260612_1042,1,10,609.7811889648438,4.57763671875e-05,/tmp/franka_compare_tracking_vs_baseline/tracking/seed1/summaries/events.out.tfevents.1781292087.batch-block7-02946
tracking_loss,franka_cube_trackloss_default_b7e04f0_seed1_20260612_1042,1,11,430.2313232421875,7.62939453125e-06,/tmp/franka_compare_tracking_vs_baseline/tracking/seed1/summaries/events.out.tfevents.1781292087.batch-block7-02946
tracking_loss,franka_cube_trackloss_default_b7e04f0_seed1_20260612_1042,1,12,430.0964660644531,0.0,/tmp/franka_compare_tracking_vs_baseline/tracking/seed1/summaries/events.out.tfevents.1781292087.batch-block7-02946
tracking_loss,franka_cube_trackloss_default_b7e04f0_seed1_20260612_1042,1,13,523.787109375,0.0,/tmp/franka_compare_tracking_vs_baseline/tracking/seed1/summaries/events.out.tfevents.1781292087.batch-block7-02946
tracking_loss,franka_cube_trackloss_default_b7e04f0_seed1_20260612_1042,1,14,562.1686401367188,0.0,/tmp/franka_compare_tracking_vs_baseline/tracking/seed1/summaries/events.out.tfevents.1781292087.batch-block7-02946
tracking_loss,franka_cube_trackloss_default_b7e04f0_seed1_20260612_1042,1,15,662.4622802734375,0.0,/tmp/franka_compare_tracking_vs_baseline/tracking/seed1/summaries/events.out.tfevents.1781292087.batch-block7-02946
tracking_loss,franka_cube_trackloss_default_b7e04f0_seed1_20260612_1042,1,16,721.9073486328125,0.0,/tmp/franka_compare_tracking_vs_baseline/tracking/seed1/summaries/events.out.tfevents.1781292087.batch-block7-02946
tracking_loss,franka_cube_trackloss_default_b7e04f0_seed1_20260612_1042,1,17,784.9041748046875,0.0,/tmp/franka_compare_tracking_vs_baseline/tracking/seed1/summaries/events.out.tfevents.1781292087.batch-block7-02946
tracking_loss,franka_cube_trackloss_default_b7e04f0_seed1_20260612_1042,1,18,870.374755859375,0.0,/tmp/franka_compare_tracking_vs_baseline/tracking/seed1/summaries/events.out.tfevents.1781292087.batch-block7-02946
tracking_loss,franka_cube_trackloss_default_b7e04f0_seed1_20260612_1042,1,19,919.696044921875,7.62939453125e-06,/tmp/franka_compare_tracking_vs_baseline/tracking/seed1/summaries/events.out.tfevents.1781292087.batch-block7-02946
tracking_loss,franka_cube_trackloss_default_b7e04f0_seed1_20260612_1042,1,20,842.401123046875,0.0,/tmp/franka_compare_tracking_vs_baseline/tracking/seed1/summaries/events.out.tfevents.1781292087.batch-block7-02946
tracking_loss,franka_cube_trackloss_default_b7e04f0_seed1_20260612_1042,1,21,889.5444946289062,7.62939453125e-06,/tmp/franka_compare_tracking_vs_baseline/tracking/seed1/summaries/events.out.tfevents.1781292087.batch-block7-02946
tracking_loss,franka_cube_trackloss_default_b7e04f0_seed1_20260612_1042,1,22,942.3885498046875,0.0,/tmp/franka_compare_tracking_vs_baseline/tracking/seed1/summaries/events.out.tfevents.1781292087.batch-block7-02946
tracking_loss,franka_cube_trackloss_default_b7e04f0_seed1_20260612_1042,1,23,910.3550415039062,0.0,/tmp/franka_compare_tracking_vs_baseline/tracking/seed1/summaries/events.out.tfevents.1781292087.batch-block7-02946
tracking_loss,franka_cube_trackloss_default_b7e04f0_seed1_20260612_1042,1,24,1076.815185546875,0.0,/tmp/franka_compare_tracking_vs_baseline/tracking/seed1/summaries/events.out.tfevents.1781292087.batch-block7-02946
tracking_loss,franka_cube_trackloss_default_b7e04f0_seed1_20260612_1042,1,25,1163.3170166015625,0.0,/tmp/franka_compare_tracking_vs_baseline/tracking/seed1/summaries/events.out.tfevents.1781292087.batch-block7-02946
tracking_loss,franka_cube_trackloss_default_b7e04f0_seed1_20260612_1042,1,26,1340.288818359375,0.0,/tmp/franka_compare_tracking_vs_baseline/tracking/seed1/summaries/events.out.tfevents.1781292087.batch-block7-02946
tracking_loss,franka_cube_trackloss_default_b7e04f0_seed1_20260612_1042,1,27,1428.7530517578125,0.0,/tmp/franka_compare_tracking_vs_baseline/tracking/seed1/summaries/events.out.tfevents.1781292087.batch-block7-02946
tracking_loss,franka_cube_trackloss_default_b7e04f0_seed1_20260612_1042,1,28,1524.0811767578125,0.0,/tmp/franka_compare_tracking_vs_baseline/tracking/seed1/summaries/events.out.tfevents.1781292087.batch-block7-02946
tracking_loss,franka_cube_trackloss_default_b7e04f0_seed1_20260612_1042,1,29,1406.2022705078125,2.288818359375e-05,/tmp/franka_compare_tracking_vs_baseline/tracking/seed1/summaries/events.out.tfevents.1781292087.batch-block7-02946
tracking_loss,franka_cube_trackloss_default_b7e04f0_seed1_20260612_1042,1,30,1708.5927734375,0.0,/tmp/franka_compare_tracking_vs_baseline/tracking/seed1/summaries/events.out.tfevents.1781292087.batch-block7-02946
tracking_loss,franka_cube_trackloss_default_b7e04f0_seed1_20260612_1042,1,31,1789.2808837890625,0.0,/tmp/franka_compare_tracking_vs_baseline/tracking/seed1/summaries/events.out.tfevents.1781292087.batch-block7-02946
tracking_loss,franka_cube_trackloss_default_b7e04f0_seed1_20260612_1042,1,32,1730.0404052734375,7.62939453125e-06,/tmp/franka_compare_tracking_vs_baseline/tracking/seed1/summaries/events.out.tfevents.1781292087.batch-block7-02946
tracking_loss,franka_cube_trackloss_default_b7e04f0_seed1_20260612_1042,1,33,1784.77001953125,0.0,/tmp/franka_compare_tracking_vs_baseline/tracking/seed1/summaries/events.out.tfevents.1781292087.batch-block7-02946
tracking_loss,franka_cube_trackloss_default_b7e04f0_seed1_20260612_1042,1,34,1826.58984375,0.0,/tmp/franka_compare_tracking_vs_baseline/tracking/seed1/summaries/events.out.tfevents.1781292087.batch-block7-02946
tracking_loss,franka_cube_trackloss_default_b7e04f0_seed1_20260612_1042,1,35,1784.5096435546875,0.0,/tmp/franka_compare_tracking_vs_baseline/tracking/seed1/summaries/events.out.tfevents.1781292087.batch-block7-02946
tracking_loss,franka_cube_trackloss_default_b7e04f0_seed1_20260612_1042,1,36,1829.00537109375,0.0,/tmp/franka_compare_tracking_vs_baseline/tracking/seed1/summaries/events.out.tfevents.1781292087.batch-block7-02946
tracking_loss,franka_cube_trackloss_default_b7e04f0_seed1_20260612_1042,1,37,1895.0518798828125,0.0,/tmp/franka_compare_tracking_vs_baseline/tracking/seed1/summaries/events.out.tfevents.1781292087.batch-block7-02946
tracking_loss,franka_cube_trackloss_default_b7e04f0_seed1_20260612_1042,1,38,1714.66796875,7.62939453125e-06,/tmp/franka_compare_tracking_vs_baseline/tracking/seed1/summaries/events.out.tfevents.1781292087.batch-block7-02946
tracking_loss,franka_cube_trackloss_default_b7e04f0_seed1_20260612_1042,1,39,1927.01123046875,0.0,/tmp/franka_compare_tracking_vs_baseline/tracking/seed1/summaries/events.out.tfevents.1781292087.batch-block7-02946
tracking_loss,franka_cube_trackloss_default_b7e04f0_seed1_20260612_1042,1,40,1948.5794677734375,0.0,/tmp/franka_compare_tracking_vs_baseline/tracking/seed1/summaries/events.out.tfevents.1781292087.batch-block7-02946
tracking_loss,franka_cube_trackloss_default_b7e04f0_seed1_20260612_1042,1,41,2094.396240234375,0.0,/tmp/franka_compare_tracking_vs_baseline/tracking/seed1/summaries/events.out.tfevents.1781292087.batch-block7-02946
tracking_loss,franka_cube_trackloss_default_b7e04f0_seed1_20260612_1042,1,42,2094.873291015625,0.0,/tmp/franka_compare_tracking_vs_baseline/tracking/seed1/summaries/events.out.tfevents.1781292087.batch-block7-02946
tracking_loss,franka_cube_trackloss_default_b7e04f0_seed1_20260612_1042,1,43,2083.823486328125,0.0,/tmp/franka_compare_tracking_vs_baseline/tracking/seed1/summaries/events.out.tfevents.1781292087.batch-block7-02946
tracking_loss,franka_cube_trackloss_default_b7e04f0_seed1_20260612_1042,1,44,2015.713134765625,9.918212890625e-05,/tmp/franka_compare_tracking_vs_baseline/tracking/seed1/summaries/events.out.tfevents.1781292087.batch-block7-02946
tracking_loss,franka_cube_trackloss_default_b7e04f0_seed1_20260612_1042,1,45,2054.652099609375,0.0,/tmp/franka_compare_tracking_vs_baseline/tracking/seed1/summaries/events.out.tfevents.1781292087.batch-block7-02946
tracking_loss,franka_cube_trackloss_default_b7e04f0_seed1_20260612_1042,1,46,2042.69384765625,0.0,/tmp/franka_compare_tracking_vs_baseline/tracking/seed1/summaries/events.out.tfevents.1781292087.batch-block7-02946
tracking_loss,franka_cube_trackloss_default_b7e04f0_seed1_20260612_1042,1,47,1597.4930419921875,3.0517578125e-05,/tmp/franka_compare_tracking_vs_baseline/tracking/seed1/summaries/events.out.tfevents.1781292087.batch-block7-02946
tracking_loss,franka_cube_trackloss_default_b7e04f0_seed1_20260612_1042,1,48,2018.6800537109375,0.0,/tmp/franka_compare_tracking_vs_baseline/tracking/seed1/summaries/events.out.tfevents.1781292087.batch-block7-02946
tracking_loss,franka_cube_trackloss_default_b7e04f0_seed1_20260612_1042,1,49,2088.995849609375,1.52587890625e-05,/tmp/franka_compare_tracking_vs_baseline/tracking/seed1/summaries/events.out.tfevents.1781292087.batch-block7-02946
tracking_loss,franka_cube_trackloss_default_b7e04f0_seed1_20260612_1042,1,50,2118.238037109375,0.0001678466796875,/tmp/franka_compare_tracking_vs_baseline/tracking/seed1/summaries/events.out.tfevents.1781292087.batch-block7-02946
tracking_loss,franka_cube_trackloss_default_b7e04f0_seed1_20260612_1042,1,51,2166.246337890625,0.0,/tmp/franka_compare_tracking_vs_baseline/tracking/seed1/summaries/events.out.tfevents.1781292087.batch-block7-02946
tracking_loss,franka_cube_trackloss_default_b7e04f0_seed1_20260612_1042,1,52,2167.9228515625,0.0,/tmp/franka_compare_tracking_vs_baseline/tracking/seed1/summaries/events.out.tfevents.1781292087.batch-block7-02946
tracking_loss,franka_cube_trackloss_default_b7e04f0_seed1_20260612_1042,1,53,2172.759521484375,0.0,/tmp/franka_compare_tracking_vs_baseline/tracking/seed1/summaries/events.out.tfevents.1781292087.batch-block7-02946
tracking_loss,franka_cube_trackloss_default_b7e04f0_seed1_20260612_1042,1,54,2163.258544921875,0.0,/tmp/franka_compare_tracking_vs_baseline/tracking/seed1/summaries/events.out.tfevents.1781292087.batch-block7-02946
tracking_loss,franka_cube_trackloss_default_b7e04f0_seed1_20260612_1042,1,55,2096.396484375,0.0,/tmp/franka_compare_tracking_vs_baseline/tracking/seed1/summaries/events.out.tfevents.1781292087.batch-block7-02946
tracking_loss,franka_cube_trackloss_default_b7e04f0_seed1_20260612_1042,1,56,2144.67138671875,0.0,/tmp/franka_compare_tracking_vs_baseline/tracking/seed1/summaries/events.out.tfevents.1781292087.batch-block7-02946
tracking_loss,franka_cube_trackloss_default_b7e04f0_seed1_20260612_1042,1,57,2090.120361328125,1.52587890625e-05,/tmp/franka_compare_tracking_vs_baseline/tracking/seed1/summaries/events.out.tfevents.1781292087.batch-block7-02946
tracking_loss,franka_cube_trackloss_default_b7e04f0_seed1_20260612_1042,1,58,2115.396728515625,0.0,/tmp/franka_compare_tracking_vs_baseline/tracking/seed1/summaries/events.out.tfevents.1781292087.batch-block7-02946
tracking_loss,franka_cube_trackloss_default_b7e04f0_seed1_20260612_1042,1,59,2162.703857421875,7.62939453125e-06,/tmp/franka_compare_tracking_vs_baseline/tracking/seed1/summaries/events.out.tfevents.1781292087.batch-block7-02946
tracking_loss,franka_cube_trackloss_default_b7e04f0_seed1_20260612_1042,1,60,2129.37109375,0.0,/tmp/franka_compare_tracking_vs_baseline/tracking/seed1/summaries/events.out.tfevents.1781292087.batch-block7-02946
tracking_loss,franka_cube_trackloss_default_b7e04f0_seed1_20260612_1042,1,61,2107.451171875,0.0,/tmp/franka_compare_tracking_vs_baseline/tracking/seed1/summaries/events.out.tfevents.1781292087.batch-block7-02946
tracking_loss,franka_cube_trackloss_default_b7e04f0_seed1_20260612_1042,1,62,2166.64501953125,0.0,/tmp/franka_compare_tracking_vs_baseline/tracking/seed1/summaries/events.out.tfevents.1781292087.batch-block7-02946
tracking_loss,franka_cube_trackloss_default_b7e04f0_seed1_20260612_1042,1,63,2144.3212890625,0.0,/tmp/franka_compare_tracking_vs_baseline/tracking/seed1/summaries/events.out.tfevents.1781292087.batch-block7-02946
tracking_loss,franka_cube_trackloss_default_b7e04f0_seed1_20260612_1042,1,64,2151.56005859375,0.0,/tmp/franka_compare_tracking_vs_baseline/tracking/seed1/summaries/events.out.tfevents.1781292087.batch-block7-02946
tracking_loss,franka_cube_trackloss_default_b7e04f0_seed1_20260612_1042,1,65,2110.8330078125,0.0,/tmp/franka_compare_tracking_vs_baseline/tracking/seed1/summaries/events.out.tfevents.1781292087.batch-block7-02946
tracking_loss,franka_cube_trackloss_default_b7e04f0_seed1_20260612_1042,1,66,1959.9102783203125,1.52587890625e-05,/tmp/franka_compare_tracking_vs_baseline/tracking/seed1/summaries/events.out.tfevents.1781292087.batch-block7-02946
tracking_loss,franka_cube_trackloss_default_b7e04f0_seed1_20260612_1042,1,67,2034.42333984375,0.0,/tmp/franka_compare_tracking_vs_baseline/tracking/seed1/summaries/events.out.tfevents.1781292087.batch-block7-02946
tracking_loss,franka_cube_trackloss_default_b7e04f0_seed1_20260612_1042,1,68,2057.24072265625,0.0,/tmp/franka_compare_tracking_vs_baseline/tracking/seed1/summaries/events.out.tfevents.1781292087.batch-block7-02946
tracking_loss,franka_cube_trackloss_default_b7e04f0_seed1_20260612_1042,1,69,2112.513916015625,0.0,/tmp/franka_compare_tracking_vs_baseline/tracking/seed1/summaries/events.out.tfevents.1781292087.batch-block7-02946
tracking_loss,franka_cube_trackloss_default_b7e04f0_seed1_20260612_1042,1,70,1996.2210693359375,0.0,/tmp/franka_compare_tracking_vs_baseline/tracking/seed1/summaries/events.out.tfevents.1781292087.batch-block7-02946
tracking_loss,franka_cube_trackloss_default_b7e04f0_seed1_20260612_1042,1,71,2016.1129150390625,0.0,/tmp/franka_compare_tracking_vs_baseline/tracking/seed1/summaries/events.out.tfevents.1781292087.batch-block7-02946
tracking_loss,franka_cube_trackloss_default_b7e04f0_seed1_20260612_1042,1,72,2024.782470703125,0.0,/tmp/franka_compare_tracking_vs_baseline/tracking/seed1/summaries/events.out.tfevents.1781292087.batch-block7-02946
tracking_loss,franka_cube_trackloss_default_b7e04f0_seed1_20260612_1042,1,73,2001.1512451171875,0.0,/tmp/franka_compare_tracking_vs_baseline/tracking/seed1/summaries/events.out.tfevents.1781292087.batch-block7-02946
tracking_loss,franka_cube_trackloss_default_b7e04f0_seed1_20260612_1042,1,74,1986.0162353515625,7.62939453125e-06,/tmp/franka_compare_tracking_vs_baseline/tracking/seed1/summaries/events.out.tfevents.1781292087.batch-block7-02946
tracking_loss,franka_cube_trackloss_default_b7e04f0_seed1_20260612_1042,1,75,1936.3167724609375,9.1552734375e-05,/tmp/franka_compare_tracking_vs_baseline/tracking/seed1/summaries/events.out.tfevents.1781292087.batch-block7-02946
tracking_loss,franka_cube_trackloss_default_b7e04f0_seed1_20260612_1042,1,76,1896.6715087890625,0.0,/tmp/franka_compare_tracking_vs_baseline/tracking/seed1/summaries/events.out.tfevents.1781292087.batch-block7-02946
tracking_loss,franka_cube_trackloss_default_b7e04f0_seed1_20260612_1042,1,77,1966.08837890625,0.0,/tmp/franka_compare_tracking_vs_baseline/tracking/seed1/summaries/events.out.tfevents.1781292087.batch-block7-02946
tracking_loss,franka_cube_trackloss_default_b7e04f0_seed1_20260612_1042,1,78,1994.0859375,0.0,/tmp/franka_compare_tracking_vs_baseline/tracking/seed1/summaries/events.out.tfevents.1781292087.batch-block7-02946
tracking_loss,franka_cube_trackloss_default_b7e04f0_seed1_20260612_1042,1,79,2028.6602783203125,0.0,/tmp/franka_compare_tracking_vs_baseline/tracking/seed1/summaries/events.out.tfevents.1781292087.batch-block7-02946
tracking_loss,franka_cube_trackloss_default_b7e04f0_seed1_20260612_1042,1,80,2039.279296875,0.0,/tmp/franka_compare_tracking_vs_baseline/tracking/seed1/summaries/events.out.tfevents.1781292087.batch-block7-02946
tracking_loss,franka_cube_trackloss_default_b7e04f0_seed1_20260612_1042,1,81,2058.07177734375,0.00028228759765625,/tmp/franka_compare_tracking_vs_baseline/tracking/seed1/summaries/events.out.tfevents.1781292087.batch-block7-02946
tracking_loss,franka_cube_trackloss_default_b7e04f0_seed1_20260612_1042,1,82,2003.577880859375,0.00012969970703125,/tmp/franka_compare_tracking_vs_baseline/tracking/seed1/summaries/events.out.tfevents.1781292087.batch-block7-02946
tracking_loss,franka_cube_trackloss_default_b7e04f0_seed1_20260612_1042,1,83,1999.888671875,0.00011444091796875,/tmp/franka_compare_tracking_vs_baseline/tracking/seed1/summaries/events.out.tfevents.1781292087.batch-block7-02946
tracking_loss,franka_cube_trackloss_default_b7e04f0_seed1_20260612_1042,1,84,2014.41357421875,0.000152587890625,/tmp/franka_compare_tracking_vs_baseline/tracking/seed1/summaries/events.out.tfevents.1781292087.batch-block7-02946
tracking_loss,franka_cube_trackloss_default_b7e04f0_seed1_20260612_1042,1,85,1880.2567138671875,0.00023651123046875,/tmp/franka_compare_tracking_vs_baseline/tracking/seed1/summaries/events.out.tfevents.1781292087.batch-block7-02946
tracking_loss,franka_cube_trackloss_default_b7e04f0_seed1_20260612_1042,1,86,1995.196044921875,0.00018310546875,/tmp/franka_compare_tracking_vs_baseline/tracking/seed1/summaries/events.out.tfevents.1781292087.batch-block7-02946
tracking_loss,franka_cube_trackloss_default_b7e04f0_seed1_20260612_1042,1,87,2031.6820068359375,0.0003814697265625,/tmp/franka_compare_tracking_vs_baseline/tracking/seed1/summaries/events.out.tfevents.1781292087.batch-block7-02946
tracking_loss,franka_cube_trackloss_default_b7e04f0_seed1_20260612_1042,1,88,2045.7855224609375,0.0006256103515625,/tmp/franka_compare_tracking_vs_baseline/tracking/seed1/summaries/events.out.tfevents.1781292087.batch-block7-02946
tracking_loss,franka_cube_trackloss_default_b7e04f0_seed1_20260612_1042,1,89,2110.23291015625,0.000640869140625,/tmp/franka_compare_tracking_vs_baseline/tracking/seed1/summaries/events.out.tfevents.1781292087.batch-block7-02946
tracking_loss,franka_cube_trackloss_default_b7e04f0_seed1_20260612_1042,1,90,2117.837646484375,0.0005645751953125,/tmp/franka_compare_tracking_vs_baseline/tracking/seed1/summaries/events.out.tfevents.1781292087.batch-block7-02946
tracking_loss,franka_cube_trackloss_default_b7e04f0_seed1_20260612_1042,1,91,2087.06103515625,0.00034332275390625,/tmp/franka_compare_tracking_vs_baseline/tracking/seed1/summaries/events.out.tfevents.1781292087.batch-block7-02946
tracking_loss,franka_cube_trackloss_default_b7e04f0_seed1_20260612_1042,1,92,2094.428466796875,0.000518798828125,/tmp/franka_compare_tracking_vs_baseline/tracking/seed1/summaries/events.out.tfevents.1781292087.batch-block7-02946
tracking_loss,franka_cube_trackloss_default_b7e04f0_seed1_20260612_1042,1,93,2135.114013671875,0.000396728515625,/tmp/franka_compare_tracking_vs_baseline/tracking/seed1/summaries/events.out.tfevents.1781292087.batch-block7-02946
tracking_loss,franka_cube_trackloss_default_b7e04f0_seed1_20260612_1042,1,94,1978.1002197265625,0.0002288818359375,/tmp/franka_compare_tracking_vs_baseline/tracking/seed1/summaries/events.out.tfevents.1781292087.batch-block7-02946
tracking_loss,franka_cube_trackloss_default_b7e04f0_seed1_20260612_1042,1,95,2184.936767578125,0.00025177001953125,/tmp/franka_compare_tracking_vs_baseline/tracking/seed1/summaries/events.out.tfevents.1781292087.batch-block7-02946
tracking_loss,franka_cube_trackloss_default_b7e04f0_seed1_20260612_1042,1,96,2273.650146484375,0.00042724609375,/tmp/franka_compare_tracking_vs_baseline/tracking/seed1/summaries/events.out.tfevents.1781292087.batch-block7-02946
tracking_loss,franka_cube_trackloss_default_b7e04f0_seed1_20260612_1042,1,97,2240.207275390625,0.00074005126953125,/tmp/franka_compare_tracking_vs_baseline/tracking/seed1/summaries/events.out.tfevents.1781292087.batch-block7-02946
tracking_loss,franka_cube_trackloss_default_b7e04f0_seed1_20260612_1042,1,98,2256.467041015625,0.00046539306640625,/tmp/franka_compare_tracking_vs_baseline/tracking/seed1/summaries/events.out.tfevents.1781292087.batch-block7-02946
tracking_loss,franka_cube_trackloss_default_b7e04f0_seed1_20260612_1042,1,99,2309.177490234375,0.00016021728515625,/tmp/franka_compare_tracking_vs_baseline/tracking/seed1/summaries/events.out.tfevents.1781292087.batch-block7-02946
tracking_loss,franka_cube_trackloss_default_b7e04f0_seed1_20260612_1042,1,100,2273.0888671875,0.0,/tmp/franka_compare_tracking_vs_baseline/tracking/seed1/summaries/events.out.tfevents.1781292087.batch-block7-02946
tracking_loss,franka_cube_trackloss_default_b7e04f0_seed1_20260612_1042,1,101,2287.20849609375,0.0002899169921875,/tmp/franka_compare_tracking_vs_baseline/tracking/seed1/summaries/events.out.tfevents.1781292087.batch-block7-02946
tracking_loss,franka_cube_trackloss_default_b7e04f0_seed1_20260612_1042,1,102,2282.931640625,0.00061798095703125,/tmp/franka_compare_tracking_vs_baseline/tracking/seed1/summaries/events.out.tfevents.1781292087.batch-block7-02946
tracking_loss,franka_cube_trackloss_default_b7e04f0_seed1_20260612_1042,1,103,2260.8974609375,0.001068115234375,/tmp/franka_compare_tracking_vs_baseline/tracking/seed1/summaries/events.out.tfevents.1781292087.batch-block7-02946
tracking_loss,franka_cube_trackloss_default_b7e04f0_seed1_20260612_1042,1,104,2270.640380859375,0.00107574462890625,/tmp/franka_compare_tracking_vs_baseline/tracking/seed1/summaries/events.out.tfevents.1781292087.batch-block7-02946
tracking_loss,franka_cube_trackloss_default_b7e04f0_seed1_20260612_1042,1,105,2235.892578125,0.0009765625,/tmp/franka_compare_tracking_vs_baseline/tracking/seed1/summaries/events.out.tfevents.1781292087.batch-block7-02946
tracking_loss,franka_cube_trackloss_default_b7e04f0_seed1_20260612_1042,1,106,2304.6201171875,0.00151824951171875,/tmp/franka_compare_tracking_vs_baseline/tracking/seed1/summaries/events.out.tfevents.1781292087.batch-block7-02946
tracking_loss,franka_cube_trackloss_default_b7e04f0_seed1_20260612_1042,1,107,2301.35205078125,0.00183868408203125,/tmp/franka_compare_tracking_vs_baseline/tracking/seed1/summaries/events.out.tfevents.1781292087.batch-block7-02946
tracking_loss,franka_cube_trackloss_default_b7e04f0_seed1_20260612_1042,1,108,2389.99267578125,0.00101470947265625,/tmp/franka_compare_tracking_vs_baseline/tracking/seed1/summaries/events.out.tfevents.1781292087.batch-block7-02946
tracking_loss,franka_cube_trackloss_default_b7e04f0_seed1_20260612_1042,1,109,2357.306396484375,0.000823974609375,/tmp/franka_compare_tracking_vs_baseline/tracking/seed1/summaries/events.out.tfevents.1781292087.batch-block7-02946
tracking_loss,franka_cube_trackloss_default_b7e04f0_seed1_20260612_1042,1,110,2418.65966796875,0.00081634521484375,/tmp/franka_compare_tracking_vs_baseline/tracking/seed1/summaries/events.out.tfevents.1781292087.batch-block7-02946
tracking_loss,franka_cube_trackloss_default_b7e04f0_seed1_20260612_1042,1,111,2342.52490234375,0.00060272216796875,/tmp/franka_compare_tracking_vs_baseline/tracking/seed1/summaries/events.out.tfevents.1781292087.batch-block7-02946
tracking_loss,franka_cube_trackloss_default_b7e04f0_seed1_20260612_1042,1,112,2356.100341796875,0.00061798095703125,/tmp/franka_compare_tracking_vs_baseline/tracking/seed1/summaries/events.out.tfevents.1781292087.batch-block7-02946
tracking_loss,franka_cube_trackloss_default_b7e04f0_seed1_20260612_1042,1,113,2272.700439453125,0.0004425048828125,/tmp/franka_compare_tracking_vs_baseline/tracking/seed1/summaries/events.out.tfevents.1781292087.batch-block7-02946
tracking_loss,franka_cube_trackloss_default_b7e04f0_seed1_20260612_1042,1,114,2404.28125,0.00072479248046875,/tmp/franka_compare_tracking_vs_baseline/tracking/seed1/summaries/events.out.tfevents.1781292087.batch-block7-02946
tracking_loss,franka_cube_trackloss_default_b7e04f0_seed1_20260612_1042,1,115,2402.640380859375,0.00112152099609375,/tmp/franka_compare_tracking_vs_baseline/tracking/seed1/summaries/events.out.tfevents.1781292087.batch-block7-02946
tracking_loss,franka_cube_trackloss_default_b7e04f0_seed1_20260612_1042,1,116,2325.1025390625,0.001007080078125,/tmp/franka_compare_tracking_vs_baseline/tracking/seed1/summaries/events.out.tfevents.1781292087.batch-block7-02946
tracking_loss,franka_cube_trackloss_default_b7e04f0_seed1_20260612_1042,1,117,2283.922119140625,0.00060272216796875,/tmp/franka_compare_tracking_vs_baseline/tracking/seed1/summaries/events.out.tfevents.1781292087.batch-block7-02946
tracking_loss,franka_cube_trackloss_default_b7e04f0_seed1_20260612_1042,1,118,2325.43115234375,0.00046539306640625,/tmp/franka_compare_tracking_vs_baseline/tracking/seed1/summaries/events.out.tfevents.1781292087.batch-block7-02946
tracking_loss,franka_cube_trackloss_default_b7e04f0_seed1_20260612_1042,1,119,2354.999755859375,0.00043487548828125,/tmp/franka_compare_tracking_vs_baseline/tracking/seed1/summaries/events.out.tfevents.1781292087.batch-block7-02946
tracking_loss,franka_cube_trackloss_default_b7e04f0_seed1_20260612_1042,1,120,2374.47314453125,0.00067901611328125,/tmp/franka_compare_tracking_vs_baseline/tracking/seed1/summaries/events.out.tfevents.1781292087.batch-block7-02946
tracking_loss,franka_cube_trackloss_default_b7e04f0_seed1_20260612_1042,1,121,2417.27685546875,0.000579833984375,/tmp/franka_compare_tracking_vs_baseline/tracking/seed1/summaries/events.out.tfevents.1781292087.batch-block7-02946
tracking_loss,franka_cube_trackloss_default_b7e04f0_seed1_20260612_1042,1,122,2435.006591796875,0.0006256103515625,/tmp/franka_compare_tracking_vs_baseline/tracking/seed1/summaries/events.out.tfevents.1781292087.batch-block7-02946
tracking_loss,franka_cube_trackloss_default_b7e04f0_seed1_20260612_1042,1,123,2388.567138671875,0.0005035400390625,/tmp/franka_compare_tracking_vs_baseline/tracking/seed1/summaries/events.out.tfevents.1781292087.batch-block7-02946
tracking_loss,franka_cube_trackloss_default_b7e04f0_seed1_20260612_1042,1,124,2461.318115234375,0.0012054443359375,/tmp/franka_compare_tracking_vs_baseline/tracking/seed1/summaries/events.out.tfevents.1781292087.batch-block7-02946
tracking_loss,franka_cube_trackloss_default_b7e04f0_seed1_20260612_1042,1,125,2597.32470703125,0.0012054443359375,/tmp/franka_compare_tracking_vs_baseline/tracking/seed1/summaries/events.out.tfevents.1781292087.batch-block7-02946
tracking_loss,franka_cube_trackloss_default_b7e04f0_seed1_20260612_1042,1,126,2484.15673828125,0.00093841552734375,/tmp/franka_compare_tracking_vs_baseline/tracking/seed1/summaries/events.out.tfevents.1781292087.batch-block7-02946
tracking_loss,franka_cube_trackloss_default_b7e04f0_seed1_20260612_1042,1,127,2472.057861328125,0.0010833740234375,/tmp/franka_compare_tracking_vs_baseline/tracking/seed1/summaries/events.out.tfevents.1781292087.batch-block7-02946
tracking_loss,franka_cube_trackloss_default_b7e04f0_seed1_20260612_1042,1,128,2495.93212890625,0.00093841552734375,/tmp/franka_compare_tracking_vs_baseline/tracking/seed1/summaries/events.out.tfevents.1781292087.batch-block7-02946
tracking_loss,franka_cube_trackloss_default_b7e04f0_seed1_20260612_1042,1,129,2580.478271484375,0.00084686279296875,/tmp/franka_compare_tracking_vs_baseline/tracking/seed1/summaries/events.out.tfevents.1781292087.batch-block7-02946
tracking_loss,franka_cube_trackloss_default_b7e04f0_seed1_20260612_1042,1,130,2453.018798828125,0.0006561279296875,/tmp/franka_compare_tracking_vs_baseline/tracking/seed1/summaries/events.out.tfevents.1781292087.batch-block7-02946
tracking_loss,franka_cube_trackloss_default_b7e04f0_seed1_20260612_1042,1,131,2464.488037109375,0.00086212158203125,/tmp/franka_compare_tracking_vs_baseline/tracking/seed1/summaries/events.out.tfevents.1781292087.batch-block7-02946
tracking_loss,franka_cube_trackloss_default_b7e04f0_seed1_20260612_1042,1,132,2494.025634765625,0.000640869140625,/tmp/franka_compare_tracking_vs_baseline/tracking/seed1/summaries/events.out.tfevents.1781292087.batch-block7-02946
tracking_loss,franka_cube_trackloss_default_b7e04f0_seed1_20260612_1042,1,133,2526.193603515625,0.002044677734375,/tmp/franka_compare_tracking_vs_baseline/tracking/seed1/summaries/events.out.tfevents.1781292087.batch-block7-02946
tracking_loss,franka_cube_trackloss_default_b7e04f0_seed1_20260612_1042,1,134,2504.52783203125,0.00193023681640625,/tmp/franka_compare_tracking_vs_baseline/tracking/seed1/summaries/events.out.tfevents.1781292087.batch-block7-02946
tracking_loss,franka_cube_trackloss_default_b7e04f0_seed1_20260612_1042,1,135,2418.986572265625,0.00228118896484375,/tmp/franka_compare_tracking_vs_baseline/tracking/seed1/summaries/events.out.tfevents.1781292087.batch-block7-02946
tracking_loss,franka_cube_trackloss_default_b7e04f0_seed1_20260612_1042,1,136,2390.021728515625,0.00212860107421875,/tmp/franka_compare_tracking_vs_baseline/tracking/seed1/summaries/events.out.tfevents.1781292087.batch-block7-02946
tracking_loss,franka_cube_trackloss_default_b7e04f0_seed1_20260612_1042,1,137,2407.163818359375,0.0016937255859375,/tmp/franka_compare_tracking_vs_baseline/tracking/seed1/summaries/events.out.tfevents.1781292087.batch-block7-02946
tracking_loss,franka_cube_trackloss_default_b7e04f0_seed1_20260612_1042,1,138,2439.83837890625,0.00162506103515625,/tmp/franka_compare_tracking_vs_baseline/tracking/seed1/summaries/events.out.tfevents.1781292087.batch-block7-02946
tracking_loss,franka_cube_trackloss_default_b7e04f0_seed1_20260612_1042,1,139,2497.850341796875,0.00191497802734375,/tmp/franka_compare_tracking_vs_baseline/tracking/seed1/summaries/events.out.tfevents.1781292087.batch-block7-02946
tracking_loss,franka_cube_trackloss_default_b7e04f0_seed1_20260612_1042,1,140,2619.60546875,0.002105712890625,/tmp/franka_compare_tracking_vs_baseline/tracking/seed1/summaries/events.out.tfevents.1781292087.batch-block7-02946
tracking_loss,franka_cube_trackloss_default_b7e04f0_seed1_20260612_1042,1,141,2449.261474609375,0.00118255615234375,/tmp/franka_compare_tracking_vs_baseline/tracking/seed1/summaries/events.out.tfevents.1781292087.batch-block7-02946
tracking_loss,franka_cube_trackloss_default_b7e04f0_seed1_20260612_1042,1,142,2588.479248046875,0.0013580322265625,/tmp/franka_compare_tracking_vs_baseline/tracking/seed1/summaries/events.out.tfevents.1781292087.batch-block7-02946
tracking_loss,franka_cube_trackloss_default_b7e04f0_seed1_20260612_1042,1,143,2515.72412109375,0.00139617919921875,/tmp/franka_compare_tracking_vs_baseline/tracking/seed1/summaries/events.out.tfevents.1781292087.batch-block7-02946
tracking_loss,franka_cube_trackloss_default_b7e04f0_seed1_20260612_1042,1,144,2455.85546875,0.00185394287109375,/tmp/franka_compare_tracking_vs_baseline/tracking/seed1/summaries/events.out.tfevents.1781292087.batch-block7-02946
tracking_loss,franka_cube_trackloss_default_b7e04f0_seed1_20260612_1042,1,145,2383.507080078125,0.00152587890625,/tmp/franka_compare_tracking_vs_baseline/tracking/seed1/summaries/events.out.tfevents.1781292087.batch-block7-02946
tracking_loss,franka_cube_trackloss_default_b7e04f0_seed1_20260612_1042,1,146,2410.530517578125,0.001708984375,/tmp/franka_compare_tracking_vs_baseline/tracking/seed1/summaries/events.out.tfevents.1781292087.batch-block7-02946
tracking_loss,franka_cube_trackloss_default_b7e04f0_seed1_20260612_1042,1,147,2467.05908203125,0.0018463134765625,/tmp/franka_compare_tracking_vs_baseline/tracking/seed1/summaries/events.out.tfevents.1781292087.batch-block7-02946
tracking_loss,franka_cube_trackloss_default_b7e04f0_seed1_20260612_1042,1,148,2447.757080078125,0.00218963623046875,/tmp/franka_compare_tracking_vs_baseline/tracking/seed1/summaries/events.out.tfevents.1781292087.batch-block7-02946
tracking_loss,franka_cube_trackloss_default_b7e04f0_seed1_20260612_1042,1,149,2513.47998046875,0.00205230712890625,/tmp/franka_compare_tracking_vs_baseline/tracking/seed1/summaries/events.out.tfevents.1781292087.batch-block7-02946
tracking_loss,franka_cube_trackloss_default_b7e04f0_seed1_20260612_1042,1,150,2579.559326171875,0.001556396484375,/tmp/franka_compare_tracking_vs_baseline/tracking/seed1/summaries/events.out.tfevents.1781292087.batch-block7-02946
tracking_loss,franka_cube_trackloss_default_b7e04f0_seed1_20260612_1042,1,151,2491.651611328125,0.0014495849609375,/tmp/franka_compare_tracking_vs_baseline/tracking/seed1/summaries/events.out.tfevents.1781292087.batch-block7-02946
tracking_loss,franka_cube_trackloss_default_b7e04f0_seed1_20260612_1042,1,152,2582.28173828125,0.0028076171875,/tmp/franka_compare_tracking_vs_baseline/tracking/seed1/summaries/events.out.tfevents.1781292087.batch-block7-02946
tracking_loss,franka_cube_trackloss_default_b7e04f0_seed1_20260612_1042,1,153,2579.69970703125,0.00238037109375,/tmp/franka_compare_tracking_vs_baseline/tracking/seed1/summaries/events.out.tfevents.1781292087.batch-block7-02946
tracking_loss,franka_cube_trackloss_default_b7e04f0_seed1_20260612_1042,1,154,2591.6435546875,0.002471923828125,/tmp/franka_compare_tracking_vs_baseline/tracking/seed1/summaries/events.out.tfevents.1781292087.batch-block7-02946
tracking_loss,franka_cube_trackloss_default_b7e04f0_seed1_20260612_1042,1,155,2694.361083984375,0.002044677734375,/tmp/franka_compare_tracking_vs_baseline/tracking/seed1/summaries/events.out.tfevents.1781292087.batch-block7-02946
tracking_loss,franka_cube_trackloss_default_b7e04f0_seed1_20260612_1042,1,156,2637.053466796875,0.0020599365234375,/tmp/franka_compare_tracking_vs_baseline/tracking/seed1/summaries/events.out.tfevents.1781292087.batch-block7-02946
tracking_loss,franka_cube_trackloss_default_b7e04f0_seed1_20260612_1042,1,157,2638.673095703125,0.002349853515625,/tmp/franka_compare_tracking_vs_baseline/tracking/seed1/summaries/events.out.tfevents.1781292087.batch-block7-02946
tracking_loss,franka_cube_trackloss_default_b7e04f0_seed1_20260612_1042,1,158,2565.05615234375,0.001922607421875,/tmp/franka_compare_tracking_vs_baseline/tracking/seed1/summaries/events.out.tfevents.1781292087.batch-block7-02946
tracking_loss,franka_cube_trackloss_default_b7e04f0_seed1_20260612_1042,1,159,2659.9833984375,0.00160980224609375,/tmp/franka_compare_tracking_vs_baseline/tracking/seed1/summaries/events.out.tfevents.1781292087.batch-block7-02946
tracking_loss,franka_cube_trackloss_default_b7e04f0_seed1_20260612_1042,1,160,2701.724853515625,0.00089263916015625,/tmp/franka_compare_tracking_vs_baseline/tracking/seed1/summaries/events.out.tfevents.1781292087.batch-block7-02946
tracking_loss,franka_cube_trackloss_default_b7e04f0_seed1_20260612_1042,1,161,2688.17578125,0.00089263916015625,/tmp/franka_compare_tracking_vs_baseline/tracking/seed1/summaries/events.out.tfevents.1781292087.batch-block7-02946
tracking_loss,franka_cube_trackloss_default_b7e04f0_seed1_20260612_1042,1,162,2653.868896484375,0.00060272216796875,/tmp/franka_compare_tracking_vs_baseline/tracking/seed1/summaries/events.out.tfevents.1781292087.batch-block7-02946
tracking_loss,franka_cube_trackloss_default_b7e04f0_seed1_20260612_1042,1,163,2658.778076171875,0.00016021728515625,/tmp/franka_compare_tracking_vs_baseline/tracking/seed1/summaries/events.out.tfevents.1781292087.batch-block7-02946
tracking_loss,franka_cube_trackloss_default_b7e04f0_seed1_20260612_1042,1,164,2671.466796875,0.00046539306640625,/tmp/franka_compare_tracking_vs_baseline/tracking/seed1/summaries/events.out.tfevents.1781292087.batch-block7-02946
tracking_loss,franka_cube_trackloss_default_b7e04f0_seed1_20260612_1042,1,165,2632.224609375,0.00046539306640625,/tmp/franka_compare_tracking_vs_baseline/tracking/seed1/summaries/events.out.tfevents.1781292087.batch-block7-02946
tracking_loss,franka_cube_trackloss_default_b7e04f0_seed1_20260612_1042,1,166,2576.05712890625,0.00028228759765625,/tmp/franka_compare_tracking_vs_baseline/tracking/seed1/summaries/events.out.tfevents.1781292087.batch-block7-02946
tracking_loss,franka_cube_trackloss_default_b7e04f0_seed1_20260612_1042,1,167,2661.961181640625,0.0002288818359375,/tmp/franka_compare_tracking_vs_baseline/tracking/seed1/summaries/events.out.tfevents.1781292087.batch-block7-02946
tracking_loss,franka_cube_trackloss_default_b7e04f0_seed1_20260612_1042,1,168,2670.078125,0.0,/tmp/franka_compare_tracking_vs_baseline/tracking/seed1/summaries/events.out.tfevents.1781292087.batch-block7-02946
tracking_loss,franka_cube_trackloss_default_b7e04f0_seed1_20260612_1042,1,169,2630.092041015625,9.918212890625e-05,/tmp/franka_compare_tracking_vs_baseline/tracking/seed1/summaries/events.out.tfevents.1781292087.batch-block7-02946
tracking_loss,franka_cube_trackloss_default_b7e04f0_seed1_20260612_1042,1,170,2708.65771484375,0.00017547607421875,/tmp/franka_compare_tracking_vs_baseline/tracking/seed1/summaries/events.out.tfevents.1781292087.batch-block7-02946
tracking_loss,franka_cube_trackloss_default_b7e04f0_seed1_20260612_1042,1,171,2708.46826171875,0.00063323974609375,/tmp/franka_compare_tracking_vs_baseline/tracking/seed1/summaries/events.out.tfevents.1781292087.batch-block7-02946
tracking_loss,franka_cube_trackloss_default_b7e04f0_seed1_20260612_1042,1,172,2760.859375,0.00074005126953125,/tmp/franka_compare_tracking_vs_baseline/tracking/seed1/summaries/events.out.tfevents.1781292087.batch-block7-02946
tracking_loss,franka_cube_trackloss_default_b7e04f0_seed1_20260612_1042,1,173,2739.8408203125,0.00145721435546875,/tmp/franka_compare_tracking_vs_baseline/tracking/seed1/summaries/events.out.tfevents.1781292087.batch-block7-02946
tracking_loss,franka_cube_trackloss_default_b7e04f0_seed1_20260612_1042,1,174,2621.695556640625,0.00118255615234375,/tmp/franka_compare_tracking_vs_baseline/tracking/seed1/summaries/events.out.tfevents.1781292087.batch-block7-02946
tracking_loss,franka_cube_trackloss_default_b7e04f0_seed1_20260612_1042,1,175,2687.401611328125,0.0013580322265625,/tmp/franka_compare_tracking_vs_baseline/tracking/seed1/summaries/events.out.tfevents.1781292087.batch-block7-02946
tracking_loss,franka_cube_trackloss_default_b7e04f0_seed1_20260612_1042,1,176,2779.810302734375,0.00152587890625,/tmp/franka_compare_tracking_vs_baseline/tracking/seed1/summaries/events.out.tfevents.1781292087.batch-block7-02946
tracking_loss,franka_cube_trackloss_default_b7e04f0_seed1_20260612_1042,1,177,2740.40869140625,0.00177764892578125,/tmp/franka_compare_tracking_vs_baseline/tracking/seed1/summaries/events.out.tfevents.1781292087.batch-block7-02946
tracking_loss,franka_cube_trackloss_default_b7e04f0_seed1_20260612_1042,1,178,2789.53466796875,0.00188446044921875,/tmp/franka_compare_tracking_vs_baseline/tracking/seed1/summaries/events.out.tfevents.1781292087.batch-block7-02946
tracking_loss,franka_cube_trackloss_default_b7e04f0_seed1_20260612_1042,1,179,2619.034423828125,0.001556396484375,/tmp/franka_compare_tracking_vs_baseline/tracking/seed1/summaries/events.out.tfevents.1781292087.batch-block7-02946
tracking_loss,franka_cube_trackloss_default_b7e04f0_seed1_20260612_1042,1,180,2777.89013671875,0.00229644775390625,/tmp/franka_compare_tracking_vs_baseline/tracking/seed1/summaries/events.out.tfevents.1781292087.batch-block7-02946
tracking_loss,franka_cube_trackloss_default_b7e04f0_seed1_20260612_1042,1,181,2755.96044921875,0.0011138916015625,/tmp/franka_compare_tracking_vs_baseline/tracking/seed1/summaries/events.out.tfevents.1781292087.batch-block7-02946
tracking_loss,franka_cube_trackloss_default_b7e04f0_seed1_20260612_1042,1,182,2814.92724609375,0.0010833740234375,/tmp/franka_compare_tracking_vs_baseline/tracking/seed1/summaries/events.out.tfevents.1781292087.batch-block7-02946
tracking_loss,franka_cube_trackloss_default_b7e04f0_seed1_20260612_1042,1,183,2710.111572265625,0.00148773193359375,/tmp/franka_compare_tracking_vs_baseline/tracking/seed1/summaries/events.out.tfevents.1781292087.batch-block7-02946
tracking_loss,franka_cube_trackloss_default_b7e04f0_seed1_20260612_1042,1,184,2659.338623046875,0.00128173828125,/tmp/franka_compare_tracking_vs_baseline/tracking/seed1/summaries/events.out.tfevents.1781292087.batch-block7-02946
tracking_loss,franka_cube_trackloss_default_b7e04f0_seed1_20260612_1042,1,185,2759.9853515625,0.0008544921875,/tmp/franka_compare_tracking_vs_baseline/tracking/seed1/summaries/events.out.tfevents.1781292087.batch-block7-02946
tracking_loss,franka_cube_trackloss_default_b7e04f0_seed1_20260612_1042,1,186,2806.22607421875,0.00054931640625,/tmp/franka_compare_tracking_vs_baseline/tracking/seed1/summaries/events.out.tfevents.1781292087.batch-block7-02946
tracking_loss,franka_cube_trackloss_default_b7e04f0_seed1_20260612_1042,1,187,2718.3046875,0.00048065185546875,/tmp/franka_compare_tracking_vs_baseline/tracking/seed1/summaries/events.out.tfevents.1781292087.batch-block7-02946
tracking_loss,franka_cube_trackloss_default_b7e04f0_seed1_20260612_1042,1,188,2765.909912109375,0.000518798828125,/tmp/franka_compare_tracking_vs_baseline/tracking/seed1/summaries/events.out.tfevents.1781292087.batch-block7-02946
tracking_loss,franka_cube_trackloss_default_b7e04f0_seed1_20260612_1042,1,189,2778.829833984375,0.00152587890625,/tmp/franka_compare_tracking_vs_baseline/tracking/seed1/summaries/events.out.tfevents.1781292087.batch-block7-02946
tracking_loss,franka_cube_trackloss_default_b7e04f0_seed1_20260612_1042,1,190,2802.6162109375,0.00133514404296875,/tmp/franka_compare_tracking_vs_baseline/tracking/seed1/summaries/events.out.tfevents.1781292087.batch-block7-02946
tracking_loss,franka_cube_trackloss_default_b7e04f0_seed1_20260612_1042,1,191,2770.29345703125,0.0015716552734375,/tmp/franka_compare_tracking_vs_baseline/tracking/seed1/summaries/events.out.tfevents.1781292087.batch-block7-02946
tracking_loss,franka_cube_trackloss_default_b7e04f0_seed1_20260612_1042,1,192,2864.433349609375,0.00173187255859375,/tmp/franka_compare_tracking_vs_baseline/tracking/seed1/summaries/events.out.tfevents.1781292087.batch-block7-02946
tracking_loss,franka_cube_trackloss_default_b7e04f0_seed1_20260612_1042,1,193,2793.814697265625,0.00188446044921875,/tmp/franka_compare_tracking_vs_baseline/tracking/seed1/summaries/events.out.tfevents.1781292087.batch-block7-02946
tracking_loss,franka_cube_trackloss_default_b7e04f0_seed1_20260612_1042,1,194,2830.82080078125,0.00205230712890625,/tmp/franka_compare_tracking_vs_baseline/tracking/seed1/summaries/events.out.tfevents.1781292087.batch-block7-02946
tracking_loss,franka_cube_trackloss_default_b7e04f0_seed1_20260612_1042,1,195,2908.3583984375,0.0018157958984375,/tmp/franka_compare_tracking_vs_baseline/tracking/seed1/summaries/events.out.tfevents.1781292087.batch-block7-02946
tracking_loss,franka_cube_trackloss_default_b7e04f0_seed1_20260612_1042,1,196,2906.43798828125,0.00206756591796875,/tmp/franka_compare_tracking_vs_baseline/tracking/seed1/summaries/events.out.tfevents.1781292087.batch-block7-02946
tracking_loss,franka_cube_trackloss_default_b7e04f0_seed1_20260612_1042,1,197,2769.432373046875,0.001373291015625,/tmp/franka_compare_tracking_vs_baseline/tracking/seed1/summaries/events.out.tfevents.1781292087.batch-block7-02946
tracking_loss,franka_cube_trackloss_default_b7e04f0_seed1_20260612_1042,1,198,2871.26123046875,0.001312255859375,/tmp/franka_compare_tracking_vs_baseline/tracking/seed1/summaries/events.out.tfevents.1781292087.batch-block7-02946
tracking_loss,franka_cube_trackloss_default_b7e04f0_seed1_20260612_1042,1,199,2898.6845703125,0.00078582763671875,/tmp/franka_compare_tracking_vs_baseline/tracking/seed1/summaries/events.out.tfevents.1781292087.batch-block7-02946
tracking_loss,franka_cube_trackloss_default_b7e04f0_seed1_20260612_1042,1,200,2881.583740234375,0.001129150390625,/tmp/franka_compare_tracking_vs_baseline/tracking/seed1/summaries/events.out.tfevents.1781292087.batch-block7-02946
tracking_loss,franka_cube_trackloss_default_b7e04f0_seed1_20260612_1042,1,201,2911.408935546875,0.00109100341796875,/tmp/franka_compare_tracking_vs_baseline/tracking/seed1/summaries/events.out.tfevents.1781292087.batch-block7-02946
tracking_loss,franka_cube_trackloss_default_b7e04f0_seed1_20260612_1042,1,202,2771.44189453125,0.00113677978515625,/tmp/franka_compare_tracking_vs_baseline/tracking/seed1/summaries/events.out.tfevents.1781292087.batch-block7-02946
tracking_loss,franka_cube_trackloss_default_b7e04f0_seed1_20260612_1042,1,203,2852.0224609375,0.0012969970703125,/tmp/franka_compare_tracking_vs_baseline/tracking/seed1/summaries/events.out.tfevents.1781292087.batch-block7-02946
tracking_loss,franka_cube_trackloss_default_b7e04f0_seed1_20260612_1042,1,204,2934.147216796875,0.00150299072265625,/tmp/franka_compare_tracking_vs_baseline/tracking/seed1/summaries/events.out.tfevents.1781292087.batch-block7-02946
tracking_loss,franka_cube_trackloss_default_b7e04f0_seed1_20260612_1042,1,205,2950.89404296875,0.001312255859375,/tmp/franka_compare_tracking_vs_baseline/tracking/seed1/summaries/events.out.tfevents.1781292087.batch-block7-02946
tracking_loss,franka_cube_trackloss_default_b7e04f0_seed1_20260612_1042,1,206,2978.963134765625,0.00133514404296875,/tmp/franka_compare_tracking_vs_baseline/tracking/seed1/summaries/events.out.tfevents.1781292087.batch-block7-02946
tracking_loss,franka_cube_trackloss_default_b7e04f0_seed1_20260612_1042,1,207,2927.779541015625,0.00110626220703125,/tmp/franka_compare_tracking_vs_baseline/tracking/seed1/summaries/events.out.tfevents.1781292087.batch-block7-02946
tracking_loss,franka_cube_trackloss_default_b7e04f0_seed1_20260612_1042,1,208,2969.48388671875,0.0011444091796875,/tmp/franka_compare_tracking_vs_baseline/tracking/seed1/summaries/events.out.tfevents.1781292087.batch-block7-02946
tracking_loss,franka_cube_trackloss_default_b7e04f0_seed1_20260612_1042,1,209,2904.214599609375,0.000885009765625,/tmp/franka_compare_tracking_vs_baseline/tracking/seed1/summaries/events.out.tfevents.1781292087.batch-block7-02946
tracking_loss,franka_cube_trackloss_default_b7e04f0_seed1_20260612_1042,1,210,2991.632080078125,0.0009918212890625,/tmp/franka_compare_tracking_vs_baseline/tracking/seed1/summaries/events.out.tfevents.1781292087.batch-block7-02946
tracking_loss,franka_cube_trackloss_default_b7e04f0_seed1_20260612_1042,1,211,2862.94873046875,0.0009765625,/tmp/franka_compare_tracking_vs_baseline/tracking/seed1/summaries/events.out.tfevents.1781292087.batch-block7-02946
tracking_loss,franka_cube_trackloss_default_b7e04f0_seed1_20260612_1042,1,212,2973.276123046875,0.00122833251953125,/tmp/franka_compare_tracking_vs_baseline/tracking/seed1/summaries/events.out.tfevents.1781292087.batch-block7-02946
tracking_loss,franka_cube_trackloss_default_b7e04f0_seed1_20260612_1042,1,213,2888.3583984375,0.001129150390625,/tmp/franka_compare_tracking_vs_baseline/tracking/seed1/summaries/events.out.tfevents.1781292087.batch-block7-02946
tracking_loss,franka_cube_trackloss_default_b7e04f0_seed1_20260612_1042,1,214,2949.53173828125,0.0011749267578125,/tmp/franka_compare_tracking_vs_baseline/tracking/seed1/summaries/events.out.tfevents.1781292087.batch-block7-02946
tracking_loss,franka_cube_trackloss_default_b7e04f0_seed1_20260612_1042,1,215,2933.858154296875,0.0010833740234375,/tmp/franka_compare_tracking_vs_baseline/tracking/seed1/summaries/events.out.tfevents.1781292087.batch-block7-02946
tracking_loss,franka_cube_trackloss_default_b7e04f0_seed1_20260612_1042,1,216,2860.37109375,0.00080108642578125,/tmp/franka_compare_tracking_vs_baseline/tracking/seed1/summaries/events.out.tfevents.1781292087.batch-block7-02946
tracking_loss,franka_cube_trackloss_default_b7e04f0_seed1_20260612_1042,1,217,2984.57421875,0.001129150390625,/tmp/franka_compare_tracking_vs_baseline/tracking/seed1/summaries/events.out.tfevents.1781292087.batch-block7-02946
tracking_loss,franka_cube_trackloss_default_b7e04f0_seed1_20260612_1042,1,218,3027.420166015625,0.00101470947265625,/tmp/franka_compare_tracking_vs_baseline/tracking/seed1/summaries/events.out.tfevents.1781292087.batch-block7-02946
tracking_loss,franka_cube_trackloss_default_b7e04f0_seed1_20260612_1042,1,219,2909.055908203125,0.00139617919921875,/tmp/franka_compare_tracking_vs_baseline/tracking/seed1/summaries/events.out.tfevents.1781292087.batch-block7-02946
tracking_loss,franka_cube_trackloss_default_b7e04f0_seed1_20260612_1042,1,220,2910.794677734375,0.0013885498046875,/tmp/franka_compare_tracking_vs_baseline/tracking/seed1/summaries/events.out.tfevents.1781292087.batch-block7-02946
tracking_loss,franka_cube_trackloss_default_b7e04f0_seed1_20260612_1042,1,221,2880.320556640625,0.00104522705078125,/tmp/franka_compare_tracking_vs_baseline/tracking/seed1/summaries/events.out.tfevents.1781292087.batch-block7-02946
tracking_loss,franka_cube_trackloss_default_b7e04f0_seed1_20260612_1042,1,222,2862.43212890625,0.001190185546875,/tmp/franka_compare_tracking_vs_baseline/tracking/seed1/summaries/events.out.tfevents.1781292087.batch-block7-02946
tracking_loss,franka_cube_trackloss_default_b7e04f0_seed1_20260612_1042,1,223,2934.42431640625,0.00144195556640625,/tmp/franka_compare_tracking_vs_baseline/tracking/seed1/summaries/events.out.tfevents.1781292087.batch-block7-02946
tracking_loss,franka_cube_trackloss_default_b7e04f0_seed1_20260612_1042,1,224,2992.6181640625,0.00128173828125,/tmp/franka_compare_tracking_vs_baseline/tracking/seed1/summaries/events.out.tfevents.1781292087.batch-block7-02946
tracking_loss,franka_cube_trackloss_default_b7e04f0_seed1_20260612_1042,1,225,2840.255615234375,0.00119781494140625,/tmp/franka_compare_tracking_vs_baseline/tracking/seed1/summaries/events.out.tfevents.1781292087.batch-block7-02946
tracking_loss,franka_cube_trackloss_default_b7e04f0_seed1_20260612_1042,1,226,2937.45751953125,0.00142669677734375,/tmp/franka_compare_tracking_vs_baseline/tracking/seed1/summaries/events.out.tfevents.1781292087.batch-block7-02946
tracking_loss,franka_cube_trackloss_default_b7e04f0_seed1_20260612_1042,1,227,2942.458251953125,0.00193023681640625,/tmp/franka_compare_tracking_vs_baseline/tracking/seed1/summaries/events.out.tfevents.1781292087.batch-block7-02946
tracking_loss,franka_cube_trackloss_default_b7e04f0_seed1_20260612_1042,1,228,2976.2939453125,0.0019989013671875,/tmp/franka_compare_tracking_vs_baseline/tracking/seed1/summaries/events.out.tfevents.1781292087.batch-block7-02946
tracking_loss,franka_cube_trackloss_default_b7e04f0_seed1_20260612_1042,1,229,2936.93798828125,0.0018157958984375,/tmp/franka_compare_tracking_vs_baseline/tracking/seed1/summaries/events.out.tfevents.1781292087.batch-block7-02946
tracking_loss,franka_cube_trackloss_default_b7e04f0_seed1_20260612_1042,1,230,2961.888916015625,0.0018310546875,/tmp/franka_compare_tracking_vs_baseline/tracking/seed1/summaries/events.out.tfevents.1781292087.batch-block7-02946
tracking_loss,franka_cube_trackloss_default_b7e04f0_seed1_20260612_1042,1,231,2914.335205078125,0.0016021728515625,/tmp/franka_compare_tracking_vs_baseline/tracking/seed1/summaries/events.out.tfevents.1781292087.batch-block7-02946
tracking_loss,franka_cube_trackloss_default_b7e04f0_seed1_20260612_1042,1,232,2939.581298828125,0.00151824951171875,/tmp/franka_compare_tracking_vs_baseline/tracking/seed1/summaries/events.out.tfevents.1781292087.batch-block7-02946
tracking_loss,franka_cube_trackloss_default_b7e04f0_seed1_20260612_1042,1,233,2928.096923828125,0.001617431640625,/tmp/franka_compare_tracking_vs_baseline/tracking/seed1/summaries/events.out.tfevents.1781292087.batch-block7-02946
tracking_loss,franka_cube_trackloss_default_b7e04f0_seed1_20260612_1042,1,234,3157.263427734375,0.0014801025390625,/tmp/franka_compare_tracking_vs_baseline/tracking/seed1/summaries/events.out.tfevents.1781292087.batch-block7-02946
tracking_loss,franka_cube_trackloss_default_b7e04f0_seed1_20260612_1042,1,235,3058.888916015625,0.0010223388671875,/tmp/franka_compare_tracking_vs_baseline/tracking/seed1/summaries/events.out.tfevents.1781292087.batch-block7-02946
tracking_loss,franka_cube_trackloss_default_b7e04f0_seed1_20260612_1042,1,236,3086.7158203125,0.001190185546875,/tmp/franka_compare_tracking_vs_baseline/tracking/seed1/summaries/events.out.tfevents.1781292087.batch-block7-02946
tracking_loss,franka_cube_trackloss_default_b7e04f0_seed1_20260612_1042,1,237,2928.589111328125,0.00142669677734375,/tmp/franka_compare_tracking_vs_baseline/tracking/seed1/summaries/events.out.tfevents.1781292087.batch-block7-02946
tracking_loss,franka_cube_trackloss_default_b7e04f0_seed1_20260612_1042,1,238,2864.1787109375,0.0017242431640625,/tmp/franka_compare_tracking_vs_baseline/tracking/seed1/summaries/events.out.tfevents.1781292087.batch-block7-02946
tracking_loss,franka_cube_trackloss_default_b7e04f0_seed1_20260612_1042,1,239,2847.979248046875,0.00146484375,/tmp/franka_compare_tracking_vs_baseline/tracking/seed1/summaries/events.out.tfevents.1781292087.batch-block7-02946
tracking_loss,franka_cube_trackloss_default_b7e04f0_seed1_20260612_1042,1,240,2917.015869140625,0.00135040283203125,/tmp/franka_compare_tracking_vs_baseline/tracking/seed1/summaries/events.out.tfevents.1781292087.batch-block7-02946
tracking_loss,franka_cube_trackloss_default_b7e04f0_seed1_20260612_1042,1,241,2959.22119140625,0.00104522705078125,/tmp/franka_compare_tracking_vs_baseline/tracking/seed1/summaries/events.out.tfevents.1781292087.batch-block7-02946
tracking_loss,franka_cube_trackloss_default_b7e04f0_seed1_20260612_1042,1,242,2967.26708984375,0.0009307861328125,/tmp/franka_compare_tracking_vs_baseline/tracking/seed1/summaries/events.out.tfevents.1781292087.batch-block7-02946
tracking_loss,franka_cube_trackloss_default_b7e04f0_seed1_20260612_1042,1,243,3020.079345703125,0.000732421875,/tmp/franka_compare_tracking_vs_baseline/tracking/seed1/summaries/events.out.tfevents.1781292087.batch-block7-02946
tracking_loss,franka_cube_trackloss_default_b7e04f0_seed1_20260612_1042,1,244,2945.33154296875,0.0005035400390625,/tmp/franka_compare_tracking_vs_baseline/tracking/seed1/summaries/events.out.tfevents.1781292087.batch-block7-02946
tracking_loss,franka_cube_trackloss_default_b7e04f0_seed1_20260612_1042,1,245,3047.708740234375,0.00173187255859375,/tmp/franka_compare_tracking_vs_baseline/tracking/seed1/summaries/events.out.tfevents.1781292087.batch-block7-02946
tracking_loss,franka_cube_trackloss_default_b7e04f0_seed1_20260612_1042,1,246,3051.818359375,0.00138092041015625,/tmp/franka_compare_tracking_vs_baseline/tracking/seed1/summaries/events.out.tfevents.1781292087.batch-block7-02946
tracking_loss,franka_cube_trackloss_default_b7e04f0_seed1_20260612_1042,1,247,3005.027099609375,0.000946044921875,/tmp/franka_compare_tracking_vs_baseline/tracking/seed1/summaries/events.out.tfevents.1781292087.batch-block7-02946
tracking_loss,franka_cube_trackloss_default_b7e04f0_seed1_20260612_1042,1,248,3006.23046875,0.00095367431640625,/tmp/franka_compare_tracking_vs_baseline/tracking/seed1/summaries/events.out.tfevents.1781292087.batch-block7-02946
tracking_loss,franka_cube_trackloss_default_b7e04f0_seed1_20260612_1042,1,249,2997.30126953125,0.0009307861328125,/tmp/franka_compare_tracking_vs_baseline/tracking/seed1/summaries/events.out.tfevents.1781292087.batch-block7-02946
tracking_loss,franka_cube_trackloss_default_b7e04f0_seed1_20260612_1042,1,250,2983.153564453125,0.00078582763671875,/tmp/franka_compare_tracking_vs_baseline/tracking/seed1/summaries/events.out.tfevents.1781292087.batch-block7-02946
tracking_loss,franka_cube_trackloss_default_b7e04f0_seed1_20260612_1042,1,251,2971.080322265625,0.00096893310546875,/tmp/franka_compare_tracking_vs_baseline/tracking/seed1/summaries/events.out.tfevents.1781292087.batch-block7-02946
tracking_loss,franka_cube_trackloss_default_b7e04f0_seed1_20260612_1042,1,252,2983.36962890625,0.0009765625,/tmp/franka_compare_tracking_vs_baseline/tracking/seed1/summaries/events.out.tfevents.1781292087.batch-block7-02946
tracking_loss,franka_cube_trackloss_default_b7e04f0_seed1_20260612_1042,1,253,2968.00390625,0.00110626220703125,/tmp/franka_compare_tracking_vs_baseline/tracking/seed1/summaries/events.out.tfevents.1781292087.batch-block7-02946
tracking_loss,franka_cube_trackloss_default_b7e04f0_seed1_20260612_1042,1,254,2992.931884765625,0.00090789794921875,/tmp/franka_compare_tracking_vs_baseline/tracking/seed1/summaries/events.out.tfevents.1781292087.batch-block7-02946
tracking_loss,franka_cube_trackloss_default_b7e04f0_seed1_20260612_1042,1,255,3032.29345703125,0.00096893310546875,/tmp/franka_compare_tracking_vs_baseline/tracking/seed1/summaries/events.out.tfevents.1781292087.batch-block7-02946
tracking_loss,franka_cube_trackloss_default_b7e04f0_seed1_20260612_1042,1,256,3077.455322265625,0.0010986328125,/tmp/franka_compare_tracking_vs_baseline/tracking/seed1/summaries/events.out.tfevents.1781292087.batch-block7-02946
tracking_loss,franka_cube_trackloss_default_b7e04f0_seed1_20260612_1042,1,257,2986.32421875,0.00121307373046875,/tmp/franka_compare_tracking_vs_baseline/tracking/seed1/summaries/events.out.tfevents.1781292087.batch-block7-02946
tracking_loss,franka_cube_trackloss_default_b7e04f0_seed1_20260612_1042,1,258,3038.838623046875,0.00122833251953125,/tmp/franka_compare_tracking_vs_baseline/tracking/seed1/summaries/events.out.tfevents.1781292087.batch-block7-02946
tracking_loss,franka_cube_trackloss_default_b7e04f0_seed1_20260612_1042,1,259,3066.98388671875,0.001220703125,/tmp/franka_compare_tracking_vs_baseline/tracking/seed1/summaries/events.out.tfevents.1781292087.batch-block7-02946
tracking_loss,franka_cube_trackloss_default_b7e04f0_seed1_20260612_1042,1,260,3064.53466796875,0.00113677978515625,/tmp/franka_compare_tracking_vs_baseline/tracking/seed1/summaries/events.out.tfevents.1781292087.batch-block7-02946
tracking_loss,franka_cube_trackloss_default_b7e04f0_seed1_20260612_1042,1,261,3000.233642578125,0.00118255615234375,/tmp/franka_compare_tracking_vs_baseline/tracking/seed1/summaries/events.out.tfevents.1781292087.batch-block7-02946
tracking_loss,franka_cube_trackloss_default_b7e04f0_seed1_20260612_1042,1,262,3084.384033203125,0.0009307861328125,/tmp/franka_compare_tracking_vs_baseline/tracking/seed1/summaries/events.out.tfevents.1781292087.batch-block7-02946
tracking_loss,franka_cube_trackloss_default_b7e04f0_seed1_20260612_1042,1,263,2946.014892578125,0.00089263916015625,/tmp/franka_compare_tracking_vs_baseline/tracking/seed1/summaries/events.out.tfevents.1781292087.batch-block7-02946
tracking_loss,franka_cube_trackloss_default_b7e04f0_seed1_20260612_1042,1,264,3071.948974609375,0.00109100341796875,/tmp/franka_compare_tracking_vs_baseline/tracking/seed1/summaries/events.out.tfevents.1781292087.batch-block7-02946
tracking_loss,franka_cube_trackloss_default_b7e04f0_seed1_20260612_1042,1,265,3090.993896484375,0.00109100341796875,/tmp/franka_compare_tracking_vs_baseline/tracking/seed1/summaries/events.out.tfevents.1781292087.batch-block7-02946
tracking_loss,franka_cube_trackloss_default_b7e04f0_seed1_20260612_1042,1,266,3049.1298828125,0.00101470947265625,/tmp/franka_compare_tracking_vs_baseline/tracking/seed1/summaries/events.out.tfevents.1781292087.batch-block7-02946
tracking_loss,franka_cube_trackloss_default_b7e04f0_seed1_20260612_1042,1,267,3070.483154296875,0.00112152099609375,/tmp/franka_compare_tracking_vs_baseline/tracking/seed1/summaries/events.out.tfevents.1781292087.batch-block7-02946
tracking_loss,franka_cube_trackloss_default_b7e04f0_seed1_20260612_1042,1,268,3086.4140625,0.001312255859375,/tmp/franka_compare_tracking_vs_baseline/tracking/seed1/summaries/events.out.tfevents.1781292087.batch-block7-02946
tracking_loss,franka_cube_trackloss_default_b7e04f0_seed1_20260612_1042,1,269,3080.267333984375,0.0014801025390625,/tmp/franka_compare_tracking_vs_baseline/tracking/seed1/summaries/events.out.tfevents.1781292087.batch-block7-02946
tracking_loss,franka_cube_trackloss_default_b7e04f0_seed1_20260612_1042,1,270,2975.306396484375,0.0012664794921875,/tmp/franka_compare_tracking_vs_baseline/tracking/seed1/summaries/events.out.tfevents.1781292087.batch-block7-02946
tracking_loss,franka_cube_trackloss_default_b7e04f0_seed1_20260612_1042,1,271,3039.794921875,0.00133514404296875,/tmp/franka_compare_tracking_vs_baseline/tracking/seed1/summaries/events.out.tfevents.1781292087.batch-block7-02946
tracking_loss,franka_cube_trackloss_default_b7e04f0_seed1_20260612_1042,1,272,2977.55078125,0.00110626220703125,/tmp/franka_compare_tracking_vs_baseline/tracking/seed1/summaries/events.out.tfevents.1781292087.batch-block7-02946
tracking_loss,franka_cube_trackloss_default_b7e04f0_seed1_20260612_1042,1,273,3001.576416015625,0.00156402587890625,/tmp/franka_compare_tracking_vs_baseline/tracking/seed1/summaries/events.out.tfevents.1781292087.batch-block7-02946
tracking_loss,franka_cube_trackloss_default_b7e04f0_seed1_20260612_1042,1,274,3004.300537109375,0.00133514404296875,/tmp/franka_compare_tracking_vs_baseline/tracking/seed1/summaries/events.out.tfevents.1781292087.batch-block7-02946
tracking_loss,franka_cube_trackloss_default_b7e04f0_seed1_20260612_1042,1,275,3001.747802734375,0.00197601318359375,/tmp/franka_compare_tracking_vs_baseline/tracking/seed1/summaries/events.out.tfevents.1781292087.batch-block7-02946
tracking_loss,franka_cube_trackloss_default_b7e04f0_seed1_20260612_1042,1,276,2992.512451171875,0.00258636474609375,/tmp/franka_compare_tracking_vs_baseline/tracking/seed1/summaries/events.out.tfevents.1781292087.batch-block7-02946
tracking_loss,franka_cube_trackloss_default_b7e04f0_seed1_20260612_1042,1,277,3034.598388671875,0.00215911865234375,/tmp/franka_compare_tracking_vs_baseline/tracking/seed1/summaries/events.out.tfevents.1781292087.batch-block7-02946
tracking_loss,franka_cube_trackloss_default_b7e04f0_seed1_20260612_1042,1,278,3027.350830078125,0.00258636474609375,/tmp/franka_compare_tracking_vs_baseline/tracking/seed1/summaries/events.out.tfevents.1781292087.batch-block7-02946
tracking_loss,franka_cube_trackloss_default_b7e04f0_seed1_20260612_1042,1,279,2994.400146484375,0.00228118896484375,/tmp/franka_compare_tracking_vs_baseline/tracking/seed1/summaries/events.out.tfevents.1781292087.batch-block7-02946
tracking_loss,franka_cube_trackloss_default_b7e04f0_seed1_20260612_1042,1,280,3046.026123046875,0.00211334228515625,/tmp/franka_compare_tracking_vs_baseline/tracking/seed1/summaries/events.out.tfevents.1781292087.batch-block7-02946
tracking_loss,franka_cube_trackloss_default_b7e04f0_seed1_20260612_1042,1,281,3048.989990234375,0.00212860107421875,/tmp/franka_compare_tracking_vs_baseline/tracking/seed1/summaries/events.out.tfevents.1781292087.batch-block7-02946
tracking_loss,franka_cube_trackloss_default_b7e04f0_seed1_20260612_1042,1,282,3075.544677734375,0.00164031982421875,/tmp/franka_compare_tracking_vs_baseline/tracking/seed1/summaries/events.out.tfevents.1781292087.batch-block7-02946
tracking_loss,franka_cube_trackloss_default_b7e04f0_seed1_20260612_1042,1,283,3177.572509765625,0.0015106201171875,/tmp/franka_compare_tracking_vs_baseline/tracking/seed1/summaries/events.out.tfevents.1781292087.batch-block7-02946
tracking_loss,franka_cube_trackloss_default_b7e04f0_seed1_20260612_1042,1,284,3163.2880859375,0.00177001953125,/tmp/franka_compare_tracking_vs_baseline/tracking/seed1/summaries/events.out.tfevents.1781292087.batch-block7-02946
tracking_loss,franka_cube_trackloss_default_b7e04f0_seed1_20260612_1042,1,285,3067.591552734375,0.00164794921875,/tmp/franka_compare_tracking_vs_baseline/tracking/seed1/summaries/events.out.tfevents.1781292087.batch-block7-02946
tracking_loss,franka_cube_trackloss_default_b7e04f0_seed1_20260612_1042,1,286,3021.55859375,0.00174713134765625,/tmp/franka_compare_tracking_vs_baseline/tracking/seed1/summaries/events.out.tfevents.1781292087.batch-block7-02946
tracking_loss,franka_cube_trackloss_default_b7e04f0_seed1_20260612_1042,1,287,3025.573486328125,0.0018768310546875,/tmp/franka_compare_tracking_vs_baseline/tracking/seed1/summaries/events.out.tfevents.1781292087.batch-block7-02946
tracking_loss,franka_cube_trackloss_default_b7e04f0_seed1_20260612_1042,1,288,3018.62841796875,0.0019378662109375,/tmp/franka_compare_tracking_vs_baseline/tracking/seed1/summaries/events.out.tfevents.1781292087.batch-block7-02946
tracking_loss,franka_cube_trackloss_default_b7e04f0_seed1_20260612_1042,1,289,3078.1318359375,0.00189971923828125,/tmp/franka_compare_tracking_vs_baseline/tracking/seed1/summaries/events.out.tfevents.1781292087.batch-block7-02946
tracking_loss,franka_cube_trackloss_default_b7e04f0_seed1_20260612_1042,1,290,3129.0517578125,0.0021514892578125,/tmp/franka_compare_tracking_vs_baseline/tracking/seed1/summaries/events.out.tfevents.1781292087.batch-block7-02946
tracking_loss,franka_cube_trackloss_default_b7e04f0_seed1_20260612_1042,1,291,3076.436767578125,0.00188446044921875,/tmp/franka_compare_tracking_vs_baseline/tracking/seed1/summaries/events.out.tfevents.1781292087.batch-block7-02946
tracking_loss,franka_cube_trackloss_default_b7e04f0_seed1_20260612_1042,1,292,3101.35595703125,0.00154876708984375,/tmp/franka_compare_tracking_vs_baseline/tracking/seed1/summaries/events.out.tfevents.1781292087.batch-block7-02946
tracking_loss,franka_cube_trackloss_default_b7e04f0_seed1_20260612_1042,1,293,3086.052490234375,0.00159454345703125,/tmp/franka_compare_tracking_vs_baseline/tracking/seed1/summaries/events.out.tfevents.1781292087.batch-block7-02946
tracking_loss,franka_cube_trackloss_default_b7e04f0_seed1_20260612_1042,1,294,3023.34375,0.0014801025390625,/tmp/franka_compare_tracking_vs_baseline/tracking/seed1/summaries/events.out.tfevents.1781292087.batch-block7-02946
tracking_loss,franka_cube_trackloss_default_b7e04f0_seed1_20260612_1042,1,295,3057.60546875,0.0011749267578125,/tmp/franka_compare_tracking_vs_baseline/tracking/seed1/summaries/events.out.tfevents.1781292087.batch-block7-02946
tracking_loss,franka_cube_trackloss_default_b7e04f0_seed1_20260612_1042,1,296,2989.4306640625,0.0017242431640625,/tmp/franka_compare_tracking_vs_baseline/tracking/seed1/summaries/events.out.tfevents.1781292087.batch-block7-02946
tracking_loss,franka_cube_trackloss_default_b7e04f0_seed1_20260612_1042,1,297,2981.900146484375,0.00173187255859375,/tmp/franka_compare_tracking_vs_baseline/tracking/seed1/summaries/events.out.tfevents.1781292087.batch-block7-02946
tracking_loss,franka_cube_trackloss_default_b7e04f0_seed1_20260612_1042,1,298,3098.721435546875,0.00188446044921875,/tmp/franka_compare_tracking_vs_baseline/tracking/seed1/summaries/events.out.tfevents.1781292087.batch-block7-02946
tracking_loss,franka_cube_trackloss_default_b7e04f0_seed1_20260612_1042,1,299,3191.490234375,0.001190185546875,/tmp/franka_compare_tracking_vs_baseline/tracking/seed1/summaries/events.out.tfevents.1781292087.batch-block7-02946
tracking_loss,franka_cube_trackloss_default_b7e04f0_seed1_20260612_1042,1,300,3010.33056640625,0.00130462646484375,/tmp/franka_compare_tracking_vs_baseline/tracking/seed1/summaries/events.out.tfevents.1781292087.batch-block7-02946
tracking_loss,franka_cube_trackloss_default_b7e04f0_seed1_20260612_1042,1,301,3065.898681640625,0.0017852783203125,/tmp/franka_compare_tracking_vs_baseline/tracking/seed1/summaries/events.out.tfevents.1781292087.batch-block7-02946
tracking_loss,franka_cube_trackloss_default_b7e04f0_seed1_20260612_1042,1,302,3103.974853515625,0.00225067138671875,/tmp/franka_compare_tracking_vs_baseline/tracking/seed1/summaries/events.out.tfevents.1781292087.batch-block7-02946
tracking_loss,franka_cube_trackloss_default_b7e04f0_seed1_20260612_1042,1,303,3165.924072265625,0.002288818359375,/tmp/franka_compare_tracking_vs_baseline/tracking/seed1/summaries/events.out.tfevents.1781292087.batch-block7-02946
tracking_loss,franka_cube_trackloss_default_b7e04f0_seed1_20260612_1042,1,304,3186.40673828125,0.00201416015625,/tmp/franka_compare_tracking_vs_baseline/tracking/seed1/summaries/events.out.tfevents.1781292087.batch-block7-02946
tracking_loss,franka_cube_trackloss_default_b7e04f0_seed1_20260612_1042,1,305,3142.8876953125,0.00177764892578125,/tmp/franka_compare_tracking_vs_baseline/tracking/seed1/summaries/events.out.tfevents.1781292087.batch-block7-02946
tracking_loss,franka_cube_trackloss_default_b7e04f0_seed1_20260612_1042,1,306,3098.174072265625,0.00156402587890625,/tmp/franka_compare_tracking_vs_baseline/tracking/seed1/summaries/events.out.tfevents.1781292087.batch-block7-02946
tracking_loss,franka_cube_trackloss_default_b7e04f0_seed1_20260612_1042,1,307,3188.78125,0.00157928466796875,/tmp/franka_compare_tracking_vs_baseline/tracking/seed1/summaries/events.out.tfevents.1781292087.batch-block7-02946
tracking_loss,franka_cube_trackloss_default_b7e04f0_seed1_20260612_1042,1,308,3172.962158203125,0.00173187255859375,/tmp/franka_compare_tracking_vs_baseline/tracking/seed1/summaries/events.out.tfevents.1781292087.batch-block7-02946
tracking_loss,franka_cube_trackloss_default_b7e04f0_seed1_20260612_1042,1,309,3008.243896484375,0.00144195556640625,/tmp/franka_compare_tracking_vs_baseline/tracking/seed1/summaries/events.out.tfevents.1781292087.batch-block7-02946
tracking_loss,franka_cube_trackloss_default_b7e04f0_seed1_20260612_1042,1,310,3146.131103515625,0.00200653076171875,/tmp/franka_compare_tracking_vs_baseline/tracking/seed1/summaries/events.out.tfevents.1781292087.batch-block7-02946
tracking_loss,franka_cube_trackloss_default_b7e04f0_seed1_20260612_1042,1,311,3094.412841796875,0.00189208984375,/tmp/franka_compare_tracking_vs_baseline/tracking/seed1/summaries/events.out.tfevents.1781292087.batch-block7-02946
tracking_loss,franka_cube_trackloss_default_b7e04f0_seed1_20260612_1042,1,312,3052.925048828125,0.001922607421875,/tmp/franka_compare_tracking_vs_baseline/tracking/seed1/summaries/events.out.tfevents.1781292087.batch-block7-02946
tracking_loss,franka_cube_trackloss_default_b7e04f0_seed1_20260612_1042,1,313,3127.448974609375,0.0019683837890625,/tmp/franka_compare_tracking_vs_baseline/tracking/seed1/summaries/events.out.tfevents.1781292087.batch-block7-02946
tracking_loss,franka_cube_trackloss_default_b7e04f0_seed1_20260612_1042,1,314,3113.56298828125,0.0018768310546875,/tmp/franka_compare_tracking_vs_baseline/tracking/seed1/summaries/events.out.tfevents.1781292087.batch-block7-02946
tracking_loss,franka_cube_trackloss_default_b7e04f0_seed1_20260612_1042,1,315,3117.926513671875,0.0018463134765625,/tmp/franka_compare_tracking_vs_baseline/tracking/seed1/summaries/events.out.tfevents.1781292087.batch-block7-02946
tracking_loss,franka_cube_trackloss_default_b7e04f0_seed1_20260612_1042,1,316,3210.767822265625,0.00168609619140625,/tmp/franka_compare_tracking_vs_baseline/tracking/seed1/summaries/events.out.tfevents.1781292087.batch-block7-02946
tracking_loss,franka_cube_trackloss_default_b7e04f0_seed1_20260612_1042,1,317,3045.119873046875,0.00081634521484375,/tmp/franka_compare_tracking_vs_baseline/tracking/seed1/summaries/events.out.tfevents.1781292087.batch-block7-02946
tracking_loss,franka_cube_trackloss_default_b7e04f0_seed1_20260612_1042,1,318,3149.9814453125,0.0009918212890625,/tmp/franka_compare_tracking_vs_baseline/tracking/seed1/summaries/events.out.tfevents.1781292087.batch-block7-02946
tracking_loss,franka_cube_trackloss_default_b7e04f0_seed1_20260612_1042,1,319,3032.365966796875,0.0011138916015625,/tmp/franka_compare_tracking_vs_baseline/tracking/seed1/summaries/events.out.tfevents.1781292087.batch-block7-02946
tracking_loss,franka_cube_trackloss_default_b7e04f0_seed1_20260612_1042,1,320,3079.344970703125,0.00264739990234375,/tmp/franka_compare_tracking_vs_baseline/tracking/seed1/summaries/events.out.tfevents.1781292087.batch-block7-02946
tracking_loss,franka_cube_trackloss_default_b7e04f0_seed1_20260612_1042,1,321,3058.893310546875,0.002716064453125,/tmp/franka_compare_tracking_vs_baseline/tracking/seed1/summaries/events.out.tfevents.1781292087.batch-block7-02946
tracking_loss,franka_cube_trackloss_default_b7e04f0_seed1_20260612_1042,1,322,3044.652099609375,0.00273895263671875,/tmp/franka_compare_tracking_vs_baseline/tracking/seed1/summaries/events.out.tfevents.1781292087.batch-block7-02946
tracking_loss,franka_cube_trackloss_default_b7e04f0_seed1_20260612_1042,1,323,3075.04150390625,0.0025177001953125,/tmp/franka_compare_tracking_vs_baseline/tracking/seed1/summaries/events.out.tfevents.1781292087.batch-block7-02946
tracking_loss,franka_cube_trackloss_default_b7e04f0_seed1_20260612_1042,1,324,3060.786376953125,0.00258636474609375,/tmp/franka_compare_tracking_vs_baseline/tracking/seed1/summaries/events.out.tfevents.1781292087.batch-block7-02946
tracking_loss,franka_cube_trackloss_default_b7e04f0_seed1_20260612_1042,1,325,3146.88330078125,0.0020904541015625,/tmp/franka_compare_tracking_vs_baseline/tracking/seed1/summaries/events.out.tfevents.1781292087.batch-block7-02946
tracking_loss,franka_cube_trackloss_default_b7e04f0_seed1_20260612_1042,1,326,3158.669189453125,0.0018768310546875,/tmp/franka_compare_tracking_vs_baseline/tracking/seed1/summaries/events.out.tfevents.1781292087.batch-block7-02946
tracking_loss,franka_cube_trackloss_default_b7e04f0_seed1_20260612_1042,1,327,3170.0537109375,0.00159454345703125,/tmp/franka_compare_tracking_vs_baseline/tracking/seed1/summaries/events.out.tfevents.1781292087.batch-block7-02946
tracking_loss,franka_cube_trackloss_default_b7e04f0_seed1_20260612_1042,1,328,3037.7900390625,0.0013427734375,/tmp/franka_compare_tracking_vs_baseline/tracking/seed1/summaries/events.out.tfevents.1781292087.batch-block7-02946
tracking_loss,franka_cube_trackloss_default_b7e04f0_seed1_20260612_1042,1,329,3112.22802734375,0.00127410888671875,/tmp/franka_compare_tracking_vs_baseline/tracking/seed1/summaries/events.out.tfevents.1781292087.batch-block7-02946
tracking_loss,franka_cube_trackloss_default_b7e04f0_seed1_20260612_1042,1,330,3077.12451171875,0.0011749267578125,/tmp/franka_compare_tracking_vs_baseline/tracking/seed1/summaries/events.out.tfevents.1781292087.batch-block7-02946
tracking_loss,franka_cube_trackloss_default_b7e04f0_seed1_20260612_1042,1,331,3093.78564453125,0.0014190673828125,/tmp/franka_compare_tracking_vs_baseline/tracking/seed1/summaries/events.out.tfevents.1781292087.batch-block7-02946
tracking_loss,franka_cube_trackloss_default_b7e04f0_seed1_20260612_1042,1,332,3080.519287109375,0.00128936767578125,/tmp/franka_compare_tracking_vs_baseline/tracking/seed1/summaries/events.out.tfevents.1781292087.batch-block7-02946
tracking_loss,franka_cube_trackloss_default_b7e04f0_seed1_20260612_1042,1,333,3151.10986328125,0.001190185546875,/tmp/franka_compare_tracking_vs_baseline/tracking/seed1/summaries/events.out.tfevents.1781292087.batch-block7-02946
tracking_loss,franka_cube_trackloss_default_b7e04f0_seed1_20260612_1042,1,334,3088.24658203125,0.00090789794921875,/tmp/franka_compare_tracking_vs_baseline/tracking/seed1/summaries/events.out.tfevents.1781292087.batch-block7-02946
tracking_loss,franka_cube_trackloss_default_b7e04f0_seed1_20260612_1042,1,335,3112.538330078125,0.00102996826171875,/tmp/franka_compare_tracking_vs_baseline/tracking/seed1/summaries/events.out.tfevents.1781292087.batch-block7-02946
tracking_loss,franka_cube_trackloss_default_b7e04f0_seed1_20260612_1042,1,336,3098.266845703125,0.0009613037109375,/tmp/franka_compare_tracking_vs_baseline/tracking/seed1/summaries/events.out.tfevents.1781292087.batch-block7-02946
tracking_loss,franka_cube_trackloss_default_b7e04f0_seed1_20260612_1042,1,337,3183.3994140625,0.00127410888671875,/tmp/franka_compare_tracking_vs_baseline/tracking/seed1/summaries/events.out.tfevents.1781292087.batch-block7-02946
tracking_loss,franka_cube_trackloss_default_b7e04f0_seed1_20260612_1042,1,338,3103.84814453125,0.00144195556640625,/tmp/franka_compare_tracking_vs_baseline/tracking/seed1/summaries/events.out.tfevents.1781292087.batch-block7-02946
tracking_loss,franka_cube_trackloss_default_b7e04f0_seed1_20260612_1042,1,339,3108.80712890625,0.00188446044921875,/tmp/franka_compare_tracking_vs_baseline/tracking/seed1/summaries/events.out.tfevents.1781292087.batch-block7-02946
tracking_loss,franka_cube_trackloss_default_b7e04f0_seed1_20260612_1042,1,340,3120.337646484375,0.00189971923828125,/tmp/franka_compare_tracking_vs_baseline/tracking/seed1/summaries/events.out.tfevents.1781292087.batch-block7-02946
tracking_loss,franka_cube_trackloss_default_b7e04f0_seed1_20260612_1042,1,341,3061.6396484375,0.00237274169921875,/tmp/franka_compare_tracking_vs_baseline/tracking/seed1/summaries/events.out.tfevents.1781292087.batch-block7-02946
tracking_loss,franka_cube_trackloss_default_b7e04f0_seed1_20260612_1042,1,342,3023.344970703125,0.0020751953125,/tmp/franka_compare_tracking_vs_baseline/tracking/seed1/summaries/events.out.tfevents.1781292087.batch-block7-02946
tracking_loss,franka_cube_trackloss_default_b7e04f0_seed1_20260612_1042,1,343,3065.631591796875,0.00213623046875,/tmp/franka_compare_tracking_vs_baseline/tracking/seed1/summaries/events.out.tfevents.1781292087.batch-block7-02946
tracking_loss,franka_cube_trackloss_default_b7e04f0_seed1_20260612_1042,1,344,3046.927001953125,0.00171661376953125,/tmp/franka_compare_tracking_vs_baseline/tracking/seed1/summaries/events.out.tfevents.1781292087.batch-block7-02946
tracking_loss,franka_cube_trackloss_default_b7e04f0_seed1_20260612_1042,1,345,3105.7568359375,0.00127410888671875,/tmp/franka_compare_tracking_vs_baseline/tracking/seed1/summaries/events.out.tfevents.1781292087.batch-block7-02946
tracking_loss,franka_cube_trackloss_default_b7e04f0_seed1_20260612_1042,1,346,3126.92236328125,0.00074005126953125,/tmp/franka_compare_tracking_vs_baseline/tracking/seed1/summaries/events.out.tfevents.1781292087.batch-block7-02946
tracking_loss,franka_cube_trackloss_default_b7e04f0_seed1_20260612_1042,1,347,3036.729248046875,0.0006256103515625,/tmp/franka_compare_tracking_vs_baseline/tracking/seed1/summaries/events.out.tfevents.1781292087.batch-block7-02946
tracking_loss,franka_cube_trackloss_default_b7e04f0_seed1_20260612_1042,1,348,2966.565185546875,0.00171661376953125,/tmp/franka_compare_tracking_vs_baseline/tracking/seed1/summaries/events.out.tfevents.1781292087.batch-block7-02946
tracking_loss,franka_cube_trackloss_default_b7e04f0_seed1_20260612_1042,1,349,3095.225341796875,0.0010986328125,/tmp/franka_compare_tracking_vs_baseline/tracking/seed1/summaries/events.out.tfevents.1781292087.batch-block7-02946
tracking_loss,franka_cube_trackloss_default_b7e04f0_seed1_20260612_1042,1,350,3075.370849609375,0.00098419189453125,/tmp/franka_compare_tracking_vs_baseline/tracking/seed1/summaries/events.out.tfevents.1781292087.batch-block7-02946
tracking_loss,franka_cube_trackloss_default_b7e04f0_seed1_20260612_1042,1,351,3026.10888671875,0.00160980224609375,/tmp/franka_compare_tracking_vs_baseline/tracking/seed1/summaries/events.out.tfevents.1781292087.batch-block7-02946
tracking_loss,franka_cube_trackloss_default_b7e04f0_seed1_20260612_1042,1,352,3065.7099609375,0.00196075439453125,/tmp/franka_compare_tracking_vs_baseline/tracking/seed1/summaries/events.out.tfevents.1781292087.batch-block7-02946
tracking_loss,franka_cube_trackloss_default_b7e04f0_seed1_20260612_1042,1,353,3067.736572265625,0.0023193359375,/tmp/franka_compare_tracking_vs_baseline/tracking/seed1/summaries/events.out.tfevents.1781292087.batch-block7-02946
tracking_loss,franka_cube_trackloss_default_b7e04f0_seed1_20260612_1042,1,354,3162.116455078125,0.0022125244140625,/tmp/franka_compare_tracking_vs_baseline/tracking/seed1/summaries/events.out.tfevents.1781292087.batch-block7-02946
tracking_loss,franka_cube_trackloss_default_b7e04f0_seed1_20260612_1042,1,355,3174.24560546875,0.00237274169921875,/tmp/franka_compare_tracking_vs_baseline/tracking/seed1/summaries/events.out.tfevents.1781292087.batch-block7-02946
tracking_loss,franka_cube_trackloss_default_b7e04f0_seed1_20260612_1042,1,356,3041.926513671875,0.00266265869140625,/tmp/franka_compare_tracking_vs_baseline/tracking/seed1/summaries/events.out.tfevents.1781292087.batch-block7-02946
tracking_loss,franka_cube_trackloss_default_b7e04f0_seed1_20260612_1042,1,357,3050.779296875,0.00331878662109375,/tmp/franka_compare_tracking_vs_baseline/tracking/seed1/summaries/events.out.tfevents.1781292087.batch-block7-02946
tracking_loss,franka_cube_trackloss_default_b7e04f0_seed1_20260612_1042,1,358,3112.428466796875,0.003448486328125,/tmp/franka_compare_tracking_vs_baseline/tracking/seed1/summaries/events.out.tfevents.1781292087.batch-block7-02946
tracking_loss,franka_cube_trackloss_default_b7e04f0_seed1_20260612_1042,1,359,3193.53564453125,0.0031585693359375,/tmp/franka_compare_tracking_vs_baseline/tracking/seed1/summaries/events.out.tfevents.1781292087.batch-block7-02946
tracking_loss,franka_cube_trackloss_default_b7e04f0_seed1_20260612_1042,1,360,3212.266845703125,0.00225067138671875,/tmp/franka_compare_tracking_vs_baseline/tracking/seed1/summaries/events.out.tfevents.1781292087.batch-block7-02946
tracking_loss,franka_cube_trackloss_default_b7e04f0_seed1_20260612_1042,1,361,3155.31689453125,0.00168609619140625,/tmp/franka_compare_tracking_vs_baseline/tracking/seed1/summaries/events.out.tfevents.1781292087.batch-block7-02946
tracking_loss,franka_cube_trackloss_default_b7e04f0_seed1_20260612_1042,1,362,3059.13330078125,0.00188446044921875,/tmp/franka_compare_tracking_vs_baseline/tracking/seed1/summaries/events.out.tfevents.1781292087.batch-block7-02946
tracking_loss,franka_cube_trackloss_default_b7e04f0_seed1_20260612_1042,1,363,2956.773681640625,0.001495361328125,/tmp/franka_compare_tracking_vs_baseline/tracking/seed1/summaries/events.out.tfevents.1781292087.batch-block7-02946
tracking_loss,franka_cube_trackloss_default_b7e04f0_seed1_20260612_1042,1,364,3109.778564453125,0.00165557861328125,/tmp/franka_compare_tracking_vs_baseline/tracking/seed1/summaries/events.out.tfevents.1781292087.batch-block7-02946
tracking_loss,franka_cube_trackloss_default_b7e04f0_seed1_20260612_1042,1,365,3015.375,0.00096893310546875,/tmp/franka_compare_tracking_vs_baseline/tracking/seed1/summaries/events.out.tfevents.1781292087.batch-block7-02946
tracking_loss,franka_cube_trackloss_default_b7e04f0_seed1_20260612_1042,1,366,3079.7109375,0.0015869140625,/tmp/franka_compare_tracking_vs_baseline/tracking/seed1/summaries/events.out.tfevents.1781292087.batch-block7-02946
tracking_loss,franka_cube_trackloss_default_b7e04f0_seed1_20260612_1042,1,367,3074.84326171875,0.00249481201171875,/tmp/franka_compare_tracking_vs_baseline/tracking/seed1/summaries/events.out.tfevents.1781292087.batch-block7-02946
tracking_loss,franka_cube_trackloss_default_b7e04f0_seed1_20260612_1042,1,368,3007.956787109375,0.00286102294921875,/tmp/franka_compare_tracking_vs_baseline/tracking/seed1/summaries/events.out.tfevents.1781292087.batch-block7-02946
tracking_loss,franka_cube_trackloss_default_b7e04f0_seed1_20260612_1042,1,369,3003.457763671875,0.002777099609375,/tmp/franka_compare_tracking_vs_baseline/tracking/seed1/summaries/events.out.tfevents.1781292087.batch-block7-02946
tracking_loss,franka_cube_trackloss_default_b7e04f0_seed1_20260612_1042,1,370,3063.01171875,0.0025634765625,/tmp/franka_compare_tracking_vs_baseline/tracking/seed1/summaries/events.out.tfevents.1781292087.batch-block7-02946
tracking_loss,franka_cube_trackloss_default_b7e04f0_seed1_20260612_1042,1,371,3080.05810546875,0.00304412841796875,/tmp/franka_compare_tracking_vs_baseline/tracking/seed1/summaries/events.out.tfevents.1781292087.batch-block7-02946
tracking_loss,franka_cube_trackloss_default_b7e04f0_seed1_20260612_1042,1,372,3150.62890625,0.00290679931640625,/tmp/franka_compare_tracking_vs_baseline/tracking/seed1/summaries/events.out.tfevents.1781292087.batch-block7-02946
tracking_loss,franka_cube_trackloss_default_b7e04f0_seed1_20260612_1042,1,373,3069.358154296875,0.0030059814453125,/tmp/franka_compare_tracking_vs_baseline/tracking/seed1/summaries/events.out.tfevents.1781292087.batch-block7-02946
tracking_loss,franka_cube_trackloss_default_b7e04f0_seed1_20260612_1042,1,374,3035.806396484375,0.002227783203125,/tmp/franka_compare_tracking_vs_baseline/tracking/seed1/summaries/events.out.tfevents.1781292087.batch-block7-02946
tracking_loss,franka_cube_trackloss_default_b7e04f0_seed1_20260612_1042,1,375,3103.592529296875,0.0013275146484375,/tmp/franka_compare_tracking_vs_baseline/tracking/seed1/summaries/events.out.tfevents.1781292087.batch-block7-02946
tracking_loss,franka_cube_trackloss_default_b7e04f0_seed1_20260612_1042,1,376,3155.7626953125,0.001983642578125,/tmp/franka_compare_tracking_vs_baseline/tracking/seed1/summaries/events.out.tfevents.1781292087.batch-block7-02946
tracking_loss,franka_cube_trackloss_default_b7e04f0_seed1_20260612_1042,1,377,3144.259521484375,0.002227783203125,/tmp/franka_compare_tracking_vs_baseline/tracking/seed1/summaries/events.out.tfevents.1781292087.batch-block7-02946
tracking_loss,franka_cube_trackloss_default_b7e04f0_seed1_20260612_1042,1,378,3085.537353515625,0.0018768310546875,/tmp/franka_compare_tracking_vs_baseline/tracking/seed1/summaries/events.out.tfevents.1781292087.batch-block7-02946
tracking_loss,franka_cube_trackloss_default_b7e04f0_seed1_20260612_1042,1,379,3041.01513671875,0.00208282470703125,/tmp/franka_compare_tracking_vs_baseline/tracking/seed1/summaries/events.out.tfevents.1781292087.batch-block7-02946
tracking_loss,franka_cube_trackloss_default_b7e04f0_seed1_20260612_1042,1,380,3061.340576171875,0.0021514892578125,/tmp/franka_compare_tracking_vs_baseline/tracking/seed1/summaries/events.out.tfevents.1781292087.batch-block7-02946
tracking_loss,franka_cube_trackloss_default_b7e04f0_seed1_20260612_1042,1,381,3092.51708984375,0.00206756591796875,/tmp/franka_compare_tracking_vs_baseline/tracking/seed1/summaries/events.out.tfevents.1781292087.batch-block7-02946
tracking_loss,franka_cube_trackloss_default_b7e04f0_seed1_20260612_1042,1,382,3000.966552734375,0.00186920166015625,/tmp/franka_compare_tracking_vs_baseline/tracking/seed1/summaries/events.out.tfevents.1781292087.batch-block7-02946
tracking_loss,franka_cube_trackloss_default_b7e04f0_seed1_20260612_1042,1,383,3104.174072265625,0.00186920166015625,/tmp/franka_compare_tracking_vs_baseline/tracking/seed1/summaries/events.out.tfevents.1781292087.batch-block7-02946
tracking_loss,franka_cube_trackloss_default_b7e04f0_seed1_20260612_1042,1,384,3050.856201171875,0.00266265869140625,/tmp/franka_compare_tracking_vs_baseline/tracking/seed1/summaries/events.out.tfevents.1781292087.batch-block7-02946
tracking_loss,franka_cube_trackloss_default_b7e04f0_seed1_20260612_1042,1,385,3122.699951171875,0.00301361083984375,/tmp/franka_compare_tracking_vs_baseline/tracking/seed1/summaries/events.out.tfevents.1781292087.batch-block7-02946
tracking_loss,franka_cube_trackloss_default_b7e04f0_seed1_20260612_1042,1,386,3123.646728515625,0.00312042236328125,/tmp/franka_compare_tracking_vs_baseline/tracking/seed1/summaries/events.out.tfevents.1781292087.batch-block7-02946
tracking_loss,franka_cube_trackloss_default_b7e04f0_seed1_20260612_1042,1,387,3135.298095703125,0.00323486328125,/tmp/franka_compare_tracking_vs_baseline/tracking/seed1/summaries/events.out.tfevents.1781292087.batch-block7-02946
tracking_loss,franka_cube_trackloss_default_b7e04f0_seed1_20260612_1042,1,388,3130.560546875,0.00321197509765625,/tmp/franka_compare_tracking_vs_baseline/tracking/seed1/summaries/events.out.tfevents.1781292087.batch-block7-02946
tracking_loss,franka_cube_trackloss_default_b7e04f0_seed1_20260612_1042,1,389,3126.389892578125,0.00336456298828125,/tmp/franka_compare_tracking_vs_baseline/tracking/seed1/summaries/events.out.tfevents.1781292087.batch-block7-02946
tracking_loss,franka_cube_trackloss_default_b7e04f0_seed1_20260612_1042,1,390,3079.3193359375,0.00293731689453125,/tmp/franka_compare_tracking_vs_baseline/tracking/seed1/summaries/events.out.tfevents.1781292087.batch-block7-02946
tracking_loss,franka_cube_trackloss_default_b7e04f0_seed1_20260612_1042,1,391,3112.19091796875,0.0027923583984375,/tmp/franka_compare_tracking_vs_baseline/tracking/seed1/summaries/events.out.tfevents.1781292087.batch-block7-02946
tracking_loss,franka_cube_trackloss_default_b7e04f0_seed1_20260612_1042,1,392,3096.18408203125,0.002685546875,/tmp/franka_compare_tracking_vs_baseline/tracking/seed1/summaries/events.out.tfevents.1781292087.batch-block7-02946
tracking_loss,franka_cube_trackloss_default_b7e04f0_seed1_20260612_1042,1,393,3111.38232421875,0.00299835205078125,/tmp/franka_compare_tracking_vs_baseline/tracking/seed1/summaries/events.out.tfevents.1781292087.batch-block7-02946
tracking_loss,franka_cube_trackloss_default_b7e04f0_seed1_20260612_1042,1,394,3048.685546875,0.0027313232421875,/tmp/franka_compare_tracking_vs_baseline/tracking/seed1/summaries/events.out.tfevents.1781292087.batch-block7-02946
tracking_loss,franka_cube_trackloss_default_b7e04f0_seed1_20260612_1042,1,395,3149.177001953125,0.00312042236328125,/tmp/franka_compare_tracking_vs_baseline/tracking/seed1/summaries/events.out.tfevents.1781292087.batch-block7-02946
tracking_loss,franka_cube_trackloss_default_b7e04f0_seed1_20260612_1042,1,396,3034.76220703125,0.00226593017578125,/tmp/franka_compare_tracking_vs_baseline/tracking/seed1/summaries/events.out.tfevents.1781292087.batch-block7-02946
tracking_loss,franka_cube_trackloss_default_b7e04f0_seed1_20260612_1042,1,397,3023.645263671875,0.00206756591796875,/tmp/franka_compare_tracking_vs_baseline/tracking/seed1/summaries/events.out.tfevents.1781292087.batch-block7-02946
tracking_loss,franka_cube_trackloss_default_b7e04f0_seed1_20260612_1042,1,398,3085.312744140625,0.001983642578125,/tmp/franka_compare_tracking_vs_baseline/tracking/seed1/summaries/events.out.tfevents.1781292087.batch-block7-02946
tracking_loss,franka_cube_trackloss_default_b7e04f0_seed1_20260612_1042,1,399,3163.87939453125,0.0020294189453125,/tmp/franka_compare_tracking_vs_baseline/tracking/seed1/summaries/events.out.tfevents.1781292087.batch-block7-02946
tracking_loss,franka_cube_trackloss_default_b7e04f0_seed1_20260612_1042,1,400,3188.544189453125,0.00182342529296875,/tmp/franka_compare_tracking_vs_baseline/tracking/seed1/summaries/events.out.tfevents.1781292087.batch-block7-02946
tracking_loss,franka_cube_trackloss_default_b7e04f0_seed1_20260612_1042,1,401,3178.36767578125,0.00177764892578125,/tmp/franka_compare_tracking_vs_baseline/tracking/seed1/summaries/events.out.tfevents.1781292087.batch-block7-02946
tracking_loss,franka_cube_trackloss_default_b7e04f0_seed1_20260612_1042,1,402,3118.32275390625,0.0013885498046875,/tmp/franka_compare_tracking_vs_baseline/tracking/seed1/summaries/events.out.tfevents.1781292087.batch-block7-02946
tracking_loss,franka_cube_trackloss_default_b7e04f0_seed1_20260612_1042,1,403,3056.995361328125,0.00128936767578125,/tmp/franka_compare_tracking_vs_baseline/tracking/seed1/summaries/events.out.tfevents.1781292087.batch-block7-02946
tracking_loss,franka_cube_trackloss_default_b7e04f0_seed1_20260612_1042,1,404,3104.455810546875,0.00289154052734375,/tmp/franka_compare_tracking_vs_baseline/tracking/seed1/summaries/events.out.tfevents.1781292087.batch-block7-02946
tracking_loss,franka_cube_trackloss_default_b7e04f0_seed1_20260612_1042,1,405,2982.829345703125,0.0032806396484375,/tmp/franka_compare_tracking_vs_baseline/tracking/seed1/summaries/events.out.tfevents.1781292087.batch-block7-02946
tracking_loss,franka_cube_trackloss_default_b7e04f0_seed1_20260612_1042,1,406,3123.7275390625,0.003143310546875,/tmp/franka_compare_tracking_vs_baseline/tracking/seed1/summaries/events.out.tfevents.1781292087.batch-block7-02946
tracking_loss,franka_cube_trackloss_default_b7e04f0_seed1_20260612_1042,1,407,3152.50048828125,0.00315093994140625,/tmp/franka_compare_tracking_vs_baseline/tracking/seed1/summaries/events.out.tfevents.1781292087.batch-block7-02946
tracking_loss,franka_cube_trackloss_default_b7e04f0_seed1_20260612_1042,1,408,3111.022705078125,0.00342559814453125,/tmp/franka_compare_tracking_vs_baseline/tracking/seed1/summaries/events.out.tfevents.1781292087.batch-block7-02946
tracking_loss,franka_cube_trackloss_default_b7e04f0_seed1_20260612_1042,1,409,3155.34765625,0.00321197509765625,/tmp/franka_compare_tracking_vs_baseline/tracking/seed1/summaries/events.out.tfevents.1781292087.batch-block7-02946
tracking_loss,franka_cube_trackloss_default_b7e04f0_seed1_20260612_1042,1,410,2963.173095703125,0.00273895263671875,/tmp/franka_compare_tracking_vs_baseline/tracking/seed1/summaries/events.out.tfevents.1781292087.batch-block7-02946
tracking_loss,franka_cube_trackloss_default_b7e04f0_seed1_20260612_1042,1,411,3007.989990234375,0.00201416015625,/tmp/franka_compare_tracking_vs_baseline/tracking/seed1/summaries/events.out.tfevents.1781292087.batch-block7-02946
tracking_loss,franka_cube_trackloss_default_b7e04f0_seed1_20260612_1042,1,412,3137.463623046875,0.0017852783203125,/tmp/franka_compare_tracking_vs_baseline/tracking/seed1/summaries/events.out.tfevents.1781292087.batch-block7-02946
tracking_loss,franka_cube_trackloss_default_b7e04f0_seed1_20260612_1042,1,413,3096.912353515625,0.00128173828125,/tmp/franka_compare_tracking_vs_baseline/tracking/seed1/summaries/events.out.tfevents.1781292087.batch-block7-02946
tracking_loss,franka_cube_trackloss_default_b7e04f0_seed1_20260612_1042,1,414,3052.630615234375,0.0019073486328125,/tmp/franka_compare_tracking_vs_baseline/tracking/seed1/summaries/events.out.tfevents.1781292087.batch-block7-02946
tracking_loss,franka_cube_trackloss_default_b7e04f0_seed1_20260612_1042,1,415,3074.401611328125,0.001922607421875,/tmp/franka_compare_tracking_vs_baseline/tracking/seed1/summaries/events.out.tfevents.1781292087.batch-block7-02946
tracking_loss,franka_cube_trackloss_default_b7e04f0_seed1_20260612_1042,1,416,3136.10302734375,0.00212860107421875,/tmp/franka_compare_tracking_vs_baseline/tracking/seed1/summaries/events.out.tfevents.1781292087.batch-block7-02946
tracking_loss,franka_cube_trackloss_default_b7e04f0_seed1_20260612_1042,1,417,3046.231689453125,0.0023193359375,/tmp/franka_compare_tracking_vs_baseline/tracking/seed1/summaries/events.out.tfevents.1781292087.batch-block7-02946
tracking_loss,franka_cube_trackloss_default_b7e04f0_seed1_20260612_1042,1,418,3012.20263671875,0.0022735595703125,/tmp/franka_compare_tracking_vs_baseline/tracking/seed1/summaries/events.out.tfevents.1781292087.batch-block7-02946
tracking_loss,franka_cube_trackloss_default_b7e04f0_seed1_20260612_1042,1,419,2971.9736328125,0.002197265625,/tmp/franka_compare_tracking_vs_baseline/tracking/seed1/summaries/events.out.tfevents.1781292087.batch-block7-02946
tracking_loss,franka_cube_trackloss_default_b7e04f0_seed1_20260612_1042,1,420,3022.119873046875,0.00330352783203125,/tmp/franka_compare_tracking_vs_baseline/tracking/seed1/summaries/events.out.tfevents.1781292087.batch-block7-02946
tracking_loss,franka_cube_trackloss_default_b7e04f0_seed1_20260612_1042,1,421,3028.576416015625,0.00371551513671875,/tmp/franka_compare_tracking_vs_baseline/tracking/seed1/summaries/events.out.tfevents.1781292087.batch-block7-02946
tracking_loss,franka_cube_trackloss_default_b7e04f0_seed1_20260612_1042,1,422,2986.26611328125,0.00324249267578125,/tmp/franka_compare_tracking_vs_baseline/tracking/seed1/summaries/events.out.tfevents.1781292087.batch-block7-02946
tracking_loss,franka_cube_trackloss_default_b7e04f0_seed1_20260612_1042,1,423,3139.1181640625,0.003509521484375,/tmp/franka_compare_tracking_vs_baseline/tracking/seed1/summaries/events.out.tfevents.1781292087.batch-block7-02946
tracking_loss,franka_cube_trackloss_default_b7e04f0_seed1_20260612_1042,1,424,3071.57275390625,0.00379180908203125,/tmp/franka_compare_tracking_vs_baseline/tracking/seed1/summaries/events.out.tfevents.1781292087.batch-block7-02946
tracking_loss,franka_cube_trackloss_default_b7e04f0_seed1_20260612_1042,1,425,2964.8134765625,0.00447845458984375,/tmp/franka_compare_tracking_vs_baseline/tracking/seed1/summaries/events.out.tfevents.1781292087.batch-block7-02946
tracking_loss,franka_cube_trackloss_default_b7e04f0_seed1_20260612_1042,1,426,3030.729248046875,0.004241943359375,/tmp/franka_compare_tracking_vs_baseline/tracking/seed1/summaries/events.out.tfevents.1781292087.batch-block7-02946
tracking_loss,franka_cube_trackloss_default_b7e04f0_seed1_20260612_1042,1,427,3047.166259765625,0.00394439697265625,/tmp/franka_compare_tracking_vs_baseline/tracking/seed1/summaries/events.out.tfevents.1781292087.batch-block7-02946
tracking_loss,franka_cube_trackloss_default_b7e04f0_seed1_20260612_1042,1,428,3223.97216796875,0.00331878662109375,/tmp/franka_compare_tracking_vs_baseline/tracking/seed1/summaries/events.out.tfevents.1781292087.batch-block7-02946
tracking_loss,franka_cube_trackloss_default_b7e04f0_seed1_20260612_1042,1,429,3185.067138671875,0.0032196044921875,/tmp/franka_compare_tracking_vs_baseline/tracking/seed1/summaries/events.out.tfevents.1781292087.batch-block7-02946
tracking_loss,franka_cube_trackloss_default_b7e04f0_seed1_20260612_1042,1,430,3083.20703125,0.00334930419921875,/tmp/franka_compare_tracking_vs_baseline/tracking/seed1/summaries/events.out.tfevents.1781292087.batch-block7-02946
tracking_loss,franka_cube_trackloss_default_b7e04f0_seed1_20260612_1042,1,431,2961.3798828125,0.00327301025390625,/tmp/franka_compare_tracking_vs_baseline/tracking/seed1/summaries/events.out.tfevents.1781292087.batch-block7-02946
tracking_loss,franka_cube_trackloss_default_b7e04f0_seed1_20260612_1042,1,432,3046.24462890625,0.00461578369140625,/tmp/franka_compare_tracking_vs_baseline/tracking/seed1/summaries/events.out.tfevents.1781292087.batch-block7-02946
tracking_loss,franka_cube_trackloss_default_b7e04f0_seed1_20260612_1042,1,433,3139.37890625,0.00443267822265625,/tmp/franka_compare_tracking_vs_baseline/tracking/seed1/summaries/events.out.tfevents.1781292087.batch-block7-02946
tracking_loss,franka_cube_trackloss_default_b7e04f0_seed1_20260612_1042,1,434,3089.216064453125,0.0041351318359375,/tmp/franka_compare_tracking_vs_baseline/tracking/seed1/summaries/events.out.tfevents.1781292087.batch-block7-02946
tracking_loss,franka_cube_trackloss_default_b7e04f0_seed1_20260612_1042,1,435,3025.425048828125,0.00395965576171875,/tmp/franka_compare_tracking_vs_baseline/tracking/seed1/summaries/events.out.tfevents.1781292087.batch-block7-02946
tracking_loss,franka_cube_trackloss_default_b7e04f0_seed1_20260612_1042,1,436,3038.2734375,0.00424957275390625,/tmp/franka_compare_tracking_vs_baseline/tracking/seed1/summaries/events.out.tfevents.1781292087.batch-block7-02946
tracking_loss,franka_cube_trackloss_default_b7e04f0_seed1_20260612_1042,1,437,3125.215576171875,0.00429534912109375,/tmp/franka_compare_tracking_vs_baseline/tracking/seed1/summaries/events.out.tfevents.1781292087.batch-block7-02946
tracking_loss,franka_cube_trackloss_default_b7e04f0_seed1_20260612_1042,1,438,3214.548583984375,0.00360107421875,/tmp/franka_compare_tracking_vs_baseline/tracking/seed1/summaries/events.out.tfevents.1781292087.batch-block7-02946
tracking_loss,franka_cube_trackloss_default_b7e04f0_seed1_20260612_1042,1,439,3106.894287109375,0.0028533935546875,/tmp/franka_compare_tracking_vs_baseline/tracking/seed1/summaries/events.out.tfevents.1781292087.batch-block7-02946
tracking_loss,franka_cube_trackloss_default_b7e04f0_seed1_20260612_1042,1,440,3090.724609375,0.002166748046875,/tmp/franka_compare_tracking_vs_baseline/tracking/seed1/summaries/events.out.tfevents.1781292087.batch-block7-02946
tracking_loss,franka_cube_trackloss_default_b7e04f0_seed1_20260612_1042,1,441,2885.791259765625,0.0022735595703125,/tmp/franka_compare_tracking_vs_baseline/tracking/seed1/summaries/events.out.tfevents.1781292087.batch-block7-02946
tracking_loss,franka_cube_trackloss_default_b7e04f0_seed1_20260612_1042,1,442,3104.05615234375,0.0027008056640625,/tmp/franka_compare_tracking_vs_baseline/tracking/seed1/summaries/events.out.tfevents.1781292087.batch-block7-02946
tracking_loss,franka_cube_trackloss_default_b7e04f0_seed1_20260612_1042,1,443,3114.542236328125,0.00263214111328125,/tmp/franka_compare_tracking_vs_baseline/tracking/seed1/summaries/events.out.tfevents.1781292087.batch-block7-02946
tracking_loss,franka_cube_trackloss_default_b7e04f0_seed1_20260612_1042,1,444,3118.050048828125,0.0024871826171875,/tmp/franka_compare_tracking_vs_baseline/tracking/seed1/summaries/events.out.tfevents.1781292087.batch-block7-02946
tracking_loss,franka_cube_trackloss_default_b7e04f0_seed1_20260612_1042,1,445,3116.8876953125,0.00266265869140625,/tmp/franka_compare_tracking_vs_baseline/tracking/seed1/summaries/events.out.tfevents.1781292087.batch-block7-02946
tracking_loss,franka_cube_trackloss_default_b7e04f0_seed1_20260612_1042,1,446,3116.792724609375,0.00287628173828125,/tmp/franka_compare_tracking_vs_baseline/tracking/seed1/summaries/events.out.tfevents.1781292087.batch-block7-02946
tracking_loss,franka_cube_trackloss_default_b7e04f0_seed1_20260612_1042,1,447,3151.430908203125,0.00257110595703125,/tmp/franka_compare_tracking_vs_baseline/tracking/seed1/summaries/events.out.tfevents.1781292087.batch-block7-02946
tracking_loss,franka_cube_trackloss_default_b7e04f0_seed1_20260612_1042,1,448,3123.837646484375,0.00270843505859375,/tmp/franka_compare_tracking_vs_baseline/tracking/seed1/summaries/events.out.tfevents.1781292087.batch-block7-02946
tracking_loss,franka_cube_trackloss_default_b7e04f0_seed1_20260612_1042,1,449,3103.16015625,0.0025787353515625,/tmp/franka_compare_tracking_vs_baseline/tracking/seed1/summaries/events.out.tfevents.1781292087.batch-block7-02946
tracking_loss,franka_cube_trackloss_default_b7e04f0_seed1_20260612_1042,1,450,3016.71875,0.0023193359375,/tmp/franka_compare_tracking_vs_baseline/tracking/seed1/summaries/events.out.tfevents.1781292087.batch-block7-02946
tracking_loss,franka_cube_trackloss_default_b7e04f0_seed1_20260612_1042,1,451,2994.74951171875,0.0030364990234375,/tmp/franka_compare_tracking_vs_baseline/tracking/seed1/summaries/events.out.tfevents.1781292087.batch-block7-02946
tracking_loss,franka_cube_trackloss_default_b7e04f0_seed1_20260612_1042,1,452,3008.600341796875,0.00293731689453125,/tmp/franka_compare_tracking_vs_baseline/tracking/seed1/summaries/events.out.tfevents.1781292087.batch-block7-02946
tracking_loss,franka_cube_trackloss_default_b7e04f0_seed1_20260612_1042,1,453,3113.507080078125,0.0029296875,/tmp/franka_compare_tracking_vs_baseline/tracking/seed1/summaries/events.out.tfevents.1781292087.batch-block7-02946
tracking_loss,franka_cube_trackloss_default_b7e04f0_seed1_20260612_1042,1,454,2986.3447265625,0.002716064453125,/tmp/franka_compare_tracking_vs_baseline/tracking/seed1/summaries/events.out.tfevents.1781292087.batch-block7-02946
tracking_loss,franka_cube_trackloss_default_b7e04f0_seed1_20260612_1042,1,455,3036.009521484375,0.00244903564453125,/tmp/franka_compare_tracking_vs_baseline/tracking/seed1/summaries/events.out.tfevents.1781292087.batch-block7-02946
tracking_loss,franka_cube_trackloss_default_b7e04f0_seed1_20260612_1042,1,456,3107.900146484375,0.00226593017578125,/tmp/franka_compare_tracking_vs_baseline/tracking/seed1/summaries/events.out.tfevents.1781292087.batch-block7-02946
tracking_loss,franka_cube_trackloss_default_b7e04f0_seed1_20260612_1042,1,457,3031.6806640625,0.00213623046875,/tmp/franka_compare_tracking_vs_baseline/tracking/seed1/summaries/events.out.tfevents.1781292087.batch-block7-02946
tracking_loss,franka_cube_trackloss_default_b7e04f0_seed1_20260612_1042,1,458,3042.312744140625,0.001617431640625,/tmp/franka_compare_tracking_vs_baseline/tracking/seed1/summaries/events.out.tfevents.1781292087.batch-block7-02946
tracking_loss,franka_cube_trackloss_default_b7e04f0_seed1_20260612_1042,1,459,3034.40625,0.00141143798828125,/tmp/franka_compare_tracking_vs_baseline/tracking/seed1/summaries/events.out.tfevents.1781292087.batch-block7-02946
tracking_loss,franka_cube_trackloss_default_b7e04f0_seed1_20260612_1042,1,460,3033.125,0.00180816650390625,/tmp/franka_compare_tracking_vs_baseline/tracking/seed1/summaries/events.out.tfevents.1781292087.batch-block7-02946
tracking_loss,franka_cube_trackloss_default_b7e04f0_seed1_20260612_1042,1,461,3015.968017578125,0.00238800048828125,/tmp/franka_compare_tracking_vs_baseline/tracking/seed1/summaries/events.out.tfevents.1781292087.batch-block7-02946
tracking_loss,franka_cube_trackloss_default_b7e04f0_seed1_20260612_1042,1,462,2970.978271484375,0.0023651123046875,/tmp/franka_compare_tracking_vs_baseline/tracking/seed1/summaries/events.out.tfevents.1781292087.batch-block7-02946
tracking_loss,franka_cube_trackloss_default_b7e04f0_seed1_20260612_1042,1,463,3073.90185546875,0.00247955322265625,/tmp/franka_compare_tracking_vs_baseline/tracking/seed1/summaries/events.out.tfevents.1781292087.batch-block7-02946
tracking_loss,franka_cube_trackloss_default_b7e04f0_seed1_20260612_1042,1,464,3046.691162109375,0.00208282470703125,/tmp/franka_compare_tracking_vs_baseline/tracking/seed1/summaries/events.out.tfevents.1781292087.batch-block7-02946
tracking_loss,franka_cube_trackloss_default_b7e04f0_seed1_20260612_1042,1,465,3051.32958984375,0.0018463134765625,/tmp/franka_compare_tracking_vs_baseline/tracking/seed1/summaries/events.out.tfevents.1781292087.batch-block7-02946
tracking_loss,franka_cube_trackloss_default_b7e04f0_seed1_20260612_1042,1,466,3055.119873046875,0.00118255615234375,/tmp/franka_compare_tracking_vs_baseline/tracking/seed1/summaries/events.out.tfevents.1781292087.batch-block7-02946
tracking_loss,franka_cube_trackloss_default_b7e04f0_seed1_20260612_1042,1,467,3033.06689453125,0.00131988525390625,/tmp/franka_compare_tracking_vs_baseline/tracking/seed1/summaries/events.out.tfevents.1781292087.batch-block7-02946
tracking_loss,franka_cube_trackloss_default_b7e04f0_seed1_20260612_1042,1,468,3071.534423828125,0.00112152099609375,/tmp/franka_compare_tracking_vs_baseline/tracking/seed1/summaries/events.out.tfevents.1781292087.batch-block7-02946
tracking_loss,franka_cube_trackloss_default_b7e04f0_seed1_20260612_1042,1,469,3014.448974609375,0.0009918212890625,/tmp/franka_compare_tracking_vs_baseline/tracking/seed1/summaries/events.out.tfevents.1781292087.batch-block7-02946
tracking_loss,franka_cube_trackloss_default_b7e04f0_seed1_20260612_1042,1,470,3005.373779296875,0.001373291015625,/tmp/franka_compare_tracking_vs_baseline/tracking/seed1/summaries/events.out.tfevents.1781292087.batch-block7-02946
tracking_loss,franka_cube_trackloss_default_b7e04f0_seed1_20260612_1042,1,471,3041.47119140625,0.0016021728515625,/tmp/franka_compare_tracking_vs_baseline/tracking/seed1/summaries/events.out.tfevents.1781292087.batch-block7-02946
tracking_loss,franka_cube_trackloss_default_b7e04f0_seed1_20260612_1042,1,472,3043.238037109375,0.0016326904296875,/tmp/franka_compare_tracking_vs_baseline/tracking/seed1/summaries/events.out.tfevents.1781292087.batch-block7-02946
tracking_loss,franka_cube_trackloss_default_b7e04f0_seed1_20260612_1042,1,473,3032.447998046875,0.0016937255859375,/tmp/franka_compare_tracking_vs_baseline/tracking/seed1/summaries/events.out.tfevents.1781292087.batch-block7-02946
tracking_loss,franka_cube_trackloss_default_b7e04f0_seed1_20260612_1042,1,474,2975.595458984375,0.002410888671875,/tmp/franka_compare_tracking_vs_baseline/tracking/seed1/summaries/events.out.tfevents.1781292087.batch-block7-02946
tracking_loss,franka_cube_trackloss_default_b7e04f0_seed1_20260612_1042,1,475,3115.42578125,0.0023956298828125,/tmp/franka_compare_tracking_vs_baseline/tracking/seed1/summaries/events.out.tfevents.1781292087.batch-block7-02946
tracking_loss,franka_cube_trackloss_default_b7e04f0_seed1_20260612_1042,1,476,3035.674560546875,0.0027313232421875,/tmp/franka_compare_tracking_vs_baseline/tracking/seed1/summaries/events.out.tfevents.1781292087.batch-block7-02946
tracking_loss,franka_cube_trackloss_default_b7e04f0_seed1_20260612_1042,1,477,3078.686767578125,0.0026702880859375,/tmp/franka_compare_tracking_vs_baseline/tracking/seed1/summaries/events.out.tfevents.1781292087.batch-block7-02946
tracking_loss,franka_cube_trackloss_default_b7e04f0_seed1_20260612_1042,1,478,2968.873779296875,0.00276947021484375,/tmp/franka_compare_tracking_vs_baseline/tracking/seed1/summaries/events.out.tfevents.1781292087.batch-block7-02946
tracking_loss,franka_cube_trackloss_default_b7e04f0_seed1_20260612_1042,1,479,2964.214599609375,0.0037078857421875,/tmp/franka_compare_tracking_vs_baseline/tracking/seed1/summaries/events.out.tfevents.1781292087.batch-block7-02946
tracking_loss,franka_cube_trackloss_default_b7e04f0_seed1_20260612_1042,1,480,3040.483154296875,0.0033111572265625,/tmp/franka_compare_tracking_vs_baseline/tracking/seed1/summaries/events.out.tfevents.1781292087.batch-block7-02946
tracking_loss,franka_cube_trackloss_default_b7e04f0_seed1_20260612_1042,1,481,3018.6650390625,0.00327301025390625,/tmp/franka_compare_tracking_vs_baseline/tracking/seed1/summaries/events.out.tfevents.1781292087.batch-block7-02946
tracking_loss,franka_cube_trackloss_default_b7e04f0_seed1_20260612_1042,1,482,3171.027099609375,0.00308990478515625,/tmp/franka_compare_tracking_vs_baseline/tracking/seed1/summaries/events.out.tfevents.1781292087.batch-block7-02946
tracking_loss,franka_cube_trackloss_default_b7e04f0_seed1_20260612_1042,1,483,2995.038330078125,0.0032806396484375,/tmp/franka_compare_tracking_vs_baseline/tracking/seed1/summaries/events.out.tfevents.1781292087.batch-block7-02946
tracking_loss,franka_cube_trackloss_default_b7e04f0_seed1_20260612_1042,1,484,3030.713134765625,0.00337982177734375,/tmp/franka_compare_tracking_vs_baseline/tracking/seed1/summaries/events.out.tfevents.1781292087.batch-block7-02946
tracking_loss,franka_cube_trackloss_default_b7e04f0_seed1_20260612_1042,1,485,3065.62451171875,0.00286102294921875,/tmp/franka_compare_tracking_vs_baseline/tracking/seed1/summaries/events.out.tfevents.1781292087.batch-block7-02946
tracking_loss,franka_cube_trackloss_default_b7e04f0_seed1_20260612_1042,1,486,3101.453125,0.002899169921875,/tmp/franka_compare_tracking_vs_baseline/tracking/seed1/summaries/events.out.tfevents.1781292087.batch-block7-02946
tracking_loss,franka_cube_trackloss_default_b7e04f0_seed1_20260612_1042,1,487,3015.244384765625,0.00247955322265625,/tmp/franka_compare_tracking_vs_baseline/tracking/seed1/summaries/events.out.tfevents.1781292087.batch-block7-02946
tracking_loss,franka_cube_trackloss_default_b7e04f0_seed1_20260612_1042,1,488,3061.323486328125,0.00255584716796875,/tmp/franka_compare_tracking_vs_baseline/tracking/seed1/summaries/events.out.tfevents.1781292087.batch-block7-02946
tracking_loss,franka_cube_trackloss_default_b7e04f0_seed1_20260612_1042,1,489,2984.09375,0.0035552978515625,/tmp/franka_compare_tracking_vs_baseline/tracking/seed1/summaries/events.out.tfevents.1781292087.batch-block7-02946
tracking_loss,franka_cube_trackloss_default_b7e04f0_seed1_20260612_1042,1,490,2961.297119140625,0.00359344482421875,/tmp/franka_compare_tracking_vs_baseline/tracking/seed1/summaries/events.out.tfevents.1781292087.batch-block7-02946
tracking_loss,franka_cube_trackloss_default_b7e04f0_seed1_20260612_1042,1,491,3056.90771484375,0.0032501220703125,/tmp/franka_compare_tracking_vs_baseline/tracking/seed1/summaries/events.out.tfevents.1781292087.batch-block7-02946
tracking_loss,franka_cube_trackloss_default_b7e04f0_seed1_20260612_1042,1,492,2987.694091796875,0.0034637451171875,/tmp/franka_compare_tracking_vs_baseline/tracking/seed1/summaries/events.out.tfevents.1781292087.batch-block7-02946
tracking_loss,franka_cube_trackloss_default_b7e04f0_seed1_20260612_1042,1,493,2977.0283203125,0.00325775146484375,/tmp/franka_compare_tracking_vs_baseline/tracking/seed1/summaries/events.out.tfevents.1781292087.batch-block7-02946
tracking_loss,franka_cube_trackloss_default_b7e04f0_seed1_20260612_1042,1,494,3047.96142578125,0.00323486328125,/tmp/franka_compare_tracking_vs_baseline/tracking/seed1/summaries/events.out.tfevents.1781292087.batch-block7-02946
tracking_loss,franka_cube_trackloss_default_b7e04f0_seed1_20260612_1042,1,495,3062.987548828125,0.003082275390625,/tmp/franka_compare_tracking_vs_baseline/tracking/seed1/summaries/events.out.tfevents.1781292087.batch-block7-02946
tracking_loss,franka_cube_trackloss_default_b7e04f0_seed1_20260612_1042,1,496,3068.139892578125,0.00315093994140625,/tmp/franka_compare_tracking_vs_baseline/tracking/seed1/summaries/events.out.tfevents.1781292087.batch-block7-02946
tracking_loss,franka_cube_trackloss_default_b7e04f0_seed1_20260612_1042,1,497,2957.8984375,0.00262451171875,/tmp/franka_compare_tracking_vs_baseline/tracking/seed1/summaries/events.out.tfevents.1781292087.batch-block7-02946
tracking_loss,franka_cube_trackloss_default_b7e04f0_seed1_20260612_1042,1,498,3052.14208984375,0.0034027099609375,/tmp/franka_compare_tracking_vs_baseline/tracking/seed1/summaries/events.out.tfevents.1781292087.batch-block7-02946
tracking_loss,franka_cube_trackloss_default_b7e04f0_seed1_20260612_1042,1,499,3061.38232421875,0.00342559814453125,/tmp/franka_compare_tracking_vs_baseline/tracking/seed1/summaries/events.out.tfevents.1781292087.batch-block7-02946
tracking_loss,franka_cube_trackloss_default_b7e04f0_seed1_20260612_1042,1,500,3084.716552734375,0.002899169921875,/tmp/franka_compare_tracking_vs_baseline/tracking/seed1/summaries/events.out.tfevents.1781292087.batch-block7-02946
tracking_loss,franka_cube_trackloss_default_b7e04f0_seed1_20260612_1042,1,501,2963.23046875,0.00214385986328125,/tmp/franka_compare_tracking_vs_baseline/tracking/seed1/summaries/events.out.tfevents.1781292087.batch-block7-02946
tracking_loss,franka_cube_trackloss_default_b7e04f0_seed1_20260612_1042,1,502,2988.8837890625,0.0020294189453125,/tmp/franka_compare_tracking_vs_baseline/tracking/seed1/summaries/events.out.tfevents.1781292087.batch-block7-02946
tracking_loss,franka_cube_trackloss_default_b7e04f0_seed1_20260612_1042,1,503,2915.008056640625,0.00199127197265625,/tmp/franka_compare_tracking_vs_baseline/tracking/seed1/summaries/events.out.tfevents.1781292087.batch-block7-02946
tracking_loss,franka_cube_trackloss_default_b7e04f0_seed1_20260612_1042,1,504,2970.954345703125,0.00186920166015625,/tmp/franka_compare_tracking_vs_baseline/tracking/seed1/summaries/events.out.tfevents.1781292087.batch-block7-02946
tracking_loss,franka_cube_trackloss_default_b7e04f0_seed1_20260612_1042,1,505,3027.69140625,0.001068115234375,/tmp/franka_compare_tracking_vs_baseline/tracking/seed1/summaries/events.out.tfevents.1781292087.batch-block7-02946
tracking_loss,franka_cube_trackloss_default_b7e04f0_seed1_20260612_1042,1,506,2981.300048828125,0.00095367431640625,/tmp/franka_compare_tracking_vs_baseline/tracking/seed1/summaries/events.out.tfevents.1781292087.batch-block7-02946
tracking_loss,franka_cube_trackloss_default_b7e04f0_seed1_20260612_1042,1,507,3058.233642578125,0.001678466796875,/tmp/franka_compare_tracking_vs_baseline/tracking/seed1/summaries/events.out.tfevents.1781292087.batch-block7-02946
tracking_loss,franka_cube_trackloss_default_b7e04f0_seed1_20260612_1042,1,508,2978.102783203125,0.002197265625,/tmp/franka_compare_tracking_vs_baseline/tracking/seed1/summaries/events.out.tfevents.1781292087.batch-block7-02946
tracking_loss,franka_cube_trackloss_default_b7e04f0_seed1_20260612_1042,1,509,2978.280029296875,0.0023345947265625,/tmp/franka_compare_tracking_vs_baseline/tracking/seed1/summaries/events.out.tfevents.1781292087.batch-block7-02946
tracking_loss,franka_cube_trackloss_default_b7e04f0_seed1_20260612_1042,1,510,2912.55126953125,0.00218963623046875,/tmp/franka_compare_tracking_vs_baseline/tracking/seed1/summaries/events.out.tfevents.1781292087.batch-block7-02946
tracking_loss,franka_cube_trackloss_default_b7e04f0_seed1_20260612_1042,1,511,2973.3798828125,0.002044677734375,/tmp/franka_compare_tracking_vs_baseline/tracking/seed1/summaries/events.out.tfevents.1781292087.batch-block7-02946
tracking_loss,franka_cube_trackloss_default_b7e04f0_seed1_20260612_1042,1,512,2983.420166015625,0.0020904541015625,/tmp/franka_compare_tracking_vs_baseline/tracking/seed1/summaries/events.out.tfevents.1781292087.batch-block7-02946
tracking_loss,franka_cube_trackloss_default_b7e04f0_seed1_20260612_1042,1,513,2983.04736328125,0.002197265625,/tmp/franka_compare_tracking_vs_baseline/tracking/seed1/summaries/events.out.tfevents.1781292087.batch-block7-02946
tracking_loss,franka_cube_trackloss_default_b7e04f0_seed1_20260612_1042,1,514,2972.979248046875,0.0020294189453125,/tmp/franka_compare_tracking_vs_baseline/tracking/seed1/summaries/events.out.tfevents.1781292087.batch-block7-02946
tracking_loss,franka_cube_trackloss_default_b7e04f0_seed1_20260612_1042,1,515,2968.494384765625,0.00177764892578125,/tmp/franka_compare_tracking_vs_baseline/tracking/seed1/summaries/events.out.tfevents.1781292087.batch-block7-02946
tracking_loss,franka_cube_trackloss_default_b7e04f0_seed1_20260612_1042,1,516,2941.740234375,0.00153350830078125,/tmp/franka_compare_tracking_vs_baseline/tracking/seed1/summaries/events.out.tfevents.1781292087.batch-block7-02946
tracking_loss,franka_cube_trackloss_default_b7e04f0_seed1_20260612_1042,1,517,3065.98583984375,0.002532958984375,/tmp/franka_compare_tracking_vs_baseline/tracking/seed1/summaries/events.out.tfevents.1781292087.batch-block7-02946
tracking_loss,franka_cube_trackloss_default_b7e04f0_seed1_20260612_1042,1,518,2871.20556640625,0.00238800048828125,/tmp/franka_compare_tracking_vs_baseline/tracking/seed1/summaries/events.out.tfevents.1781292087.batch-block7-02946
tracking_loss,franka_cube_trackloss_default_b7e04f0_seed1_20260612_1042,1,519,2826.29296875,0.00238800048828125,/tmp/franka_compare_tracking_vs_baseline/tracking/seed1/summaries/events.out.tfevents.1781292087.batch-block7-02946
tracking_loss,franka_cube_trackloss_default_b7e04f0_seed1_20260612_1042,1,520,2922.96142578125,0.00213623046875,/tmp/franka_compare_tracking_vs_baseline/tracking/seed1/summaries/events.out.tfevents.1781292087.batch-block7-02946
tracking_loss,franka_cube_trackloss_default_b7e04f0_seed1_20260612_1042,1,521,3020.047119140625,0.00200653076171875,/tmp/franka_compare_tracking_vs_baseline/tracking/seed1/summaries/events.out.tfevents.1781292087.batch-block7-02946
tracking_loss,franka_cube_trackloss_default_b7e04f0_seed1_20260612_1042,1,522,2969.79345703125,0.0020751953125,/tmp/franka_compare_tracking_vs_baseline/tracking/seed1/summaries/events.out.tfevents.1781292087.batch-block7-02946
tracking_loss,franka_cube_trackloss_default_b7e04f0_seed1_20260612_1042,1,523,3085.0146484375,0.002044677734375,/tmp/franka_compare_tracking_vs_baseline/tracking/seed1/summaries/events.out.tfevents.1781292087.batch-block7-02946
tracking_loss,franka_cube_trackloss_default_b7e04f0_seed1_20260612_1042,1,524,2953.403564453125,0.00186920166015625,/tmp/franka_compare_tracking_vs_baseline/tracking/seed1/summaries/events.out.tfevents.1781292087.batch-block7-02946
tracking_loss,franka_cube_trackloss_default_b7e04f0_seed1_20260612_1042,1,525,2922.110595703125,0.00145721435546875,/tmp/franka_compare_tracking_vs_baseline/tracking/seed1/summaries/events.out.tfevents.1781292087.batch-block7-02946
tracking_loss,franka_cube_trackloss_default_b7e04f0_seed1_20260612_1042,1,526,2974.33203125,0.00264739990234375,/tmp/franka_compare_tracking_vs_baseline/tracking/seed1/summaries/events.out.tfevents.1781292087.batch-block7-02946
tracking_loss,franka_cube_trackloss_default_b7e04f0_seed1_20260612_1042,1,527,2938.998046875,0.00283050537109375,/tmp/franka_compare_tracking_vs_baseline/tracking/seed1/summaries/events.out.tfevents.1781292087.batch-block7-02946
tracking_loss,franka_cube_trackloss_default_b7e04f0_seed1_20260612_1042,1,528,3014.287353515625,0.00310516357421875,/tmp/franka_compare_tracking_vs_baseline/tracking/seed1/summaries/events.out.tfevents.1781292087.batch-block7-02946
tracking_loss,franka_cube_trackloss_default_b7e04f0_seed1_20260612_1042,1,529,2957.846435546875,0.0033111572265625,/tmp/franka_compare_tracking_vs_baseline/tracking/seed1/summaries/events.out.tfevents.1781292087.batch-block7-02946
tracking_loss,franka_cube_trackloss_default_b7e04f0_seed1_20260612_1042,1,530,2985.69873046875,0.00341796875,/tmp/franka_compare_tracking_vs_baseline/tracking/seed1/summaries/events.out.tfevents.1781292087.batch-block7-02946
tracking_loss,franka_cube_trackloss_default_b7e04f0_seed1_20260612_1042,1,531,3010.69580078125,0.0032501220703125,/tmp/franka_compare_tracking_vs_baseline/tracking/seed1/summaries/events.out.tfevents.1781292087.batch-block7-02946
tracking_loss,franka_cube_trackloss_default_b7e04f0_seed1_20260612_1042,1,532,2952.770751953125,0.00289154052734375,/tmp/franka_compare_tracking_vs_baseline/tracking/seed1/summaries/events.out.tfevents.1781292087.batch-block7-02946
tracking_loss,franka_cube_trackloss_default_b7e04f0_seed1_20260612_1042,1,533,2944.23388671875,0.00263214111328125,/tmp/franka_compare_tracking_vs_baseline/tracking/seed1/summaries/events.out.tfevents.1781292087.batch-block7-02946
tracking_loss,franka_cube_trackloss_default_b7e04f0_seed1_20260612_1042,1,534,2977.43212890625,0.00189208984375,/tmp/franka_compare_tracking_vs_baseline/tracking/seed1/summaries/events.out.tfevents.1781292087.batch-block7-02946
tracking_loss,franka_cube_trackloss_default_b7e04f0_seed1_20260612_1042,1,535,2907.318603515625,0.00235748291015625,/tmp/franka_compare_tracking_vs_baseline/tracking/seed1/summaries/events.out.tfevents.1781292087.batch-block7-02946
tracking_loss,franka_cube_trackloss_default_b7e04f0_seed1_20260612_1042,1,536,3031.760986328125,0.00328826904296875,/tmp/franka_compare_tracking_vs_baseline/tracking/seed1/summaries/events.out.tfevents.1781292087.batch-block7-02946
tracking_loss,franka_cube_trackloss_default_b7e04f0_seed1_20260612_1042,1,537,2983.474365234375,0.00296783447265625,/tmp/franka_compare_tracking_vs_baseline/tracking/seed1/summaries/events.out.tfevents.1781292087.batch-block7-02946
tracking_loss,franka_cube_trackloss_default_b7e04f0_seed1_20260612_1042,1,538,3013.69091796875,0.00237274169921875,/tmp/franka_compare_tracking_vs_baseline/tracking/seed1/summaries/events.out.tfevents.1781292087.batch-block7-02946
tracking_loss,franka_cube_trackloss_default_b7e04f0_seed1_20260612_1042,1,539,2969.257080078125,0.00257110595703125,/tmp/franka_compare_tracking_vs_baseline/tracking/seed1/summaries/events.out.tfevents.1781292087.batch-block7-02946
tracking_loss,franka_cube_trackloss_default_b7e04f0_seed1_20260612_1042,1,540,2976.607421875,0.00262451171875,/tmp/franka_compare_tracking_vs_baseline/tracking/seed1/summaries/events.out.tfevents.1781292087.batch-block7-02946
tracking_loss,franka_cube_trackloss_default_b7e04f0_seed1_20260612_1042,1,541,2963.428955078125,0.00281524658203125,/tmp/franka_compare_tracking_vs_baseline/tracking/seed1/summaries/events.out.tfevents.1781292087.batch-block7-02946
tracking_loss,franka_cube_trackloss_default_b7e04f0_seed1_20260612_1042,1,542,3107.385986328125,0.00310516357421875,/tmp/franka_compare_tracking_vs_baseline/tracking/seed1/summaries/events.out.tfevents.1781292087.batch-block7-02946
tracking_loss,franka_cube_trackloss_default_b7e04f0_seed1_20260612_1042,1,543,3121.4697265625,0.00270843505859375,/tmp/franka_compare_tracking_vs_baseline/tracking/seed1/summaries/events.out.tfevents.1781292087.batch-block7-02946
tracking_loss,franka_cube_trackloss_default_b7e04f0_seed1_20260612_1042,1,544,2954.082763671875,0.00209808349609375,/tmp/franka_compare_tracking_vs_baseline/tracking/seed1/summaries/events.out.tfevents.1781292087.batch-block7-02946
tracking_loss,franka_cube_trackloss_default_b7e04f0_seed1_20260612_1042,1,545,2979.934326171875,0.00275421142578125,/tmp/franka_compare_tracking_vs_baseline/tracking/seed1/summaries/events.out.tfevents.1781292087.batch-block7-02946
tracking_loss,franka_cube_trackloss_default_b7e04f0_seed1_20260612_1042,1,546,2855.1494140625,0.0030670166015625,/tmp/franka_compare_tracking_vs_baseline/tracking/seed1/summaries/events.out.tfevents.1781292087.batch-block7-02946
tracking_loss,franka_cube_trackloss_default_b7e04f0_seed1_20260612_1042,1,547,2952.8603515625,0.00334930419921875,/tmp/franka_compare_tracking_vs_baseline/tracking/seed1/summaries/events.out.tfevents.1781292087.batch-block7-02946
tracking_loss,franka_cube_trackloss_default_b7e04f0_seed1_20260612_1042,1,548,2964.54833984375,0.00341033935546875,/tmp/franka_compare_tracking_vs_baseline/tracking/seed1/summaries/events.out.tfevents.1781292087.batch-block7-02946
tracking_loss,franka_cube_trackloss_default_b7e04f0_seed1_20260612_1042,1,549,3092.74462890625,0.003143310546875,/tmp/franka_compare_tracking_vs_baseline/tracking/seed1/summaries/events.out.tfevents.1781292087.batch-block7-02946
tracking_loss,franka_cube_trackloss_default_b7e04f0_seed1_20260612_1042,1,550,3017.900634765625,0.00286865234375,/tmp/franka_compare_tracking_vs_baseline/tracking/seed1/summaries/events.out.tfevents.1781292087.batch-block7-02946
tracking_loss,franka_cube_trackloss_default_b7e04f0_seed1_20260612_1042,1,551,3029.072021484375,0.00214385986328125,/tmp/franka_compare_tracking_vs_baseline/tracking/seed1/summaries/events.out.tfevents.1781292087.batch-block7-02946
tracking_loss,franka_cube_trackloss_default_b7e04f0_seed1_20260612_1042,1,552,2933.04296875,0.00206756591796875,/tmp/franka_compare_tracking_vs_baseline/tracking/seed1/summaries/events.out.tfevents.1781292087.batch-block7-02946
tracking_loss,franka_cube_trackloss_default_b7e04f0_seed1_20260612_1042,1,553,2997.52587890625,0.00174713134765625,/tmp/franka_compare_tracking_vs_baseline/tracking/seed1/summaries/events.out.tfevents.1781292087.batch-block7-02946
tracking_loss,franka_cube_trackloss_default_b7e04f0_seed1_20260612_1042,1,554,3025.473876953125,0.0027313232421875,/tmp/franka_compare_tracking_vs_baseline/tracking/seed1/summaries/events.out.tfevents.1781292087.batch-block7-02946
tracking_loss,franka_cube_trackloss_default_b7e04f0_seed1_20260612_1042,1,555,3078.37158203125,0.002655029296875,/tmp/franka_compare_tracking_vs_baseline/tracking/seed1/summaries/events.out.tfevents.1781292087.batch-block7-02946
tracking_loss,franka_cube_trackloss_default_b7e04f0_seed1_20260612_1042,1,556,3006.8125,0.00225830078125,/tmp/franka_compare_tracking_vs_baseline/tracking/seed1/summaries/events.out.tfevents.1781292087.batch-block7-02946
tracking_loss,franka_cube_trackloss_default_b7e04f0_seed1_20260612_1042,1,557,2967.232666015625,0.0019073486328125,/tmp/franka_compare_tracking_vs_baseline/tracking/seed1/summaries/events.out.tfevents.1781292087.batch-block7-02946
tracking_loss,franka_cube_trackloss_default_b7e04f0_seed1_20260612_1042,1,558,2946.080322265625,0.002410888671875,/tmp/franka_compare_tracking_vs_baseline/tracking/seed1/summaries/events.out.tfevents.1781292087.batch-block7-02946
tracking_loss,franka_cube_trackloss_default_b7e04f0_seed1_20260612_1042,1,559,2958.846435546875,0.00270843505859375,/tmp/franka_compare_tracking_vs_baseline/tracking/seed1/summaries/events.out.tfevents.1781292087.batch-block7-02946
tracking_loss,franka_cube_trackloss_default_b7e04f0_seed1_20260612_1042,1,560,2953.072509765625,0.00360107421875,/tmp/franka_compare_tracking_vs_baseline/tracking/seed1/summaries/events.out.tfevents.1781292087.batch-block7-02946
tracking_loss,franka_cube_trackloss_default_b7e04f0_seed1_20260612_1042,1,561,2905.515869140625,0.00380706787109375,/tmp/franka_compare_tracking_vs_baseline/tracking/seed1/summaries/events.out.tfevents.1781292087.batch-block7-02946
tracking_loss,franka_cube_trackloss_default_b7e04f0_seed1_20260612_1042,1,562,2958.345458984375,0.00313568115234375,/tmp/franka_compare_tracking_vs_baseline/tracking/seed1/summaries/events.out.tfevents.1781292087.batch-block7-02946
tracking_loss,franka_cube_trackloss_default_b7e04f0_seed1_20260612_1042,1,563,2970.07373046875,0.00357818603515625,/tmp/franka_compare_tracking_vs_baseline/tracking/seed1/summaries/events.out.tfevents.1781292087.batch-block7-02946
tracking_loss,franka_cube_trackloss_default_b7e04f0_seed1_20260612_1042,1,564,2973.93359375,0.00362396240234375,/tmp/franka_compare_tracking_vs_baseline/tracking/seed1/summaries/events.out.tfevents.1781292087.batch-block7-02946
tracking_loss,franka_cube_trackloss_default_b7e04f0_seed1_20260612_1042,1,565,2876.072998046875,0.00374603271484375,/tmp/franka_compare_tracking_vs_baseline/tracking/seed1/summaries/events.out.tfevents.1781292087.batch-block7-02946
tracking_loss,franka_cube_trackloss_default_b7e04f0_seed1_20260612_1042,1,566,2962.728271484375,0.0038299560546875,/tmp/franka_compare_tracking_vs_baseline/tracking/seed1/summaries/events.out.tfevents.1781292087.batch-block7-02946
tracking_loss,franka_cube_trackloss_default_b7e04f0_seed1_20260612_1042,1,567,3019.61083984375,0.00342559814453125,/tmp/franka_compare_tracking_vs_baseline/tracking/seed1/summaries/events.out.tfevents.1781292087.batch-block7-02946
tracking_loss,franka_cube_trackloss_default_b7e04f0_seed1_20260612_1042,1,568,3137.1396484375,0.00368499755859375,/tmp/franka_compare_tracking_vs_baseline/tracking/seed1/summaries/events.out.tfevents.1781292087.batch-block7-02946
tracking_loss,franka_cube_trackloss_default_b7e04f0_seed1_20260612_1042,1,569,3111.22607421875,0.00311279296875,/tmp/franka_compare_tracking_vs_baseline/tracking/seed1/summaries/events.out.tfevents.1781292087.batch-block7-02946
tracking_loss,franka_cube_trackloss_default_b7e04f0_seed1_20260612_1042,1,570,2999.259521484375,0.00255584716796875,/tmp/franka_compare_tracking_vs_baseline/tracking/seed1/summaries/events.out.tfevents.1781292087.batch-block7-02946
tracking_loss,franka_cube_trackloss_default_b7e04f0_seed1_20260612_1042,1,571,3011.56298828125,0.002105712890625,/tmp/franka_compare_tracking_vs_baseline/tracking/seed1/summaries/events.out.tfevents.1781292087.batch-block7-02946
tracking_loss,franka_cube_trackloss_default_b7e04f0_seed1_20260612_1042,1,572,2957.96435546875,0.00177001953125,/tmp/franka_compare_tracking_vs_baseline/tracking/seed1/summaries/events.out.tfevents.1781292087.batch-block7-02946
tracking_loss,franka_cube_trackloss_default_b7e04f0_seed1_20260612_1042,1,573,2970.732421875,0.002349853515625,/tmp/franka_compare_tracking_vs_baseline/tracking/seed1/summaries/events.out.tfevents.1781292087.batch-block7-02946
tracking_loss,franka_cube_trackloss_default_b7e04f0_seed1_20260612_1042,1,574,2973.979248046875,0.0026702880859375,/tmp/franka_compare_tracking_vs_baseline/tracking/seed1/summaries/events.out.tfevents.1781292087.batch-block7-02946
tracking_loss,franka_cube_trackloss_default_b7e04f0_seed1_20260612_1042,1,575,2942.037109375,0.0031585693359375,/tmp/franka_compare_tracking_vs_baseline/tracking/seed1/summaries/events.out.tfevents.1781292087.batch-block7-02946
tracking_loss,franka_cube_trackloss_default_b7e04f0_seed1_20260612_1042,1,576,2932.12109375,0.003936767578125,/tmp/franka_compare_tracking_vs_baseline/tracking/seed1/summaries/events.out.tfevents.1781292087.batch-block7-02946
tracking_loss,franka_cube_trackloss_default_b7e04f0_seed1_20260612_1042,1,577,2905.65185546875,0.0035552978515625,/tmp/franka_compare_tracking_vs_baseline/tracking/seed1/summaries/events.out.tfevents.1781292087.batch-block7-02946
tracking_loss,franka_cube_trackloss_default_b7e04f0_seed1_20260612_1042,1,578,2952.91357421875,0.003143310546875,/tmp/franka_compare_tracking_vs_baseline/tracking/seed1/summaries/events.out.tfevents.1781292087.batch-block7-02946
tracking_loss,franka_cube_trackloss_default_b7e04f0_seed1_20260612_1042,1,579,2970.87158203125,0.00357818603515625,/tmp/franka_compare_tracking_vs_baseline/tracking/seed1/summaries/events.out.tfevents.1781292087.batch-block7-02946
tracking_loss,franka_cube_trackloss_default_b7e04f0_seed1_20260612_1042,1,580,2978.846923828125,0.0037689208984375,/tmp/franka_compare_tracking_vs_baseline/tracking/seed1/summaries/events.out.tfevents.1781292087.batch-block7-02946
tracking_loss,franka_cube_trackloss_default_b7e04f0_seed1_20260612_1042,1,581,2992.44140625,0.0033111572265625,/tmp/franka_compare_tracking_vs_baseline/tracking/seed1/summaries/events.out.tfevents.1781292087.batch-block7-02946
tracking_loss,franka_cube_trackloss_default_b7e04f0_seed1_20260612_1042,1,582,2928.278076171875,0.00450897216796875,/tmp/franka_compare_tracking_vs_baseline/tracking/seed1/summaries/events.out.tfevents.1781292087.batch-block7-02946
tracking_loss,franka_cube_trackloss_default_b7e04f0_seed1_20260612_1042,1,583,3003.38525390625,0.00527191162109375,/tmp/franka_compare_tracking_vs_baseline/tracking/seed1/summaries/events.out.tfevents.1781292087.batch-block7-02946
tracking_loss,franka_cube_trackloss_default_b7e04f0_seed1_20260612_1042,1,584,3019.772705078125,0.00466156005859375,/tmp/franka_compare_tracking_vs_baseline/tracking/seed1/summaries/events.out.tfevents.1781292087.batch-block7-02946
tracking_loss,franka_cube_trackloss_default_b7e04f0_seed1_20260612_1042,1,585,2986.13330078125,0.004150390625,/tmp/franka_compare_tracking_vs_baseline/tracking/seed1/summaries/events.out.tfevents.1781292087.batch-block7-02946
tracking_loss,franka_cube_trackloss_default_b7e04f0_seed1_20260612_1042,1,586,2861.819580078125,0.00394439697265625,/tmp/franka_compare_tracking_vs_baseline/tracking/seed1/summaries/events.out.tfevents.1781292087.batch-block7-02946
tracking_loss,franka_cube_trackloss_default_b7e04f0_seed2_20260612_1042,2,1,19.795454025268555,0.0,/tmp/franka_compare_tracking_vs_baseline/tracking/seed2/summaries/events.out.tfevents.1781292087.batch-block7-01618
tracking_loss,franka_cube_trackloss_default_b7e04f0_seed2_20260612_1042,2,2,44.85963439941406,0.0,/tmp/franka_compare_tracking_vs_baseline/tracking/seed2/summaries/events.out.tfevents.1781292087.batch-block7-01618
tracking_loss,franka_cube_trackloss_default_b7e04f0_seed2_20260612_1042,2,3,71.56962585449219,0.0,/tmp/franka_compare_tracking_vs_baseline/tracking/seed2/summaries/events.out.tfevents.1781292087.batch-block7-01618
tracking_loss,franka_cube_trackloss_default_b7e04f0_seed2_20260612_1042,2,4,134.72976684570312,0.0,/tmp/franka_compare_tracking_vs_baseline/tracking/seed2/summaries/events.out.tfevents.1781292087.batch-block7-01618
tracking_loss,franka_cube_trackloss_default_b7e04f0_seed2_20260612_1042,2,5,261.2057189941406,0.0,/tmp/franka_compare_tracking_vs_baseline/tracking/seed2/summaries/events.out.tfevents.1781292087.batch-block7-01618
tracking_loss,franka_cube_trackloss_default_b7e04f0_seed2_20260612_1042,2,6,377.7814636230469,0.0,/tmp/franka_compare_tracking_vs_baseline/tracking/seed2/summaries/events.out.tfevents.1781292087.batch-block7-01618
tracking_loss,franka_cube_trackloss_default_b7e04f0_seed2_20260612_1042,2,7,448.0455017089844,0.0,/tmp/franka_compare_tracking_vs_baseline/tracking/seed2/summaries/events.out.tfevents.1781292087.batch-block7-01618
tracking_loss,franka_cube_trackloss_default_b7e04f0_seed2_20260612_1042,2,8,462.4124755859375,0.0,/tmp/franka_compare_tracking_vs_baseline/tracking/seed2/summaries/events.out.tfevents.1781292087.batch-block7-01618
tracking_loss,franka_cube_trackloss_default_b7e04f0_seed2_20260612_1042,2,9,490.4947814941406,0.0,/tmp/franka_compare_tracking_vs_baseline/tracking/seed2/summaries/events.out.tfevents.1781292087.batch-block7-01618
tracking_loss,franka_cube_trackloss_default_b7e04f0_seed2_20260612_1042,2,10,653.6224365234375,2.288818359375e-05,/tmp/franka_compare_tracking_vs_baseline/tracking/seed2/summaries/events.out.tfevents.1781292087.batch-block7-01618
tracking_loss,franka_cube_trackloss_default_b7e04f0_seed2_20260612_1042,2,11,487.6740417480469,0.0,/tmp/franka_compare_tracking_vs_baseline/tracking/seed2/summaries/events.out.tfevents.1781292087.batch-block7-01618
tracking_loss,franka_cube_trackloss_default_b7e04f0_seed2_20260612_1042,2,12,456.189453125,0.0,/tmp/franka_compare_tracking_vs_baseline/tracking/seed2/summaries/events.out.tfevents.1781292087.batch-block7-01618
tracking_loss,franka_cube_trackloss_default_b7e04f0_seed2_20260612_1042,2,13,512.27880859375,0.0,/tmp/franka_compare_tracking_vs_baseline/tracking/seed2/summaries/events.out.tfevents.1781292087.batch-block7-01618
tracking_loss,franka_cube_trackloss_default_b7e04f0_seed2_20260612_1042,2,14,608.4948120117188,0.0,/tmp/franka_compare_tracking_vs_baseline/tracking/seed2/summaries/events.out.tfevents.1781292087.batch-block7-01618
tracking_loss,franka_cube_trackloss_default_b7e04f0_seed2_20260612_1042,2,15,675.1504516601562,0.0,/tmp/franka_compare_tracking_vs_baseline/tracking/seed2/summaries/events.out.tfevents.1781292087.batch-block7-01618
tracking_loss,franka_cube_trackloss_default_b7e04f0_seed2_20260612_1042,2,16,731.4970092773438,0.0,/tmp/franka_compare_tracking_vs_baseline/tracking/seed2/summaries/events.out.tfevents.1781292087.batch-block7-01618
tracking_loss,franka_cube_trackloss_default_b7e04f0_seed2_20260612_1042,2,17,754.5717163085938,1.52587890625e-05,/tmp/franka_compare_tracking_vs_baseline/tracking/seed2/summaries/events.out.tfevents.1781292087.batch-block7-01618
tracking_loss,franka_cube_trackloss_default_b7e04f0_seed2_20260612_1042,2,18,814.2940673828125,0.0,/tmp/franka_compare_tracking_vs_baseline/tracking/seed2/summaries/events.out.tfevents.1781292087.batch-block7-01618
tracking_loss,franka_cube_trackloss_default_b7e04f0_seed2_20260612_1042,2,19,805.4916381835938,0.00014495849609375,/tmp/franka_compare_tracking_vs_baseline/tracking/seed2/summaries/events.out.tfevents.1781292087.batch-block7-01618
tracking_loss,franka_cube_trackloss_default_b7e04f0_seed2_20260612_1042,2,20,558.8828735351562,0.0,/tmp/franka_compare_tracking_vs_baseline/tracking/seed2/summaries/events.out.tfevents.1781292087.batch-block7-01618
tracking_loss,franka_cube_trackloss_default_b7e04f0_seed2_20260612_1042,2,21,744.444580078125,0.0,/tmp/franka_compare_tracking_vs_baseline/tracking/seed2/summaries/events.out.tfevents.1781292087.batch-block7-01618
tracking_loss,franka_cube_trackloss_default_b7e04f0_seed2_20260612_1042,2,22,863.758056640625,0.0,/tmp/franka_compare_tracking_vs_baseline/tracking/seed2/summaries/events.out.tfevents.1781292087.batch-block7-01618
tracking_loss,franka_cube_trackloss_default_b7e04f0_seed2_20260612_1042,2,23,906.472900390625,0.0,/tmp/franka_compare_tracking_vs_baseline/tracking/seed2/summaries/events.out.tfevents.1781292087.batch-block7-01618
tracking_loss,franka_cube_trackloss_default_b7e04f0_seed2_20260612_1042,2,24,999.5615234375,0.0,/tmp/franka_compare_tracking_vs_baseline/tracking/seed2/summaries/events.out.tfevents.1781292087.batch-block7-01618
tracking_loss,franka_cube_trackloss_default_b7e04f0_seed2_20260612_1042,2,25,1073.955078125,0.0,/tmp/franka_compare_tracking_vs_baseline/tracking/seed2/summaries/events.out.tfevents.1781292087.batch-block7-01618
tracking_loss,franka_cube_trackloss_default_b7e04f0_seed2_20260612_1042,2,26,1209.5555419921875,0.0,/tmp/franka_compare_tracking_vs_baseline/tracking/seed2/summaries/events.out.tfevents.1781292087.batch-block7-01618
tracking_loss,franka_cube_trackloss_default_b7e04f0_seed2_20260612_1042,2,27,1327.1827392578125,0.0,/tmp/franka_compare_tracking_vs_baseline/tracking/seed2/summaries/events.out.tfevents.1781292087.batch-block7-01618
tracking_loss,franka_cube_trackloss_default_b7e04f0_seed2_20260612_1042,2,28,1424.980712890625,0.0,/tmp/franka_compare_tracking_vs_baseline/tracking/seed2/summaries/events.out.tfevents.1781292087.batch-block7-01618
tracking_loss,franka_cube_trackloss_default_b7e04f0_seed2_20260612_1042,2,29,1531.3878173828125,7.62939453125e-06,/tmp/franka_compare_tracking_vs_baseline/tracking/seed2/summaries/events.out.tfevents.1781292087.batch-block7-01618
tracking_loss,franka_cube_trackloss_default_b7e04f0_seed2_20260612_1042,2,30,1777.715576171875,0.0,/tmp/franka_compare_tracking_vs_baseline/tracking/seed2/summaries/events.out.tfevents.1781292087.batch-block7-01618
tracking_loss,franka_cube_trackloss_default_b7e04f0_seed2_20260612_1042,2,31,1813.8187255859375,0.0,/tmp/franka_compare_tracking_vs_baseline/tracking/seed2/summaries/events.out.tfevents.1781292087.batch-block7-01618
tracking_loss,franka_cube_trackloss_default_b7e04f0_seed2_20260612_1042,2,32,1842.0184326171875,0.0,/tmp/franka_compare_tracking_vs_baseline/tracking/seed2/summaries/events.out.tfevents.1781292087.batch-block7-01618
tracking_loss,franka_cube_trackloss_default_b7e04f0_seed2_20260612_1042,2,33,1899.2109375,0.0,/tmp/franka_compare_tracking_vs_baseline/tracking/seed2/summaries/events.out.tfevents.1781292087.batch-block7-01618
tracking_loss,franka_cube_trackloss_default_b7e04f0_seed2_20260612_1042,2,34,1928.2904052734375,0.0,/tmp/franka_compare_tracking_vs_baseline/tracking/seed2/summaries/events.out.tfevents.1781292087.batch-block7-01618
tracking_loss,franka_cube_trackloss_default_b7e04f0_seed2_20260612_1042,2,35,1887.8311767578125,0.0,/tmp/franka_compare_tracking_vs_baseline/tracking/seed2/summaries/events.out.tfevents.1781292087.batch-block7-01618
tracking_loss,franka_cube_trackloss_default_b7e04f0_seed2_20260612_1042,2,36,1884.265625,0.0,/tmp/franka_compare_tracking_vs_baseline/tracking/seed2/summaries/events.out.tfevents.1781292087.batch-block7-01618
tracking_loss,franka_cube_trackloss_default_b7e04f0_seed2_20260612_1042,2,37,1939.568603515625,0.0,/tmp/franka_compare_tracking_vs_baseline/tracking/seed2/summaries/events.out.tfevents.1781292087.batch-block7-01618
tracking_loss,franka_cube_trackloss_default_b7e04f0_seed2_20260612_1042,2,38,1718.841552734375,7.62939453125e-06,/tmp/franka_compare_tracking_vs_baseline/tracking/seed2/summaries/events.out.tfevents.1781292087.batch-block7-01618
tracking_loss,franka_cube_trackloss_default_b7e04f0_seed2_20260612_1042,2,39,1977.88037109375,0.0,/tmp/franka_compare_tracking_vs_baseline/tracking/seed2/summaries/events.out.tfevents.1781292087.batch-block7-01618
tracking_loss,franka_cube_trackloss_default_b7e04f0_seed2_20260612_1042,2,40,2050.889892578125,0.0,/tmp/franka_compare_tracking_vs_baseline/tracking/seed2/summaries/events.out.tfevents.1781292087.batch-block7-01618
tracking_loss,franka_cube_trackloss_default_b7e04f0_seed2_20260612_1042,2,41,2135.649169921875,0.0,/tmp/franka_compare_tracking_vs_baseline/tracking/seed2/summaries/events.out.tfevents.1781292087.batch-block7-01618
tracking_loss,franka_cube_trackloss_default_b7e04f0_seed2_20260612_1042,2,42,2144.406982421875,0.0,/tmp/franka_compare_tracking_vs_baseline/tracking/seed2/summaries/events.out.tfevents.1781292087.batch-block7-01618
tracking_loss,franka_cube_trackloss_default_b7e04f0_seed2_20260612_1042,2,43,2163.8212890625,0.0,/tmp/franka_compare_tracking_vs_baseline/tracking/seed2/summaries/events.out.tfevents.1781292087.batch-block7-01618
tracking_loss,franka_cube_trackloss_default_b7e04f0_seed2_20260612_1042,2,44,2167.3056640625,7.62939453125e-06,/tmp/franka_compare_tracking_vs_baseline/tracking/seed2/summaries/events.out.tfevents.1781292087.batch-block7-01618
tracking_loss,franka_cube_trackloss_default_b7e04f0_seed2_20260612_1042,2,45,2170.71484375,0.0,/tmp/franka_compare_tracking_vs_baseline/tracking/seed2/summaries/events.out.tfevents.1781292087.batch-block7-01618
tracking_loss,franka_cube_trackloss_default_b7e04f0_seed2_20260612_1042,2,46,2199.249267578125,0.0,/tmp/franka_compare_tracking_vs_baseline/tracking/seed2/summaries/events.out.tfevents.1781292087.batch-block7-01618
tracking_loss,franka_cube_trackloss_default_b7e04f0_seed2_20260612_1042,2,47,1905.7943115234375,3.0517578125e-05,/tmp/franka_compare_tracking_vs_baseline/tracking/seed2/summaries/events.out.tfevents.1781292087.batch-block7-01618
tracking_loss,franka_cube_trackloss_default_b7e04f0_seed2_20260612_1042,2,48,2046.72216796875,7.62939453125e-06,/tmp/franka_compare_tracking_vs_baseline/tracking/seed2/summaries/events.out.tfevents.1781292087.batch-block7-01618
tracking_loss,franka_cube_trackloss_default_b7e04f0_seed2_20260612_1042,2,49,2234.19873046875,0.0,/tmp/franka_compare_tracking_vs_baseline/tracking/seed2/summaries/events.out.tfevents.1781292087.batch-block7-01618
tracking_loss,franka_cube_trackloss_default_b7e04f0_seed2_20260612_1042,2,50,2214.425048828125,9.918212890625e-05,/tmp/franka_compare_tracking_vs_baseline/tracking/seed2/summaries/events.out.tfevents.1781292087.batch-block7-01618
tracking_loss,franka_cube_trackloss_default_b7e04f0_seed2_20260612_1042,2,51,2259.81005859375,9.918212890625e-05,/tmp/franka_compare_tracking_vs_baseline/tracking/seed2/summaries/events.out.tfevents.1781292087.batch-block7-01618
tracking_loss,franka_cube_trackloss_default_b7e04f0_seed2_20260612_1042,2,52,2232.8876953125,0.0,/tmp/franka_compare_tracking_vs_baseline/tracking/seed2/summaries/events.out.tfevents.1781292087.batch-block7-01618
tracking_loss,franka_cube_trackloss_default_b7e04f0_seed2_20260612_1042,2,53,2210.698486328125,9.918212890625e-05,/tmp/franka_compare_tracking_vs_baseline/tracking/seed2/summaries/events.out.tfevents.1781292087.batch-block7-01618
tracking_loss,franka_cube_trackloss_default_b7e04f0_seed2_20260612_1042,2,54,2194.23095703125,5.340576171875e-05,/tmp/franka_compare_tracking_vs_baseline/tracking/seed2/summaries/events.out.tfevents.1781292087.batch-block7-01618
tracking_loss,franka_cube_trackloss_default_b7e04f0_seed2_20260612_1042,2,55,2231.36376953125,0.00028228759765625,/tmp/franka_compare_tracking_vs_baseline/tracking/seed2/summaries/events.out.tfevents.1781292087.batch-block7-01618
tracking_loss,franka_cube_trackloss_default_b7e04f0_seed2_20260612_1042,2,56,2289.65625,0.0,/tmp/franka_compare_tracking_vs_baseline/tracking/seed2/summaries/events.out.tfevents.1781292087.batch-block7-01618
tracking_loss,franka_cube_trackloss_default_b7e04f0_seed2_20260612_1042,2,57,2142.112060546875,2.288818359375e-05,/tmp/franka_compare_tracking_vs_baseline/tracking/seed2/summaries/events.out.tfevents.1781292087.batch-block7-01618
tracking_loss,franka_cube_trackloss_default_b7e04f0_seed2_20260612_1042,2,58,2255.454833984375,0.0,/tmp/franka_compare_tracking_vs_baseline/tracking/seed2/summaries/events.out.tfevents.1781292087.batch-block7-01618
tracking_loss,franka_cube_trackloss_default_b7e04f0_seed2_20260612_1042,2,59,2243.147705078125,0.0,/tmp/franka_compare_tracking_vs_baseline/tracking/seed2/summaries/events.out.tfevents.1781292087.batch-block7-01618
tracking_loss,franka_cube_trackloss_default_b7e04f0_seed2_20260612_1042,2,60,2282.826171875,0.0002899169921875,/tmp/franka_compare_tracking_vs_baseline/tracking/seed2/summaries/events.out.tfevents.1781292087.batch-block7-01618
tracking_loss,franka_cube_trackloss_default_b7e04f0_seed2_20260612_1042,2,61,2259.267333984375,0.00030517578125,/tmp/franka_compare_tracking_vs_baseline/tracking/seed2/summaries/events.out.tfevents.1781292087.batch-block7-01618
tracking_loss,franka_cube_trackloss_default_b7e04f0_seed2_20260612_1042,2,62,2284.247802734375,0.00048065185546875,/tmp/franka_compare_tracking_vs_baseline/tracking/seed2/summaries/events.out.tfevents.1781292087.batch-block7-01618
tracking_loss,franka_cube_trackloss_default_b7e04f0_seed2_20260612_1042,2,63,2278.98876953125,0.001251220703125,/tmp/franka_compare_tracking_vs_baseline/tracking/seed2/summaries/events.out.tfevents.1781292087.batch-block7-01618
tracking_loss,franka_cube_trackloss_default_b7e04f0_seed2_20260612_1042,2,64,2235.12646484375,0.0022125244140625,/tmp/franka_compare_tracking_vs_baseline/tracking/seed2/summaries/events.out.tfevents.1781292087.batch-block7-01618
tracking_loss,franka_cube_trackloss_default_b7e04f0_seed2_20260612_1042,2,65,2238.84521484375,0.002197265625,/tmp/franka_compare_tracking_vs_baseline/tracking/seed2/summaries/events.out.tfevents.1781292087.batch-block7-01618
tracking_loss,franka_cube_trackloss_default_b7e04f0_seed2_20260612_1042,2,66,2125.3017578125,0.00122833251953125,/tmp/franka_compare_tracking_vs_baseline/tracking/seed2/summaries/events.out.tfevents.1781292087.batch-block7-01618
tracking_loss,franka_cube_trackloss_default_b7e04f0_seed2_20260612_1042,2,67,2327.53564453125,0.00061798095703125,/tmp/franka_compare_tracking_vs_baseline/tracking/seed2/summaries/events.out.tfevents.1781292087.batch-block7-01618
tracking_loss,franka_cube_trackloss_default_b7e04f0_seed2_20260612_1042,2,68,2377.531982421875,0.00099945068359375,/tmp/franka_compare_tracking_vs_baseline/tracking/seed2/summaries/events.out.tfevents.1781292087.batch-block7-01618
tracking_loss,franka_cube_trackloss_default_b7e04f0_seed2_20260612_1042,2,69,2415.575439453125,0.001220703125,/tmp/franka_compare_tracking_vs_baseline/tracking/seed2/summaries/events.out.tfevents.1781292087.batch-block7-01618
tracking_loss,franka_cube_trackloss_default_b7e04f0_seed2_20260612_1042,2,70,2381.71142578125,0.00130462646484375,/tmp/franka_compare_tracking_vs_baseline/tracking/seed2/summaries/events.out.tfevents.1781292087.batch-block7-01618
tracking_loss,franka_cube_trackloss_default_b7e04f0_seed2_20260612_1042,2,71,2425.68896484375,0.00110626220703125,/tmp/franka_compare_tracking_vs_baseline/tracking/seed2/summaries/events.out.tfevents.1781292087.batch-block7-01618
tracking_loss,franka_cube_trackloss_default_b7e04f0_seed2_20260612_1042,2,72,2416.341796875,0.0003662109375,/tmp/franka_compare_tracking_vs_baseline/tracking/seed2/summaries/events.out.tfevents.1781292087.batch-block7-01618
tracking_loss,franka_cube_trackloss_default_b7e04f0_seed2_20260612_1042,2,73,2272.847412109375,0.00060272216796875,/tmp/franka_compare_tracking_vs_baseline/tracking/seed2/summaries/events.out.tfevents.1781292087.batch-block7-01618
tracking_loss,franka_cube_trackloss_default_b7e04f0_seed2_20260612_1042,2,74,2367.886474609375,0.00128936767578125,/tmp/franka_compare_tracking_vs_baseline/tracking/seed2/summaries/events.out.tfevents.1781292087.batch-block7-01618
tracking_loss,franka_cube_trackloss_default_b7e04f0_seed2_20260612_1042,2,75,2115.698486328125,0.00087738037109375,/tmp/franka_compare_tracking_vs_baseline/tracking/seed2/summaries/events.out.tfevents.1781292087.batch-block7-01618
tracking_loss,franka_cube_trackloss_default_b7e04f0_seed2_20260612_1042,2,76,2310.143798828125,0.0008392333984375,/tmp/franka_compare_tracking_vs_baseline/tracking/seed2/summaries/events.out.tfevents.1781292087.batch-block7-01618
tracking_loss,franka_cube_trackloss_default_b7e04f0_seed2_20260612_1042,2,77,2202.3974609375,0.00098419189453125,/tmp/franka_compare_tracking_vs_baseline/tracking/seed2/summaries/events.out.tfevents.1781292087.batch-block7-01618
tracking_loss,franka_cube_trackloss_default_b7e04f0_seed2_20260612_1042,2,78,2299.5927734375,0.0013427734375,/tmp/franka_compare_tracking_vs_baseline/tracking/seed2/summaries/events.out.tfevents.1781292087.batch-block7-01618
tracking_loss,franka_cube_trackloss_default_b7e04f0_seed2_20260612_1042,2,79,2259.503173828125,0.00170135498046875,/tmp/franka_compare_tracking_vs_baseline/tracking/seed2/summaries/events.out.tfevents.1781292087.batch-block7-01618
tracking_loss,franka_cube_trackloss_default_b7e04f0_seed2_20260612_1042,2,80,2392.581787109375,0.0019378662109375,/tmp/franka_compare_tracking_vs_baseline/tracking/seed2/summaries/events.out.tfevents.1781292087.batch-block7-01618
tracking_loss,franka_cube_trackloss_default_b7e04f0_seed2_20260612_1042,2,81,2351.11181640625,0.0015716552734375,/tmp/franka_compare_tracking_vs_baseline/tracking/seed2/summaries/events.out.tfevents.1781292087.batch-block7-01618
tracking_loss,franka_cube_trackloss_default_b7e04f0_seed2_20260612_1042,2,82,2295.82958984375,0.0010833740234375,/tmp/franka_compare_tracking_vs_baseline/tracking/seed2/summaries/events.out.tfevents.1781292087.batch-block7-01618
tracking_loss,franka_cube_trackloss_default_b7e04f0_seed2_20260612_1042,2,83,2366.438232421875,0.00112152099609375,/tmp/franka_compare_tracking_vs_baseline/tracking/seed2/summaries/events.out.tfevents.1781292087.batch-block7-01618
tracking_loss,franka_cube_trackloss_default_b7e04f0_seed2_20260612_1042,2,84,2328.136474609375,0.00070953369140625,/tmp/franka_compare_tracking_vs_baseline/tracking/seed2/summaries/events.out.tfevents.1781292087.batch-block7-01618
tracking_loss,franka_cube_trackloss_default_b7e04f0_seed2_20260612_1042,2,85,2140.3271484375,0.00069427490234375,/tmp/franka_compare_tracking_vs_baseline/tracking/seed2/summaries/events.out.tfevents.1781292087.batch-block7-01618
tracking_loss,franka_cube_trackloss_default_b7e04f0_seed2_20260612_1042,2,86,2261.783203125,0.0007171630859375,/tmp/franka_compare_tracking_vs_baseline/tracking/seed2/summaries/events.out.tfevents.1781292087.batch-block7-01618
tracking_loss,franka_cube_trackloss_default_b7e04f0_seed2_20260612_1042,2,87,2017.989501953125,0.00140380859375,/tmp/franka_compare_tracking_vs_baseline/tracking/seed2/summaries/events.out.tfevents.1781292087.batch-block7-01618
tracking_loss,franka_cube_trackloss_default_b7e04f0_seed2_20260612_1042,2,88,2116.5302734375,0.0003814697265625,/tmp/franka_compare_tracking_vs_baseline/tracking/seed2/summaries/events.out.tfevents.1781292087.batch-block7-01618
tracking_loss,franka_cube_trackloss_default_b7e04f0_seed2_20260612_1042,2,89,2077.6953125,0.000457763671875,/tmp/franka_compare_tracking_vs_baseline/tracking/seed2/summaries/events.out.tfevents.1781292087.batch-block7-01618
tracking_loss,franka_cube_trackloss_default_b7e04f0_seed2_20260612_1042,2,90,2046.3934326171875,0.0003662109375,/tmp/franka_compare_tracking_vs_baseline/tracking/seed2/summaries/events.out.tfevents.1781292087.batch-block7-01618
tracking_loss,franka_cube_trackloss_default_b7e04f0_seed2_20260612_1042,2,91,2097.215576171875,0.0,/tmp/franka_compare_tracking_vs_baseline/tracking/seed2/summaries/events.out.tfevents.1781292087.batch-block7-01618
tracking_loss,franka_cube_trackloss_default_b7e04f0_seed2_20260612_1042,2,92,2139.674072265625,0.0,/tmp/franka_compare_tracking_vs_baseline/tracking/seed2/summaries/events.out.tfevents.1781292087.batch-block7-01618
tracking_loss,franka_cube_trackloss_default_b7e04f0_seed2_20260612_1042,2,93,2210.018310546875,0.0001220703125,/tmp/franka_compare_tracking_vs_baseline/tracking/seed2/summaries/events.out.tfevents.1781292087.batch-block7-01618
tracking_loss,franka_cube_trackloss_default_b7e04f0_seed2_20260612_1042,2,94,2265.551025390625,0.0002593994140625,/tmp/franka_compare_tracking_vs_baseline/tracking/seed2/summaries/events.out.tfevents.1781292087.batch-block7-01618
tracking_loss,franka_cube_trackloss_default_b7e04f0_seed2_20260612_1042,2,95,2392.25341796875,0.00057220458984375,/tmp/franka_compare_tracking_vs_baseline/tracking/seed2/summaries/events.out.tfevents.1781292087.batch-block7-01618
tracking_loss,franka_cube_trackloss_default_b7e04f0_seed2_20260612_1042,2,96,2356.513427734375,0.00116729736328125,/tmp/franka_compare_tracking_vs_baseline/tracking/seed2/summaries/events.out.tfevents.1781292087.batch-block7-01618
tracking_loss,franka_cube_trackloss_default_b7e04f0_seed2_20260612_1042,2,97,2443.055908203125,0.00110626220703125,/tmp/franka_compare_tracking_vs_baseline/tracking/seed2/summaries/events.out.tfevents.1781292087.batch-block7-01618
tracking_loss,franka_cube_trackloss_default_b7e04f0_seed2_20260612_1042,2,98,2418.01904296875,0.00061798095703125,/tmp/franka_compare_tracking_vs_baseline/tracking/seed2/summaries/events.out.tfevents.1781292087.batch-block7-01618
tracking_loss,franka_cube_trackloss_default_b7e04f0_seed2_20260612_1042,2,99,2493.623779296875,0.00066375732421875,/tmp/franka_compare_tracking_vs_baseline/tracking/seed2/summaries/events.out.tfevents.1781292087.batch-block7-01618
tracking_loss,franka_cube_trackloss_default_b7e04f0_seed2_20260612_1042,2,100,2473.575927734375,0.0004119873046875,/tmp/franka_compare_tracking_vs_baseline/tracking/seed2/summaries/events.out.tfevents.1781292087.batch-block7-01618
tracking_loss,franka_cube_trackloss_default_b7e04f0_seed2_20260612_1042,2,101,2568.147216796875,0.0008392333984375,/tmp/franka_compare_tracking_vs_baseline/tracking/seed2/summaries/events.out.tfevents.1781292087.batch-block7-01618
tracking_loss,franka_cube_trackloss_default_b7e04f0_seed2_20260612_1042,2,102,2542.3984375,0.000732421875,/tmp/franka_compare_tracking_vs_baseline/tracking/seed2/summaries/events.out.tfevents.1781292087.batch-block7-01618
tracking_loss,franka_cube_trackloss_default_b7e04f0_seed2_20260612_1042,2,103,2523.837158203125,0.0006866455078125,/tmp/franka_compare_tracking_vs_baseline/tracking/seed2/summaries/events.out.tfevents.1781292087.batch-block7-01618
tracking_loss,franka_cube_trackloss_default_b7e04f0_seed2_20260612_1042,2,104,2358.86865234375,0.0007171630859375,/tmp/franka_compare_tracking_vs_baseline/tracking/seed2/summaries/events.out.tfevents.1781292087.batch-block7-01618
tracking_loss,franka_cube_trackloss_default_b7e04f0_seed2_20260612_1042,2,105,2445.179443359375,0.0012054443359375,/tmp/franka_compare_tracking_vs_baseline/tracking/seed2/summaries/events.out.tfevents.1781292087.batch-block7-01618
tracking_loss,franka_cube_trackloss_default_b7e04f0_seed2_20260612_1042,2,106,2493.228515625,0.0009918212890625,/tmp/franka_compare_tracking_vs_baseline/tracking/seed2/summaries/events.out.tfevents.1781292087.batch-block7-01618
tracking_loss,franka_cube_trackloss_default_b7e04f0_seed2_20260612_1042,2,107,2471.862548828125,0.0009002685546875,/tmp/franka_compare_tracking_vs_baseline/tracking/seed2/summaries/events.out.tfevents.1781292087.batch-block7-01618
tracking_loss,franka_cube_trackloss_default_b7e04f0_seed2_20260612_1042,2,108,2486.652099609375,0.00063323974609375,/tmp/franka_compare_tracking_vs_baseline/tracking/seed2/summaries/events.out.tfevents.1781292087.batch-block7-01618
tracking_loss,franka_cube_trackloss_default_b7e04f0_seed2_20260612_1042,2,109,2407.737548828125,0.00075531005859375,/tmp/franka_compare_tracking_vs_baseline/tracking/seed2/summaries/events.out.tfevents.1781292087.batch-block7-01618
tracking_loss,franka_cube_trackloss_default_b7e04f0_seed2_20260612_1042,2,110,2489.93994140625,0.00063323974609375,/tmp/franka_compare_tracking_vs_baseline/tracking/seed2/summaries/events.out.tfevents.1781292087.batch-block7-01618
tracking_loss,franka_cube_trackloss_default_b7e04f0_seed2_20260612_1042,2,111,2428.697998046875,0.000518798828125,/tmp/franka_compare_tracking_vs_baseline/tracking/seed2/summaries/events.out.tfevents.1781292087.batch-block7-01618
tracking_loss,franka_cube_trackloss_default_b7e04f0_seed2_20260612_1042,2,112,2464.36669921875,0.00023651123046875,/tmp/franka_compare_tracking_vs_baseline/tracking/seed2/summaries/events.out.tfevents.1781292087.batch-block7-01618
tracking_loss,franka_cube_trackloss_default_b7e04f0_seed2_20260612_1042,2,113,2387.260498046875,0.0003662109375,/tmp/franka_compare_tracking_vs_baseline/tracking/seed2/summaries/events.out.tfevents.1781292087.batch-block7-01618
tracking_loss,franka_cube_trackloss_default_b7e04f0_seed2_20260612_1042,2,114,2495.346923828125,0.00160980224609375,/tmp/franka_compare_tracking_vs_baseline/tracking/seed2/summaries/events.out.tfevents.1781292087.batch-block7-01618
tracking_loss,franka_cube_trackloss_default_b7e04f0_seed2_20260612_1042,2,115,2466.607666015625,0.00246429443359375,/tmp/franka_compare_tracking_vs_baseline/tracking/seed2/summaries/events.out.tfevents.1781292087.batch-block7-01618
tracking_loss,franka_cube_trackloss_default_b7e04f0_seed2_20260612_1042,2,116,2467.02783203125,0.00264739990234375,/tmp/franka_compare_tracking_vs_baseline/tracking/seed2/summaries/events.out.tfevents.1781292087.batch-block7-01618
tracking_loss,franka_cube_trackloss_default_b7e04f0_seed2_20260612_1042,2,117,2475.634033203125,0.00193023681640625,/tmp/franka_compare_tracking_vs_baseline/tracking/seed2/summaries/events.out.tfevents.1781292087.batch-block7-01618
tracking_loss,franka_cube_trackloss_default_b7e04f0_seed2_20260612_1042,2,118,2458.458740234375,0.00228118896484375,/tmp/franka_compare_tracking_vs_baseline/tracking/seed2/summaries/events.out.tfevents.1781292087.batch-block7-01618
tracking_loss,franka_cube_trackloss_default_b7e04f0_seed2_20260612_1042,2,119,2436.448486328125,0.0023345947265625,/tmp/franka_compare_tracking_vs_baseline/tracking/seed2/summaries/events.out.tfevents.1781292087.batch-block7-01618
tracking_loss,franka_cube_trackloss_default_b7e04f0_seed2_20260612_1042,2,120,2352.8427734375,0.00302886962890625,/tmp/franka_compare_tracking_vs_baseline/tracking/seed2/summaries/events.out.tfevents.1781292087.batch-block7-01618
tracking_loss,franka_cube_trackloss_default_b7e04f0_seed2_20260612_1042,2,121,2335.7734375,0.00299835205078125,/tmp/franka_compare_tracking_vs_baseline/tracking/seed2/summaries/events.out.tfevents.1781292087.batch-block7-01618
tracking_loss,franka_cube_trackloss_default_b7e04f0_seed2_20260612_1042,2,122,2346.201416015625,0.00244140625,/tmp/franka_compare_tracking_vs_baseline/tracking/seed2/summaries/events.out.tfevents.1781292087.batch-block7-01618
tracking_loss,franka_cube_trackloss_default_b7e04f0_seed2_20260612_1042,2,123,2514.74267578125,0.002105712890625,/tmp/franka_compare_tracking_vs_baseline/tracking/seed2/summaries/events.out.tfevents.1781292087.batch-block7-01618
tracking_loss,franka_cube_trackloss_default_b7e04f0_seed2_20260612_1042,2,124,2514.823974609375,0.00273895263671875,/tmp/franka_compare_tracking_vs_baseline/tracking/seed2/summaries/events.out.tfevents.1781292087.batch-block7-01618
tracking_loss,franka_cube_trackloss_default_b7e04f0_seed2_20260612_1042,2,125,2385.035888671875,0.0025177001953125,/tmp/franka_compare_tracking_vs_baseline/tracking/seed2/summaries/events.out.tfevents.1781292087.batch-block7-01618
tracking_loss,franka_cube_trackloss_default_b7e04f0_seed2_20260612_1042,2,126,2374.514892578125,0.00293731689453125,/tmp/franka_compare_tracking_vs_baseline/tracking/seed2/summaries/events.out.tfevents.1781292087.batch-block7-01618
tracking_loss,franka_cube_trackloss_default_b7e04f0_seed2_20260612_1042,2,127,2395.746826171875,0.0025634765625,/tmp/franka_compare_tracking_vs_baseline/tracking/seed2/summaries/events.out.tfevents.1781292087.batch-block7-01618
tracking_loss,franka_cube_trackloss_default_b7e04f0_seed2_20260612_1042,2,128,2557.3046875,0.00202178955078125,/tmp/franka_compare_tracking_vs_baseline/tracking/seed2/summaries/events.out.tfevents.1781292087.batch-block7-01618
tracking_loss,franka_cube_trackloss_default_b7e04f0_seed2_20260612_1042,2,129,2525.6728515625,0.00196075439453125,/tmp/franka_compare_tracking_vs_baseline/tracking/seed2/summaries/events.out.tfevents.1781292087.batch-block7-01618
tracking_loss,franka_cube_trackloss_default_b7e04f0_seed2_20260612_1042,2,130,2412.721435546875,0.0015106201171875,/tmp/franka_compare_tracking_vs_baseline/tracking/seed2/summaries/events.out.tfevents.1781292087.batch-block7-01618
tracking_loss,franka_cube_trackloss_default_b7e04f0_seed2_20260612_1042,2,131,2595.69873046875,0.00164794921875,/tmp/franka_compare_tracking_vs_baseline/tracking/seed2/summaries/events.out.tfevents.1781292087.batch-block7-01618
tracking_loss,franka_cube_trackloss_default_b7e04f0_seed2_20260612_1042,2,132,2388.447021484375,0.0013580322265625,/tmp/franka_compare_tracking_vs_baseline/tracking/seed2/summaries/events.out.tfevents.1781292087.batch-block7-01618
tracking_loss,franka_cube_trackloss_default_b7e04f0_seed2_20260612_1042,2,133,2497.239013671875,0.002471923828125,/tmp/franka_compare_tracking_vs_baseline/tracking/seed2/summaries/events.out.tfevents.1781292087.batch-block7-01618
tracking_loss,franka_cube_trackloss_default_b7e04f0_seed2_20260612_1042,2,134,2487.549560546875,0.0020599365234375,/tmp/franka_compare_tracking_vs_baseline/tracking/seed2/summaries/events.out.tfevents.1781292087.batch-block7-01618
tracking_loss,franka_cube_trackloss_default_b7e04f0_seed2_20260612_1042,2,135,2553.424560546875,0.00179290771484375,/tmp/franka_compare_tracking_vs_baseline/tracking/seed2/summaries/events.out.tfevents.1781292087.batch-block7-01618
tracking_loss,franka_cube_trackloss_default_b7e04f0_seed2_20260612_1042,2,136,2538.586181640625,0.0017242431640625,/tmp/franka_compare_tracking_vs_baseline/tracking/seed2/summaries/events.out.tfevents.1781292087.batch-block7-01618
tracking_loss,franka_cube_trackloss_default_b7e04f0_seed2_20260612_1042,2,137,2511.51806640625,0.0013427734375,/tmp/franka_compare_tracking_vs_baseline/tracking/seed2/summaries/events.out.tfevents.1781292087.batch-block7-01618
tracking_loss,franka_cube_trackloss_default_b7e04f0_seed2_20260612_1042,2,138,2561.62646484375,0.00096893310546875,/tmp/franka_compare_tracking_vs_baseline/tracking/seed2/summaries/events.out.tfevents.1781292087.batch-block7-01618
tracking_loss,franka_cube_trackloss_default_b7e04f0_seed2_20260612_1042,2,139,2626.44970703125,0.0007171630859375,/tmp/franka_compare_tracking_vs_baseline/tracking/seed2/summaries/events.out.tfevents.1781292087.batch-block7-01618
tracking_loss,franka_cube_trackloss_default_b7e04f0_seed2_20260612_1042,2,140,2564.72265625,0.00061798095703125,/tmp/franka_compare_tracking_vs_baseline/tracking/seed2/summaries/events.out.tfevents.1781292087.batch-block7-01618
tracking_loss,franka_cube_trackloss_default_b7e04f0_seed2_20260612_1042,2,141,2450.176025390625,0.000762939453125,/tmp/franka_compare_tracking_vs_baseline/tracking/seed2/summaries/events.out.tfevents.1781292087.batch-block7-01618
tracking_loss,franka_cube_trackloss_default_b7e04f0_seed2_20260612_1042,2,142,2530.29833984375,0.00205230712890625,/tmp/franka_compare_tracking_vs_baseline/tracking/seed2/summaries/events.out.tfevents.1781292087.batch-block7-01618
tracking_loss,franka_cube_trackloss_default_b7e04f0_seed2_20260612_1042,2,143,2567.69970703125,0.00238800048828125,/tmp/franka_compare_tracking_vs_baseline/tracking/seed2/summaries/events.out.tfevents.1781292087.batch-block7-01618
tracking_loss,franka_cube_trackloss_default_b7e04f0_seed2_20260612_1042,2,144,2579.535400390625,0.002349853515625,/tmp/franka_compare_tracking_vs_baseline/tracking/seed2/summaries/events.out.tfevents.1781292087.batch-block7-01618
tracking_loss,franka_cube_trackloss_default_b7e04f0_seed2_20260612_1042,2,145,2519.9775390625,0.00164031982421875,/tmp/franka_compare_tracking_vs_baseline/tracking/seed2/summaries/events.out.tfevents.1781292087.batch-block7-01618
tracking_loss,franka_cube_trackloss_default_b7e04f0_seed2_20260612_1042,2,146,2526.290283203125,0.001617431640625,/tmp/franka_compare_tracking_vs_baseline/tracking/seed2/summaries/events.out.tfevents.1781292087.batch-block7-01618
tracking_loss,franka_cube_trackloss_default_b7e04f0_seed2_20260612_1042,2,147,2533.7099609375,0.00098419189453125,/tmp/franka_compare_tracking_vs_baseline/tracking/seed2/summaries/events.out.tfevents.1781292087.batch-block7-01618
tracking_loss,franka_cube_trackloss_default_b7e04f0_seed2_20260612_1042,2,148,2574.667724609375,0.00054168701171875,/tmp/franka_compare_tracking_vs_baseline/tracking/seed2/summaries/events.out.tfevents.1781292087.batch-block7-01618
tracking_loss,franka_cube_trackloss_default_b7e04f0_seed2_20260612_1042,2,149,2552.41796875,0.00031280517578125,/tmp/franka_compare_tracking_vs_baseline/tracking/seed2/summaries/events.out.tfevents.1781292087.batch-block7-01618
tracking_loss,franka_cube_trackloss_default_b7e04f0_seed2_20260612_1042,2,150,2390.8115234375,0.000152587890625,/tmp/franka_compare_tracking_vs_baseline/tracking/seed2/summaries/events.out.tfevents.1781292087.batch-block7-01618
tracking_loss,franka_cube_trackloss_default_b7e04f0_seed2_20260612_1042,2,151,2588.35205078125,0.0007781982421875,/tmp/franka_compare_tracking_vs_baseline/tracking/seed2/summaries/events.out.tfevents.1781292087.batch-block7-01618
tracking_loss,franka_cube_trackloss_default_b7e04f0_seed2_20260612_1042,2,152,2519.517822265625,0.00125885009765625,/tmp/franka_compare_tracking_vs_baseline/tracking/seed2/summaries/events.out.tfevents.1781292087.batch-block7-01618
tracking_loss,franka_cube_trackloss_default_b7e04f0_seed2_20260612_1042,2,153,2558.824951171875,0.001068115234375,/tmp/franka_compare_tracking_vs_baseline/tracking/seed2/summaries/events.out.tfevents.1781292087.batch-block7-01618
tracking_loss,franka_cube_trackloss_default_b7e04f0_seed2_20260612_1042,2,154,2581.3095703125,0.00107574462890625,/tmp/franka_compare_tracking_vs_baseline/tracking/seed2/summaries/events.out.tfevents.1781292087.batch-block7-01618
tracking_loss,franka_cube_trackloss_default_b7e04f0_seed2_20260612_1042,2,155,2520.039794921875,0.00112152099609375,/tmp/franka_compare_tracking_vs_baseline/tracking/seed2/summaries/events.out.tfevents.1781292087.batch-block7-01618
tracking_loss,franka_cube_trackloss_default_b7e04f0_seed2_20260612_1042,2,156,2590.991455078125,0.00092315673828125,/tmp/franka_compare_tracking_vs_baseline/tracking/seed2/summaries/events.out.tfevents.1781292087.batch-block7-01618
tracking_loss,franka_cube_trackloss_default_b7e04f0_seed2_20260612_1042,2,157,2581.0546875,0.00078582763671875,/tmp/franka_compare_tracking_vs_baseline/tracking/seed2/summaries/events.out.tfevents.1781292087.batch-block7-01618
tracking_loss,franka_cube_trackloss_default_b7e04f0_seed2_20260612_1042,2,158,2544.173095703125,0.00090789794921875,/tmp/franka_compare_tracking_vs_baseline/tracking/seed2/summaries/events.out.tfevents.1781292087.batch-block7-01618
tracking_loss,franka_cube_trackloss_default_b7e04f0_seed2_20260612_1042,2,159,2619.428955078125,0.00040435791015625,/tmp/franka_compare_tracking_vs_baseline/tracking/seed2/summaries/events.out.tfevents.1781292087.batch-block7-01618
tracking_loss,franka_cube_trackloss_default_b7e04f0_seed2_20260612_1042,2,160,2523.071044921875,0.00061798095703125,/tmp/franka_compare_tracking_vs_baseline/tracking/seed2/summaries/events.out.tfevents.1781292087.batch-block7-01618
tracking_loss,franka_cube_trackloss_default_b7e04f0_seed2_20260612_1042,2,161,2544.702392578125,0.00147247314453125,/tmp/franka_compare_tracking_vs_baseline/tracking/seed2/summaries/events.out.tfevents.1781292087.batch-block7-01618
tracking_loss,franka_cube_trackloss_default_b7e04f0_seed2_20260612_1042,2,162,2608.6376953125,0.00064849853515625,/tmp/franka_compare_tracking_vs_baseline/tracking/seed2/summaries/events.out.tfevents.1781292087.batch-block7-01618
tracking_loss,franka_cube_trackloss_default_b7e04f0_seed2_20260612_1042,2,163,2612.428955078125,0.0004730224609375,/tmp/franka_compare_tracking_vs_baseline/tracking/seed2/summaries/events.out.tfevents.1781292087.batch-block7-01618
tracking_loss,franka_cube_trackloss_default_b7e04f0_seed2_20260612_1042,2,164,2584.825927734375,0.00018310546875,/tmp/franka_compare_tracking_vs_baseline/tracking/seed2/summaries/events.out.tfevents.1781292087.batch-block7-01618
tracking_loss,franka_cube_trackloss_default_b7e04f0_seed2_20260612_1042,2,165,2603.321533203125,0.00067901611328125,/tmp/franka_compare_tracking_vs_baseline/tracking/seed2/summaries/events.out.tfevents.1781292087.batch-block7-01618
tracking_loss,franka_cube_trackloss_default_b7e04f0_seed2_20260612_1042,2,166,2571.126953125,0.00093841552734375,/tmp/franka_compare_tracking_vs_baseline/tracking/seed2/summaries/events.out.tfevents.1781292087.batch-block7-01618
tracking_loss,franka_cube_trackloss_default_b7e04f0_seed2_20260612_1042,2,167,2632.692138671875,0.00122833251953125,/tmp/franka_compare_tracking_vs_baseline/tracking/seed2/summaries/events.out.tfevents.1781292087.batch-block7-01618
tracking_loss,franka_cube_trackloss_default_b7e04f0_seed2_20260612_1042,2,168,2575.97021484375,0.0014801025390625,/tmp/franka_compare_tracking_vs_baseline/tracking/seed2/summaries/events.out.tfevents.1781292087.batch-block7-01618
tracking_loss,franka_cube_trackloss_default_b7e04f0_seed2_20260612_1042,2,169,2471.600341796875,0.0010833740234375,/tmp/franka_compare_tracking_vs_baseline/tracking/seed2/summaries/events.out.tfevents.1781292087.batch-block7-01618
tracking_loss,franka_cube_trackloss_default_b7e04f0_seed2_20260612_1042,2,170,2472.119384765625,0.0020294189453125,/tmp/franka_compare_tracking_vs_baseline/tracking/seed2/summaries/events.out.tfevents.1781292087.batch-block7-01618
tracking_loss,franka_cube_trackloss_default_b7e04f0_seed2_20260612_1042,2,171,2526.63623046875,0.00174713134765625,/tmp/franka_compare_tracking_vs_baseline/tracking/seed2/summaries/events.out.tfevents.1781292087.batch-block7-01618
tracking_loss,franka_cube_trackloss_default_b7e04f0_seed2_20260612_1042,2,172,2564.073486328125,0.001739501953125,/tmp/franka_compare_tracking_vs_baseline/tracking/seed2/summaries/events.out.tfevents.1781292087.batch-block7-01618
tracking_loss,franka_cube_trackloss_default_b7e04f0_seed2_20260612_1042,2,173,2522.948486328125,0.0013580322265625,/tmp/franka_compare_tracking_vs_baseline/tracking/seed2/summaries/events.out.tfevents.1781292087.batch-block7-01618
tracking_loss,franka_cube_trackloss_default_b7e04f0_seed2_20260612_1042,2,174,2598.178955078125,0.001129150390625,/tmp/franka_compare_tracking_vs_baseline/tracking/seed2/summaries/events.out.tfevents.1781292087.batch-block7-01618
tracking_loss,franka_cube_trackloss_default_b7e04f0_seed2_20260612_1042,2,175,2568.227783203125,0.00164031982421875,/tmp/franka_compare_tracking_vs_baseline/tracking/seed2/summaries/events.out.tfevents.1781292087.batch-block7-01618
tracking_loss,franka_cube_trackloss_default_b7e04f0_seed2_20260612_1042,2,176,2633.112548828125,0.0016632080078125,/tmp/franka_compare_tracking_vs_baseline/tracking/seed2/summaries/events.out.tfevents.1781292087.batch-block7-01618
tracking_loss,franka_cube_trackloss_default_b7e04f0_seed2_20260612_1042,2,177,2571.25341796875,0.000885009765625,/tmp/franka_compare_tracking_vs_baseline/tracking/seed2/summaries/events.out.tfevents.1781292087.batch-block7-01618
tracking_loss,franka_cube_trackloss_default_b7e04f0_seed2_20260612_1042,2,178,2542.6064453125,0.0007781982421875,/tmp/franka_compare_tracking_vs_baseline/tracking/seed2/summaries/events.out.tfevents.1781292087.batch-block7-01618
tracking_loss,franka_cube_trackloss_default_b7e04f0_seed2_20260612_1042,2,179,2478.379150390625,0.0017852783203125,/tmp/franka_compare_tracking_vs_baseline/tracking/seed2/summaries/events.out.tfevents.1781292087.batch-block7-01618
tracking_loss,franka_cube_trackloss_default_b7e04f0_seed2_20260612_1042,2,180,2506.205810546875,0.00232696533203125,/tmp/franka_compare_tracking_vs_baseline/tracking/seed2/summaries/events.out.tfevents.1781292087.batch-block7-01618
tracking_loss,franka_cube_trackloss_default_b7e04f0_seed2_20260612_1042,2,181,2604.51318359375,0.001708984375,/tmp/franka_compare_tracking_vs_baseline/tracking/seed2/summaries/events.out.tfevents.1781292087.batch-block7-01618
tracking_loss,franka_cube_trackloss_default_b7e04f0_seed2_20260612_1042,2,182,2616.275146484375,0.001953125,/tmp/franka_compare_tracking_vs_baseline/tracking/seed2/summaries/events.out.tfevents.1781292087.batch-block7-01618
tracking_loss,franka_cube_trackloss_default_b7e04f0_seed2_20260612_1042,2,183,2646.115966796875,0.00191497802734375,/tmp/franka_compare_tracking_vs_baseline/tracking/seed2/summaries/events.out.tfevents.1781292087.batch-block7-01618
tracking_loss,franka_cube_trackloss_default_b7e04f0_seed2_20260612_1042,2,184,2668.87646484375,0.00148773193359375,/tmp/franka_compare_tracking_vs_baseline/tracking/seed2/summaries/events.out.tfevents.1781292087.batch-block7-01618
tracking_loss,franka_cube_trackloss_default_b7e04f0_seed2_20260612_1042,2,185,2556.80224609375,0.00093841552734375,/tmp/franka_compare_tracking_vs_baseline/tracking/seed2/summaries/events.out.tfevents.1781292087.batch-block7-01618
tracking_loss,franka_cube_trackloss_default_b7e04f0_seed2_20260612_1042,2,186,2611.86572265625,0.0005340576171875,/tmp/franka_compare_tracking_vs_baseline/tracking/seed2/summaries/events.out.tfevents.1781292087.batch-block7-01618
tracking_loss,franka_cube_trackloss_default_b7e04f0_seed2_20260612_1042,2,187,2614.838623046875,8.392333984375e-05,/tmp/franka_compare_tracking_vs_baseline/tracking/seed2/summaries/events.out.tfevents.1781292087.batch-block7-01618
tracking_loss,franka_cube_trackloss_default_b7e04f0_seed2_20260612_1042,2,188,2558.546875,0.0001983642578125,/tmp/franka_compare_tracking_vs_baseline/tracking/seed2/summaries/events.out.tfevents.1781292087.batch-block7-01618
tracking_loss,franka_cube_trackloss_default_b7e04f0_seed2_20260612_1042,2,189,2608.275634765625,0.00139617919921875,/tmp/franka_compare_tracking_vs_baseline/tracking/seed2/summaries/events.out.tfevents.1781292087.batch-block7-01618
tracking_loss,franka_cube_trackloss_default_b7e04f0_seed2_20260612_1042,2,190,2660.36474609375,0.00160980224609375,/tmp/franka_compare_tracking_vs_baseline/tracking/seed2/summaries/events.out.tfevents.1781292087.batch-block7-01618
tracking_loss,franka_cube_trackloss_default_b7e04f0_seed2_20260612_1042,2,191,2649.118896484375,0.00218963623046875,/tmp/franka_compare_tracking_vs_baseline/tracking/seed2/summaries/events.out.tfevents.1781292087.batch-block7-01618
tracking_loss,franka_cube_trackloss_default_b7e04f0_seed2_20260612_1042,2,192,2577.403564453125,0.0020599365234375,/tmp/franka_compare_tracking_vs_baseline/tracking/seed2/summaries/events.out.tfevents.1781292087.batch-block7-01618
tracking_loss,franka_cube_trackloss_default_b7e04f0_seed2_20260612_1042,2,193,2524.103759765625,0.00154876708984375,/tmp/franka_compare_tracking_vs_baseline/tracking/seed2/summaries/events.out.tfevents.1781292087.batch-block7-01618
tracking_loss,franka_cube_trackloss_default_b7e04f0_seed2_20260612_1042,2,194,2628.224609375,0.00179290771484375,/tmp/franka_compare_tracking_vs_baseline/tracking/seed2/summaries/events.out.tfevents.1781292087.batch-block7-01618
tracking_loss,franka_cube_trackloss_default_b7e04f0_seed2_20260612_1042,2,195,2636.30029296875,0.0016632080078125,/tmp/franka_compare_tracking_vs_baseline/tracking/seed2/summaries/events.out.tfevents.1781292087.batch-block7-01618
tracking_loss,franka_cube_trackloss_default_b7e04f0_seed2_20260612_1042,2,196,2669.322021484375,0.0018463134765625,/tmp/franka_compare_tracking_vs_baseline/tracking/seed2/summaries/events.out.tfevents.1781292087.batch-block7-01618
tracking_loss,franka_cube_trackloss_default_b7e04f0_seed2_20260612_1042,2,197,2673.0205078125,0.00150299072265625,/tmp/franka_compare_tracking_vs_baseline/tracking/seed2/summaries/events.out.tfevents.1781292087.batch-block7-01618
tracking_loss,franka_cube_trackloss_default_b7e04f0_seed2_20260612_1042,2,198,2574.64306640625,0.0045623779296875,/tmp/franka_compare_tracking_vs_baseline/tracking/seed2/summaries/events.out.tfevents.1781292087.batch-block7-01618
tracking_loss,franka_cube_trackloss_default_b7e04f0_seed2_20260612_1042,2,199,2545.696044921875,0.0046234130859375,/tmp/franka_compare_tracking_vs_baseline/tracking/seed2/summaries/events.out.tfevents.1781292087.batch-block7-01618
tracking_loss,franka_cube_trackloss_default_b7e04f0_seed2_20260612_1042,2,200,2602.223876953125,0.00424957275390625,/tmp/franka_compare_tracking_vs_baseline/tracking/seed2/summaries/events.out.tfevents.1781292087.batch-block7-01618
tracking_loss,franka_cube_trackloss_default_b7e04f0_seed2_20260612_1042,2,201,2645.576171875,0.003662109375,/tmp/franka_compare_tracking_vs_baseline/tracking/seed2/summaries/events.out.tfevents.1781292087.batch-block7-01618
tracking_loss,franka_cube_trackloss_default_b7e04f0_seed2_20260612_1042,2,202,2680.122802734375,0.003448486328125,/tmp/franka_compare_tracking_vs_baseline/tracking/seed2/summaries/events.out.tfevents.1781292087.batch-block7-01618
tracking_loss,franka_cube_trackloss_default_b7e04f0_seed2_20260612_1042,2,203,2563.108154296875,0.00402069091796875,/tmp/franka_compare_tracking_vs_baseline/tracking/seed2/summaries/events.out.tfevents.1781292087.batch-block7-01618
tracking_loss,franka_cube_trackloss_default_b7e04f0_seed2_20260612_1042,2,204,2738.95751953125,0.00354766845703125,/tmp/franka_compare_tracking_vs_baseline/tracking/seed2/summaries/events.out.tfevents.1781292087.batch-block7-01618
tracking_loss,franka_cube_trackloss_default_b7e04f0_seed2_20260612_1042,2,205,2691.967529296875,0.00405120849609375,/tmp/franka_compare_tracking_vs_baseline/tracking/seed2/summaries/events.out.tfevents.1781292087.batch-block7-01618
tracking_loss,franka_cube_trackloss_default_b7e04f0_seed2_20260612_1042,2,206,2570.01220703125,0.00325775146484375,/tmp/franka_compare_tracking_vs_baseline/tracking/seed2/summaries/events.out.tfevents.1781292087.batch-block7-01618
tracking_loss,franka_cube_trackloss_default_b7e04f0_seed2_20260612_1042,2,207,2517.39208984375,0.0073089599609375,/tmp/franka_compare_tracking_vs_baseline/tracking/seed2/summaries/events.out.tfevents.1781292087.batch-block7-01618
tracking_loss,franka_cube_trackloss_default_b7e04f0_seed2_20260612_1042,2,208,2543.705810546875,0.03826904296875,/tmp/franka_compare_tracking_vs_baseline/tracking/seed2/summaries/events.out.tfevents.1781292087.batch-block7-01618
tracking_loss,franka_cube_trackloss_default_b7e04f0_seed2_20260612_1042,2,209,2560.935302734375,0.03560638427734375,/tmp/franka_compare_tracking_vs_baseline/tracking/seed2/summaries/events.out.tfevents.1781292087.batch-block7-01618
tracking_loss,franka_cube_trackloss_default_b7e04f0_seed2_20260612_1042,2,210,2649.81689453125,0.03055572509765625,/tmp/franka_compare_tracking_vs_baseline/tracking/seed2/summaries/events.out.tfevents.1781292087.batch-block7-01618
tracking_loss,franka_cube_trackloss_default_b7e04f0_seed2_20260612_1042,2,211,2697.899658203125,0.02198028564453125,/tmp/franka_compare_tracking_vs_baseline/tracking/seed2/summaries/events.out.tfevents.1781292087.batch-block7-01618
tracking_loss,franka_cube_trackloss_default_b7e04f0_seed2_20260612_1042,2,212,2672.1708984375,0.01770782470703125,/tmp/franka_compare_tracking_vs_baseline/tracking/seed2/summaries/events.out.tfevents.1781292087.batch-block7-01618
tracking_loss,franka_cube_trackloss_default_b7e04f0_seed2_20260612_1042,2,213,2691.07080078125,0.019317626953125,/tmp/franka_compare_tracking_vs_baseline/tracking/seed2/summaries/events.out.tfevents.1781292087.batch-block7-01618
tracking_loss,franka_cube_trackloss_default_b7e04f0_seed2_20260612_1042,2,214,2729.537109375,0.02120208740234375,/tmp/franka_compare_tracking_vs_baseline/tracking/seed2/summaries/events.out.tfevents.1781292087.batch-block7-01618
tracking_loss,franka_cube_trackloss_default_b7e04f0_seed2_20260612_1042,2,215,2737.1181640625,0.02617645263671875,/tmp/franka_compare_tracking_vs_baseline/tracking/seed2/summaries/events.out.tfevents.1781292087.batch-block7-01618
tracking_loss,franka_cube_trackloss_default_b7e04f0_seed2_20260612_1042,2,216,2672.766845703125,0.02841949462890625,/tmp/franka_compare_tracking_vs_baseline/tracking/seed2/summaries/events.out.tfevents.1781292087.batch-block7-01618
tracking_loss,franka_cube_trackloss_default_b7e04f0_seed2_20260612_1042,2,217,2793.940673828125,0.11774444580078125,/tmp/franka_compare_tracking_vs_baseline/tracking/seed2/summaries/events.out.tfevents.1781292087.batch-block7-01618
tracking_loss,franka_cube_trackloss_default_b7e04f0_seed2_20260612_1042,2,218,2924.157958984375,0.1653900146484375,/tmp/franka_compare_tracking_vs_baseline/tracking/seed2/summaries/events.out.tfevents.1781292087.batch-block7-01618
tracking_loss,franka_cube_trackloss_default_b7e04f0_seed2_20260612_1042,2,219,2955.317626953125,0.1737823486328125,/tmp/franka_compare_tracking_vs_baseline/tracking/seed2/summaries/events.out.tfevents.1781292087.batch-block7-01618
tracking_loss,franka_cube_trackloss_default_b7e04f0_seed2_20260612_1042,2,220,3164.548095703125,0.1717529296875,/tmp/franka_compare_tracking_vs_baseline/tracking/seed2/summaries/events.out.tfevents.1781292087.batch-block7-01618
tracking_loss,franka_cube_trackloss_default_b7e04f0_seed2_20260612_1042,2,221,3563.98388671875,0.1489105224609375,/tmp/franka_compare_tracking_vs_baseline/tracking/seed2/summaries/events.out.tfevents.1781292087.batch-block7-01618
tracking_loss,franka_cube_trackloss_default_b7e04f0_seed2_20260612_1042,2,222,3722.300537109375,0.1343231201171875,/tmp/franka_compare_tracking_vs_baseline/tracking/seed2/summaries/events.out.tfevents.1781292087.batch-block7-01618
tracking_loss,franka_cube_trackloss_default_b7e04f0_seed2_20260612_1042,2,223,4354.572265625,0.127593994140625,/tmp/franka_compare_tracking_vs_baseline/tracking/seed2/summaries/events.out.tfevents.1781292087.batch-block7-01618
tracking_loss,franka_cube_trackloss_default_b7e04f0_seed2_20260612_1042,2,224,4467.59912109375,0.11492919921875,/tmp/franka_compare_tracking_vs_baseline/tracking/seed2/summaries/events.out.tfevents.1781292087.batch-block7-01618
tracking_loss,franka_cube_trackloss_default_b7e04f0_seed2_20260612_1042,2,225,3979.226806640625,0.0961761474609375,/tmp/franka_compare_tracking_vs_baseline/tracking/seed2/summaries/events.out.tfevents.1781292087.batch-block7-01618
tracking_loss,franka_cube_trackloss_default_b7e04f0_seed2_20260612_1042,2,226,4099.72998046875,0.13472747802734375,/tmp/franka_compare_tracking_vs_baseline/tracking/seed2/summaries/events.out.tfevents.1781292087.batch-block7-01618
tracking_loss,franka_cube_trackloss_default_b7e04f0_seed2_20260612_1042,2,227,4389.064453125,0.2484283447265625,/tmp/franka_compare_tracking_vs_baseline/tracking/seed2/summaries/events.out.tfevents.1781292087.batch-block7-01618
tracking_loss,franka_cube_trackloss_default_b7e04f0_seed2_20260612_1042,2,228,4415.56640625,0.256683349609375,/tmp/franka_compare_tracking_vs_baseline/tracking/seed2/summaries/events.out.tfevents.1781292087.batch-block7-01618
tracking_loss,franka_cube_trackloss_default_b7e04f0_seed2_20260612_1042,2,229,4415.46533203125,0.251861572265625,/tmp/franka_compare_tracking_vs_baseline/tracking/seed2/summaries/events.out.tfevents.1781292087.batch-block7-01618
tracking_loss,franka_cube_trackloss_default_b7e04f0_seed2_20260612_1042,2,230,4478.1103515625,0.23323822021484375,/tmp/franka_compare_tracking_vs_baseline/tracking/seed2/summaries/events.out.tfevents.1781292087.batch-block7-01618
tracking_loss,franka_cube_trackloss_default_b7e04f0_seed2_20260612_1042,2,231,4686.9541015625,0.21462249755859375,/tmp/franka_compare_tracking_vs_baseline/tracking/seed2/summaries/events.out.tfevents.1781292087.batch-block7-01618
tracking_loss,franka_cube_trackloss_default_b7e04f0_seed2_20260612_1042,2,232,4797.3232421875,0.1890869140625,/tmp/franka_compare_tracking_vs_baseline/tracking/seed2/summaries/events.out.tfevents.1781292087.batch-block7-01618
tracking_loss,franka_cube_trackloss_default_b7e04f0_seed2_20260612_1042,2,233,5309.5615234375,0.1692047119140625,/tmp/franka_compare_tracking_vs_baseline/tracking/seed2/summaries/events.out.tfevents.1781292087.batch-block7-01618
tracking_loss,franka_cube_trackloss_default_b7e04f0_seed2_20260612_1042,2,234,4840.2802734375,0.15692138671875,/tmp/franka_compare_tracking_vs_baseline/tracking/seed2/summaries/events.out.tfevents.1781292087.batch-block7-01618
tracking_loss,franka_cube_trackloss_default_b7e04f0_seed2_20260612_1042,2,235,5258.47509765625,0.14507293701171875,/tmp/franka_compare_tracking_vs_baseline/tracking/seed2/summaries/events.out.tfevents.1781292087.batch-block7-01618
tracking_loss,franka_cube_trackloss_default_b7e04f0_seed2_20260612_1042,2,236,5216.6748046875,0.3336029052734375,/tmp/franka_compare_tracking_vs_baseline/tracking/seed2/summaries/events.out.tfevents.1781292087.batch-block7-01618
tracking_loss,franka_cube_trackloss_default_b7e04f0_seed2_20260612_1042,2,237,5205.92578125,0.356353759765625,/tmp/franka_compare_tracking_vs_baseline/tracking/seed2/summaries/events.out.tfevents.1781292087.batch-block7-01618
tracking_loss,franka_cube_trackloss_default_b7e04f0_seed2_20260612_1042,2,238,5707.10400390625,0.362579345703125,/tmp/franka_compare_tracking_vs_baseline/tracking/seed2/summaries/events.out.tfevents.1781292087.batch-block7-01618
tracking_loss,franka_cube_trackloss_default_b7e04f0_seed2_20260612_1042,2,239,5837.0,0.35691070556640625,/tmp/franka_compare_tracking_vs_baseline/tracking/seed2/summaries/events.out.tfevents.1781292087.batch-block7-01618
tracking_loss,franka_cube_trackloss_default_b7e04f0_seed2_20260612_1042,2,240,5861.220703125,0.342529296875,/tmp/franka_compare_tracking_vs_baseline/tracking/seed2/summaries/events.out.tfevents.1781292087.batch-block7-01618
tracking_loss,franka_cube_trackloss_default_b7e04f0_seed2_20260612_1042,2,241,6129.34814453125,0.33953857421875,/tmp/franka_compare_tracking_vs_baseline/tracking/seed2/summaries/events.out.tfevents.1781292087.batch-block7-01618
tracking_loss,franka_cube_trackloss_default_b7e04f0_seed2_20260612_1042,2,242,6213.43408203125,0.3416290283203125,/tmp/franka_compare_tracking_vs_baseline/tracking/seed2/summaries/events.out.tfevents.1781292087.batch-block7-01618
tracking_loss,franka_cube_trackloss_default_b7e04f0_seed2_20260612_1042,2,243,6537.0537109375,0.35240936279296875,/tmp/franka_compare_tracking_vs_baseline/tracking/seed2/summaries/events.out.tfevents.1781292087.batch-block7-01618
tracking_loss,franka_cube_trackloss_default_b7e04f0_seed2_20260612_1042,2,244,7344.03466796875,0.335601806640625,/tmp/franka_compare_tracking_vs_baseline/tracking/seed2/summaries/events.out.tfevents.1781292087.batch-block7-01618
tracking_loss,franka_cube_trackloss_default_b7e04f0_seed2_20260612_1042,2,245,7247.4990234375,0.45084381103515625,/tmp/franka_compare_tracking_vs_baseline/tracking/seed2/summaries/events.out.tfevents.1781292087.batch-block7-01618
tracking_loss,franka_cube_trackloss_default_b7e04f0_seed2_20260612_1042,2,246,8248.8671875,0.5423583984375,/tmp/franka_compare_tracking_vs_baseline/tracking/seed2/summaries/events.out.tfevents.1781292087.batch-block7-01618
tracking_loss,franka_cube_trackloss_default_b7e04f0_seed2_20260612_1042,2,247,8585.5029296875,0.56231689453125,/tmp/franka_compare_tracking_vs_baseline/tracking/seed2/summaries/events.out.tfevents.1781292087.batch-block7-01618
tracking_loss,franka_cube_trackloss_default_b7e04f0_seed2_20260612_1042,2,248,8767.572265625,0.5707321166992188,/tmp/franka_compare_tracking_vs_baseline/tracking/seed2/summaries/events.out.tfevents.1781292087.batch-block7-01618
tracking_loss,franka_cube_trackloss_default_b7e04f0_seed2_20260612_1042,2,249,8638.783203125,0.5660400390625,/tmp/franka_compare_tracking_vs_baseline/tracking/seed2/summaries/events.out.tfevents.1781292087.batch-block7-01618
tracking_loss,franka_cube_trackloss_default_b7e04f0_seed2_20260612_1042,2,250,9117.802734375,0.5621185302734375,/tmp/franka_compare_tracking_vs_baseline/tracking/seed2/summaries/events.out.tfevents.1781292087.batch-block7-01618
tracking_loss,franka_cube_trackloss_default_b7e04f0_seed2_20260612_1042,2,251,8996.2216796875,0.563079833984375,/tmp/franka_compare_tracking_vs_baseline/tracking/seed2/summaries/events.out.tfevents.1781292087.batch-block7-01618
tracking_loss,franka_cube_trackloss_default_b7e04f0_seed2_20260612_1042,2,252,8742.8203125,0.5740585327148438,/tmp/franka_compare_tracking_vs_baseline/tracking/seed2/summaries/events.out.tfevents.1781292087.batch-block7-01618
tracking_loss,franka_cube_trackloss_default_b7e04f0_seed2_20260612_1042,2,253,9695.2626953125,0.5582504272460938,/tmp/franka_compare_tracking_vs_baseline/tracking/seed2/summaries/events.out.tfevents.1781292087.batch-block7-01618
tracking_loss,franka_cube_trackloss_default_b7e04f0_seed2_20260612_1042,2,254,9792.875,0.4937896728515625,/tmp/franka_compare_tracking_vs_baseline/tracking/seed2/summaries/events.out.tfevents.1781292087.batch-block7-01618
tracking_loss,franka_cube_trackloss_default_b7e04f0_seed2_20260612_1042,2,255,9570.296875,0.6508102416992188,/tmp/franka_compare_tracking_vs_baseline/tracking/seed2/summaries/events.out.tfevents.1781292087.batch-block7-01618
tracking_loss,franka_cube_trackloss_default_b7e04f0_seed2_20260612_1042,2,256,9670.734375,0.6608963012695312,/tmp/franka_compare_tracking_vs_baseline/tracking/seed2/summaries/events.out.tfevents.1781292087.batch-block7-01618
tracking_loss,franka_cube_trackloss_default_b7e04f0_seed2_20260612_1042,2,257,9623.841796875,0.6722412109375,/tmp/franka_compare_tracking_vs_baseline/tracking/seed2/summaries/events.out.tfevents.1781292087.batch-block7-01618
tracking_loss,franka_cube_trackloss_default_b7e04f0_seed2_20260612_1042,2,258,10093.2099609375,0.6721343994140625,/tmp/franka_compare_tracking_vs_baseline/tracking/seed2/summaries/events.out.tfevents.1781292087.batch-block7-01618
tracking_loss,franka_cube_trackloss_default_b7e04f0_seed2_20260612_1042,2,259,10102.380859375,0.6566543579101562,/tmp/franka_compare_tracking_vs_baseline/tracking/seed2/summaries/events.out.tfevents.1781292087.batch-block7-01618
tracking_loss,franka_cube_trackloss_default_b7e04f0_seed2_20260612_1042,2,260,10111.41015625,0.656494140625,/tmp/franka_compare_tracking_vs_baseline/tracking/seed2/summaries/events.out.tfevents.1781292087.batch-block7-01618
tracking_loss,franka_cube_trackloss_default_b7e04f0_seed2_20260612_1042,2,261,10135.4873046875,0.6594390869140625,/tmp/franka_compare_tracking_vs_baseline/tracking/seed2/summaries/events.out.tfevents.1781292087.batch-block7-01618
tracking_loss,franka_cube_trackloss_default_b7e04f0_seed2_20260612_1042,2,262,10602.8818359375,0.6634521484375,/tmp/franka_compare_tracking_vs_baseline/tracking/seed2/summaries/events.out.tfevents.1781292087.batch-block7-01618
tracking_loss,franka_cube_trackloss_default_b7e04f0_seed2_20260612_1042,2,263,10861.62109375,0.5088272094726562,/tmp/franka_compare_tracking_vs_baseline/tracking/seed2/summaries/events.out.tfevents.1781292087.batch-block7-01618
tracking_loss,franka_cube_trackloss_default_b7e04f0_seed2_20260612_1042,2,264,10145.9013671875,0.6414718627929688,/tmp/franka_compare_tracking_vs_baseline/tracking/seed2/summaries/events.out.tfevents.1781292087.batch-block7-01618
tracking_loss,franka_cube_trackloss_default_b7e04f0_seed2_20260612_1042,2,265,9917.5068359375,0.6766128540039062,/tmp/franka_compare_tracking_vs_baseline/tracking/seed2/summaries/events.out.tfevents.1781292087.batch-block7-01618
tracking_loss,franka_cube_trackloss_default_b7e04f0_seed2_20260612_1042,2,266,9946.5869140625,0.6864471435546875,/tmp/franka_compare_tracking_vs_baseline/tracking/seed2/summaries/events.out.tfevents.1781292087.batch-block7-01618
tracking_loss,franka_cube_trackloss_default_b7e04f0_seed2_20260612_1042,2,267,10134.6669921875,0.6911163330078125,/tmp/franka_compare_tracking_vs_baseline/tracking/seed2/summaries/events.out.tfevents.1781292087.batch-block7-01618
tracking_loss,franka_cube_trackloss_default_b7e04f0_seed2_20260612_1042,2,268,10617.5849609375,0.67205810546875,/tmp/franka_compare_tracking_vs_baseline/tracking/seed2/summaries/events.out.tfevents.1781292087.batch-block7-01618
tracking_loss,franka_cube_trackloss_default_b7e04f0_seed2_20260612_1042,2,269,10508.5498046875,0.6716079711914062,/tmp/franka_compare_tracking_vs_baseline/tracking/seed2/summaries/events.out.tfevents.1781292087.batch-block7-01618
tracking_loss,franka_cube_trackloss_default_b7e04f0_seed2_20260612_1042,2,270,10917.125,0.6817703247070312,/tmp/franka_compare_tracking_vs_baseline/tracking/seed2/summaries/events.out.tfevents.1781292087.batch-block7-01618
tracking_loss,franka_cube_trackloss_default_b7e04f0_seed2_20260612_1042,2,271,10495.2900390625,0.6930313110351562,/tmp/franka_compare_tracking_vs_baseline/tracking/seed2/summaries/events.out.tfevents.1781292087.batch-block7-01618
tracking_loss,franka_cube_trackloss_default_b7e04f0_seed2_20260612_1042,2,272,10742.0810546875,0.6050491333007812,/tmp/franka_compare_tracking_vs_baseline/tracking/seed2/summaries/events.out.tfevents.1781292087.batch-block7-01618
tracking_loss,franka_cube_trackloss_default_b7e04f0_seed2_20260612_1042,2,273,10472.783203125,0.6132965087890625,/tmp/franka_compare_tracking_vs_baseline/tracking/seed2/summaries/events.out.tfevents.1781292087.batch-block7-01618
tracking_loss,franka_cube_trackloss_default_b7e04f0_seed2_20260612_1042,2,274,10781.142578125,0.69873046875,/tmp/franka_compare_tracking_vs_baseline/tracking/seed2/summaries/events.out.tfevents.1781292087.batch-block7-01618
tracking_loss,franka_cube_trackloss_default_b7e04f0_seed2_20260612_1042,2,275,10681.2919921875,0.7158584594726562,/tmp/franka_compare_tracking_vs_baseline/tracking/seed2/summaries/events.out.tfevents.1781292087.batch-block7-01618
tracking_loss,franka_cube_trackloss_default_b7e04f0_seed2_20260612_1042,2,276,10973.5361328125,0.7212905883789062,/tmp/franka_compare_tracking_vs_baseline/tracking/seed2/summaries/events.out.tfevents.1781292087.batch-block7-01618
tracking_loss,franka_cube_trackloss_default_b7e04f0_seed2_20260612_1042,2,277,11179.255859375,0.7214813232421875,/tmp/franka_compare_tracking_vs_baseline/tracking/seed2/summaries/events.out.tfevents.1781292087.batch-block7-01618
tracking_loss,franka_cube_trackloss_default_b7e04f0_seed2_20260612_1042,2,278,11039.390625,0.712615966796875,/tmp/franka_compare_tracking_vs_baseline/tracking/seed2/summaries/events.out.tfevents.1781292087.batch-block7-01618
tracking_loss,franka_cube_trackloss_default_b7e04f0_seed2_20260612_1042,2,279,11061.4296875,0.7091751098632812,/tmp/franka_compare_tracking_vs_baseline/tracking/seed2/summaries/events.out.tfevents.1781292087.batch-block7-01618
tracking_loss,franka_cube_trackloss_default_b7e04f0_seed2_20260612_1042,2,280,10901.638671875,0.7180862426757812,/tmp/franka_compare_tracking_vs_baseline/tracking/seed2/summaries/events.out.tfevents.1781292087.batch-block7-01618
tracking_loss,franka_cube_trackloss_default_b7e04f0_seed2_20260612_1042,2,281,11420.2392578125,0.689666748046875,/tmp/franka_compare_tracking_vs_baseline/tracking/seed2/summaries/events.out.tfevents.1781292087.batch-block7-01618
tracking_loss,franka_cube_trackloss_default_b7e04f0_seed2_20260612_1042,2,282,10955.236328125,0.5680313110351562,/tmp/franka_compare_tracking_vs_baseline/tracking/seed2/summaries/events.out.tfevents.1781292087.batch-block7-01618
tracking_loss,franka_cube_trackloss_default_b7e04f0_seed2_20260612_1042,2,283,11100.6123046875,0.7117080688476562,/tmp/franka_compare_tracking_vs_baseline/tracking/seed2/summaries/events.out.tfevents.1781292087.batch-block7-01618
tracking_loss,franka_cube_trackloss_default_b7e04f0_seed2_20260612_1042,2,284,11435.5947265625,0.7281265258789062,/tmp/franka_compare_tracking_vs_baseline/tracking/seed2/summaries/events.out.tfevents.1781292087.batch-block7-01618
tracking_loss,franka_cube_trackloss_default_b7e04f0_seed2_20260612_1042,2,285,11438.748046875,0.7305984497070312,/tmp/franka_compare_tracking_vs_baseline/tracking/seed2/summaries/events.out.tfevents.1781292087.batch-block7-01618
tracking_loss,franka_cube_trackloss_default_b7e04f0_seed2_20260612_1042,2,286,11545.9482421875,0.7352752685546875,/tmp/franka_compare_tracking_vs_baseline/tracking/seed2/summaries/events.out.tfevents.1781292087.batch-block7-01618
tracking_loss,franka_cube_trackloss_default_b7e04f0_seed2_20260612_1042,2,287,11715.982421875,0.7260360717773438,/tmp/franka_compare_tracking_vs_baseline/tracking/seed2/summaries/events.out.tfevents.1781292087.batch-block7-01618
tracking_loss,franka_cube_trackloss_default_b7e04f0_seed2_20260612_1042,2,288,11441.607421875,0.7099227905273438,/tmp/franka_compare_tracking_vs_baseline/tracking/seed2/summaries/events.out.tfevents.1781292087.batch-block7-01618
tracking_loss,franka_cube_trackloss_default_b7e04f0_seed2_20260612_1042,2,289,11383.154296875,0.7143630981445312,/tmp/franka_compare_tracking_vs_baseline/tracking/seed2/summaries/events.out.tfevents.1781292087.batch-block7-01618
tracking_loss,franka_cube_trackloss_default_b7e04f0_seed2_20260612_1042,2,290,11498.380859375,0.7128524780273438,/tmp/franka_compare_tracking_vs_baseline/tracking/seed2/summaries/events.out.tfevents.1781292087.batch-block7-01618
tracking_loss,franka_cube_trackloss_default_b7e04f0_seed2_20260612_1042,2,291,11500.53125,0.5604782104492188,/tmp/franka_compare_tracking_vs_baseline/tracking/seed2/summaries/events.out.tfevents.1781292087.batch-block7-01618
tracking_loss,franka_cube_trackloss_default_b7e04f0_seed2_20260612_1042,2,292,11355.314453125,0.671112060546875,/tmp/franka_compare_tracking_vs_baseline/tracking/seed2/summaries/events.out.tfevents.1781292087.batch-block7-01618
tracking_loss,franka_cube_trackloss_default_b7e04f0_seed2_20260612_1042,2,293,11646.4560546875,0.69854736328125,/tmp/franka_compare_tracking_vs_baseline/tracking/seed2/summaries/events.out.tfevents.1781292087.batch-block7-01618
tracking_loss,franka_cube_trackloss_default_b7e04f0_seed2_20260612_1042,2,294,11033.8984375,0.7100677490234375,/tmp/franka_compare_tracking_vs_baseline/tracking/seed2/summaries/events.out.tfevents.1781292087.batch-block7-01618
tracking_loss,franka_cube_trackloss_default_b7e04f0_seed2_20260612_1042,2,295,10810.2880859375,0.7121124267578125,/tmp/franka_compare_tracking_vs_baseline/tracking/seed2/summaries/events.out.tfevents.1781292087.batch-block7-01618
tracking_loss,franka_cube_trackloss_default_b7e04f0_seed2_20260612_1042,2,296,10906.935546875,0.7046432495117188,/tmp/franka_compare_tracking_vs_baseline/tracking/seed2/summaries/events.out.tfevents.1781292087.batch-block7-01618
tracking_loss,franka_cube_trackloss_default_b7e04f0_seed2_20260612_1042,2,297,11072.7919921875,0.6985244750976562,/tmp/franka_compare_tracking_vs_baseline/tracking/seed2/summaries/events.out.tfevents.1781292087.batch-block7-01618
tracking_loss,franka_cube_trackloss_default_b7e04f0_seed2_20260612_1042,2,298,11113.7880859375,0.7059097290039062,/tmp/franka_compare_tracking_vs_baseline/tracking/seed2/summaries/events.out.tfevents.1781292087.batch-block7-01618
tracking_loss,franka_cube_trackloss_default_b7e04f0_seed2_20260612_1042,2,299,11130.515625,0.7239227294921875,/tmp/franka_compare_tracking_vs_baseline/tracking/seed2/summaries/events.out.tfevents.1781292087.batch-block7-01618
tracking_loss,franka_cube_trackloss_default_b7e04f0_seed2_20260612_1042,2,300,11327.2470703125,0.6518020629882812,/tmp/franka_compare_tracking_vs_baseline/tracking/seed2/summaries/events.out.tfevents.1781292087.batch-block7-01618
tracking_loss,franka_cube_trackloss_default_b7e04f0_seed2_20260612_1042,2,301,11188.484375,0.6347503662109375,/tmp/franka_compare_tracking_vs_baseline/tracking/seed2/summaries/events.out.tfevents.1781292087.batch-block7-01618
tracking_loss,franka_cube_trackloss_default_b7e04f0_seed2_20260612_1042,2,302,11562.955078125,0.7179183959960938,/tmp/franka_compare_tracking_vs_baseline/tracking/seed2/summaries/events.out.tfevents.1781292087.batch-block7-01618
tracking_loss,franka_cube_trackloss_default_b7e04f0_seed2_20260612_1042,2,303,11537.8818359375,0.7428436279296875,/tmp/franka_compare_tracking_vs_baseline/tracking/seed2/summaries/events.out.tfevents.1781292087.batch-block7-01618
tracking_loss,franka_cube_trackloss_default_b7e04f0_seed2_20260612_1042,2,304,11326.36328125,0.7540206909179688,/tmp/franka_compare_tracking_vs_baseline/tracking/seed2/summaries/events.out.tfevents.1781292087.batch-block7-01618
tracking_loss,franka_cube_trackloss_default_b7e04f0_seed2_20260612_1042,2,305,11590.5810546875,0.7635269165039062,/tmp/franka_compare_tracking_vs_baseline/tracking/seed2/summaries/events.out.tfevents.1781292087.batch-block7-01618
tracking_loss,franka_cube_trackloss_default_b7e04f0_seed2_20260612_1042,2,306,11465.203125,0.7569503784179688,/tmp/franka_compare_tracking_vs_baseline/tracking/seed2/summaries/events.out.tfevents.1781292087.batch-block7-01618
tracking_loss,franka_cube_trackloss_default_b7e04f0_seed2_20260612_1042,2,307,11920.2724609375,0.753021240234375,/tmp/franka_compare_tracking_vs_baseline/tracking/seed2/summaries/events.out.tfevents.1781292087.batch-block7-01618
tracking_loss,franka_cube_trackloss_default_b7e04f0_seed2_20260612_1042,2,308,12012.412109375,0.760833740234375,/tmp/franka_compare_tracking_vs_baseline/tracking/seed2/summaries/events.out.tfevents.1781292087.batch-block7-01618
tracking_loss,franka_cube_trackloss_default_b7e04f0_seed2_20260612_1042,2,309,12183.3857421875,0.7524566650390625,/tmp/franka_compare_tracking_vs_baseline/tracking/seed2/summaries/events.out.tfevents.1781292087.batch-block7-01618
tracking_loss,franka_cube_trackloss_default_b7e04f0_seed2_20260612_1042,2,310,11816.408203125,0.6058883666992188,/tmp/franka_compare_tracking_vs_baseline/tracking/seed2/summaries/events.out.tfevents.1781292087.batch-block7-01618
tracking_loss,franka_cube_trackloss_default_b7e04f0_seed2_20260612_1042,2,311,12075.4609375,0.7384185791015625,/tmp/franka_compare_tracking_vs_baseline/tracking/seed2/summaries/events.out.tfevents.1781292087.batch-block7-01618
tracking_loss,franka_cube_trackloss_default_b7e04f0_seed2_20260612_1042,2,312,12140.8681640625,0.752471923828125,/tmp/franka_compare_tracking_vs_baseline/tracking/seed2/summaries/events.out.tfevents.1781292087.batch-block7-01618
tracking_loss,franka_cube_trackloss_default_b7e04f0_seed2_20260612_1042,2,313,12416.544921875,0.7646865844726562,/tmp/franka_compare_tracking_vs_baseline/tracking/seed2/summaries/events.out.tfevents.1781292087.batch-block7-01618
tracking_loss,franka_cube_trackloss_default_b7e04f0_seed2_20260612_1042,2,314,12019.2451171875,0.756561279296875,/tmp/franka_compare_tracking_vs_baseline/tracking/seed2/summaries/events.out.tfevents.1781292087.batch-block7-01618
tracking_loss,franka_cube_trackloss_default_b7e04f0_seed2_20260612_1042,2,315,12157.232421875,0.7574844360351562,/tmp/franka_compare_tracking_vs_baseline/tracking/seed2/summaries/events.out.tfevents.1781292087.batch-block7-01618
tracking_loss,franka_cube_trackloss_default_b7e04f0_seed2_20260612_1042,2,316,11888.16015625,0.7463226318359375,/tmp/franka_compare_tracking_vs_baseline/tracking/seed2/summaries/events.out.tfevents.1781292087.batch-block7-01618
tracking_loss,franka_cube_trackloss_default_b7e04f0_seed2_20260612_1042,2,317,12158.107421875,0.75128173828125,/tmp/franka_compare_tracking_vs_baseline/tracking/seed2/summaries/events.out.tfevents.1781292087.batch-block7-01618
tracking_loss,franka_cube_trackloss_default_b7e04f0_seed2_20260612_1042,2,318,12006.765625,0.7515029907226562,/tmp/franka_compare_tracking_vs_baseline/tracking/seed2/summaries/events.out.tfevents.1781292087.batch-block7-01618
tracking_loss,franka_cube_trackloss_default_b7e04f0_seed2_20260612_1042,2,319,11692.5888671875,0.6259918212890625,/tmp/franka_compare_tracking_vs_baseline/tracking/seed2/summaries/events.out.tfevents.1781292087.batch-block7-01618
tracking_loss,franka_cube_trackloss_default_b7e04f0_seed2_20260612_1042,2,320,12011.0107421875,0.7141494750976562,/tmp/franka_compare_tracking_vs_baseline/tracking/seed2/summaries/events.out.tfevents.1781292087.batch-block7-01618
tracking_loss,franka_cube_trackloss_default_b7e04f0_seed2_20260612_1042,2,321,12224.6767578125,0.7595901489257812,/tmp/franka_compare_tracking_vs_baseline/tracking/seed2/summaries/events.out.tfevents.1781292087.batch-block7-01618
tracking_loss,franka_cube_trackloss_default_b7e04f0_seed2_20260612_1042,2,322,12261.3876953125,0.7820663452148438,/tmp/franka_compare_tracking_vs_baseline/tracking/seed2/summaries/events.out.tfevents.1781292087.batch-block7-01618
tracking_loss,franka_cube_trackloss_default_b7e04f0_seed2_20260612_1042,2,323,12393.9599609375,0.7847824096679688,/tmp/franka_compare_tracking_vs_baseline/tracking/seed2/summaries/events.out.tfevents.1781292087.batch-block7-01618
tracking_loss,franka_cube_trackloss_default_b7e04f0_seed2_20260612_1042,2,324,12129.6455078125,0.7822113037109375,/tmp/franka_compare_tracking_vs_baseline/tracking/seed2/summaries/events.out.tfevents.1781292087.batch-block7-01618
tracking_loss,franka_cube_trackloss_default_b7e04f0_seed2_20260612_1042,2,325,12251.41015625,0.7717819213867188,/tmp/franka_compare_tracking_vs_baseline/tracking/seed2/summaries/events.out.tfevents.1781292087.batch-block7-01618
tracking_loss,franka_cube_trackloss_default_b7e04f0_seed2_20260612_1042,2,326,11959.0537109375,0.7664108276367188,/tmp/franka_compare_tracking_vs_baseline/tracking/seed2/summaries/events.out.tfevents.1781292087.batch-block7-01618
tracking_loss,franka_cube_trackloss_default_b7e04f0_seed2_20260612_1042,2,327,12052.0068359375,0.7773818969726562,/tmp/franka_compare_tracking_vs_baseline/tracking/seed2/summaries/events.out.tfevents.1781292087.batch-block7-01618
tracking_loss,franka_cube_trackloss_default_b7e04f0_seed2_20260612_1042,2,328,12474.6923828125,0.7169265747070312,/tmp/franka_compare_tracking_vs_baseline/tracking/seed2/summaries/events.out.tfevents.1781292087.batch-block7-01618
tracking_loss,franka_cube_trackloss_default_b7e04f0_seed2_20260612_1042,2,329,12414.9892578125,0.667816162109375,/tmp/franka_compare_tracking_vs_baseline/tracking/seed2/summaries/events.out.tfevents.1781292087.batch-block7-01618
tracking_loss,franka_cube_trackloss_default_b7e04f0_seed2_20260612_1042,2,330,12358.5537109375,0.7564239501953125,/tmp/franka_compare_tracking_vs_baseline/tracking/seed2/summaries/events.out.tfevents.1781292087.batch-block7-01618
tracking_loss,franka_cube_trackloss_default_b7e04f0_seed2_20260612_1042,2,331,12580.376953125,0.780364990234375,/tmp/franka_compare_tracking_vs_baseline/tracking/seed2/summaries/events.out.tfevents.1781292087.batch-block7-01618
tracking_loss,franka_cube_trackloss_default_b7e04f0_seed2_20260612_1042,2,332,12510.18359375,0.791748046875,/tmp/franka_compare_tracking_vs_baseline/tracking/seed2/summaries/events.out.tfevents.1781292087.batch-block7-01618
tracking_loss,franka_cube_trackloss_default_b7e04f0_seed2_20260612_1042,2,333,12073.7783203125,0.7905960083007812,/tmp/franka_compare_tracking_vs_baseline/tracking/seed2/summaries/events.out.tfevents.1781292087.batch-block7-01618
tracking_loss,franka_cube_trackloss_default_b7e04f0_seed2_20260612_1042,2,334,12173.6513671875,0.785186767578125,/tmp/franka_compare_tracking_vs_baseline/tracking/seed2/summaries/events.out.tfevents.1781292087.batch-block7-01618
tracking_loss,franka_cube_trackloss_default_b7e04f0_seed2_20260612_1042,2,335,12243.0869140625,0.7760467529296875,/tmp/franka_compare_tracking_vs_baseline/tracking/seed2/summaries/events.out.tfevents.1781292087.batch-block7-01618
tracking_loss,franka_cube_trackloss_default_b7e04f0_seed2_20260612_1042,2,336,12504.421875,0.784881591796875,/tmp/franka_compare_tracking_vs_baseline/tracking/seed2/summaries/events.out.tfevents.1781292087.batch-block7-01618
tracking_loss,franka_cube_trackloss_default_b7e04f0_seed2_20260612_1042,2,337,12701.921875,0.783355712890625,/tmp/franka_compare_tracking_vs_baseline/tracking/seed2/summaries/events.out.tfevents.1781292087.batch-block7-01618
tracking_loss,franka_cube_trackloss_default_b7e04f0_seed2_20260612_1042,2,338,12151.7587890625,0.6266937255859375,/tmp/franka_compare_tracking_vs_baseline/tracking/seed2/summaries/events.out.tfevents.1781292087.batch-block7-01618
tracking_loss,franka_cube_trackloss_default_b7e04f0_seed2_20260612_1042,2,339,12539.142578125,0.768035888671875,/tmp/franka_compare_tracking_vs_baseline/tracking/seed2/summaries/events.out.tfevents.1781292087.batch-block7-01618
tracking_loss,franka_cube_trackloss_default_b7e04f0_seed2_20260612_1042,2,340,12516.9072265625,0.7863540649414062,/tmp/franka_compare_tracking_vs_baseline/tracking/seed2/summaries/events.out.tfevents.1781292087.batch-block7-01618
tracking_loss,franka_cube_trackloss_default_b7e04f0_seed2_20260612_1042,2,341,12274.642578125,0.8075485229492188,/tmp/franka_compare_tracking_vs_baseline/tracking/seed2/summaries/events.out.tfevents.1781292087.batch-block7-01618
tracking_loss,franka_cube_trackloss_default_b7e04f0_seed2_20260612_1042,2,342,12627.0673828125,0.8131256103515625,/tmp/franka_compare_tracking_vs_baseline/tracking/seed2/summaries/events.out.tfevents.1781292087.batch-block7-01618
tracking_loss,franka_cube_trackloss_default_b7e04f0_seed2_20260612_1042,2,343,12332.5107421875,0.808502197265625,/tmp/franka_compare_tracking_vs_baseline/tracking/seed2/summaries/events.out.tfevents.1781292087.batch-block7-01618
tracking_loss,franka_cube_trackloss_default_b7e04f0_seed2_20260612_1042,2,344,12412.98828125,0.794921875,/tmp/franka_compare_tracking_vs_baseline/tracking/seed2/summaries/events.out.tfevents.1781292087.batch-block7-01618
tracking_loss,franka_cube_trackloss_default_b7e04f0_seed2_20260612_1042,2,345,12209.2919921875,0.8024215698242188,/tmp/franka_compare_tracking_vs_baseline/tracking/seed2/summaries/events.out.tfevents.1781292087.batch-block7-01618
tracking_loss,franka_cube_trackloss_default_b7e04f0_seed2_20260612_1042,2,346,12478.380859375,0.8073272705078125,/tmp/franka_compare_tracking_vs_baseline/tracking/seed2/summaries/events.out.tfevents.1781292087.batch-block7-01618
tracking_loss,franka_cube_trackloss_default_b7e04f0_seed2_20260612_1042,2,347,12357.751953125,0.6899261474609375,/tmp/franka_compare_tracking_vs_baseline/tracking/seed2/summaries/events.out.tfevents.1781292087.batch-block7-01618
tracking_loss,franka_cube_trackloss_default_b7e04f0_seed2_20260612_1042,2,348,12719.1982421875,0.7405166625976562,/tmp/franka_compare_tracking_vs_baseline/tracking/seed2/summaries/events.out.tfevents.1781292087.batch-block7-01618
tracking_loss,franka_cube_trackloss_default_b7e04f0_seed2_20260612_1042,2,349,12733.4658203125,0.7856903076171875,/tmp/franka_compare_tracking_vs_baseline/tracking/seed2/summaries/events.out.tfevents.1781292087.batch-block7-01618
tracking_loss,franka_cube_trackloss_default_b7e04f0_seed2_20260612_1042,2,350,12682.9580078125,0.8073348999023438,/tmp/franka_compare_tracking_vs_baseline/tracking/seed2/summaries/events.out.tfevents.1781292087.batch-block7-01618
tracking_loss,franka_cube_trackloss_default_b7e04f0_seed2_20260612_1042,2,351,12504.232421875,0.8083648681640625,/tmp/franka_compare_tracking_vs_baseline/tracking/seed2/summaries/events.out.tfevents.1781292087.batch-block7-01618
tracking_loss,franka_cube_trackloss_default_b7e04f0_seed2_20260612_1042,2,352,12612.80859375,0.8109512329101562,/tmp/franka_compare_tracking_vs_baseline/tracking/seed2/summaries/events.out.tfevents.1781292087.batch-block7-01618
tracking_loss,franka_cube_trackloss_default_b7e04f0_seed2_20260612_1042,2,353,12781.0576171875,0.7956924438476562,/tmp/franka_compare_tracking_vs_baseline/tracking/seed2/summaries/events.out.tfevents.1781292087.batch-block7-01618
tracking_loss,franka_cube_trackloss_default_b7e04f0_seed2_20260612_1042,2,354,12491.404296875,0.7883758544921875,/tmp/franka_compare_tracking_vs_baseline/tracking/seed2/summaries/events.out.tfevents.1781292087.batch-block7-01618
tracking_loss,franka_cube_trackloss_default_b7e04f0_seed2_20260612_1042,2,355,12455.658203125,0.7943344116210938,/tmp/franka_compare_tracking_vs_baseline/tracking/seed2/summaries/events.out.tfevents.1781292087.batch-block7-01618
tracking_loss,franka_cube_trackloss_default_b7e04f0_seed2_20260612_1042,2,356,12417.1630859375,0.7512283325195312,/tmp/franka_compare_tracking_vs_baseline/tracking/seed2/summaries/events.out.tfevents.1781292087.batch-block7-01618
tracking_loss,franka_cube_trackloss_default_b7e04f0_seed2_20260612_1042,2,357,12399.341796875,0.6687774658203125,/tmp/franka_compare_tracking_vs_baseline/tracking/seed2/summaries/events.out.tfevents.1781292087.batch-block7-01618
tracking_loss,franka_cube_trackloss_default_b7e04f0_seed2_20260612_1042,2,358,12413.9931640625,0.7792129516601562,/tmp/franka_compare_tracking_vs_baseline/tracking/seed2/summaries/events.out.tfevents.1781292087.batch-block7-01618
tracking_loss,franka_cube_trackloss_default_b7e04f0_seed2_20260612_1042,2,359,12704.0361328125,0.8037567138671875,/tmp/franka_compare_tracking_vs_baseline/tracking/seed2/summaries/events.out.tfevents.1781292087.batch-block7-01618
tracking_loss,franka_cube_trackloss_default_b7e04f0_seed2_20260612_1042,2,360,12752.7958984375,0.811737060546875,/tmp/franka_compare_tracking_vs_baseline/tracking/seed2/summaries/events.out.tfevents.1781292087.batch-block7-01618
tracking_loss,franka_cube_trackloss_default_b7e04f0_seed2_20260612_1042,2,361,12565.4501953125,0.8126602172851562,/tmp/franka_compare_tracking_vs_baseline/tracking/seed2/summaries/events.out.tfevents.1781292087.batch-block7-01618
tracking_loss,franka_cube_trackloss_default_b7e04f0_seed2_20260612_1042,2,362,12396.9775390625,0.8020477294921875,/tmp/franka_compare_tracking_vs_baseline/tracking/seed2/summaries/events.out.tfevents.1781292087.batch-block7-01618
tracking_loss,franka_cube_trackloss_default_b7e04f0_seed2_20260612_1042,2,363,12703.7587890625,0.7946853637695312,/tmp/franka_compare_tracking_vs_baseline/tracking/seed2/summaries/events.out.tfevents.1781292087.batch-block7-01618
tracking_loss,franka_cube_trackloss_default_b7e04f0_seed2_20260612_1042,2,364,12803.6982421875,0.801239013671875,/tmp/franka_compare_tracking_vs_baseline/tracking/seed2/summaries/events.out.tfevents.1781292087.batch-block7-01618
tracking_loss,franka_cube_trackloss_default_b7e04f0_seed2_20260612_1042,2,365,12597.64453125,0.8037872314453125,/tmp/franka_compare_tracking_vs_baseline/tracking/seed2/summaries/events.out.tfevents.1781292087.batch-block7-01618
tracking_loss,franka_cube_trackloss_default_b7e04f0_seed2_20260612_1042,2,366,12748.5361328125,0.64788818359375,/tmp/franka_compare_tracking_vs_baseline/tracking/seed2/summaries/events.out.tfevents.1781292087.batch-block7-01618
tracking_loss,franka_cube_trackloss_default_b7e04f0_seed2_20260612_1042,2,367,12656.353515625,0.7718353271484375,/tmp/franka_compare_tracking_vs_baseline/tracking/seed2/summaries/events.out.tfevents.1781292087.batch-block7-01618
tracking_loss,franka_cube_trackloss_default_b7e04f0_seed2_20260612_1042,2,368,12726.5888671875,0.7928695678710938,/tmp/franka_compare_tracking_vs_baseline/tracking/seed2/summaries/events.out.tfevents.1781292087.batch-block7-01618
tracking_loss,franka_cube_trackloss_default_b7e04f0_seed2_20260612_1042,2,369,12172.5048828125,0.81121826171875,/tmp/franka_compare_tracking_vs_baseline/tracking/seed2/summaries/events.out.tfevents.1781292087.batch-block7-01618
tracking_loss,franka_cube_trackloss_default_b7e04f0_seed2_20260612_1042,2,370,12125.044921875,0.8154449462890625,/tmp/franka_compare_tracking_vs_baseline/tracking/seed2/summaries/events.out.tfevents.1781292087.batch-block7-01618
tracking_loss,franka_cube_trackloss_default_b7e04f0_seed2_20260612_1042,2,371,12586.0537109375,0.8129730224609375,/tmp/franka_compare_tracking_vs_baseline/tracking/seed2/summaries/events.out.tfevents.1781292087.batch-block7-01618
tracking_loss,franka_cube_trackloss_default_b7e04f0_seed2_20260612_1042,2,372,12519.4736328125,0.8020172119140625,/tmp/franka_compare_tracking_vs_baseline/tracking/seed2/summaries/events.out.tfevents.1781292087.batch-block7-01618
tracking_loss,franka_cube_trackloss_default_b7e04f0_seed2_20260612_1042,2,373,12930.748046875,0.8039093017578125,/tmp/franka_compare_tracking_vs_baseline/tracking/seed2/summaries/events.out.tfevents.1781292087.batch-block7-01618
tracking_loss,franka_cube_trackloss_default_b7e04f0_seed2_20260612_1042,2,374,12433.46484375,0.8068618774414062,/tmp/franka_compare_tracking_vs_baseline/tracking/seed2/summaries/events.out.tfevents.1781292087.batch-block7-01618
tracking_loss,franka_cube_trackloss_default_b7e04f0_seed2_20260612_1042,2,375,12644.4462890625,0.7104415893554688,/tmp/franka_compare_tracking_vs_baseline/tracking/seed2/summaries/events.out.tfevents.1781292087.batch-block7-01618
tracking_loss,franka_cube_trackloss_default_b7e04f0_seed2_20260612_1042,2,376,12480.2294921875,0.7376480102539062,/tmp/franka_compare_tracking_vs_baseline/tracking/seed2/summaries/events.out.tfevents.1781292087.batch-block7-01618
tracking_loss,franka_cube_trackloss_default_b7e04f0_seed2_20260612_1042,2,377,12628.7060546875,0.7931365966796875,/tmp/franka_compare_tracking_vs_baseline/tracking/seed2/summaries/events.out.tfevents.1781292087.batch-block7-01618
tracking_loss,franka_cube_trackloss_default_b7e04f0_seed2_20260612_1042,2,378,12978.9130859375,0.8135223388671875,/tmp/franka_compare_tracking_vs_baseline/tracking/seed2/summaries/events.out.tfevents.1781292087.batch-block7-01618
tracking_loss,franka_cube_trackloss_default_b7e04f0_seed2_20260612_1042,2,379,12848.6845703125,0.818084716796875,/tmp/franka_compare_tracking_vs_baseline/tracking/seed2/summaries/events.out.tfevents.1781292087.batch-block7-01618
tracking_loss,franka_cube_trackloss_default_b7e04f0_seed2_20260612_1042,2,380,12585.130859375,0.8216705322265625,/tmp/franka_compare_tracking_vs_baseline/tracking/seed2/summaries/events.out.tfevents.1781292087.batch-block7-01618
tracking_loss,franka_cube_trackloss_default_b7e04f0_seed2_20260612_1042,2,381,12812.3798828125,0.8094253540039062,/tmp/franka_compare_tracking_vs_baseline/tracking/seed2/summaries/events.out.tfevents.1781292087.batch-block7-01618
tracking_loss,franka_cube_trackloss_default_b7e04f0_seed2_20260612_1042,2,382,12408.33203125,0.8041305541992188,/tmp/franka_compare_tracking_vs_baseline/tracking/seed2/summaries/events.out.tfevents.1781292087.batch-block7-01618
tracking_loss,franka_cube_trackloss_default_b7e04f0_seed2_20260612_1042,2,383,12665.5517578125,0.8121566772460938,/tmp/franka_compare_tracking_vs_baseline/tracking/seed2/summaries/events.out.tfevents.1781292087.batch-block7-01618
tracking_loss,franka_cube_trackloss_default_b7e04f0_seed2_20260612_1042,2,384,12765.7744140625,0.7827835083007812,/tmp/franka_compare_tracking_vs_baseline/tracking/seed2/summaries/events.out.tfevents.1781292087.batch-block7-01618
tracking_loss,franka_cube_trackloss_default_b7e04f0_seed2_20260612_1042,2,385,12320.0185546875,0.6806182861328125,/tmp/franka_compare_tracking_vs_baseline/tracking/seed2/summaries/events.out.tfevents.1781292087.batch-block7-01618
tracking_loss,franka_cube_trackloss_default_b7e04f0_seed2_20260612_1042,2,386,12507.955078125,0.7940826416015625,/tmp/franka_compare_tracking_vs_baseline/tracking/seed2/summaries/events.out.tfevents.1781292087.batch-block7-01618
tracking_loss,franka_cube_trackloss_default_b7e04f0_seed2_20260612_1042,2,387,12154.533203125,0.8139266967773438,/tmp/franka_compare_tracking_vs_baseline/tracking/seed2/summaries/events.out.tfevents.1781292087.batch-block7-01618
tracking_loss,franka_cube_trackloss_default_b7e04f0_seed2_20260612_1042,2,388,12729.8837890625,0.8271408081054688,/tmp/franka_compare_tracking_vs_baseline/tracking/seed2/summaries/events.out.tfevents.1781292087.batch-block7-01618
tracking_loss,franka_cube_trackloss_default_b7e04f0_seed2_20260612_1042,2,389,12961.0234375,0.8253250122070312,/tmp/franka_compare_tracking_vs_baseline/tracking/seed2/summaries/events.out.tfevents.1781292087.batch-block7-01618
tracking_loss,franka_cube_trackloss_default_b7e04f0_seed2_20260612_1042,2,390,12828.1376953125,0.81903076171875,/tmp/franka_compare_tracking_vs_baseline/tracking/seed2/summaries/events.out.tfevents.1781292087.batch-block7-01618
tracking_loss,franka_cube_trackloss_default_b7e04f0_seed2_20260612_1042,2,391,12799.8056640625,0.8068695068359375,/tmp/franka_compare_tracking_vs_baseline/tracking/seed2/summaries/events.out.tfevents.1781292087.batch-block7-01618
tracking_loss,franka_cube_trackloss_default_b7e04f0_seed2_20260612_1042,2,392,12382.0947265625,0.8142013549804688,/tmp/franka_compare_tracking_vs_baseline/tracking/seed2/summaries/events.out.tfevents.1781292087.batch-block7-01618
tracking_loss,franka_cube_trackloss_default_b7e04f0_seed2_20260612_1042,2,393,12743.9345703125,0.8140106201171875,/tmp/franka_compare_tracking_vs_baseline/tracking/seed2/summaries/events.out.tfevents.1781292087.batch-block7-01618
tracking_loss,franka_cube_trackloss_default_b7e04f0_seed2_20260612_1042,2,394,12902.546875,0.6706771850585938,/tmp/franka_compare_tracking_vs_baseline/tracking/seed2/summaries/events.out.tfevents.1781292087.batch-block7-01618
tracking_loss,franka_cube_trackloss_default_b7e04f0_seed2_20260612_1042,2,395,12744.0595703125,0.7872390747070312,/tmp/franka_compare_tracking_vs_baseline/tracking/seed2/summaries/events.out.tfevents.1781292087.batch-block7-01618
tracking_loss,franka_cube_trackloss_default_b7e04f0_seed2_20260612_1042,2,396,12961.529296875,0.8135833740234375,/tmp/franka_compare_tracking_vs_baseline/tracking/seed2/summaries/events.out.tfevents.1781292087.batch-block7-01618
tracking_loss,franka_cube_trackloss_default_b7e04f0_seed2_20260612_1042,2,397,12807.0009765625,0.8319854736328125,/tmp/franka_compare_tracking_vs_baseline/tracking/seed2/summaries/events.out.tfevents.1781292087.batch-block7-01618
tracking_loss,franka_cube_trackloss_default_b7e04f0_seed2_20260612_1042,2,398,12934.53125,0.8334732055664062,/tmp/franka_compare_tracking_vs_baseline/tracking/seed2/summaries/events.out.tfevents.1781292087.batch-block7-01618
tracking_loss,franka_cube_trackloss_default_b7e04f0_seed2_20260612_1042,2,399,13051.263671875,0.8338851928710938,/tmp/franka_compare_tracking_vs_baseline/tracking/seed2/summaries/events.out.tfevents.1781292087.batch-block7-01618
tracking_loss,franka_cube_trackloss_default_b7e04f0_seed2_20260612_1042,2,400,12765.71875,0.822662353515625,/tmp/franka_compare_tracking_vs_baseline/tracking/seed2/summaries/events.out.tfevents.1781292087.batch-block7-01618
tracking_loss,franka_cube_trackloss_default_b7e04f0_seed2_20260612_1042,2,401,12601.923828125,0.825225830078125,/tmp/franka_compare_tracking_vs_baseline/tracking/seed2/summaries/events.out.tfevents.1781292087.batch-block7-01618
tracking_loss,franka_cube_trackloss_default_b7e04f0_seed2_20260612_1042,2,402,12755.134765625,0.8268966674804688,/tmp/franka_compare_tracking_vs_baseline/tracking/seed2/summaries/events.out.tfevents.1781292087.batch-block7-01618
tracking_loss,franka_cube_trackloss_default_b7e04f0_seed2_20260612_1042,2,403,12635.99609375,0.74169921875,/tmp/franka_compare_tracking_vs_baseline/tracking/seed2/summaries/events.out.tfevents.1781292087.batch-block7-01618
tracking_loss,franka_cube_trackloss_default_b7e04f0_seed2_20260612_1042,2,404,12820.140625,0.735198974609375,/tmp/franka_compare_tracking_vs_baseline/tracking/seed2/summaries/events.out.tfevents.1781292087.batch-block7-01618
tracking_loss,franka_cube_trackloss_default_b7e04f0_seed2_20260612_1042,2,405,12970.4521484375,0.8084564208984375,/tmp/franka_compare_tracking_vs_baseline/tracking/seed2/summaries/events.out.tfevents.1781292087.batch-block7-01618
tracking_loss,franka_cube_trackloss_default_b7e04f0_seed2_20260612_1042,2,406,12964.419921875,0.8282546997070312,/tmp/franka_compare_tracking_vs_baseline/tracking/seed2/summaries/events.out.tfevents.1781292087.batch-block7-01618
tracking_loss,franka_cube_trackloss_default_b7e04f0_seed2_20260612_1042,2,407,13020.810546875,0.8339614868164062,/tmp/franka_compare_tracking_vs_baseline/tracking/seed2/summaries/events.out.tfevents.1781292087.batch-block7-01618
tracking_loss,franka_cube_trackloss_default_b7e04f0_seed2_20260612_1042,2,408,13034.861328125,0.8357620239257812,/tmp/franka_compare_tracking_vs_baseline/tracking/seed2/summaries/events.out.tfevents.1781292087.batch-block7-01618
tracking_loss,franka_cube_trackloss_default_b7e04f0_seed2_20260612_1042,2,409,12869.8994140625,0.8222732543945312,/tmp/franka_compare_tracking_vs_baseline/tracking/seed2/summaries/events.out.tfevents.1781292087.batch-block7-01618
tracking_loss,franka_cube_trackloss_default_b7e04f0_seed2_20260612_1042,2,410,13135.6171875,0.8188247680664062,/tmp/franka_compare_tracking_vs_baseline/tracking/seed2/summaries/events.out.tfevents.1781292087.batch-block7-01618
tracking_loss,franka_cube_trackloss_default_b7e04f0_seed2_20260612_1042,2,411,12523.0810546875,0.8240966796875,/tmp/franka_compare_tracking_vs_baseline/tracking/seed2/summaries/events.out.tfevents.1781292087.batch-block7-01618
tracking_loss,franka_cube_trackloss_default_b7e04f0_seed2_20260612_1042,2,412,12910.4345703125,0.8048248291015625,/tmp/franka_compare_tracking_vs_baseline/tracking/seed2/summaries/events.out.tfevents.1781292087.batch-block7-01618
tracking_loss,franka_cube_trackloss_default_b7e04f0_seed2_20260612_1042,2,413,13010.3857421875,0.6772308349609375,/tmp/franka_compare_tracking_vs_baseline/tracking/seed2/summaries/events.out.tfevents.1781292087.batch-block7-01618
tracking_loss,franka_cube_trackloss_default_b7e04f0_seed2_20260612_1042,2,414,13094.0126953125,0.8001480102539062,/tmp/franka_compare_tracking_vs_baseline/tracking/seed2/summaries/events.out.tfevents.1781292087.batch-block7-01618
tracking_loss,franka_cube_trackloss_default_b7e04f0_seed2_20260612_1042,2,415,12425.6259765625,0.820404052734375,/tmp/franka_compare_tracking_vs_baseline/tracking/seed2/summaries/events.out.tfevents.1781292087.batch-block7-01618
tracking_loss,franka_cube_trackloss_default_b7e04f0_seed2_20260612_1042,2,416,12466.130859375,0.8331832885742188,/tmp/franka_compare_tracking_vs_baseline/tracking/seed2/summaries/events.out.tfevents.1781292087.batch-block7-01618
tracking_loss,franka_cube_trackloss_default_b7e04f0_seed2_20260612_1042,2,417,12765.91015625,0.8327255249023438,/tmp/franka_compare_tracking_vs_baseline/tracking/seed2/summaries/events.out.tfevents.1781292087.batch-block7-01618
tracking_loss,franka_cube_trackloss_default_b7e04f0_seed2_20260612_1042,2,418,12866.90625,0.8261032104492188,/tmp/franka_compare_tracking_vs_baseline/tracking/seed2/summaries/events.out.tfevents.1781292087.batch-block7-01618
tracking_loss,franka_cube_trackloss_default_b7e04f0_seed2_20260612_1042,2,419,12613.4462890625,0.8143539428710938,/tmp/franka_compare_tracking_vs_baseline/tracking/seed2/summaries/events.out.tfevents.1781292087.batch-block7-01618
tracking_loss,franka_cube_trackloss_default_b7e04f0_seed2_20260612_1042,2,420,12921.7275390625,0.8214111328125,/tmp/franka_compare_tracking_vs_baseline/tracking/seed2/summaries/events.out.tfevents.1781292087.batch-block7-01618
tracking_loss,franka_cube_trackloss_default_b7e04f0_seed2_20260612_1042,2,421,12791.5810546875,0.8172607421875,/tmp/franka_compare_tracking_vs_baseline/tracking/seed2/summaries/events.out.tfevents.1781292087.batch-block7-01618
tracking_loss,franka_cube_trackloss_default_b7e04f0_seed2_20260612_1042,2,422,12919.9345703125,0.6846694946289062,/tmp/franka_compare_tracking_vs_baseline/tracking/seed2/summaries/events.out.tfevents.1781292087.batch-block7-01618
tracking_loss,franka_cube_trackloss_default_b7e04f0_seed2_20260612_1042,2,423,12921.90625,0.7812423706054688,/tmp/franka_compare_tracking_vs_baseline/tracking/seed2/summaries/events.out.tfevents.1781292087.batch-block7-01618
tracking_loss,franka_cube_trackloss_default_b7e04f0_seed2_20260612_1042,2,424,12922.169921875,0.808746337890625,/tmp/franka_compare_tracking_vs_baseline/tracking/seed2/summaries/events.out.tfevents.1781292087.batch-block7-01618
tracking_loss,franka_cube_trackloss_default_b7e04f0_seed2_20260612_1042,2,425,12876.4306640625,0.8265914916992188,/tmp/franka_compare_tracking_vs_baseline/tracking/seed2/summaries/events.out.tfevents.1781292087.batch-block7-01618
tracking_loss,franka_cube_trackloss_default_b7e04f0_seed2_20260612_1042,2,426,13095.6142578125,0.8284378051757812,/tmp/franka_compare_tracking_vs_baseline/tracking/seed2/summaries/events.out.tfevents.1781292087.batch-block7-01618
tracking_loss,franka_cube_trackloss_default_b7e04f0_seed2_20260612_1042,2,427,13070.916015625,0.8292236328125,/tmp/franka_compare_tracking_vs_baseline/tracking/seed2/summaries/events.out.tfevents.1781292087.batch-block7-01618
tracking_loss,franka_cube_trackloss_default_b7e04f0_seed2_20260612_1042,2,428,12826.216796875,0.8185958862304688,/tmp/franka_compare_tracking_vs_baseline/tracking/seed2/summaries/events.out.tfevents.1781292087.batch-block7-01618
tracking_loss,franka_cube_trackloss_default_b7e04f0_seed2_20260612_1042,2,429,12726.205078125,0.821807861328125,/tmp/franka_compare_tracking_vs_baseline/tracking/seed2/summaries/events.out.tfevents.1781292087.batch-block7-01618
tracking_loss,franka_cube_trackloss_default_b7e04f0_seed2_20260612_1042,2,430,12904.404296875,0.8225250244140625,/tmp/franka_compare_tracking_vs_baseline/tracking/seed2/summaries/events.out.tfevents.1781292087.batch-block7-01618
tracking_loss,franka_cube_trackloss_default_b7e04f0_seed2_20260612_1042,2,431,12866.484375,0.7589187622070312,/tmp/franka_compare_tracking_vs_baseline/tracking/seed2/summaries/events.out.tfevents.1781292087.batch-block7-01618
tracking_loss,franka_cube_trackloss_default_b7e04f0_seed2_20260612_1042,2,432,12808.3134765625,0.7272262573242188,/tmp/franka_compare_tracking_vs_baseline/tracking/seed2/summaries/events.out.tfevents.1781292087.batch-block7-01618
tracking_loss,franka_cube_trackloss_default_b7e04f0_seed2_20260612_1042,2,433,13017.94140625,0.8129043579101562,/tmp/franka_compare_tracking_vs_baseline/tracking/seed2/summaries/events.out.tfevents.1781292087.batch-block7-01618
tracking_loss,franka_cube_trackloss_default_b7e04f0_seed2_20260612_1042,2,434,13050.4033203125,0.8329391479492188,/tmp/franka_compare_tracking_vs_baseline/tracking/seed2/summaries/events.out.tfevents.1781292087.batch-block7-01618
tracking_loss,franka_cube_trackloss_default_b7e04f0_seed2_20260612_1042,2,435,13080.873046875,0.837188720703125,/tmp/franka_compare_tracking_vs_baseline/tracking/seed2/summaries/events.out.tfevents.1781292087.batch-block7-01618
tracking_loss,franka_cube_trackloss_default_b7e04f0_seed2_20260612_1042,2,436,13115.8525390625,0.839630126953125,/tmp/franka_compare_tracking_vs_baseline/tracking/seed2/summaries/events.out.tfevents.1781292087.batch-block7-01618
tracking_loss,franka_cube_trackloss_default_b7e04f0_seed2_20260612_1042,2,437,12921.4814453125,0.8289947509765625,/tmp/franka_compare_tracking_vs_baseline/tracking/seed2/summaries/events.out.tfevents.1781292087.batch-block7-01618
tracking_loss,franka_cube_trackloss_default_b7e04f0_seed2_20260612_1042,2,438,13073.7099609375,0.8240890502929688,/tmp/franka_compare_tracking_vs_baseline/tracking/seed2/summaries/events.out.tfevents.1781292087.batch-block7-01618
tracking_loss,franka_cube_trackloss_default_b7e04f0_seed2_20260612_1042,2,439,13148.626953125,0.8314208984375,/tmp/franka_compare_tracking_vs_baseline/tracking/seed2/summaries/events.out.tfevents.1781292087.batch-block7-01618
tracking_loss,franka_cube_trackloss_default_b7e04f0_seed2_20260612_1042,2,440,12762.255859375,0.8204421997070312,/tmp/franka_compare_tracking_vs_baseline/tracking/seed2/summaries/events.out.tfevents.1781292087.batch-block7-01618
tracking_loss,franka_cube_trackloss_default_b7e04f0_seed2_20260612_1042,2,441,13044.1171875,0.6793365478515625,/tmp/franka_compare_tracking_vs_baseline/tracking/seed2/summaries/events.out.tfevents.1781292087.batch-block7-01618
tracking_loss,franka_cube_trackloss_default_b7e04f0_seed2_20260612_1042,2,442,12925.81640625,0.8045196533203125,/tmp/franka_compare_tracking_vs_baseline/tracking/seed2/summaries/events.out.tfevents.1781292087.batch-block7-01618
tracking_loss,franka_cube_trackloss_default_b7e04f0_seed2_20260612_1042,2,443,12529.9248046875,0.8235397338867188,/tmp/franka_compare_tracking_vs_baseline/tracking/seed2/summaries/events.out.tfevents.1781292087.batch-block7-01618
tracking_loss,franka_cube_trackloss_default_b7e04f0_seed2_20260612_1042,2,444,12845.1796875,0.8372344970703125,/tmp/franka_compare_tracking_vs_baseline/tracking/seed2/summaries/events.out.tfevents.1781292087.batch-block7-01618
tracking_loss,franka_cube_trackloss_default_b7e04f0_seed2_20260612_1042,2,445,13055.5,0.8382339477539062,/tmp/franka_compare_tracking_vs_baseline/tracking/seed2/summaries/events.out.tfevents.1781292087.batch-block7-01618
tracking_loss,franka_cube_trackloss_default_b7e04f0_seed2_20260612_1042,2,446,13204.4580078125,0.8322677612304688,/tmp/franka_compare_tracking_vs_baseline/tracking/seed2/summaries/events.out.tfevents.1781292087.batch-block7-01618
tracking_loss,franka_cube_trackloss_default_b7e04f0_seed2_20260612_1042,2,447,12989.75,0.819183349609375,/tmp/franka_compare_tracking_vs_baseline/tracking/seed2/summaries/events.out.tfevents.1781292087.batch-block7-01618
tracking_loss,franka_cube_trackloss_default_b7e04f0_seed2_20260612_1042,2,448,13027.1748046875,0.8270950317382812,/tmp/franka_compare_tracking_vs_baseline/tracking/seed2/summaries/events.out.tfevents.1781292087.batch-block7-01618
tracking_loss,franka_cube_trackloss_default_b7e04f0_seed2_20260612_1042,2,449,13164.7568359375,0.82379150390625,/tmp/franka_compare_tracking_vs_baseline/tracking/seed2/summaries/events.out.tfevents.1781292087.batch-block7-01618
tracking_loss,franka_cube_trackloss_default_b7e04f0_seed2_20260612_1042,2,450,12946.4931640625,0.704833984375,/tmp/franka_compare_tracking_vs_baseline/tracking/seed2/summaries/events.out.tfevents.1781292087.batch-block7-01618
tracking_loss,franka_cube_trackloss_default_b7e04f0_seed2_20260612_1042,2,451,13168.4326171875,0.7791671752929688,/tmp/franka_compare_tracking_vs_baseline/tracking/seed2/summaries/events.out.tfevents.1781292087.batch-block7-01618
tracking_loss,franka_cube_trackloss_default_b7e04f0_seed2_20260612_1042,2,452,13086.6962890625,0.8175048828125,/tmp/franka_compare_tracking_vs_baseline/tracking/seed2/summaries/events.out.tfevents.1781292087.batch-block7-01618
tracking_loss,franka_cube_trackloss_default_b7e04f0_seed2_20260612_1042,2,453,13021.6513671875,0.8345260620117188,/tmp/franka_compare_tracking_vs_baseline/tracking/seed2/summaries/events.out.tfevents.1781292087.batch-block7-01618
tracking_loss,franka_cube_trackloss_default_b7e04f0_seed2_20260612_1042,2,454,12789.84375,0.8350753784179688,/tmp/franka_compare_tracking_vs_baseline/tracking/seed2/summaries/events.out.tfevents.1781292087.batch-block7-01618
tracking_loss,franka_cube_trackloss_default_b7e04f0_seed2_20260612_1042,2,455,12967.0439453125,0.840911865234375,/tmp/franka_compare_tracking_vs_baseline/tracking/seed2/summaries/events.out.tfevents.1781292087.batch-block7-01618
tracking_loss,franka_cube_trackloss_default_b7e04f0_seed2_20260612_1042,2,456,12887.982421875,0.8277206420898438,/tmp/franka_compare_tracking_vs_baseline/tracking/seed2/summaries/events.out.tfevents.1781292087.batch-block7-01618
tracking_loss,franka_cube_trackloss_default_b7e04f0_seed2_20260612_1042,2,457,13133.7158203125,0.8261337280273438,/tmp/franka_compare_tracking_vs_baseline/tracking/seed2/summaries/events.out.tfevents.1781292087.batch-block7-01618
tracking_loss,franka_cube_trackloss_default_b7e04f0_seed2_20260612_1042,2,458,12852.248046875,0.8289108276367188,/tmp/franka_compare_tracking_vs_baseline/tracking/seed2/summaries/events.out.tfevents.1781292087.batch-block7-01618
tracking_loss,franka_cube_trackloss_default_b7e04f0_seed2_20260612_1042,2,459,13133.5205078125,0.77716064453125,/tmp/franka_compare_tracking_vs_baseline/tracking/seed2/summaries/events.out.tfevents.1781292087.batch-block7-01618
tracking_loss,franka_cube_trackloss_default_b7e04f0_seed2_20260612_1042,2,460,13042.14453125,0.713836669921875,/tmp/franka_compare_tracking_vs_baseline/tracking/seed2/summaries/events.out.tfevents.1781292087.batch-block7-01618
tracking_loss,franka_cube_trackloss_default_b7e04f0_seed2_20260612_1042,2,461,13189.205078125,0.8098373413085938,/tmp/franka_compare_tracking_vs_baseline/tracking/seed2/summaries/events.out.tfevents.1781292087.batch-block7-01618
tracking_loss,franka_cube_trackloss_default_b7e04f0_seed2_20260612_1042,2,462,13236.1748046875,0.8273391723632812,/tmp/franka_compare_tracking_vs_baseline/tracking/seed2/summaries/events.out.tfevents.1781292087.batch-block7-01618
tracking_loss,franka_cube_trackloss_default_b7e04f0_seed2_20260612_1042,2,463,12894.2685546875,0.8320999145507812,/tmp/franka_compare_tracking_vs_baseline/tracking/seed2/summaries/events.out.tfevents.1781292087.batch-block7-01618
tracking_loss,franka_cube_trackloss_default_b7e04f0_seed2_20260612_1042,2,464,12571.9501953125,0.8362579345703125,/tmp/franka_compare_tracking_vs_baseline/tracking/seed2/summaries/events.out.tfevents.1781292087.batch-block7-01618
tracking_loss,franka_cube_trackloss_default_b7e04f0_seed2_20260612_1042,2,465,12631.2744140625,0.8280105590820312,/tmp/franka_compare_tracking_vs_baseline/tracking/seed2/summaries/events.out.tfevents.1781292087.batch-block7-01618
tracking_loss,franka_cube_trackloss_default_b7e04f0_seed2_20260612_1042,2,466,12862.515625,0.8189620971679688,/tmp/franka_compare_tracking_vs_baseline/tracking/seed2/summaries/events.out.tfevents.1781292087.batch-block7-01618
tracking_loss,franka_cube_trackloss_default_b7e04f0_seed2_20260612_1042,2,467,12812.169921875,0.825164794921875,/tmp/franka_compare_tracking_vs_baseline/tracking/seed2/summaries/events.out.tfevents.1781292087.batch-block7-01618
tracking_loss,franka_cube_trackloss_default_b7e04f0_seed2_20260612_1042,2,468,13138.24609375,0.823272705078125,/tmp/franka_compare_tracking_vs_baseline/tracking/seed2/summaries/events.out.tfevents.1781292087.batch-block7-01618
tracking_loss,franka_cube_trackloss_default_b7e04f0_seed2_20260612_1042,2,469,12856.15234375,0.6750717163085938,/tmp/franka_compare_tracking_vs_baseline/tracking/seed2/summaries/events.out.tfevents.1781292087.batch-block7-01618
tracking_loss,franka_cube_trackloss_default_b7e04f0_seed2_20260612_1042,2,470,12872.0439453125,0.8016204833984375,/tmp/franka_compare_tracking_vs_baseline/tracking/seed2/summaries/events.out.tfevents.1781292087.batch-block7-01618
tracking_loss,franka_cube_trackloss_default_b7e04f0_seed2_20260612_1042,2,471,13020.2392578125,0.8217697143554688,/tmp/franka_compare_tracking_vs_baseline/tracking/seed2/summaries/events.out.tfevents.1781292087.batch-block7-01618
tracking_loss,franka_cube_trackloss_default_b7e04f0_seed2_20260612_1042,2,472,12885.7548828125,0.835968017578125,/tmp/franka_compare_tracking_vs_baseline/tracking/seed2/summaries/events.out.tfevents.1781292087.batch-block7-01618
tracking_loss,franka_cube_trackloss_default_b7e04f0_seed2_20260612_1042,2,473,13091.642578125,0.8358917236328125,/tmp/franka_compare_tracking_vs_baseline/tracking/seed2/summaries/events.out.tfevents.1781292087.batch-block7-01618
tracking_loss,franka_cube_trackloss_default_b7e04f0_seed2_20260612_1042,2,474,12971.3408203125,0.8374862670898438,/tmp/franka_compare_tracking_vs_baseline/tracking/seed2/summaries/events.out.tfevents.1781292087.batch-block7-01618
tracking_loss,franka_cube_trackloss_default_b7e04f0_seed2_20260612_1042,2,475,13143.7822265625,0.8258895874023438,/tmp/franka_compare_tracking_vs_baseline/tracking/seed2/summaries/events.out.tfevents.1781292087.batch-block7-01618
tracking_loss,franka_cube_trackloss_default_b7e04f0_seed2_20260612_1042,2,476,13050.9521484375,0.8322525024414062,/tmp/franka_compare_tracking_vs_baseline/tracking/seed2/summaries/events.out.tfevents.1781292087.batch-block7-01618
tracking_loss,franka_cube_trackloss_default_b7e04f0_seed2_20260612_1042,2,477,13091.3330078125,0.8319091796875,/tmp/franka_compare_tracking_vs_baseline/tracking/seed2/summaries/events.out.tfevents.1781292087.batch-block7-01618
tracking_loss,franka_cube_trackloss_default_b7e04f0_seed2_20260612_1042,2,478,12805.607421875,0.731201171875,/tmp/franka_compare_tracking_vs_baseline/tracking/seed2/summaries/events.out.tfevents.1781292087.batch-block7-01618
tracking_loss,franka_cube_trackloss_default_b7e04f0_seed2_20260612_1042,2,479,12940.2587890625,0.7735748291015625,/tmp/franka_compare_tracking_vs_baseline/tracking/seed2/summaries/events.out.tfevents.1781292087.batch-block7-01618
tracking_loss,franka_cube_trackloss_default_b7e04f0_seed2_20260612_1042,2,480,13265.6083984375,0.8242874145507812,/tmp/franka_compare_tracking_vs_baseline/tracking/seed2/summaries/events.out.tfevents.1781292087.batch-block7-01618
tracking_loss,franka_cube_trackloss_default_b7e04f0_seed2_20260612_1042,2,481,13198.9423828125,0.8418960571289062,/tmp/franka_compare_tracking_vs_baseline/tracking/seed2/summaries/events.out.tfevents.1781292087.batch-block7-01618
tracking_loss,franka_cube_trackloss_default_b7e04f0_seed2_20260612_1042,2,482,13151.603515625,0.84326171875,/tmp/franka_compare_tracking_vs_baseline/tracking/seed2/summaries/events.out.tfevents.1781292087.batch-block7-01618
tracking_loss,franka_cube_trackloss_default_b7e04f0_seed2_20260612_1042,2,483,13125.0,0.847686767578125,/tmp/franka_compare_tracking_vs_baseline/tracking/seed2/summaries/events.out.tfevents.1781292087.batch-block7-01618
tracking_loss,franka_cube_trackloss_default_b7e04f0_seed2_20260612_1042,2,484,13229.8701171875,0.836883544921875,/tmp/franka_compare_tracking_vs_baseline/tracking/seed2/summaries/events.out.tfevents.1781292087.batch-block7-01618
tracking_loss,franka_cube_trackloss_default_b7e04f0_seed2_20260612_1042,2,485,13256.935546875,0.8337249755859375,/tmp/franka_compare_tracking_vs_baseline/tracking/seed2/summaries/events.out.tfevents.1781292087.batch-block7-01618
tracking_loss,franka_cube_trackloss_default_b7e04f0_seed2_20260612_1042,2,486,13176.7275390625,0.8387222290039062,/tmp/franka_compare_tracking_vs_baseline/tracking/seed2/summaries/events.out.tfevents.1781292087.batch-block7-01618
tracking_loss,franka_cube_trackloss_default_b7e04f0_seed2_20260612_1042,2,487,13306.8857421875,0.8016586303710938,/tmp/franka_compare_tracking_vs_baseline/tracking/seed2/summaries/events.out.tfevents.1781292087.batch-block7-01618
tracking_loss,franka_cube_trackloss_default_b7e04f0_seed2_20260612_1042,2,488,12960.8818359375,0.713409423828125,/tmp/franka_compare_tracking_vs_baseline/tracking/seed2/summaries/events.out.tfevents.1781292087.batch-block7-01618
tracking_loss,franka_cube_trackloss_default_b7e04f0_seed2_20260612_1042,2,489,12900.259765625,0.81787109375,/tmp/franka_compare_tracking_vs_baseline/tracking/seed2/summaries/events.out.tfevents.1781292087.batch-block7-01618
tracking_loss,franka_cube_trackloss_default_b7e04f0_seed2_20260612_1042,2,490,13026.6171875,0.8398895263671875,/tmp/franka_compare_tracking_vs_baseline/tracking/seed2/summaries/events.out.tfevents.1781292087.batch-block7-01618
tracking_loss,franka_cube_trackloss_default_b7e04f0_seed2_20260612_1042,2,491,13202.419921875,0.845977783203125,/tmp/franka_compare_tracking_vs_baseline/tracking/seed2/summaries/events.out.tfevents.1781292087.batch-block7-01618
tracking_loss,franka_cube_trackloss_default_b7e04f0_seed2_20260612_1042,2,492,13164.982421875,0.8482208251953125,/tmp/franka_compare_tracking_vs_baseline/tracking/seed2/summaries/events.out.tfevents.1781292087.batch-block7-01618
tracking_loss,franka_cube_trackloss_default_b7e04f0_seed2_20260612_1042,2,493,13103.099609375,0.8383102416992188,/tmp/franka_compare_tracking_vs_baseline/tracking/seed2/summaries/events.out.tfevents.1781292087.batch-block7-01618
tracking_loss,franka_cube_trackloss_default_b7e04f0_seed2_20260612_1042,2,494,13224.0771484375,0.8299331665039062,/tmp/franka_compare_tracking_vs_baseline/tracking/seed2/summaries/events.out.tfevents.1781292087.batch-block7-01618
tracking_loss,franka_cube_trackloss_default_b7e04f0_seed2_20260612_1042,2,495,13200.748046875,0.8372955322265625,/tmp/franka_compare_tracking_vs_baseline/tracking/seed2/summaries/events.out.tfevents.1781292087.batch-block7-01618
tracking_loss,franka_cube_trackloss_default_b7e04f0_seed2_20260612_1042,2,496,13111.13671875,0.832977294921875,/tmp/franka_compare_tracking_vs_baseline/tracking/seed2/summaries/events.out.tfevents.1781292087.batch-block7-01618
tracking_loss,franka_cube_trackloss_default_b7e04f0_seed2_20260612_1042,2,497,12943.6875,0.6927032470703125,/tmp/franka_compare_tracking_vs_baseline/tracking/seed2/summaries/events.out.tfevents.1781292087.batch-block7-01618
tracking_loss,franka_cube_trackloss_default_b7e04f0_seed2_20260612_1042,2,498,13150.3193359375,0.805084228515625,/tmp/franka_compare_tracking_vs_baseline/tracking/seed2/summaries/events.out.tfevents.1781292087.batch-block7-01618
tracking_loss,franka_cube_trackloss_default_b7e04f0_seed2_20260612_1042,2,499,13303.0185546875,0.82781982421875,/tmp/franka_compare_tracking_vs_baseline/tracking/seed2/summaries/events.out.tfevents.1781292087.batch-block7-01618
tracking_loss,franka_cube_trackloss_default_b7e04f0_seed2_20260612_1042,2,500,13296.55078125,0.8432159423828125,/tmp/franka_compare_tracking_vs_baseline/tracking/seed2/summaries/events.out.tfevents.1781292087.batch-block7-01618
tracking_loss,franka_cube_trackloss_default_b7e04f0_seed2_20260612_1042,2,501,13050.537109375,0.8419647216796875,/tmp/franka_compare_tracking_vs_baseline/tracking/seed2/summaries/events.out.tfevents.1781292087.batch-block7-01618
tracking_loss,franka_cube_trackloss_default_b7e04f0_seed2_20260612_1042,2,502,13267.37109375,0.8428878784179688,/tmp/franka_compare_tracking_vs_baseline/tracking/seed2/summaries/events.out.tfevents.1781292087.batch-block7-01618
tracking_loss,franka_cube_trackloss_default_b7e04f0_seed2_20260612_1042,2,503,13152.984375,0.828887939453125,/tmp/franka_compare_tracking_vs_baseline/tracking/seed2/summaries/events.out.tfevents.1781292087.batch-block7-01618
tracking_loss,franka_cube_trackloss_default_b7e04f0_seed2_20260612_1042,2,504,13005.2509765625,0.8312835693359375,/tmp/franka_compare_tracking_vs_baseline/tracking/seed2/summaries/events.out.tfevents.1781292087.batch-block7-01618
tracking_loss,franka_cube_trackloss_default_b7e04f0_seed2_20260612_1042,2,505,13261.154296875,0.8325042724609375,/tmp/franka_compare_tracking_vs_baseline/tracking/seed2/summaries/events.out.tfevents.1781292087.batch-block7-01618
tracking_loss,franka_cube_trackloss_default_b7e04f0_seed2_20260612_1042,2,506,13115.4443359375,0.7465744018554688,/tmp/franka_compare_tracking_vs_baseline/tracking/seed2/summaries/events.out.tfevents.1781292087.batch-block7-01618
tracking_loss,franka_cube_trackloss_default_b7e04f0_seed2_20260612_1042,2,507,13248.7568359375,0.7562713623046875,/tmp/franka_compare_tracking_vs_baseline/tracking/seed2/summaries/events.out.tfevents.1781292087.batch-block7-01618
tracking_loss,franka_cube_trackloss_default_b7e04f0_seed2_20260612_1042,2,508,13234.7470703125,0.8182373046875,/tmp/franka_compare_tracking_vs_baseline/tracking/seed2/summaries/events.out.tfevents.1781292087.batch-block7-01618
tracking_loss,franka_cube_trackloss_default_b7e04f0_seed2_20260612_1042,2,509,13144.849609375,0.8389053344726562,/tmp/franka_compare_tracking_vs_baseline/tracking/seed2/summaries/events.out.tfevents.1781292087.batch-block7-01618
tracking_loss,franka_cube_trackloss_default_b7e04f0_seed2_20260612_1042,2,510,13049.86328125,0.8420791625976562,/tmp/franka_compare_tracking_vs_baseline/tracking/seed2/summaries/events.out.tfevents.1781292087.batch-block7-01618
tracking_loss,franka_cube_trackloss_default_b7e04f0_seed2_20260612_1042,2,511,13158.78515625,0.8483200073242188,/tmp/franka_compare_tracking_vs_baseline/tracking/seed2/summaries/events.out.tfevents.1781292087.batch-block7-01618
tracking_loss,franka_cube_trackloss_default_b7e04f0_seed2_20260612_1042,2,512,13162.96484375,0.8353042602539062,/tmp/franka_compare_tracking_vs_baseline/tracking/seed2/summaries/events.out.tfevents.1781292087.batch-block7-01618
tracking_loss,franka_cube_trackloss_default_b7e04f0_seed2_20260612_1042,2,513,13045.0009765625,0.8304290771484375,/tmp/franka_compare_tracking_vs_baseline/tracking/seed2/summaries/events.out.tfevents.1781292087.batch-block7-01618
tracking_loss,franka_cube_trackloss_default_b7e04f0_seed2_20260612_1042,2,514,13253.9638671875,0.8384780883789062,/tmp/franka_compare_tracking_vs_baseline/tracking/seed2/summaries/events.out.tfevents.1781292087.batch-block7-01618
tracking_loss,franka_cube_trackloss_default_b7e04f0_seed2_20260612_1042,2,515,12975.8857421875,0.8128280639648438,/tmp/franka_compare_tracking_vs_baseline/tracking/seed2/summaries/events.out.tfevents.1781292087.batch-block7-01618
tracking_loss,franka_cube_trackloss_default_b7e04f0_seed2_20260612_1042,2,516,13228.61328125,0.700836181640625,/tmp/franka_compare_tracking_vs_baseline/tracking/seed2/summaries/events.out.tfevents.1781292087.batch-block7-01618
tracking_loss,franka_cube_trackloss_default_b7e04f0_seed2_20260612_1042,2,517,13271.662109375,0.8164138793945312,/tmp/franka_compare_tracking_vs_baseline/tracking/seed2/summaries/events.out.tfevents.1781292087.batch-block7-01618
tracking_loss,franka_cube_trackloss_default_b7e04f0_seed2_20260612_1042,2,518,13406.32421875,0.8392333984375,/tmp/franka_compare_tracking_vs_baseline/tracking/seed2/summaries/events.out.tfevents.1781292087.batch-block7-01618
tracking_loss,franka_cube_trackloss_default_b7e04f0_seed2_20260612_1042,2,519,13201.8408203125,0.8495635986328125,/tmp/franka_compare_tracking_vs_baseline/tracking/seed2/summaries/events.out.tfevents.1781292087.batch-block7-01618
tracking_loss,franka_cube_trackloss_default_b7e04f0_seed2_20260612_1042,2,520,13276.4033203125,0.8504486083984375,/tmp/franka_compare_tracking_vs_baseline/tracking/seed2/summaries/events.out.tfevents.1781292087.batch-block7-01618
tracking_loss,franka_cube_trackloss_default_b7e04f0_seed2_20260612_1042,2,521,13213.4697265625,0.844940185546875,/tmp/franka_compare_tracking_vs_baseline/tracking/seed2/summaries/events.out.tfevents.1781292087.batch-block7-01618
tracking_loss,franka_cube_trackloss_default_b7e04f0_seed2_20260612_1042,2,522,13312.5498046875,0.8360748291015625,/tmp/franka_compare_tracking_vs_baseline/tracking/seed2/summaries/events.out.tfevents.1781292087.batch-block7-01618
tracking_loss,franka_cube_trackloss_default_b7e04f0_seed2_20260612_1042,2,523,13129.2958984375,0.8412857055664062,/tmp/franka_compare_tracking_vs_baseline/tracking/seed2/summaries/events.out.tfevents.1781292087.batch-block7-01618
tracking_loss,franka_cube_trackloss_default_b7e04f0_seed2_20260612_1042,2,524,13328.197265625,0.840240478515625,/tmp/franka_compare_tracking_vs_baseline/tracking/seed2/summaries/events.out.tfevents.1781292087.batch-block7-01618
tracking_loss,franka_cube_trackloss_default_b7e04f0_seed2_20260612_1042,2,525,13178.634765625,0.7047271728515625,/tmp/franka_compare_tracking_vs_baseline/tracking/seed2/summaries/events.out.tfevents.1781292087.batch-block7-01618
tracking_loss,franka_cube_trackloss_default_b7e04f0_seed2_20260612_1042,2,526,13245.2724609375,0.8038406372070312,/tmp/franka_compare_tracking_vs_baseline/tracking/seed2/summaries/events.out.tfevents.1781292087.batch-block7-01618
tracking_loss,franka_cube_trackloss_default_b7e04f0_seed2_20260612_1042,2,527,13176.8701171875,0.8309707641601562,/tmp/franka_compare_tracking_vs_baseline/tracking/seed2/summaries/events.out.tfevents.1781292087.batch-block7-01618
tracking_loss,franka_cube_trackloss_default_b7e04f0_seed2_20260612_1042,2,528,13247.6298828125,0.8506317138671875,/tmp/franka_compare_tracking_vs_baseline/tracking/seed2/summaries/events.out.tfevents.1781292087.batch-block7-01618
tracking_loss,franka_cube_trackloss_default_b7e04f0_seed2_20260612_1042,2,529,13385.3134765625,0.8489837646484375,/tmp/franka_compare_tracking_vs_baseline/tracking/seed2/summaries/events.out.tfevents.1781292087.batch-block7-01618
tracking_loss,franka_cube_trackloss_default_b7e04f0_seed2_20260612_1042,2,530,13443.0205078125,0.8510284423828125,/tmp/franka_compare_tracking_vs_baseline/tracking/seed2/summaries/events.out.tfevents.1781292087.batch-block7-01618
tracking_loss,franka_cube_trackloss_default_b7e04f0_seed2_20260612_1042,2,531,13016.533203125,0.8378143310546875,/tmp/franka_compare_tracking_vs_baseline/tracking/seed2/summaries/events.out.tfevents.1781292087.batch-block7-01618
tracking_loss,franka_cube_trackloss_default_b7e04f0_seed2_20260612_1042,2,532,13075.732421875,0.8375244140625,/tmp/franka_compare_tracking_vs_baseline/tracking/seed2/summaries/events.out.tfevents.1781292087.batch-block7-01618
tracking_loss,franka_cube_trackloss_default_b7e04f0_seed2_20260612_1042,2,533,12950.765625,0.8373870849609375,/tmp/franka_compare_tracking_vs_baseline/tracking/seed2/summaries/events.out.tfevents.1781292087.batch-block7-01618
tracking_loss,franka_cube_trackloss_default_b7e04f0_seed2_20260612_1042,2,534,13165.5693359375,0.7674026489257812,/tmp/franka_compare_tracking_vs_baseline/tracking/seed2/summaries/events.out.tfevents.1781292087.batch-block7-01618
tracking_loss,franka_cube_trackloss_default_b7e04f0_seed2_20260612_1042,2,535,13308.1767578125,0.7467269897460938,/tmp/franka_compare_tracking_vs_baseline/tracking/seed2/summaries/events.out.tfevents.1781292087.batch-block7-01618
tracking_loss,franka_cube_trackloss_default_b7e04f0_seed2_20260612_1042,2,536,13104.8759765625,0.822235107421875,/tmp/franka_compare_tracking_vs_baseline/tracking/seed2/summaries/events.out.tfevents.1781292087.batch-block7-01618
tracking_loss,franka_cube_trackloss_default_b7e04f0_seed2_20260612_1042,2,537,13085.4697265625,0.8417205810546875,/tmp/franka_compare_tracking_vs_baseline/tracking/seed2/summaries/events.out.tfevents.1781292087.batch-block7-01618
tracking_loss,franka_cube_trackloss_default_b7e04f0_seed2_20260612_1042,2,538,13103.96875,0.8448715209960938,/tmp/franka_compare_tracking_vs_baseline/tracking/seed2/summaries/events.out.tfevents.1781292087.batch-block7-01618
tracking_loss,franka_cube_trackloss_default_b7e04f0_seed2_20260612_1042,2,539,13298.0537109375,0.8484115600585938,/tmp/franka_compare_tracking_vs_baseline/tracking/seed2/summaries/events.out.tfevents.1781292087.batch-block7-01618
tracking_loss,franka_cube_trackloss_default_b7e04f0_seed2_20260612_1042,2,540,13293.736328125,0.8385086059570312,/tmp/franka_compare_tracking_vs_baseline/tracking/seed2/summaries/events.out.tfevents.1781292087.batch-block7-01618
tracking_loss,franka_cube_trackloss_default_b7e04f0_seed2_20260612_1042,2,541,13286.8935546875,0.833221435546875,/tmp/franka_compare_tracking_vs_baseline/tracking/seed2/summaries/events.out.tfevents.1781292087.batch-block7-01618
tracking_loss,franka_cube_trackloss_default_b7e04f0_seed2_20260612_1042,2,542,13375.35546875,0.8389511108398438,/tmp/franka_compare_tracking_vs_baseline/tracking/seed2/summaries/events.out.tfevents.1781292087.batch-block7-01618
tracking_loss,franka_cube_trackloss_default_b7e04f0_seed2_20260612_1042,2,543,13458.56640625,0.8249969482421875,/tmp/franka_compare_tracking_vs_baseline/tracking/seed2/summaries/events.out.tfevents.1781292087.batch-block7-01618
tracking_loss,franka_cube_trackloss_default_b7e04f0_seed2_20260612_1042,2,544,13345.986328125,0.6957626342773438,/tmp/franka_compare_tracking_vs_baseline/tracking/seed2/summaries/events.out.tfevents.1781292087.batch-block7-01618
tracking_loss,franka_cube_trackloss_default_b7e04f0_seed2_20260612_1042,2,545,13147.80859375,0.8161163330078125,/tmp/franka_compare_tracking_vs_baseline/tracking/seed2/summaries/events.out.tfevents.1781292087.batch-block7-01618
tracking_loss,franka_cube_trackloss_default_b7e04f0_seed2_20260612_1042,2,546,13304.724609375,0.8358993530273438,/tmp/franka_compare_tracking_vs_baseline/tracking/seed2/summaries/events.out.tfevents.1781292087.batch-block7-01618
tracking_loss,franka_cube_trackloss_default_b7e04f0_seed2_20260612_1042,2,547,13322.4130859375,0.8470916748046875,/tmp/franka_compare_tracking_vs_baseline/tracking/seed2/summaries/events.out.tfevents.1781292087.batch-block7-01618
tracking_loss,franka_cube_trackloss_default_b7e04f0_seed2_20260612_1042,2,548,13409.87109375,0.8475799560546875,/tmp/franka_compare_tracking_vs_baseline/tracking/seed2/summaries/events.out.tfevents.1781292087.batch-block7-01618
tracking_loss,franka_cube_trackloss_default_b7e04f0_seed2_20260612_1042,2,549,13361.2783203125,0.8438034057617188,/tmp/franka_compare_tracking_vs_baseline/tracking/seed2/summaries/events.out.tfevents.1781292087.batch-block7-01618
tracking_loss,franka_cube_trackloss_default_b7e04f0_seed2_20260612_1042,2,550,13304.2392578125,0.831695556640625,/tmp/franka_compare_tracking_vs_baseline/tracking/seed2/summaries/events.out.tfevents.1781292087.batch-block7-01618
tracking_loss,franka_cube_trackloss_default_b7e04f0_seed2_20260612_1042,2,551,13339.15234375,0.837615966796875,/tmp/franka_compare_tracking_vs_baseline/tracking/seed2/summaries/events.out.tfevents.1781292087.batch-block7-01618
tracking_loss,franka_cube_trackloss_default_b7e04f0_seed2_20260612_1042,2,552,13240.2685546875,0.8341827392578125,/tmp/franka_compare_tracking_vs_baseline/tracking/seed2/summaries/events.out.tfevents.1781292087.batch-block7-01618
tracking_loss,franka_cube_trackloss_default_b7e04f0_seed2_20260612_1042,2,553,13134.099609375,0.7155914306640625,/tmp/franka_compare_tracking_vs_baseline/tracking/seed2/summaries/events.out.tfevents.1781292087.batch-block7-01618
tracking_loss,franka_cube_trackloss_default_b7e04f0_seed2_20260612_1042,2,554,13416.4873046875,0.7944259643554688,/tmp/franka_compare_tracking_vs_baseline/tracking/seed2/summaries/events.out.tfevents.1781292087.batch-block7-01618
tracking_loss,franka_cube_trackloss_default_b7e04f0_seed2_20260612_1042,2,555,13271.923828125,0.8280792236328125,/tmp/franka_compare_tracking_vs_baseline/tracking/seed2/summaries/events.out.tfevents.1781292087.batch-block7-01618
tracking_loss,franka_cube_trackloss_default_b7e04f0_seed2_20260612_1042,2,556,13358.6171875,0.8459701538085938,/tmp/franka_compare_tracking_vs_baseline/tracking/seed2/summaries/events.out.tfevents.1781292087.batch-block7-01618
tracking_loss,franka_cube_trackloss_default_b7e04f0_seed2_20260612_1042,2,557,13307.6513671875,0.8466262817382812,/tmp/franka_compare_tracking_vs_baseline/tracking/seed2/summaries/events.out.tfevents.1781292087.batch-block7-01618
tracking_loss,franka_cube_trackloss_default_b7e04f0_seed2_20260612_1042,2,558,13364.8837890625,0.8496856689453125,/tmp/franka_compare_tracking_vs_baseline/tracking/seed2/summaries/events.out.tfevents.1781292087.batch-block7-01618
tracking_loss,franka_cube_trackloss_default_b7e04f0_seed2_20260612_1042,2,559,13384.2744140625,0.8386764526367188,/tmp/franka_compare_tracking_vs_baseline/tracking/seed2/summaries/events.out.tfevents.1781292087.batch-block7-01618
tracking_loss,franka_cube_trackloss_default_b7e04f0_seed2_20260612_1042,2,560,13456.6767578125,0.8349838256835938,/tmp/franka_compare_tracking_vs_baseline/tracking/seed2/summaries/events.out.tfevents.1781292087.batch-block7-01618
tracking_loss,franka_cube_trackloss_default_b7e04f0_seed2_20260612_1042,2,561,13463.0869140625,0.8379592895507812,/tmp/franka_compare_tracking_vs_baseline/tracking/seed2/summaries/events.out.tfevents.1781292087.batch-block7-01618
tracking_loss,franka_cube_trackloss_default_b7e04f0_seed2_20260612_1042,2,562,13270.3330078125,0.7823486328125,/tmp/franka_compare_tracking_vs_baseline/tracking/seed2/summaries/events.out.tfevents.1781292087.batch-block7-01618
tracking_loss,franka_cube_trackloss_default_b7e04f0_seed2_20260612_1042,2,563,13251.591796875,0.7309646606445312,/tmp/franka_compare_tracking_vs_baseline/tracking/seed2/summaries/events.out.tfevents.1781292087.batch-block7-01618
tracking_loss,franka_cube_trackloss_default_b7e04f0_seed2_20260612_1042,2,564,13248.24609375,0.8191375732421875,/tmp/franka_compare_tracking_vs_baseline/tracking/seed2/summaries/events.out.tfevents.1781292087.batch-block7-01618
tracking_loss,franka_cube_trackloss_default_b7e04f0_seed2_20260612_1042,2,565,13417.4462890625,0.8389968872070312,/tmp/franka_compare_tracking_vs_baseline/tracking/seed2/summaries/events.out.tfevents.1781292087.batch-block7-01618
tracking_loss,franka_cube_trackloss_default_b7e04f0_seed2_20260612_1042,2,566,13311.4306640625,0.844329833984375,/tmp/franka_compare_tracking_vs_baseline/tracking/seed2/summaries/events.out.tfevents.1781292087.batch-block7-01618
tracking_loss,franka_cube_trackloss_default_b7e04f0_seed2_20260612_1042,2,567,13385.97265625,0.8459091186523438,/tmp/franka_compare_tracking_vs_baseline/tracking/seed2/summaries/events.out.tfevents.1781292087.batch-block7-01618
tracking_loss,franka_cube_trackloss_default_b7e04f0_seed2_20260612_1042,2,568,13364.8388671875,0.83782958984375,/tmp/franka_compare_tracking_vs_baseline/tracking/seed2/summaries/events.out.tfevents.1781292087.batch-block7-01618
tracking_loss,franka_cube_trackloss_default_b7e04f0_seed2_20260612_1042,2,569,13191.7685546875,0.8315582275390625,/tmp/franka_compare_tracking_vs_baseline/tracking/seed2/summaries/events.out.tfevents.1781292087.batch-block7-01618
tracking_loss,franka_cube_trackloss_default_b7e04f0_seed2_20260612_1042,2,570,13378.4638671875,0.8380661010742188,/tmp/franka_compare_tracking_vs_baseline/tracking/seed2/summaries/events.out.tfevents.1781292087.batch-block7-01618
tracking_loss,franka_cube_trackloss_default_b7e04f0_seed2_20260612_1042,2,571,13435.162109375,0.8321075439453125,/tmp/franka_compare_tracking_vs_baseline/tracking/seed2/summaries/events.out.tfevents.1781292087.batch-block7-01618
tracking_loss,franka_cube_trackloss_default_b7e04f0_seed2_20260612_1042,2,572,13420.6650390625,0.6919631958007812,/tmp/franka_compare_tracking_vs_baseline/tracking/seed2/summaries/events.out.tfevents.1781292087.batch-block7-01618
tracking_loss,franka_cube_trackloss_default_b7e04f0_seed2_20260612_1042,2,573,13386.9287109375,0.8128814697265625,/tmp/franka_compare_tracking_vs_baseline/tracking/seed2/summaries/events.out.tfevents.1781292087.batch-block7-01618
tracking_loss,franka_cube_trackloss_default_b7e04f0_seed2_20260612_1042,2,574,13147.265625,0.83154296875,/tmp/franka_compare_tracking_vs_baseline/tracking/seed2/summaries/events.out.tfevents.1781292087.batch-block7-01618
tracking_loss,franka_cube_trackloss_default_b7e04f0_seed2_20260612_1042,2,575,13051.3837890625,0.846893310546875,/tmp/franka_compare_tracking_vs_baseline/tracking/seed2/summaries/events.out.tfevents.1781292087.batch-block7-01618
tracking_loss,franka_cube_trackloss_default_b7e04f0_seed2_20260612_1042,2,576,13145.7900390625,0.8472747802734375,/tmp/franka_compare_tracking_vs_baseline/tracking/seed2/summaries/events.out.tfevents.1781292087.batch-block7-01618
tracking_loss,franka_cube_trackloss_default_b7e04f0_seed2_20260612_1042,2,577,13145.1337890625,0.8458786010742188,/tmp/franka_compare_tracking_vs_baseline/tracking/seed2/summaries/events.out.tfevents.1781292087.batch-block7-01618
tracking_loss,franka_cube_trackloss_default_b7e04f0_seed2_20260612_1042,2,578,13183.38671875,0.8329238891601562,/tmp/franka_compare_tracking_vs_baseline/tracking/seed2/summaries/events.out.tfevents.1781292087.batch-block7-01618
tracking_loss,franka_cube_trackloss_default_b7e04f0_seed2_20260612_1042,2,579,13190.2060546875,0.8366012573242188,/tmp/franka_compare_tracking_vs_baseline/tracking/seed2/summaries/events.out.tfevents.1781292087.batch-block7-01618
tracking_loss,franka_cube_trackloss_default_b7e04f0_seed2_20260612_1042,2,580,13419.1923828125,0.8345870971679688,/tmp/franka_compare_tracking_vs_baseline/tracking/seed2/summaries/events.out.tfevents.1781292087.batch-block7-01618
tracking_loss,franka_cube_trackloss_default_b7e04f0_seed2_20260612_1042,2,581,13268.8798828125,0.729736328125,/tmp/franka_compare_tracking_vs_baseline/tracking/seed2/summaries/events.out.tfevents.1781292087.batch-block7-01618
tracking_loss,franka_cube_trackloss_default_b7e04f0_seed2_20260612_1042,2,582,13062.0576171875,0.780242919921875,/tmp/franka_compare_tracking_vs_baseline/tracking/seed2/summaries/events.out.tfevents.1781292087.batch-block7-01618
tracking_loss,franka_cube_trackloss_default_b7e04f0_seed2_20260612_1042,2,583,13175.720703125,0.8262100219726562,/tmp/franka_compare_tracking_vs_baseline/tracking/seed2/summaries/events.out.tfevents.1781292087.batch-block7-01618
tracking_loss,franka_cube_trackloss_default_b7e04f0_seed2_20260612_1042,2,584,13289.978515625,0.8435592651367188,/tmp/franka_compare_tracking_vs_baseline/tracking/seed2/summaries/events.out.tfevents.1781292087.batch-block7-01618
tracking_loss,franka_cube_trackloss_default_b7e04f0_seed2_20260612_1042,2,585,13307.2392578125,0.8427581787109375,/tmp/franka_compare_tracking_vs_baseline/tracking/seed2/summaries/events.out.tfevents.1781292087.batch-block7-01618
tracking_loss,franka_cube_trackloss_default_b7e04f0_seed2_20260612_1042,2,586,13223.1171875,0.8496551513671875,/tmp/franka_compare_tracking_vs_baseline/tracking/seed2/summaries/events.out.tfevents.1781292087.batch-block7-01618
tracking_loss,franka_cube_trackloss_default_b7e04f0_seed2_20260612_1042,2,587,13241.7763671875,0.83660888671875,/tmp/franka_compare_tracking_vs_baseline/tracking/seed2/summaries/events.out.tfevents.1781292087.batch-block7-01618
tracking_loss,franka_cube_trackloss_default_b7e04f0_seed2_20260612_1042,2,588,13390.375,0.8340301513671875,/tmp/franka_compare_tracking_vs_baseline/tracking/seed2/summaries/events.out.tfevents.1781292087.batch-block7-01618
tracking_loss,franka_cube_trackloss_default_b7e04f0_seed2_20260612_1042,2,589,13217.1396484375,0.8365097045898438,/tmp/franka_compare_tracking_vs_baseline/tracking/seed2/summaries/events.out.tfevents.1781292087.batch-block7-01618
tracking_loss,franka_cube_trackloss_default_b7e04f0_seed3_20260612_1042,3,1,16.11164665222168,3.0517578125e-05,/tmp/franka_compare_tracking_vs_baseline/tracking/seed3/summaries/events.out.tfevents.1781292113.batch-block5-00086
tracking_loss,franka_cube_trackloss_default_b7e04f0_seed3_20260612_1042,3,2,38.157474517822266,0.0,/tmp/franka_compare_tracking_vs_baseline/tracking/seed3/summaries/events.out.tfevents.1781292113.batch-block5-00086
tracking_loss,franka_cube_trackloss_default_b7e04f0_seed3_20260612_1042,3,3,68.4281005859375,0.0,/tmp/franka_compare_tracking_vs_baseline/tracking/seed3/summaries/events.out.tfevents.1781292113.batch-block5-00086
tracking_loss,franka_cube_trackloss_default_b7e04f0_seed3_20260612_1042,3,4,146.685546875,0.0,/tmp/franka_compare_tracking_vs_baseline/tracking/seed3/summaries/events.out.tfevents.1781292113.batch-block5-00086
tracking_loss,franka_cube_trackloss_default_b7e04f0_seed3_20260612_1042,3,5,280.76416015625,0.0,/tmp/franka_compare_tracking_vs_baseline/tracking/seed3/summaries/events.out.tfevents.1781292113.batch-block5-00086
tracking_loss,franka_cube_trackloss_default_b7e04f0_seed3_20260612_1042,3,6,432.5157775878906,0.0,/tmp/franka_compare_tracking_vs_baseline/tracking/seed3/summaries/events.out.tfevents.1781292113.batch-block5-00086
tracking_loss,franka_cube_trackloss_default_b7e04f0_seed3_20260612_1042,3,7,495.2995300292969,0.0,/tmp/franka_compare_tracking_vs_baseline/tracking/seed3/summaries/events.out.tfevents.1781292113.batch-block5-00086
tracking_loss,franka_cube_trackloss_default_b7e04f0_seed3_20260612_1042,3,8,535.3119506835938,0.0,/tmp/franka_compare_tracking_vs_baseline/tracking/seed3/summaries/events.out.tfevents.1781292113.batch-block5-00086
tracking_loss,franka_cube_trackloss_default_b7e04f0_seed3_20260612_1042,3,9,573.6676635742188,0.0,/tmp/franka_compare_tracking_vs_baseline/tracking/seed3/summaries/events.out.tfevents.1781292113.batch-block5-00086
tracking_loss,franka_cube_trackloss_default_b7e04f0_seed3_20260612_1042,3,10,649.6678466796875,6.866455078125e-05,/tmp/franka_compare_tracking_vs_baseline/tracking/seed3/summaries/events.out.tfevents.1781292113.batch-block5-00086
tracking_loss,franka_cube_trackloss_default_b7e04f0_seed3_20260612_1042,3,11,614.3805541992188,0.0,/tmp/franka_compare_tracking_vs_baseline/tracking/seed3/summaries/events.out.tfevents.1781292113.batch-block5-00086
tracking_loss,franka_cube_trackloss_default_b7e04f0_seed3_20260612_1042,3,12,639.1341552734375,0.0,/tmp/franka_compare_tracking_vs_baseline/tracking/seed3/summaries/events.out.tfevents.1781292113.batch-block5-00086
tracking_loss,franka_cube_trackloss_default_b7e04f0_seed3_20260612_1042,3,13,676.4370727539062,0.0,/tmp/franka_compare_tracking_vs_baseline/tracking/seed3/summaries/events.out.tfevents.1781292113.batch-block5-00086
tracking_loss,franka_cube_trackloss_default_b7e04f0_seed3_20260612_1042,3,14,709.8897705078125,0.0,/tmp/franka_compare_tracking_vs_baseline/tracking/seed3/summaries/events.out.tfevents.1781292113.batch-block5-00086
tracking_loss,franka_cube_trackloss_default_b7e04f0_seed3_20260612_1042,3,15,728.474853515625,0.0,/tmp/franka_compare_tracking_vs_baseline/tracking/seed3/summaries/events.out.tfevents.1781292113.batch-block5-00086
tracking_loss,franka_cube_trackloss_default_b7e04f0_seed3_20260612_1042,3,16,723.473876953125,0.0,/tmp/franka_compare_tracking_vs_baseline/tracking/seed3/summaries/events.out.tfevents.1781292113.batch-block5-00086
tracking_loss,franka_cube_trackloss_default_b7e04f0_seed3_20260612_1042,3,17,718.5941772460938,0.0,/tmp/franka_compare_tracking_vs_baseline/tracking/seed3/summaries/events.out.tfevents.1781292113.batch-block5-00086
tracking_loss,franka_cube_trackloss_default_b7e04f0_seed3_20260612_1042,3,18,715.1431884765625,0.0,/tmp/franka_compare_tracking_vs_baseline/tracking/seed3/summaries/events.out.tfevents.1781292113.batch-block5-00086
tracking_loss,franka_cube_trackloss_default_b7e04f0_seed3_20260612_1042,3,19,565.3005981445312,3.0517578125e-05,/tmp/franka_compare_tracking_vs_baseline/tracking/seed3/summaries/events.out.tfevents.1781292113.batch-block5-00086
tracking_loss,franka_cube_trackloss_default_b7e04f0_seed3_20260612_1042,3,20,406.3409729003906,0.0,/tmp/franka_compare_tracking_vs_baseline/tracking/seed3/summaries/events.out.tfevents.1781292113.batch-block5-00086
tracking_loss,franka_cube_trackloss_default_b7e04f0_seed3_20260612_1042,3,21,405.34130859375,0.0,/tmp/franka_compare_tracking_vs_baseline/tracking/seed3/summaries/events.out.tfevents.1781292113.batch-block5-00086
tracking_loss,franka_cube_trackloss_default_b7e04f0_seed3_20260612_1042,3,22,466.3747253417969,0.0,/tmp/franka_compare_tracking_vs_baseline/tracking/seed3/summaries/events.out.tfevents.1781292113.batch-block5-00086
tracking_loss,franka_cube_trackloss_default_b7e04f0_seed3_20260612_1042,3,23,564.4497680664062,0.0,/tmp/franka_compare_tracking_vs_baseline/tracking/seed3/summaries/events.out.tfevents.1781292113.batch-block5-00086
tracking_loss,franka_cube_trackloss_default_b7e04f0_seed3_20260612_1042,3,24,689.6947631835938,0.0,/tmp/franka_compare_tracking_vs_baseline/tracking/seed3/summaries/events.out.tfevents.1781292113.batch-block5-00086
tracking_loss,franka_cube_trackloss_default_b7e04f0_seed3_20260612_1042,3,25,774.7153930664062,0.0,/tmp/franka_compare_tracking_vs_baseline/tracking/seed3/summaries/events.out.tfevents.1781292113.batch-block5-00086
tracking_loss,franka_cube_trackloss_default_b7e04f0_seed3_20260612_1042,3,26,857.339599609375,0.0,/tmp/franka_compare_tracking_vs_baseline/tracking/seed3/summaries/events.out.tfevents.1781292113.batch-block5-00086
tracking_loss,franka_cube_trackloss_default_b7e04f0_seed3_20260612_1042,3,27,904.496826171875,0.0,/tmp/franka_compare_tracking_vs_baseline/tracking/seed3/summaries/events.out.tfevents.1781292113.batch-block5-00086
tracking_loss,franka_cube_trackloss_default_b7e04f0_seed3_20260612_1042,3,28,964.3876953125,0.0,/tmp/franka_compare_tracking_vs_baseline/tracking/seed3/summaries/events.out.tfevents.1781292113.batch-block5-00086
tracking_loss,franka_cube_trackloss_default_b7e04f0_seed3_20260612_1042,3,29,994.546630859375,7.62939453125e-06,/tmp/franka_compare_tracking_vs_baseline/tracking/seed3/summaries/events.out.tfevents.1781292113.batch-block5-00086
tracking_loss,franka_cube_trackloss_default_b7e04f0_seed3_20260612_1042,3,30,1022.8966064453125,7.62939453125e-06,/tmp/franka_compare_tracking_vs_baseline/tracking/seed3/summaries/events.out.tfevents.1781292113.batch-block5-00086
tracking_loss,franka_cube_trackloss_default_b7e04f0_seed3_20260612_1042,3,31,1036.01318359375,4.57763671875e-05,/tmp/franka_compare_tracking_vs_baseline/tracking/seed3/summaries/events.out.tfevents.1781292113.batch-block5-00086
tracking_loss,franka_cube_trackloss_default_b7e04f0_seed3_20260612_1042,3,32,1022.9189453125,9.918212890625e-05,/tmp/franka_compare_tracking_vs_baseline/tracking/seed3/summaries/events.out.tfevents.1781292113.batch-block5-00086
tracking_loss,franka_cube_trackloss_default_b7e04f0_seed3_20260612_1042,3,33,1091.7664794921875,0.0,/tmp/franka_compare_tracking_vs_baseline/tracking/seed3/summaries/events.out.tfevents.1781292113.batch-block5-00086
tracking_loss,franka_cube_trackloss_default_b7e04f0_seed3_20260612_1042,3,34,1308.811767578125,0.0,/tmp/franka_compare_tracking_vs_baseline/tracking/seed3/summaries/events.out.tfevents.1781292113.batch-block5-00086
tracking_loss,franka_cube_trackloss_default_b7e04f0_seed3_20260612_1042,3,35,1352.2940673828125,0.0,/tmp/franka_compare_tracking_vs_baseline/tracking/seed3/summaries/events.out.tfevents.1781292113.batch-block5-00086
tracking_loss,franka_cube_trackloss_default_b7e04f0_seed3_20260612_1042,3,36,1367.3299560546875,0.0,/tmp/franka_compare_tracking_vs_baseline/tracking/seed3/summaries/events.out.tfevents.1781292113.batch-block5-00086
tracking_loss,franka_cube_trackloss_default_b7e04f0_seed3_20260612_1042,3,37,1485.87109375,0.0,/tmp/franka_compare_tracking_vs_baseline/tracking/seed3/summaries/events.out.tfevents.1781292113.batch-block5-00086
tracking_loss,franka_cube_trackloss_default_b7e04f0_seed3_20260612_1042,3,38,1638.44873046875,2.288818359375e-05,/tmp/franka_compare_tracking_vs_baseline/tracking/seed3/summaries/events.out.tfevents.1781292113.batch-block5-00086
tracking_loss,franka_cube_trackloss_default_b7e04f0_seed3_20260612_1042,3,39,1752.7388916015625,0.0,/tmp/franka_compare_tracking_vs_baseline/tracking/seed3/summaries/events.out.tfevents.1781292113.batch-block5-00086
tracking_loss,franka_cube_trackloss_default_b7e04f0_seed3_20260612_1042,3,40,1834.5626220703125,0.0,/tmp/franka_compare_tracking_vs_baseline/tracking/seed3/summaries/events.out.tfevents.1781292113.batch-block5-00086
tracking_loss,franka_cube_trackloss_default_b7e04f0_seed3_20260612_1042,3,41,1726.01171875,0.0,/tmp/franka_compare_tracking_vs_baseline/tracking/seed3/summaries/events.out.tfevents.1781292113.batch-block5-00086
tracking_loss,franka_cube_trackloss_default_b7e04f0_seed3_20260612_1042,3,42,1825.201171875,0.0,/tmp/franka_compare_tracking_vs_baseline/tracking/seed3/summaries/events.out.tfevents.1781292113.batch-block5-00086
tracking_loss,franka_cube_trackloss_default_b7e04f0_seed3_20260612_1042,3,43,1856.40673828125,0.0,/tmp/franka_compare_tracking_vs_baseline/tracking/seed3/summaries/events.out.tfevents.1781292113.batch-block5-00086
tracking_loss,franka_cube_trackloss_default_b7e04f0_seed3_20260612_1042,3,44,1951.5443115234375,0.0,/tmp/franka_compare_tracking_vs_baseline/tracking/seed3/summaries/events.out.tfevents.1781292113.batch-block5-00086
tracking_loss,franka_cube_trackloss_default_b7e04f0_seed3_20260612_1042,3,45,1961.9603271484375,0.0,/tmp/franka_compare_tracking_vs_baseline/tracking/seed3/summaries/events.out.tfevents.1781292113.batch-block5-00086
tracking_loss,franka_cube_trackloss_default_b7e04f0_seed3_20260612_1042,3,46,2033.6055908203125,0.0,/tmp/franka_compare_tracking_vs_baseline/tracking/seed3/summaries/events.out.tfevents.1781292113.batch-block5-00086
tracking_loss,franka_cube_trackloss_default_b7e04f0_seed3_20260612_1042,3,47,1928.935791015625,8.392333984375e-05,/tmp/franka_compare_tracking_vs_baseline/tracking/seed3/summaries/events.out.tfevents.1781292113.batch-block5-00086
tracking_loss,franka_cube_trackloss_default_b7e04f0_seed3_20260612_1042,3,48,1898.5382080078125,0.00011444091796875,/tmp/franka_compare_tracking_vs_baseline/tracking/seed3/summaries/events.out.tfevents.1781292113.batch-block5-00086
tracking_loss,franka_cube_trackloss_default_b7e04f0_seed3_20260612_1042,3,49,2002.3192138671875,0.0,/tmp/franka_compare_tracking_vs_baseline/tracking/seed3/summaries/events.out.tfevents.1781292113.batch-block5-00086
tracking_loss,franka_cube_trackloss_default_b7e04f0_seed3_20260612_1042,3,50,1958.60302734375,0.0,/tmp/franka_compare_tracking_vs_baseline/tracking/seed3/summaries/events.out.tfevents.1781292113.batch-block5-00086
tracking_loss,franka_cube_trackloss_default_b7e04f0_seed3_20260612_1042,3,51,1989.3253173828125,0.000152587890625,/tmp/franka_compare_tracking_vs_baseline/tracking/seed3/summaries/events.out.tfevents.1781292113.batch-block5-00086
tracking_loss,franka_cube_trackloss_default_b7e04f0_seed3_20260612_1042,3,52,2053.585693359375,7.62939453125e-06,/tmp/franka_compare_tracking_vs_baseline/tracking/seed3/summaries/events.out.tfevents.1781292113.batch-block5-00086
tracking_loss,franka_cube_trackloss_default_b7e04f0_seed3_20260612_1042,3,53,2060.3544921875,0.0,/tmp/franka_compare_tracking_vs_baseline/tracking/seed3/summaries/events.out.tfevents.1781292113.batch-block5-00086
tracking_loss,franka_cube_trackloss_default_b7e04f0_seed3_20260612_1042,3,54,2085.382568359375,0.0,/tmp/franka_compare_tracking_vs_baseline/tracking/seed3/summaries/events.out.tfevents.1781292113.batch-block5-00086
tracking_loss,franka_cube_trackloss_default_b7e04f0_seed3_20260612_1042,3,55,2115.487548828125,0.0,/tmp/franka_compare_tracking_vs_baseline/tracking/seed3/summaries/events.out.tfevents.1781292113.batch-block5-00086
tracking_loss,franka_cube_trackloss_default_b7e04f0_seed3_20260612_1042,3,56,2093.708740234375,0.0,/tmp/franka_compare_tracking_vs_baseline/tracking/seed3/summaries/events.out.tfevents.1781292113.batch-block5-00086
tracking_loss,franka_cube_trackloss_default_b7e04f0_seed3_20260612_1042,3,57,1981.5643310546875,5.340576171875e-05,/tmp/franka_compare_tracking_vs_baseline/tracking/seed3/summaries/events.out.tfevents.1781292113.batch-block5-00086
tracking_loss,franka_cube_trackloss_default_b7e04f0_seed3_20260612_1042,3,58,2156.365478515625,1.52587890625e-05,/tmp/franka_compare_tracking_vs_baseline/tracking/seed3/summaries/events.out.tfevents.1781292113.batch-block5-00086
tracking_loss,franka_cube_trackloss_default_b7e04f0_seed3_20260612_1042,3,59,2086.004150390625,3.0517578125e-05,/tmp/franka_compare_tracking_vs_baseline/tracking/seed3/summaries/events.out.tfevents.1781292113.batch-block5-00086
tracking_loss,franka_cube_trackloss_default_b7e04f0_seed3_20260612_1042,3,60,2116.84326171875,9.918212890625e-05,/tmp/franka_compare_tracking_vs_baseline/tracking/seed3/summaries/events.out.tfevents.1781292113.batch-block5-00086
tracking_loss,franka_cube_trackloss_default_b7e04f0_seed3_20260612_1042,3,61,2172.35986328125,0.00023651123046875,/tmp/franka_compare_tracking_vs_baseline/tracking/seed3/summaries/events.out.tfevents.1781292113.batch-block5-00086
tracking_loss,franka_cube_trackloss_default_b7e04f0_seed3_20260612_1042,3,62,2147.460205078125,9.1552734375e-05,/tmp/franka_compare_tracking_vs_baseline/tracking/seed3/summaries/events.out.tfevents.1781292113.batch-block5-00086
tracking_loss,franka_cube_trackloss_default_b7e04f0_seed3_20260612_1042,3,63,2221.998779296875,0.0,/tmp/franka_compare_tracking_vs_baseline/tracking/seed3/summaries/events.out.tfevents.1781292113.batch-block5-00086
tracking_loss,franka_cube_trackloss_default_b7e04f0_seed3_20260612_1042,3,64,2208.86474609375,0.0,/tmp/franka_compare_tracking_vs_baseline/tracking/seed3/summaries/events.out.tfevents.1781292113.batch-block5-00086
tracking_loss,franka_cube_trackloss_default_b7e04f0_seed3_20260612_1042,3,65,2220.9931640625,7.62939453125e-05,/tmp/franka_compare_tracking_vs_baseline/tracking/seed3/summaries/events.out.tfevents.1781292113.batch-block5-00086
tracking_loss,franka_cube_trackloss_default_b7e04f0_seed3_20260612_1042,3,66,1925.4691162109375,0.0001373291015625,/tmp/franka_compare_tracking_vs_baseline/tracking/seed3/summaries/events.out.tfevents.1781292113.batch-block5-00086
tracking_loss,franka_cube_trackloss_default_b7e04f0_seed3_20260612_1042,3,67,2130.17041015625,3.814697265625e-05,/tmp/franka_compare_tracking_vs_baseline/tracking/seed3/summaries/events.out.tfevents.1781292113.batch-block5-00086
tracking_loss,franka_cube_trackloss_default_b7e04f0_seed3_20260612_1042,3,68,2265.291259765625,0.00048065185546875,/tmp/franka_compare_tracking_vs_baseline/tracking/seed3/summaries/events.out.tfevents.1781292113.batch-block5-00086
tracking_loss,franka_cube_trackloss_default_b7e04f0_seed3_20260612_1042,3,69,2162.491455078125,0.00140380859375,/tmp/franka_compare_tracking_vs_baseline/tracking/seed3/summaries/events.out.tfevents.1781292113.batch-block5-00086
tracking_loss,franka_cube_trackloss_default_b7e04f0_seed3_20260612_1042,3,70,2247.3125,0.00244903564453125,/tmp/franka_compare_tracking_vs_baseline/tracking/seed3/summaries/events.out.tfevents.1781292113.batch-block5-00086
tracking_loss,franka_cube_trackloss_default_b7e04f0_seed3_20260612_1042,3,71,2234.858642578125,0.00170135498046875,/tmp/franka_compare_tracking_vs_baseline/tracking/seed3/summaries/events.out.tfevents.1781292113.batch-block5-00086
tracking_loss,franka_cube_trackloss_default_b7e04f0_seed3_20260612_1042,3,72,2232.31396484375,0.0005035400390625,/tmp/franka_compare_tracking_vs_baseline/tracking/seed3/summaries/events.out.tfevents.1781292113.batch-block5-00086
tracking_loss,franka_cube_trackloss_default_b7e04f0_seed3_20260612_1042,3,73,2263.92724609375,0.00032806396484375,/tmp/franka_compare_tracking_vs_baseline/tracking/seed3/summaries/events.out.tfevents.1781292113.batch-block5-00086
tracking_loss,franka_cube_trackloss_default_b7e04f0_seed3_20260612_1042,3,74,2281.302001953125,0.0002288818359375,/tmp/franka_compare_tracking_vs_baseline/tracking/seed3/summaries/events.out.tfevents.1781292113.batch-block5-00086
tracking_loss,franka_cube_trackloss_default_b7e04f0_seed3_20260612_1042,3,75,2134.335205078125,1.52587890625e-05,/tmp/franka_compare_tracking_vs_baseline/tracking/seed3/summaries/events.out.tfevents.1781292113.batch-block5-00086
tracking_loss,franka_cube_trackloss_default_b7e04f0_seed3_20260612_1042,3,76,2183.94970703125,2.288818359375e-05,/tmp/franka_compare_tracking_vs_baseline/tracking/seed3/summaries/events.out.tfevents.1781292113.batch-block5-00086
tracking_loss,franka_cube_trackloss_default_b7e04f0_seed3_20260612_1042,3,77,2200.673095703125,0.00140380859375,/tmp/franka_compare_tracking_vs_baseline/tracking/seed3/summaries/events.out.tfevents.1781292113.batch-block5-00086
tracking_loss,franka_cube_trackloss_default_b7e04f0_seed3_20260612_1042,3,78,2041.6590576171875,0.00333404541015625,/tmp/franka_compare_tracking_vs_baseline/tracking/seed3/summaries/events.out.tfevents.1781292113.batch-block5-00086
tracking_loss,franka_cube_trackloss_default_b7e04f0_seed3_20260612_1042,3,79,2123.79248046875,0.00274658203125,/tmp/franka_compare_tracking_vs_baseline/tracking/seed3/summaries/events.out.tfevents.1781292113.batch-block5-00086
tracking_loss,franka_cube_trackloss_default_b7e04f0_seed3_20260612_1042,3,80,2211.2646484375,0.0010528564453125,/tmp/franka_compare_tracking_vs_baseline/tracking/seed3/summaries/events.out.tfevents.1781292113.batch-block5-00086
tracking_loss,franka_cube_trackloss_default_b7e04f0_seed3_20260612_1042,3,81,2279.15185546875,0.00023651123046875,/tmp/franka_compare_tracking_vs_baseline/tracking/seed3/summaries/events.out.tfevents.1781292113.batch-block5-00086
tracking_loss,franka_cube_trackloss_default_b7e04f0_seed3_20260612_1042,3,82,2270.170166015625,0.00012969970703125,/tmp/franka_compare_tracking_vs_baseline/tracking/seed3/summaries/events.out.tfevents.1781292113.batch-block5-00086
tracking_loss,franka_cube_trackloss_default_b7e04f0_seed3_20260612_1042,3,83,2280.58203125,0.0003814697265625,/tmp/franka_compare_tracking_vs_baseline/tracking/seed3/summaries/events.out.tfevents.1781292113.batch-block5-00086
tracking_loss,franka_cube_trackloss_default_b7e04f0_seed3_20260612_1042,3,84,2268.73193359375,0.00025177001953125,/tmp/franka_compare_tracking_vs_baseline/tracking/seed3/summaries/events.out.tfevents.1781292113.batch-block5-00086
tracking_loss,franka_cube_trackloss_default_b7e04f0_seed3_20260612_1042,3,85,2162.370849609375,0.00046539306640625,/tmp/franka_compare_tracking_vs_baseline/tracking/seed3/summaries/events.out.tfevents.1781292113.batch-block5-00086
tracking_loss,franka_cube_trackloss_default_b7e04f0_seed3_20260612_1042,3,86,2238.14453125,0.0009765625,/tmp/franka_compare_tracking_vs_baseline/tracking/seed3/summaries/events.out.tfevents.1781292113.batch-block5-00086
tracking_loss,franka_cube_trackloss_default_b7e04f0_seed3_20260612_1042,3,87,2174.51220703125,0.00142669677734375,/tmp/franka_compare_tracking_vs_baseline/tracking/seed3/summaries/events.out.tfevents.1781292113.batch-block5-00086
tracking_loss,franka_cube_trackloss_default_b7e04f0_seed3_20260612_1042,3,88,2200.421875,0.00109100341796875,/tmp/franka_compare_tracking_vs_baseline/tracking/seed3/summaries/events.out.tfevents.1781292113.batch-block5-00086
tracking_loss,franka_cube_trackloss_default_b7e04f0_seed3_20260612_1042,3,89,2176.2900390625,0.00066375732421875,/tmp/franka_compare_tracking_vs_baseline/tracking/seed3/summaries/events.out.tfevents.1781292113.batch-block5-00086
tracking_loss,franka_cube_trackloss_default_b7e04f0_seed3_20260612_1042,3,90,2283.7548828125,0.00086212158203125,/tmp/franka_compare_tracking_vs_baseline/tracking/seed3/summaries/events.out.tfevents.1781292113.batch-block5-00086
tracking_loss,franka_cube_trackloss_default_b7e04f0_seed3_20260612_1042,3,91,2286.64453125,0.0009307861328125,/tmp/franka_compare_tracking_vs_baseline/tracking/seed3/summaries/events.out.tfevents.1781292113.batch-block5-00086
tracking_loss,franka_cube_trackloss_default_b7e04f0_seed3_20260612_1042,3,92,2317.656005859375,0.000244140625,/tmp/franka_compare_tracking_vs_baseline/tracking/seed3/summaries/events.out.tfevents.1781292113.batch-block5-00086
tracking_loss,franka_cube_trackloss_default_b7e04f0_seed3_20260612_1042,3,93,2368.440673828125,0.0,/tmp/franka_compare_tracking_vs_baseline/tracking/seed3/summaries/events.out.tfevents.1781292113.batch-block5-00086
tracking_loss,franka_cube_trackloss_default_b7e04f0_seed3_20260612_1042,3,94,2021.3546142578125,0.00011444091796875,/tmp/franka_compare_tracking_vs_baseline/tracking/seed3/summaries/events.out.tfevents.1781292113.batch-block5-00086
tracking_loss,franka_cube_trackloss_default_b7e04f0_seed3_20260612_1042,3,95,2142.4072265625,0.0003814697265625,/tmp/franka_compare_tracking_vs_baseline/tracking/seed3/summaries/events.out.tfevents.1781292113.batch-block5-00086
tracking_loss,franka_cube_trackloss_default_b7e04f0_seed3_20260612_1042,3,96,2170.7060546875,0.00077056884765625,/tmp/franka_compare_tracking_vs_baseline/tracking/seed3/summaries/events.out.tfevents.1781292113.batch-block5-00086
tracking_loss,franka_cube_trackloss_default_b7e04f0_seed3_20260612_1042,3,97,2213.2197265625,0.0010986328125,/tmp/franka_compare_tracking_vs_baseline/tracking/seed3/summaries/events.out.tfevents.1781292113.batch-block5-00086
tracking_loss,franka_cube_trackloss_default_b7e04f0_seed3_20260612_1042,3,98,2250.33740234375,0.00133514404296875,/tmp/franka_compare_tracking_vs_baseline/tracking/seed3/summaries/events.out.tfevents.1781292113.batch-block5-00086
tracking_loss,franka_cube_trackloss_default_b7e04f0_seed3_20260612_1042,3,99,2226.517578125,0.001129150390625,/tmp/franka_compare_tracking_vs_baseline/tracking/seed3/summaries/events.out.tfevents.1781292113.batch-block5-00086
tracking_loss,franka_cube_trackloss_default_b7e04f0_seed3_20260612_1042,3,100,2257.962890625,0.00087738037109375,/tmp/franka_compare_tracking_vs_baseline/tracking/seed3/summaries/events.out.tfevents.1781292113.batch-block5-00086
tracking_loss,franka_cube_trackloss_default_b7e04f0_seed3_20260612_1042,3,101,2194.082275390625,0.0003509521484375,/tmp/franka_compare_tracking_vs_baseline/tracking/seed3/summaries/events.out.tfevents.1781292113.batch-block5-00086
tracking_loss,franka_cube_trackloss_default_b7e04f0_seed3_20260612_1042,3,102,2295.9267578125,0.0002593994140625,/tmp/franka_compare_tracking_vs_baseline/tracking/seed3/summaries/events.out.tfevents.1781292113.batch-block5-00086
tracking_loss,franka_cube_trackloss_default_b7e04f0_seed3_20260612_1042,3,103,2245.267333984375,0.0002593994140625,/tmp/franka_compare_tracking_vs_baseline/tracking/seed3/summaries/events.out.tfevents.1781292113.batch-block5-00086
tracking_loss,franka_cube_trackloss_default_b7e04f0_seed3_20260612_1042,3,104,2192.346923828125,0.00028228759765625,/tmp/franka_compare_tracking_vs_baseline/tracking/seed3/summaries/events.out.tfevents.1781292113.batch-block5-00086
tracking_loss,franka_cube_trackloss_default_b7e04f0_seed3_20260612_1042,3,105,2311.705810546875,0.0013275146484375,/tmp/franka_compare_tracking_vs_baseline/tracking/seed3/summaries/events.out.tfevents.1781292113.batch-block5-00086
tracking_loss,franka_cube_trackloss_default_b7e04f0_seed3_20260612_1042,3,106,2296.313720703125,0.0013427734375,/tmp/franka_compare_tracking_vs_baseline/tracking/seed3/summaries/events.out.tfevents.1781292113.batch-block5-00086
tracking_loss,franka_cube_trackloss_default_b7e04f0_seed3_20260612_1042,3,107,2336.91650390625,0.00164031982421875,/tmp/franka_compare_tracking_vs_baseline/tracking/seed3/summaries/events.out.tfevents.1781292113.batch-block5-00086
tracking_loss,franka_cube_trackloss_default_b7e04f0_seed3_20260612_1042,3,108,2311.447509765625,0.0017547607421875,/tmp/franka_compare_tracking_vs_baseline/tracking/seed3/summaries/events.out.tfevents.1781292113.batch-block5-00086
tracking_loss,franka_cube_trackloss_default_b7e04f0_seed3_20260612_1042,3,109,2254.51318359375,0.00141143798828125,/tmp/franka_compare_tracking_vs_baseline/tracking/seed3/summaries/events.out.tfevents.1781292113.batch-block5-00086
tracking_loss,franka_cube_trackloss_default_b7e04f0_seed3_20260612_1042,3,110,2308.069580078125,0.00098419189453125,/tmp/franka_compare_tracking_vs_baseline/tracking/seed3/summaries/events.out.tfevents.1781292113.batch-block5-00086
tracking_loss,franka_cube_trackloss_default_b7e04f0_seed3_20260612_1042,3,111,2306.133544921875,0.0005035400390625,/tmp/franka_compare_tracking_vs_baseline/tracking/seed3/summaries/events.out.tfevents.1781292113.batch-block5-00086
tracking_loss,franka_cube_trackloss_default_b7e04f0_seed3_20260612_1042,3,112,2352.86962890625,0.00037384033203125,/tmp/franka_compare_tracking_vs_baseline/tracking/seed3/summaries/events.out.tfevents.1781292113.batch-block5-00086
tracking_loss,franka_cube_trackloss_default_b7e04f0_seed3_20260612_1042,3,113,2107.176025390625,0.000579833984375,/tmp/franka_compare_tracking_vs_baseline/tracking/seed3/summaries/events.out.tfevents.1781292113.batch-block5-00086
tracking_loss,franka_cube_trackloss_default_b7e04f0_seed3_20260612_1042,3,114,2350.45703125,0.00177764892578125,/tmp/franka_compare_tracking_vs_baseline/tracking/seed3/summaries/events.out.tfevents.1781292113.batch-block5-00086
tracking_loss,franka_cube_trackloss_default_b7e04f0_seed3_20260612_1042,3,115,2364.044677734375,0.00262451171875,/tmp/franka_compare_tracking_vs_baseline/tracking/seed3/summaries/events.out.tfevents.1781292113.batch-block5-00086
tracking_loss,franka_cube_trackloss_default_b7e04f0_seed3_20260612_1042,3,116,2419.87548828125,0.00196075439453125,/tmp/franka_compare_tracking_vs_baseline/tracking/seed3/summaries/events.out.tfevents.1781292113.batch-block5-00086
tracking_loss,franka_cube_trackloss_default_b7e04f0_seed3_20260612_1042,3,117,2357.027587890625,0.00160980224609375,/tmp/franka_compare_tracking_vs_baseline/tracking/seed3/summaries/events.out.tfevents.1781292113.batch-block5-00086
tracking_loss,franka_cube_trackloss_default_b7e04f0_seed3_20260612_1042,3,118,2347.28271484375,0.001068115234375,/tmp/franka_compare_tracking_vs_baseline/tracking/seed3/summaries/events.out.tfevents.1781292113.batch-block5-00086
tracking_loss,franka_cube_trackloss_default_b7e04f0_seed3_20260612_1042,3,119,2308.470947265625,0.00060272216796875,/tmp/franka_compare_tracking_vs_baseline/tracking/seed3/summaries/events.out.tfevents.1781292113.batch-block5-00086
tracking_loss,franka_cube_trackloss_default_b7e04f0_seed3_20260612_1042,3,120,2345.309814453125,0.00051116943359375,/tmp/franka_compare_tracking_vs_baseline/tracking/seed3/summaries/events.out.tfevents.1781292113.batch-block5-00086
tracking_loss,franka_cube_trackloss_default_b7e04f0_seed3_20260612_1042,3,121,2395.193115234375,0.0003662109375,/tmp/franka_compare_tracking_vs_baseline/tracking/seed3/summaries/events.out.tfevents.1781292113.batch-block5-00086
tracking_loss,franka_cube_trackloss_default_b7e04f0_seed3_20260612_1042,3,122,2291.855712890625,0.0004730224609375,/tmp/franka_compare_tracking_vs_baseline/tracking/seed3/summaries/events.out.tfevents.1781292113.batch-block5-00086
tracking_loss,franka_cube_trackloss_default_b7e04f0_seed3_20260612_1042,3,123,2378.3291015625,0.0015716552734375,/tmp/franka_compare_tracking_vs_baseline/tracking/seed3/summaries/events.out.tfevents.1781292113.batch-block5-00086
tracking_loss,franka_cube_trackloss_default_b7e04f0_seed3_20260612_1042,3,124,2263.98193359375,0.0018463134765625,/tmp/franka_compare_tracking_vs_baseline/tracking/seed3/summaries/events.out.tfevents.1781292113.batch-block5-00086
tracking_loss,franka_cube_trackloss_default_b7e04f0_seed3_20260612_1042,3,125,2397.651611328125,0.001861572265625,/tmp/franka_compare_tracking_vs_baseline/tracking/seed3/summaries/events.out.tfevents.1781292113.batch-block5-00086
tracking_loss,franka_cube_trackloss_default_b7e04f0_seed3_20260612_1042,3,126,2450.58203125,0.0017547607421875,/tmp/franka_compare_tracking_vs_baseline/tracking/seed3/summaries/events.out.tfevents.1781292113.batch-block5-00086
tracking_loss,franka_cube_trackloss_default_b7e04f0_seed3_20260612_1042,3,127,2459.8876953125,0.001556396484375,/tmp/franka_compare_tracking_vs_baseline/tracking/seed3/summaries/events.out.tfevents.1781292113.batch-block5-00086
tracking_loss,franka_cube_trackloss_default_b7e04f0_seed3_20260612_1042,3,128,2446.6806640625,0.00136566162109375,/tmp/franka_compare_tracking_vs_baseline/tracking/seed3/summaries/events.out.tfevents.1781292113.batch-block5-00086
tracking_loss,franka_cube_trackloss_default_b7e04f0_seed3_20260612_1042,3,129,2446.86328125,0.0009307861328125,/tmp/franka_compare_tracking_vs_baseline/tracking/seed3/summaries/events.out.tfevents.1781292113.batch-block5-00086
tracking_loss,franka_cube_trackloss_default_b7e04f0_seed3_20260612_1042,3,130,2409.7353515625,0.0007781982421875,/tmp/franka_compare_tracking_vs_baseline/tracking/seed3/summaries/events.out.tfevents.1781292113.batch-block5-00086
tracking_loss,franka_cube_trackloss_default_b7e04f0_seed3_20260612_1042,3,131,2421.46630859375,0.0005035400390625,/tmp/franka_compare_tracking_vs_baseline/tracking/seed3/summaries/events.out.tfevents.1781292113.batch-block5-00086
tracking_loss,franka_cube_trackloss_default_b7e04f0_seed3_20260612_1042,3,132,2276.130126953125,0.00018310546875,/tmp/franka_compare_tracking_vs_baseline/tracking/seed3/summaries/events.out.tfevents.1781292113.batch-block5-00086
tracking_loss,franka_cube_trackloss_default_b7e04f0_seed3_20260612_1042,3,133,2436.26953125,0.0016326904296875,/tmp/franka_compare_tracking_vs_baseline/tracking/seed3/summaries/events.out.tfevents.1781292113.batch-block5-00086
tracking_loss,franka_cube_trackloss_default_b7e04f0_seed3_20260612_1042,3,134,2490.3095703125,0.00167083740234375,/tmp/franka_compare_tracking_vs_baseline/tracking/seed3/summaries/events.out.tfevents.1781292113.batch-block5-00086
tracking_loss,franka_cube_trackloss_default_b7e04f0_seed3_20260612_1042,3,135,2404.48583984375,0.00152587890625,/tmp/franka_compare_tracking_vs_baseline/tracking/seed3/summaries/events.out.tfevents.1781292113.batch-block5-00086
tracking_loss,franka_cube_trackloss_default_b7e04f0_seed3_20260612_1042,3,136,2536.4228515625,0.0008392333984375,/tmp/franka_compare_tracking_vs_baseline/tracking/seed3/summaries/events.out.tfevents.1781292113.batch-block5-00086
tracking_loss,franka_cube_trackloss_default_b7e04f0_seed3_20260612_1042,3,137,2441.232666015625,0.0005035400390625,/tmp/franka_compare_tracking_vs_baseline/tracking/seed3/summaries/events.out.tfevents.1781292113.batch-block5-00086
tracking_loss,franka_cube_trackloss_default_b7e04f0_seed3_20260612_1042,3,138,2412.85791015625,0.0003814697265625,/tmp/franka_compare_tracking_vs_baseline/tracking/seed3/summaries/events.out.tfevents.1781292113.batch-block5-00086
tracking_loss,franka_cube_trackloss_default_b7e04f0_seed3_20260612_1042,3,139,2448.592041015625,0.00043487548828125,/tmp/franka_compare_tracking_vs_baseline/tracking/seed3/summaries/events.out.tfevents.1781292113.batch-block5-00086
tracking_loss,franka_cube_trackloss_default_b7e04f0_seed3_20260612_1042,3,140,2437.17578125,0.000274658203125,/tmp/franka_compare_tracking_vs_baseline/tracking/seed3/summaries/events.out.tfevents.1781292113.batch-block5-00086
tracking_loss,franka_cube_trackloss_default_b7e04f0_seed3_20260612_1042,3,141,2306.11669921875,0.0002899169921875,/tmp/franka_compare_tracking_vs_baseline/tracking/seed3/summaries/events.out.tfevents.1781292113.batch-block5-00086
tracking_loss,franka_cube_trackloss_default_b7e04f0_seed3_20260612_1042,3,142,2381.771728515625,0.00262451171875,/tmp/franka_compare_tracking_vs_baseline/tracking/seed3/summaries/events.out.tfevents.1781292113.batch-block5-00086
tracking_loss,franka_cube_trackloss_default_b7e04f0_seed3_20260612_1042,3,143,2392.02978515625,0.003448486328125,/tmp/franka_compare_tracking_vs_baseline/tracking/seed3/summaries/events.out.tfevents.1781292113.batch-block5-00086
tracking_loss,franka_cube_trackloss_default_b7e04f0_seed3_20260612_1042,3,144,2350.388916015625,0.0032806396484375,/tmp/franka_compare_tracking_vs_baseline/tracking/seed3/summaries/events.out.tfevents.1781292113.batch-block5-00086
tracking_loss,franka_cube_trackloss_default_b7e04f0_seed3_20260612_1042,3,145,2431.95849609375,0.0027008056640625,/tmp/franka_compare_tracking_vs_baseline/tracking/seed3/summaries/events.out.tfevents.1781292113.batch-block5-00086
tracking_loss,franka_cube_trackloss_default_b7e04f0_seed3_20260612_1042,3,146,2388.400146484375,0.0012664794921875,/tmp/franka_compare_tracking_vs_baseline/tracking/seed3/summaries/events.out.tfevents.1781292113.batch-block5-00086
tracking_loss,franka_cube_trackloss_default_b7e04f0_seed3_20260612_1042,3,147,2472.435302734375,0.00042724609375,/tmp/franka_compare_tracking_vs_baseline/tracking/seed3/summaries/events.out.tfevents.1781292113.batch-block5-00086
tracking_loss,franka_cube_trackloss_default_b7e04f0_seed3_20260612_1042,3,148,2423.08984375,6.866455078125e-05,/tmp/franka_compare_tracking_vs_baseline/tracking/seed3/summaries/events.out.tfevents.1781292113.batch-block5-00086
tracking_loss,franka_cube_trackloss_default_b7e04f0_seed3_20260612_1042,3,149,2440.448974609375,9.918212890625e-05,/tmp/franka_compare_tracking_vs_baseline/tracking/seed3/summaries/events.out.tfevents.1781292113.batch-block5-00086
tracking_loss,franka_cube_trackloss_default_b7e04f0_seed3_20260612_1042,3,150,2310.22705078125,9.918212890625e-05,/tmp/franka_compare_tracking_vs_baseline/tracking/seed3/summaries/events.out.tfevents.1781292113.batch-block5-00086
tracking_loss,franka_cube_trackloss_default_b7e04f0_seed3_20260612_1042,3,151,2320.803955078125,0.00032806396484375,/tmp/franka_compare_tracking_vs_baseline/tracking/seed3/summaries/events.out.tfevents.1781292113.batch-block5-00086
tracking_loss,franka_cube_trackloss_default_b7e04f0_seed3_20260612_1042,3,152,2365.191162109375,0.00154876708984375,/tmp/franka_compare_tracking_vs_baseline/tracking/seed3/summaries/events.out.tfevents.1781292113.batch-block5-00086
tracking_loss,franka_cube_trackloss_default_b7e04f0_seed3_20260612_1042,3,153,2396.738525390625,0.0018463134765625,/tmp/franka_compare_tracking_vs_baseline/tracking/seed3/summaries/events.out.tfevents.1781292113.batch-block5-00086
tracking_loss,franka_cube_trackloss_default_b7e04f0_seed3_20260612_1042,3,154,2350.726318359375,0.00136566162109375,/tmp/franka_compare_tracking_vs_baseline/tracking/seed3/summaries/events.out.tfevents.1781292113.batch-block5-00086
tracking_loss,franka_cube_trackloss_default_b7e04f0_seed3_20260612_1042,3,155,2368.908447265625,0.00140380859375,/tmp/franka_compare_tracking_vs_baseline/tracking/seed3/summaries/events.out.tfevents.1781292113.batch-block5-00086
tracking_loss,franka_cube_trackloss_default_b7e04f0_seed3_20260612_1042,3,156,2385.30029296875,0.00188446044921875,/tmp/franka_compare_tracking_vs_baseline/tracking/seed3/summaries/events.out.tfevents.1781292113.batch-block5-00086
tracking_loss,franka_cube_trackloss_default_b7e04f0_seed3_20260612_1042,3,157,2327.130615234375,0.0019073486328125,/tmp/franka_compare_tracking_vs_baseline/tracking/seed3/summaries/events.out.tfevents.1781292113.batch-block5-00086
tracking_loss,franka_cube_trackloss_default_b7e04f0_seed3_20260612_1042,3,158,2379.378662109375,0.00171661376953125,/tmp/franka_compare_tracking_vs_baseline/tracking/seed3/summaries/events.out.tfevents.1781292113.batch-block5-00086
tracking_loss,franka_cube_trackloss_default_b7e04f0_seed3_20260612_1042,3,159,2360.711669921875,0.00110626220703125,/tmp/franka_compare_tracking_vs_baseline/tracking/seed3/summaries/events.out.tfevents.1781292113.batch-block5-00086
tracking_loss,franka_cube_trackloss_default_b7e04f0_seed3_20260612_1042,3,160,2386.488037109375,0.00067901611328125,/tmp/franka_compare_tracking_vs_baseline/tracking/seed3/summaries/events.out.tfevents.1781292113.batch-block5-00086
tracking_loss,franka_cube_trackloss_default_b7e04f0_seed3_20260612_1042,3,161,2414.288818359375,0.00154876708984375,/tmp/franka_compare_tracking_vs_baseline/tracking/seed3/summaries/events.out.tfevents.1781292113.batch-block5-00086
tracking_loss,franka_cube_trackloss_default_b7e04f0_seed3_20260612_1042,3,162,2316.407470703125,0.00125885009765625,/tmp/franka_compare_tracking_vs_baseline/tracking/seed3/summaries/events.out.tfevents.1781292113.batch-block5-00086
tracking_loss,franka_cube_trackloss_default_b7e04f0_seed3_20260612_1042,3,163,2423.865478515625,0.00092315673828125,/tmp/franka_compare_tracking_vs_baseline/tracking/seed3/summaries/events.out.tfevents.1781292113.batch-block5-00086
tracking_loss,franka_cube_trackloss_default_b7e04f0_seed3_20260612_1042,3,164,2408.513671875,0.00079345703125,/tmp/franka_compare_tracking_vs_baseline/tracking/seed3/summaries/events.out.tfevents.1781292113.batch-block5-00086
tracking_loss,franka_cube_trackloss_default_b7e04f0_seed3_20260612_1042,3,165,2392.006103515625,0.00029754638671875,/tmp/franka_compare_tracking_vs_baseline/tracking/seed3/summaries/events.out.tfevents.1781292113.batch-block5-00086
tracking_loss,franka_cube_trackloss_default_b7e04f0_seed3_20260612_1042,3,166,2424.51220703125,6.103515625e-05,/tmp/franka_compare_tracking_vs_baseline/tracking/seed3/summaries/events.out.tfevents.1781292113.batch-block5-00086
tracking_loss,franka_cube_trackloss_default_b7e04f0_seed3_20260612_1042,3,167,2404.91015625,3.814697265625e-05,/tmp/franka_compare_tracking_vs_baseline/tracking/seed3/summaries/events.out.tfevents.1781292113.batch-block5-00086
tracking_loss,franka_cube_trackloss_default_b7e04f0_seed3_20260612_1042,3,168,2419.80126953125,0.0,/tmp/franka_compare_tracking_vs_baseline/tracking/seed3/summaries/events.out.tfevents.1781292113.batch-block5-00086
tracking_loss,franka_cube_trackloss_default_b7e04f0_seed3_20260612_1042,3,169,2312.4345703125,0.00014495849609375,/tmp/franka_compare_tracking_vs_baseline/tracking/seed3/summaries/events.out.tfevents.1781292113.batch-block5-00086
tracking_loss,franka_cube_trackloss_default_b7e04f0_seed3_20260612_1042,3,170,2439.874267578125,0.00078582763671875,/tmp/franka_compare_tracking_vs_baseline/tracking/seed3/summaries/events.out.tfevents.1781292113.batch-block5-00086
tracking_loss,franka_cube_trackloss_default_b7e04f0_seed3_20260612_1042,3,171,2441.658447265625,0.0017852783203125,/tmp/franka_compare_tracking_vs_baseline/tracking/seed3/summaries/events.out.tfevents.1781292113.batch-block5-00086
tracking_loss,franka_cube_trackloss_default_b7e04f0_seed3_20260612_1042,3,172,2397.58251953125,0.00174713134765625,/tmp/franka_compare_tracking_vs_baseline/tracking/seed3/summaries/events.out.tfevents.1781292113.batch-block5-00086
tracking_loss,franka_cube_trackloss_default_b7e04f0_seed3_20260612_1042,3,173,2373.790283203125,0.0018157958984375,/tmp/franka_compare_tracking_vs_baseline/tracking/seed3/summaries/events.out.tfevents.1781292113.batch-block5-00086
tracking_loss,franka_cube_trackloss_default_b7e04f0_seed3_20260612_1042,3,174,2434.703125,0.0018157958984375,/tmp/franka_compare_tracking_vs_baseline/tracking/seed3/summaries/events.out.tfevents.1781292113.batch-block5-00086
tracking_loss,franka_cube_trackloss_default_b7e04f0_seed3_20260612_1042,3,175,2362.262939453125,0.00139617919921875,/tmp/franka_compare_tracking_vs_baseline/tracking/seed3/summaries/events.out.tfevents.1781292113.batch-block5-00086
tracking_loss,franka_cube_trackloss_default_b7e04f0_seed3_20260612_1042,3,176,2380.89501953125,0.00103759765625,/tmp/franka_compare_tracking_vs_baseline/tracking/seed3/summaries/events.out.tfevents.1781292113.batch-block5-00086
tracking_loss,franka_cube_trackloss_default_b7e04f0_seed3_20260612_1042,3,177,2440.44287109375,0.00107574462890625,/tmp/franka_compare_tracking_vs_baseline/tracking/seed3/summaries/events.out.tfevents.1781292113.batch-block5-00086
tracking_loss,franka_cube_trackloss_default_b7e04f0_seed3_20260612_1042,3,178,2392.602783203125,0.00115966796875,/tmp/franka_compare_tracking_vs_baseline/tracking/seed3/summaries/events.out.tfevents.1781292113.batch-block5-00086
tracking_loss,franka_cube_trackloss_default_b7e04f0_seed3_20260612_1042,3,179,2315.880126953125,0.00061798095703125,/tmp/franka_compare_tracking_vs_baseline/tracking/seed3/summaries/events.out.tfevents.1781292113.batch-block5-00086
tracking_loss,franka_cube_trackloss_default_b7e04f0_seed3_20260612_1042,3,180,2397.077880859375,0.00128173828125,/tmp/franka_compare_tracking_vs_baseline/tracking/seed3/summaries/events.out.tfevents.1781292113.batch-block5-00086
tracking_loss,franka_cube_trackloss_default_b7e04f0_seed3_20260612_1042,3,181,2415.0576171875,0.0012969970703125,/tmp/franka_compare_tracking_vs_baseline/tracking/seed3/summaries/events.out.tfevents.1781292113.batch-block5-00086
tracking_loss,franka_cube_trackloss_default_b7e04f0_seed3_20260612_1042,3,182,2377.103271484375,0.00089263916015625,/tmp/franka_compare_tracking_vs_baseline/tracking/seed3/summaries/events.out.tfevents.1781292113.batch-block5-00086
tracking_loss,franka_cube_trackloss_default_b7e04f0_seed3_20260612_1042,3,183,2367.86328125,0.0006561279296875,/tmp/franka_compare_tracking_vs_baseline/tracking/seed3/summaries/events.out.tfevents.1781292113.batch-block5-00086
tracking_loss,franka_cube_trackloss_default_b7e04f0_seed3_20260612_1042,3,184,2387.08349609375,0.00060272216796875,/tmp/franka_compare_tracking_vs_baseline/tracking/seed3/summaries/events.out.tfevents.1781292113.batch-block5-00086
tracking_loss,franka_cube_trackloss_default_b7e04f0_seed3_20260612_1042,3,185,2426.087158203125,0.0002899169921875,/tmp/franka_compare_tracking_vs_baseline/tracking/seed3/summaries/events.out.tfevents.1781292113.batch-block5-00086
tracking_loss,franka_cube_trackloss_default_b7e04f0_seed3_20260612_1042,3,186,2406.47119140625,0.0006866455078125,/tmp/franka_compare_tracking_vs_baseline/tracking/seed3/summaries/events.out.tfevents.1781292113.batch-block5-00086
tracking_loss,franka_cube_trackloss_default_b7e04f0_seed3_20260612_1042,3,187,2461.92919921875,0.00072479248046875,/tmp/franka_compare_tracking_vs_baseline/tracking/seed3/summaries/events.out.tfevents.1781292113.batch-block5-00086
tracking_loss,franka_cube_trackloss_default_b7e04f0_seed3_20260612_1042,3,188,2383.859130859375,0.00052642822265625,/tmp/franka_compare_tracking_vs_baseline/tracking/seed3/summaries/events.out.tfevents.1781292113.batch-block5-00086
tracking_loss,franka_cube_trackloss_default_b7e04f0_seed3_20260612_1042,3,189,2375.349853515625,0.00125885009765625,/tmp/franka_compare_tracking_vs_baseline/tracking/seed3/summaries/events.out.tfevents.1781292113.batch-block5-00086
tracking_loss,franka_cube_trackloss_default_b7e04f0_seed3_20260612_1042,3,190,2391.01123046875,0.0019989013671875,/tmp/franka_compare_tracking_vs_baseline/tracking/seed3/summaries/events.out.tfevents.1781292113.batch-block5-00086
tracking_loss,franka_cube_trackloss_default_b7e04f0_seed3_20260612_1042,3,191,2385.4541015625,0.00151824951171875,/tmp/franka_compare_tracking_vs_baseline/tracking/seed3/summaries/events.out.tfevents.1781292113.batch-block5-00086
tracking_loss,franka_cube_trackloss_default_b7e04f0_seed3_20260612_1042,3,192,2377.361083984375,0.0014190673828125,/tmp/franka_compare_tracking_vs_baseline/tracking/seed3/summaries/events.out.tfevents.1781292113.batch-block5-00086
tracking_loss,franka_cube_trackloss_default_b7e04f0_seed3_20260612_1042,3,193,2383.5,0.00107574462890625,/tmp/franka_compare_tracking_vs_baseline/tracking/seed3/summaries/events.out.tfevents.1781292113.batch-block5-00086
tracking_loss,franka_cube_trackloss_default_b7e04f0_seed3_20260612_1042,3,194,2478.889892578125,0.0006103515625,/tmp/franka_compare_tracking_vs_baseline/tracking/seed3/summaries/events.out.tfevents.1781292113.batch-block5-00086
tracking_loss,franka_cube_trackloss_default_b7e04f0_seed3_20260612_1042,3,195,2499.989501953125,0.00046539306640625,/tmp/franka_compare_tracking_vs_baseline/tracking/seed3/summaries/events.out.tfevents.1781292113.batch-block5-00086
tracking_loss,franka_cube_trackloss_default_b7e04f0_seed3_20260612_1042,3,196,2484.51708984375,0.00048065185546875,/tmp/franka_compare_tracking_vs_baseline/tracking/seed3/summaries/events.out.tfevents.1781292113.batch-block5-00086
tracking_loss,franka_cube_trackloss_default_b7e04f0_seed3_20260612_1042,3,197,2299.88037109375,0.0004730224609375,/tmp/franka_compare_tracking_vs_baseline/tracking/seed3/summaries/events.out.tfevents.1781292113.batch-block5-00086
tracking_loss,franka_cube_trackloss_default_b7e04f0_seed3_20260612_1042,3,198,2377.35693359375,0.00118255615234375,/tmp/franka_compare_tracking_vs_baseline/tracking/seed3/summaries/events.out.tfevents.1781292113.batch-block5-00086
tracking_loss,franka_cube_trackloss_default_b7e04f0_seed3_20260612_1042,3,199,2432.83154296875,0.00128936767578125,/tmp/franka_compare_tracking_vs_baseline/tracking/seed3/summaries/events.out.tfevents.1781292113.batch-block5-00086
tracking_loss,franka_cube_trackloss_default_b7e04f0_seed3_20260612_1042,3,200,2416.62646484375,0.00096893310546875,/tmp/franka_compare_tracking_vs_baseline/tracking/seed3/summaries/events.out.tfevents.1781292113.batch-block5-00086
tracking_loss,franka_cube_trackloss_default_b7e04f0_seed3_20260612_1042,3,201,2447.072509765625,0.001068115234375,/tmp/franka_compare_tracking_vs_baseline/tracking/seed3/summaries/events.out.tfevents.1781292113.batch-block5-00086
tracking_loss,franka_cube_trackloss_default_b7e04f0_seed3_20260612_1042,3,202,2458.82177734375,0.00090789794921875,/tmp/franka_compare_tracking_vs_baseline/tracking/seed3/summaries/events.out.tfevents.1781292113.batch-block5-00086
tracking_loss,franka_cube_trackloss_default_b7e04f0_seed3_20260612_1042,3,203,2412.92822265625,0.00070953369140625,/tmp/franka_compare_tracking_vs_baseline/tracking/seed3/summaries/events.out.tfevents.1781292113.batch-block5-00086
tracking_loss,franka_cube_trackloss_default_b7e04f0_seed3_20260612_1042,3,204,2436.19091796875,0.00051116943359375,/tmp/franka_compare_tracking_vs_baseline/tracking/seed3/summaries/events.out.tfevents.1781292113.batch-block5-00086
tracking_loss,franka_cube_trackloss_default_b7e04f0_seed3_20260612_1042,3,205,2458.601318359375,0.0002288818359375,/tmp/franka_compare_tracking_vs_baseline/tracking/seed3/summaries/events.out.tfevents.1781292113.batch-block5-00086
tracking_loss,franka_cube_trackloss_default_b7e04f0_seed3_20260612_1042,3,206,2419.984619140625,0.0001678466796875,/tmp/franka_compare_tracking_vs_baseline/tracking/seed3/summaries/events.out.tfevents.1781292113.batch-block5-00086
tracking_loss,franka_cube_trackloss_default_b7e04f0_seed3_20260612_1042,3,207,2350.80078125,0.000732421875,/tmp/franka_compare_tracking_vs_baseline/tracking/seed3/summaries/events.out.tfevents.1781292113.batch-block5-00086
tracking_loss,franka_cube_trackloss_default_b7e04f0_seed3_20260612_1042,3,208,2371.818359375,0.00201416015625,/tmp/franka_compare_tracking_vs_baseline/tracking/seed3/summaries/events.out.tfevents.1781292113.batch-block5-00086
tracking_loss,franka_cube_trackloss_default_b7e04f0_seed3_20260612_1042,3,209,2415.183837890625,0.0018310546875,/tmp/franka_compare_tracking_vs_baseline/tracking/seed3/summaries/events.out.tfevents.1781292113.batch-block5-00086
tracking_loss,franka_cube_trackloss_default_b7e04f0_seed3_20260612_1042,3,210,2438.9794921875,0.00145721435546875,/tmp/franka_compare_tracking_vs_baseline/tracking/seed3/summaries/events.out.tfevents.1781292113.batch-block5-00086
tracking_loss,franka_cube_trackloss_default_b7e04f0_seed3_20260612_1042,3,211,2441.21630859375,0.00119781494140625,/tmp/franka_compare_tracking_vs_baseline/tracking/seed3/summaries/events.out.tfevents.1781292113.batch-block5-00086
tracking_loss,franka_cube_trackloss_default_b7e04f0_seed3_20260612_1042,3,212,2446.731201171875,0.0006866455078125,/tmp/franka_compare_tracking_vs_baseline/tracking/seed3/summaries/events.out.tfevents.1781292113.batch-block5-00086
tracking_loss,franka_cube_trackloss_default_b7e04f0_seed3_20260612_1042,3,213,2415.896728515625,0.0002593994140625,/tmp/franka_compare_tracking_vs_baseline/tracking/seed3/summaries/events.out.tfevents.1781292113.batch-block5-00086
tracking_loss,franka_cube_trackloss_default_b7e04f0_seed3_20260612_1042,3,214,2449.678955078125,0.0001983642578125,/tmp/franka_compare_tracking_vs_baseline/tracking/seed3/summaries/events.out.tfevents.1781292113.batch-block5-00086
tracking_loss,franka_cube_trackloss_default_b7e04f0_seed3_20260612_1042,3,215,2448.52783203125,0.0002288818359375,/tmp/franka_compare_tracking_vs_baseline/tracking/seed3/summaries/events.out.tfevents.1781292113.batch-block5-00086
tracking_loss,franka_cube_trackloss_default_b7e04f0_seed3_20260612_1042,3,216,2335.178466796875,0.00048065185546875,/tmp/franka_compare_tracking_vs_baseline/tracking/seed3/summaries/events.out.tfevents.1781292113.batch-block5-00086
tracking_loss,franka_cube_trackloss_default_b7e04f0_seed3_20260612_1042,3,217,2396.932373046875,0.00115966796875,/tmp/franka_compare_tracking_vs_baseline/tracking/seed3/summaries/events.out.tfevents.1781292113.batch-block5-00086
tracking_loss,franka_cube_trackloss_default_b7e04f0_seed3_20260612_1042,3,218,2422.92919921875,0.00148773193359375,/tmp/franka_compare_tracking_vs_baseline/tracking/seed3/summaries/events.out.tfevents.1781292113.batch-block5-00086
tracking_loss,franka_cube_trackloss_default_b7e04f0_seed3_20260612_1042,3,219,2361.80322265625,0.0014495849609375,/tmp/franka_compare_tracking_vs_baseline/tracking/seed3/summaries/events.out.tfevents.1781292113.batch-block5-00086
tracking_loss,franka_cube_trackloss_default_b7e04f0_seed3_20260612_1042,3,220,2389.6201171875,0.00136566162109375,/tmp/franka_compare_tracking_vs_baseline/tracking/seed3/summaries/events.out.tfevents.1781292113.batch-block5-00086
tracking_loss,franka_cube_trackloss_default_b7e04f0_seed3_20260612_1042,3,221,2389.30859375,0.0013885498046875,/tmp/franka_compare_tracking_vs_baseline/tracking/seed3/summaries/events.out.tfevents.1781292113.batch-block5-00086
tracking_loss,franka_cube_trackloss_default_b7e04f0_seed3_20260612_1042,3,222,2438.1376953125,0.00138092041015625,/tmp/franka_compare_tracking_vs_baseline/tracking/seed3/summaries/events.out.tfevents.1781292113.batch-block5-00086
tracking_loss,franka_cube_trackloss_default_b7e04f0_seed3_20260612_1042,3,223,2404.2333984375,0.00098419189453125,/tmp/franka_compare_tracking_vs_baseline/tracking/seed3/summaries/events.out.tfevents.1781292113.batch-block5-00086
tracking_loss,franka_cube_trackloss_default_b7e04f0_seed3_20260612_1042,3,224,2423.474365234375,0.000640869140625,/tmp/franka_compare_tracking_vs_baseline/tracking/seed3/summaries/events.out.tfevents.1781292113.batch-block5-00086
tracking_loss,franka_cube_trackloss_default_b7e04f0_seed3_20260612_1042,3,225,2282.974609375,0.00043487548828125,/tmp/franka_compare_tracking_vs_baseline/tracking/seed3/summaries/events.out.tfevents.1781292113.batch-block5-00086
tracking_loss,franka_cube_trackloss_default_b7e04f0_seed3_20260612_1042,3,226,2449.295166015625,0.00131988525390625,/tmp/franka_compare_tracking_vs_baseline/tracking/seed3/summaries/events.out.tfevents.1781292113.batch-block5-00086
tracking_loss,franka_cube_trackloss_default_b7e04f0_seed3_20260612_1042,3,227,2423.8173828125,0.00225067138671875,/tmp/franka_compare_tracking_vs_baseline/tracking/seed3/summaries/events.out.tfevents.1781292113.batch-block5-00086
tracking_loss,franka_cube_trackloss_default_b7e04f0_seed3_20260612_1042,3,228,2368.26171875,0.0019683837890625,/tmp/franka_compare_tracking_vs_baseline/tracking/seed3/summaries/events.out.tfevents.1781292113.batch-block5-00086
tracking_loss,franka_cube_trackloss_default_b7e04f0_seed3_20260612_1042,3,229,2486.73486328125,0.0016937255859375,/tmp/franka_compare_tracking_vs_baseline/tracking/seed3/summaries/events.out.tfevents.1781292113.batch-block5-00086
tracking_loss,franka_cube_trackloss_default_b7e04f0_seed3_20260612_1042,3,230,2516.3623046875,0.00128936767578125,/tmp/franka_compare_tracking_vs_baseline/tracking/seed3/summaries/events.out.tfevents.1781292113.batch-block5-00086
tracking_loss,franka_cube_trackloss_default_b7e04f0_seed3_20260612_1042,3,231,2483.68701171875,0.00075531005859375,/tmp/franka_compare_tracking_vs_baseline/tracking/seed3/summaries/events.out.tfevents.1781292113.batch-block5-00086
tracking_loss,franka_cube_trackloss_default_b7e04f0_seed3_20260612_1042,3,232,2447.023681640625,0.000396728515625,/tmp/franka_compare_tracking_vs_baseline/tracking/seed3/summaries/events.out.tfevents.1781292113.batch-block5-00086
tracking_loss,franka_cube_trackloss_default_b7e04f0_seed3_20260612_1042,3,233,2428.932861328125,0.0002899169921875,/tmp/franka_compare_tracking_vs_baseline/tracking/seed3/summaries/events.out.tfevents.1781292113.batch-block5-00086
tracking_loss,franka_cube_trackloss_default_b7e04f0_seed3_20260612_1042,3,234,2563.0234375,0.00054168701171875,/tmp/franka_compare_tracking_vs_baseline/tracking/seed3/summaries/events.out.tfevents.1781292113.batch-block5-00086
tracking_loss,franka_cube_trackloss_default_b7e04f0_seed3_20260612_1042,3,235,2429.31494140625,0.0009002685546875,/tmp/franka_compare_tracking_vs_baseline/tracking/seed3/summaries/events.out.tfevents.1781292113.batch-block5-00086
tracking_loss,franka_cube_trackloss_default_b7e04f0_seed3_20260612_1042,3,236,2497.650390625,0.00148773193359375,/tmp/franka_compare_tracking_vs_baseline/tracking/seed3/summaries/events.out.tfevents.1781292113.batch-block5-00086
tracking_loss,franka_cube_trackloss_default_b7e04f0_seed3_20260612_1042,3,237,2511.77392578125,0.00196075439453125,/tmp/franka_compare_tracking_vs_baseline/tracking/seed3/summaries/events.out.tfevents.1781292113.batch-block5-00086
tracking_loss,franka_cube_trackloss_default_b7e04f0_seed3_20260612_1042,3,238,2442.810546875,0.00201416015625,/tmp/franka_compare_tracking_vs_baseline/tracking/seed3/summaries/events.out.tfevents.1781292113.batch-block5-00086
tracking_loss,franka_cube_trackloss_default_b7e04f0_seed3_20260612_1042,3,239,2444.833740234375,0.00154876708984375,/tmp/franka_compare_tracking_vs_baseline/tracking/seed3/summaries/events.out.tfevents.1781292113.batch-block5-00086
tracking_loss,franka_cube_trackloss_default_b7e04f0_seed3_20260612_1042,3,240,2505.65380859375,0.0012664794921875,/tmp/franka_compare_tracking_vs_baseline/tracking/seed3/summaries/events.out.tfevents.1781292113.batch-block5-00086
tracking_loss,franka_cube_trackloss_default_b7e04f0_seed3_20260612_1042,3,241,2522.690185546875,0.0005035400390625,/tmp/franka_compare_tracking_vs_baseline/tracking/seed3/summaries/events.out.tfevents.1781292113.batch-block5-00086
tracking_loss,franka_cube_trackloss_default_b7e04f0_seed3_20260612_1042,3,242,2523.907958984375,0.0003814697265625,/tmp/franka_compare_tracking_vs_baseline/tracking/seed3/summaries/events.out.tfevents.1781292113.batch-block5-00086
tracking_loss,franka_cube_trackloss_default_b7e04f0_seed3_20260612_1042,3,243,2551.49658203125,0.000213623046875,/tmp/franka_compare_tracking_vs_baseline/tracking/seed3/summaries/events.out.tfevents.1781292113.batch-block5-00086
tracking_loss,franka_cube_trackloss_default_b7e04f0_seed3_20260612_1042,3,244,2321.55517578125,0.00028228759765625,/tmp/franka_compare_tracking_vs_baseline/tracking/seed3/summaries/events.out.tfevents.1781292113.batch-block5-00086
tracking_loss,franka_cube_trackloss_default_b7e04f0_seed3_20260612_1042,3,245,2495.008544921875,0.00128173828125,/tmp/franka_compare_tracking_vs_baseline/tracking/seed3/summaries/events.out.tfevents.1781292113.batch-block5-00086
tracking_loss,franka_cube_trackloss_default_b7e04f0_seed3_20260612_1042,3,246,2425.325927734375,0.001861572265625,/tmp/franka_compare_tracking_vs_baseline/tracking/seed3/summaries/events.out.tfevents.1781292113.batch-block5-00086
tracking_loss,franka_cube_trackloss_default_b7e04f0_seed3_20260612_1042,3,247,2456.49267578125,0.00170135498046875,/tmp/franka_compare_tracking_vs_baseline/tracking/seed3/summaries/events.out.tfevents.1781292113.batch-block5-00086
tracking_loss,franka_cube_trackloss_default_b7e04f0_seed3_20260612_1042,3,248,2497.681396484375,0.00173187255859375,/tmp/franka_compare_tracking_vs_baseline/tracking/seed3/summaries/events.out.tfevents.1781292113.batch-block5-00086
tracking_loss,franka_cube_trackloss_default_b7e04f0_seed3_20260612_1042,3,249,2467.282470703125,0.0016326904296875,/tmp/franka_compare_tracking_vs_baseline/tracking/seed3/summaries/events.out.tfevents.1781292113.batch-block5-00086
tracking_loss,franka_cube_trackloss_default_b7e04f0_seed3_20260612_1042,3,250,2448.584228515625,0.001220703125,/tmp/franka_compare_tracking_vs_baseline/tracking/seed3/summaries/events.out.tfevents.1781292113.batch-block5-00086
tracking_loss,franka_cube_trackloss_default_b7e04f0_seed3_20260612_1042,3,251,2456.6767578125,0.0007476806640625,/tmp/franka_compare_tracking_vs_baseline/tracking/seed3/summaries/events.out.tfevents.1781292113.batch-block5-00086
tracking_loss,franka_cube_trackloss_default_b7e04f0_seed3_20260612_1042,3,252,2565.783447265625,0.00034332275390625,/tmp/franka_compare_tracking_vs_baseline/tracking/seed3/summaries/events.out.tfevents.1781292113.batch-block5-00086
tracking_loss,franka_cube_trackloss_default_b7e04f0_seed3_20260612_1042,3,253,2469.330078125,0.000274658203125,/tmp/franka_compare_tracking_vs_baseline/tracking/seed3/summaries/events.out.tfevents.1781292113.batch-block5-00086
tracking_loss,franka_cube_trackloss_default_b7e04f0_seed3_20260612_1042,3,254,2510.842041015625,0.001007080078125,/tmp/franka_compare_tracking_vs_baseline/tracking/seed3/summaries/events.out.tfevents.1781292113.batch-block5-00086
tracking_loss,franka_cube_trackloss_default_b7e04f0_seed3_20260612_1042,3,255,2511.923583984375,0.001983642578125,/tmp/franka_compare_tracking_vs_baseline/tracking/seed3/summaries/events.out.tfevents.1781292113.batch-block5-00086
tracking_loss,franka_cube_trackloss_default_b7e04f0_seed3_20260612_1042,3,256,2488.447998046875,0.00165557861328125,/tmp/franka_compare_tracking_vs_baseline/tracking/seed3/summaries/events.out.tfevents.1781292113.batch-block5-00086
tracking_loss,franka_cube_trackloss_default_b7e04f0_seed3_20260612_1042,3,257,2556.634521484375,0.00179290771484375,/tmp/franka_compare_tracking_vs_baseline/tracking/seed3/summaries/events.out.tfevents.1781292113.batch-block5-00086
tracking_loss,franka_cube_trackloss_default_b7e04f0_seed3_20260612_1042,3,258,2517.061767578125,0.00228118896484375,/tmp/franka_compare_tracking_vs_baseline/tracking/seed3/summaries/events.out.tfevents.1781292113.batch-block5-00086
tracking_loss,franka_cube_trackloss_default_b7e04f0_seed3_20260612_1042,3,259,2521.423583984375,0.00220489501953125,/tmp/franka_compare_tracking_vs_baseline/tracking/seed3/summaries/events.out.tfevents.1781292113.batch-block5-00086
tracking_loss,franka_cube_trackloss_default_b7e04f0_seed3_20260612_1042,3,260,2496.8447265625,0.001556396484375,/tmp/franka_compare_tracking_vs_baseline/tracking/seed3/summaries/events.out.tfevents.1781292113.batch-block5-00086
tracking_loss,franka_cube_trackloss_default_b7e04f0_seed3_20260612_1042,3,261,2456.2392578125,0.001495361328125,/tmp/franka_compare_tracking_vs_baseline/tracking/seed3/summaries/events.out.tfevents.1781292113.batch-block5-00086
tracking_loss,franka_cube_trackloss_default_b7e04f0_seed3_20260612_1042,3,262,2520.350830078125,0.0011444091796875,/tmp/franka_compare_tracking_vs_baseline/tracking/seed3/summaries/events.out.tfevents.1781292113.batch-block5-00086
tracking_loss,franka_cube_trackloss_default_b7e04f0_seed3_20260612_1042,3,263,2464.43994140625,0.00115966796875,/tmp/franka_compare_tracking_vs_baseline/tracking/seed3/summaries/events.out.tfevents.1781292113.batch-block5-00086
tracking_loss,franka_cube_trackloss_default_b7e04f0_seed3_20260612_1042,3,264,2509.651611328125,0.00316619873046875,/tmp/franka_compare_tracking_vs_baseline/tracking/seed3/summaries/events.out.tfevents.1781292113.batch-block5-00086
tracking_loss,franka_cube_trackloss_default_b7e04f0_seed3_20260612_1042,3,265,2497.39892578125,0.00354766845703125,/tmp/franka_compare_tracking_vs_baseline/tracking/seed3/summaries/events.out.tfevents.1781292113.batch-block5-00086
tracking_loss,franka_cube_trackloss_default_b7e04f0_seed3_20260612_1042,3,266,2634.89892578125,0.0029296875,/tmp/franka_compare_tracking_vs_baseline/tracking/seed3/summaries/events.out.tfevents.1781292113.batch-block5-00086
tracking_loss,franka_cube_trackloss_default_b7e04f0_seed3_20260612_1042,3,267,2572.792236328125,0.00279998779296875,/tmp/franka_compare_tracking_vs_baseline/tracking/seed3/summaries/events.out.tfevents.1781292113.batch-block5-00086
tracking_loss,franka_cube_trackloss_default_b7e04f0_seed3_20260612_1042,3,268,2538.990966796875,0.002655029296875,/tmp/franka_compare_tracking_vs_baseline/tracking/seed3/summaries/events.out.tfevents.1781292113.batch-block5-00086
tracking_loss,franka_cube_trackloss_default_b7e04f0_seed3_20260612_1042,3,269,2527.7509765625,0.0024261474609375,/tmp/franka_compare_tracking_vs_baseline/tracking/seed3/summaries/events.out.tfevents.1781292113.batch-block5-00086
tracking_loss,franka_cube_trackloss_default_b7e04f0_seed3_20260612_1042,3,270,2596.3828125,0.00188446044921875,/tmp/franka_compare_tracking_vs_baseline/tracking/seed3/summaries/events.out.tfevents.1781292113.batch-block5-00086
tracking_loss,franka_cube_trackloss_default_b7e04f0_seed3_20260612_1042,3,271,2680.5166015625,0.0017242431640625,/tmp/franka_compare_tracking_vs_baseline/tracking/seed3/summaries/events.out.tfevents.1781292113.batch-block5-00086
tracking_loss,franka_cube_trackloss_default_b7e04f0_seed3_20260612_1042,3,272,2483.76513671875,0.001312255859375,/tmp/franka_compare_tracking_vs_baseline/tracking/seed3/summaries/events.out.tfevents.1781292113.batch-block5-00086
tracking_loss,franka_cube_trackloss_default_b7e04f0_seed3_20260612_1042,3,273,2563.569091796875,0.001678466796875,/tmp/franka_compare_tracking_vs_baseline/tracking/seed3/summaries/events.out.tfevents.1781292113.batch-block5-00086
tracking_loss,franka_cube_trackloss_default_b7e04f0_seed3_20260612_1042,3,274,2601.844970703125,0.00188446044921875,/tmp/franka_compare_tracking_vs_baseline/tracking/seed3/summaries/events.out.tfevents.1781292113.batch-block5-00086
tracking_loss,franka_cube_trackloss_default_b7e04f0_seed3_20260612_1042,3,275,2566.78466796875,0.00162506103515625,/tmp/franka_compare_tracking_vs_baseline/tracking/seed3/summaries/events.out.tfevents.1781292113.batch-block5-00086
tracking_loss,franka_cube_trackloss_default_b7e04f0_seed3_20260612_1042,3,276,2588.943603515625,0.00193023681640625,/tmp/franka_compare_tracking_vs_baseline/tracking/seed3/summaries/events.out.tfevents.1781292113.batch-block5-00086
tracking_loss,franka_cube_trackloss_default_b7e04f0_seed3_20260612_1042,3,277,2561.709716796875,0.0023193359375,/tmp/franka_compare_tracking_vs_baseline/tracking/seed3/summaries/events.out.tfevents.1781292113.batch-block5-00086
tracking_loss,franka_cube_trackloss_default_b7e04f0_seed3_20260612_1042,3,278,2565.826171875,0.00228118896484375,/tmp/franka_compare_tracking_vs_baseline/tracking/seed3/summaries/events.out.tfevents.1781292113.batch-block5-00086
tracking_loss,franka_cube_trackloss_default_b7e04f0_seed3_20260612_1042,3,279,2622.35595703125,0.00214385986328125,/tmp/franka_compare_tracking_vs_baseline/tracking/seed3/summaries/events.out.tfevents.1781292113.batch-block5-00086
tracking_loss,franka_cube_trackloss_default_b7e04f0_seed3_20260612_1042,3,280,2578.09814453125,0.00183868408203125,/tmp/franka_compare_tracking_vs_baseline/tracking/seed3/summaries/events.out.tfevents.1781292113.batch-block5-00086
tracking_loss,franka_cube_trackloss_default_b7e04f0_seed3_20260612_1042,3,281,2587.209716796875,0.0021820068359375,/tmp/franka_compare_tracking_vs_baseline/tracking/seed3/summaries/events.out.tfevents.1781292113.batch-block5-00086
tracking_loss,franka_cube_trackloss_default_b7e04f0_seed3_20260612_1042,3,282,2538.256103515625,0.002716064453125,/tmp/franka_compare_tracking_vs_baseline/tracking/seed3/summaries/events.out.tfevents.1781292113.batch-block5-00086
tracking_loss,franka_cube_trackloss_default_b7e04f0_seed3_20260612_1042,3,283,2625.554931640625,0.00336456298828125,/tmp/franka_compare_tracking_vs_baseline/tracking/seed3/summaries/events.out.tfevents.1781292113.batch-block5-00086
tracking_loss,franka_cube_trackloss_default_b7e04f0_seed3_20260612_1042,3,284,2593.119873046875,0.00261688232421875,/tmp/franka_compare_tracking_vs_baseline/tracking/seed3/summaries/events.out.tfevents.1781292113.batch-block5-00086
tracking_loss,franka_cube_trackloss_default_b7e04f0_seed3_20260612_1042,3,285,2499.99462890625,0.0026092529296875,/tmp/franka_compare_tracking_vs_baseline/tracking/seed3/summaries/events.out.tfevents.1781292113.batch-block5-00086
tracking_loss,franka_cube_trackloss_default_b7e04f0_seed3_20260612_1042,3,286,2712.29443359375,0.00241851806640625,/tmp/franka_compare_tracking_vs_baseline/tracking/seed3/summaries/events.out.tfevents.1781292113.batch-block5-00086
tracking_loss,franka_cube_trackloss_default_b7e04f0_seed3_20260612_1042,3,287,2659.630615234375,0.0026702880859375,/tmp/franka_compare_tracking_vs_baseline/tracking/seed3/summaries/events.out.tfevents.1781292113.batch-block5-00086
tracking_loss,franka_cube_trackloss_default_b7e04f0_seed3_20260612_1042,3,288,2649.188720703125,0.002838134765625,/tmp/franka_compare_tracking_vs_baseline/tracking/seed3/summaries/events.out.tfevents.1781292113.batch-block5-00086
tracking_loss,franka_cube_trackloss_default_b7e04f0_seed3_20260612_1042,3,289,2718.799560546875,0.0022430419921875,/tmp/franka_compare_tracking_vs_baseline/tracking/seed3/summaries/events.out.tfevents.1781292113.batch-block5-00086
tracking_loss,franka_cube_trackloss_default_b7e04f0_seed3_20260612_1042,3,290,2696.11083984375,0.00182342529296875,/tmp/franka_compare_tracking_vs_baseline/tracking/seed3/summaries/events.out.tfevents.1781292113.batch-block5-00086
tracking_loss,franka_cube_trackloss_default_b7e04f0_seed3_20260612_1042,3,291,2570.260986328125,0.0013427734375,/tmp/franka_compare_tracking_vs_baseline/tracking/seed3/summaries/events.out.tfevents.1781292113.batch-block5-00086
tracking_loss,franka_cube_trackloss_default_b7e04f0_seed3_20260612_1042,3,292,2608.30615234375,0.00295257568359375,/tmp/franka_compare_tracking_vs_baseline/tracking/seed3/summaries/events.out.tfevents.1781292113.batch-block5-00086
tracking_loss,franka_cube_trackloss_default_b7e04f0_seed3_20260612_1042,3,293,2479.0361328125,0.00292205810546875,/tmp/franka_compare_tracking_vs_baseline/tracking/seed3/summaries/events.out.tfevents.1781292113.batch-block5-00086
tracking_loss,franka_cube_trackloss_default_b7e04f0_seed3_20260612_1042,3,294,2531.64404296875,0.0021514892578125,/tmp/franka_compare_tracking_vs_baseline/tracking/seed3/summaries/events.out.tfevents.1781292113.batch-block5-00086
tracking_loss,franka_cube_trackloss_default_b7e04f0_seed3_20260612_1042,3,295,2550.498779296875,0.0025177001953125,/tmp/franka_compare_tracking_vs_baseline/tracking/seed3/summaries/events.out.tfevents.1781292113.batch-block5-00086
tracking_loss,franka_cube_trackloss_default_b7e04f0_seed3_20260612_1042,3,296,2582.7236328125,0.00315093994140625,/tmp/franka_compare_tracking_vs_baseline/tracking/seed3/summaries/events.out.tfevents.1781292113.batch-block5-00086
tracking_loss,franka_cube_trackloss_default_b7e04f0_seed3_20260612_1042,3,297,2553.881591796875,0.00360107421875,/tmp/franka_compare_tracking_vs_baseline/tracking/seed3/summaries/events.out.tfevents.1781292113.batch-block5-00086
tracking_loss,franka_cube_trackloss_default_b7e04f0_seed3_20260612_1042,3,298,2550.100830078125,0.003387451171875,/tmp/franka_compare_tracking_vs_baseline/tracking/seed3/summaries/events.out.tfevents.1781292113.batch-block5-00086
tracking_loss,franka_cube_trackloss_default_b7e04f0_seed3_20260612_1042,3,299,2568.200927734375,0.0032958984375,/tmp/franka_compare_tracking_vs_baseline/tracking/seed3/summaries/events.out.tfevents.1781292113.batch-block5-00086
tracking_loss,franka_cube_trackloss_default_b7e04f0_seed3_20260612_1042,3,300,2693.556884765625,0.002593994140625,/tmp/franka_compare_tracking_vs_baseline/tracking/seed3/summaries/events.out.tfevents.1781292113.batch-block5-00086
tracking_loss,franka_cube_trackloss_default_b7e04f0_seed3_20260612_1042,3,301,2678.1015625,0.00208282470703125,/tmp/franka_compare_tracking_vs_baseline/tracking/seed3/summaries/events.out.tfevents.1781292113.batch-block5-00086
tracking_loss,franka_cube_trackloss_default_b7e04f0_seed3_20260612_1042,3,302,2569.719482421875,0.002288818359375,/tmp/franka_compare_tracking_vs_baseline/tracking/seed3/summaries/events.out.tfevents.1781292113.batch-block5-00086
tracking_loss,franka_cube_trackloss_default_b7e04f0_seed3_20260612_1042,3,303,2551.620361328125,0.002105712890625,/tmp/franka_compare_tracking_vs_baseline/tracking/seed3/summaries/events.out.tfevents.1781292113.batch-block5-00086
tracking_loss,franka_cube_trackloss_default_b7e04f0_seed3_20260612_1042,3,304,2643.104248046875,0.00226593017578125,/tmp/franka_compare_tracking_vs_baseline/tracking/seed3/summaries/events.out.tfevents.1781292113.batch-block5-00086
tracking_loss,franka_cube_trackloss_default_b7e04f0_seed3_20260612_1042,3,305,2666.447021484375,0.002227783203125,/tmp/franka_compare_tracking_vs_baseline/tracking/seed3/summaries/events.out.tfevents.1781292113.batch-block5-00086
tracking_loss,franka_cube_trackloss_default_b7e04f0_seed3_20260612_1042,3,306,2626.27783203125,0.002288818359375,/tmp/franka_compare_tracking_vs_baseline/tracking/seed3/summaries/events.out.tfevents.1781292113.batch-block5-00086
tracking_loss,franka_cube_trackloss_default_b7e04f0_seed3_20260612_1042,3,307,2603.75537109375,0.00217437744140625,/tmp/franka_compare_tracking_vs_baseline/tracking/seed3/summaries/events.out.tfevents.1781292113.batch-block5-00086
tracking_loss,franka_cube_trackloss_default_b7e04f0_seed3_20260612_1042,3,308,2541.70947265625,0.0026702880859375,/tmp/franka_compare_tracking_vs_baseline/tracking/seed3/summaries/events.out.tfevents.1781292113.batch-block5-00086
tracking_loss,franka_cube_trackloss_default_b7e04f0_seed3_20260612_1042,3,309,2647.56005859375,0.00305938720703125,/tmp/franka_compare_tracking_vs_baseline/tracking/seed3/summaries/events.out.tfevents.1781292113.batch-block5-00086
tracking_loss,franka_cube_trackloss_default_b7e04f0_seed3_20260612_1042,3,310,2631.927978515625,0.00235748291015625,/tmp/franka_compare_tracking_vs_baseline/tracking/seed3/summaries/events.out.tfevents.1781292113.batch-block5-00086
tracking_loss,franka_cube_trackloss_default_b7e04f0_seed3_20260612_1042,3,311,2561.178955078125,0.0025787353515625,/tmp/franka_compare_tracking_vs_baseline/tracking/seed3/summaries/events.out.tfevents.1781292113.batch-block5-00086
tracking_loss,franka_cube_trackloss_default_b7e04f0_seed3_20260612_1042,3,312,2545.072509765625,0.00281524658203125,/tmp/franka_compare_tracking_vs_baseline/tracking/seed3/summaries/events.out.tfevents.1781292113.batch-block5-00086
tracking_loss,franka_cube_trackloss_default_b7e04f0_seed3_20260612_1042,3,313,2514.925048828125,0.00244140625,/tmp/franka_compare_tracking_vs_baseline/tracking/seed3/summaries/events.out.tfevents.1781292113.batch-block5-00086
tracking_loss,franka_cube_trackloss_default_b7e04f0_seed3_20260612_1042,3,314,2756.380859375,0.0020904541015625,/tmp/franka_compare_tracking_vs_baseline/tracking/seed3/summaries/events.out.tfevents.1781292113.batch-block5-00086
tracking_loss,franka_cube_trackloss_default_b7e04f0_seed3_20260612_1042,3,315,2689.667236328125,0.00164031982421875,/tmp/franka_compare_tracking_vs_baseline/tracking/seed3/summaries/events.out.tfevents.1781292113.batch-block5-00086
tracking_loss,franka_cube_trackloss_default_b7e04f0_seed3_20260612_1042,3,316,2677.981201171875,0.0019378662109375,/tmp/franka_compare_tracking_vs_baseline/tracking/seed3/summaries/events.out.tfevents.1781292113.batch-block5-00086
tracking_loss,franka_cube_trackloss_default_b7e04f0_seed3_20260612_1042,3,317,2753.646240234375,0.00130462646484375,/tmp/franka_compare_tracking_vs_baseline/tracking/seed3/summaries/events.out.tfevents.1781292113.batch-block5-00086
tracking_loss,franka_cube_trackloss_default_b7e04f0_seed3_20260612_1042,3,318,2609.35302734375,0.00110626220703125,/tmp/franka_compare_tracking_vs_baseline/tracking/seed3/summaries/events.out.tfevents.1781292113.batch-block5-00086
tracking_loss,franka_cube_trackloss_default_b7e04f0_seed3_20260612_1042,3,319,2528.128173828125,0.0009765625,/tmp/franka_compare_tracking_vs_baseline/tracking/seed3/summaries/events.out.tfevents.1781292113.batch-block5-00086
tracking_loss,franka_cube_trackloss_default_b7e04f0_seed3_20260612_1042,3,320,2557.213623046875,0.00203704833984375,/tmp/franka_compare_tracking_vs_baseline/tracking/seed3/summaries/events.out.tfevents.1781292113.batch-block5-00086
tracking_loss,franka_cube_trackloss_default_b7e04f0_seed3_20260612_1042,3,321,2541.53173828125,0.00209808349609375,/tmp/franka_compare_tracking_vs_baseline/tracking/seed3/summaries/events.out.tfevents.1781292113.batch-block5-00086
tracking_loss,franka_cube_trackloss_default_b7e04f0_seed3_20260612_1042,3,322,2590.895263671875,0.001739501953125,/tmp/franka_compare_tracking_vs_baseline/tracking/seed3/summaries/events.out.tfevents.1781292113.batch-block5-00086
tracking_loss,franka_cube_trackloss_default_b7e04f0_seed3_20260612_1042,3,323,2640.9423828125,0.001800537109375,/tmp/franka_compare_tracking_vs_baseline/tracking/seed3/summaries/events.out.tfevents.1781292113.batch-block5-00086
tracking_loss,franka_cube_trackloss_default_b7e04f0_seed3_20260612_1042,3,324,2652.841796875,0.00231170654296875,/tmp/franka_compare_tracking_vs_baseline/tracking/seed3/summaries/events.out.tfevents.1781292113.batch-block5-00086
tracking_loss,franka_cube_trackloss_default_b7e04f0_seed3_20260612_1042,3,325,2647.232666015625,0.00225067138671875,/tmp/franka_compare_tracking_vs_baseline/tracking/seed3/summaries/events.out.tfevents.1781292113.batch-block5-00086
tracking_loss,franka_cube_trackloss_default_b7e04f0_seed3_20260612_1042,3,326,2574.16455078125,0.00223541259765625,/tmp/franka_compare_tracking_vs_baseline/tracking/seed3/summaries/events.out.tfevents.1781292113.batch-block5-00086
tracking_loss,franka_cube_trackloss_default_b7e04f0_seed3_20260612_1042,3,327,2603.34765625,0.0023193359375,/tmp/franka_compare_tracking_vs_baseline/tracking/seed3/summaries/events.out.tfevents.1781292113.batch-block5-00086
tracking_loss,franka_cube_trackloss_default_b7e04f0_seed3_20260612_1042,3,328,2657.6708984375,0.00208282470703125,/tmp/franka_compare_tracking_vs_baseline/tracking/seed3/summaries/events.out.tfevents.1781292113.batch-block5-00086
tracking_loss,franka_cube_trackloss_default_b7e04f0_seed3_20260612_1042,3,329,2585.838623046875,0.0015716552734375,/tmp/franka_compare_tracking_vs_baseline/tracking/seed3/summaries/events.out.tfevents.1781292113.batch-block5-00086
tracking_loss,franka_cube_trackloss_default_b7e04f0_seed3_20260612_1042,3,330,2583.33056640625,0.00201416015625,/tmp/franka_compare_tracking_vs_baseline/tracking/seed3/summaries/events.out.tfevents.1781292113.batch-block5-00086
tracking_loss,franka_cube_trackloss_default_b7e04f0_seed3_20260612_1042,3,331,2608.6767578125,0.00226593017578125,/tmp/franka_compare_tracking_vs_baseline/tracking/seed3/summaries/events.out.tfevents.1781292113.batch-block5-00086
tracking_loss,franka_cube_trackloss_default_b7e04f0_seed3_20260612_1042,3,332,2708.93798828125,0.00238800048828125,/tmp/franka_compare_tracking_vs_baseline/tracking/seed3/summaries/events.out.tfevents.1781292113.batch-block5-00086
tracking_loss,franka_cube_trackloss_default_b7e04f0_seed3_20260612_1042,3,333,2639.867431640625,0.0024566650390625,/tmp/franka_compare_tracking_vs_baseline/tracking/seed3/summaries/events.out.tfevents.1781292113.batch-block5-00086
tracking_loss,franka_cube_trackloss_default_b7e04f0_seed3_20260612_1042,3,334,2615.928955078125,0.0025482177734375,/tmp/franka_compare_tracking_vs_baseline/tracking/seed3/summaries/events.out.tfevents.1781292113.batch-block5-00086
tracking_loss,franka_cube_trackloss_default_b7e04f0_seed3_20260612_1042,3,335,2649.462646484375,0.0026397705078125,/tmp/franka_compare_tracking_vs_baseline/tracking/seed3/summaries/events.out.tfevents.1781292113.batch-block5-00086
tracking_loss,franka_cube_trackloss_default_b7e04f0_seed3_20260612_1042,3,336,2704.16552734375,0.002899169921875,/tmp/franka_compare_tracking_vs_baseline/tracking/seed3/summaries/events.out.tfevents.1781292113.batch-block5-00086
tracking_loss,franka_cube_trackloss_default_b7e04f0_seed3_20260612_1042,3,337,2731.24609375,0.0026092529296875,/tmp/franka_compare_tracking_vs_baseline/tracking/seed3/summaries/events.out.tfevents.1781292113.batch-block5-00086
tracking_loss,franka_cube_trackloss_default_b7e04f0_seed3_20260612_1042,3,338,2618.743408203125,0.00112152099609375,/tmp/franka_compare_tracking_vs_baseline/tracking/seed3/summaries/events.out.tfevents.1781292113.batch-block5-00086
tracking_loss,franka_cube_trackloss_default_b7e04f0_seed3_20260612_1042,3,339,2630.87451171875,0.00087738037109375,/tmp/franka_compare_tracking_vs_baseline/tracking/seed3/summaries/events.out.tfevents.1781292113.batch-block5-00086
tracking_loss,franka_cube_trackloss_default_b7e04f0_seed3_20260612_1042,3,340,2627.55517578125,0.0006866455078125,/tmp/franka_compare_tracking_vs_baseline/tracking/seed3/summaries/events.out.tfevents.1781292113.batch-block5-00086
tracking_loss,franka_cube_trackloss_default_b7e04f0_seed3_20260612_1042,3,341,2540.5966796875,0.00087738037109375,/tmp/franka_compare_tracking_vs_baseline/tracking/seed3/summaries/events.out.tfevents.1781292113.batch-block5-00086
tracking_loss,franka_cube_trackloss_default_b7e04f0_seed3_20260612_1042,3,342,2583.1630859375,0.0009765625,/tmp/franka_compare_tracking_vs_baseline/tracking/seed3/summaries/events.out.tfevents.1781292113.batch-block5-00086
tracking_loss,franka_cube_trackloss_default_b7e04f0_seed3_20260612_1042,3,343,2616.450927734375,0.00098419189453125,/tmp/franka_compare_tracking_vs_baseline/tracking/seed3/summaries/events.out.tfevents.1781292113.batch-block5-00086
tracking_loss,franka_cube_trackloss_default_b7e04f0_seed3_20260612_1042,3,344,2733.4921875,0.00113677978515625,/tmp/franka_compare_tracking_vs_baseline/tracking/seed3/summaries/events.out.tfevents.1781292113.batch-block5-00086
tracking_loss,franka_cube_trackloss_default_b7e04f0_seed3_20260612_1042,3,345,2659.4306640625,0.00122833251953125,/tmp/franka_compare_tracking_vs_baseline/tracking/seed3/summaries/events.out.tfevents.1781292113.batch-block5-00086
tracking_loss,franka_cube_trackloss_default_b7e04f0_seed3_20260612_1042,3,346,2588.74169921875,0.00127410888671875,/tmp/franka_compare_tracking_vs_baseline/tracking/seed3/summaries/events.out.tfevents.1781292113.batch-block5-00086
tracking_loss,franka_cube_trackloss_default_b7e04f0_seed3_20260612_1042,3,347,2571.26416015625,0.0011444091796875,/tmp/franka_compare_tracking_vs_baseline/tracking/seed3/summaries/events.out.tfevents.1781292113.batch-block5-00086
tracking_loss,franka_cube_trackloss_default_b7e04f0_seed3_20260612_1042,3,348,2548.337890625,0.00260162353515625,/tmp/franka_compare_tracking_vs_baseline/tracking/seed3/summaries/events.out.tfevents.1781292113.batch-block5-00086
tracking_loss,franka_cube_trackloss_default_b7e04f0_seed3_20260612_1042,3,349,2578.775390625,0.00331878662109375,/tmp/franka_compare_tracking_vs_baseline/tracking/seed3/summaries/events.out.tfevents.1781292113.batch-block5-00086
tracking_loss,franka_cube_trackloss_default_b7e04f0_seed3_20260612_1042,3,350,2567.15380859375,0.003631591796875,/tmp/franka_compare_tracking_vs_baseline/tracking/seed3/summaries/events.out.tfevents.1781292113.batch-block5-00086
tracking_loss,franka_cube_trackloss_default_b7e04f0_seed3_20260612_1042,3,351,2584.82177734375,0.004058837890625,/tmp/franka_compare_tracking_vs_baseline/tracking/seed3/summaries/events.out.tfevents.1781292113.batch-block5-00086
tracking_loss,franka_cube_trackloss_default_b7e04f0_seed3_20260612_1042,3,352,2588.24853515625,0.004486083984375,/tmp/franka_compare_tracking_vs_baseline/tracking/seed3/summaries/events.out.tfevents.1781292113.batch-block5-00086
tracking_loss,franka_cube_trackloss_default_b7e04f0_seed3_20260612_1042,3,353,2617.240234375,0.0037994384765625,/tmp/franka_compare_tracking_vs_baseline/tracking/seed3/summaries/events.out.tfevents.1781292113.batch-block5-00086
tracking_loss,franka_cube_trackloss_default_b7e04f0_seed3_20260612_1042,3,354,2641.7626953125,0.00414276123046875,/tmp/franka_compare_tracking_vs_baseline/tracking/seed3/summaries/events.out.tfevents.1781292113.batch-block5-00086
tracking_loss,franka_cube_trackloss_default_b7e04f0_seed3_20260612_1042,3,355,2623.358154296875,0.0046539306640625,/tmp/franka_compare_tracking_vs_baseline/tracking/seed3/summaries/events.out.tfevents.1781292113.batch-block5-00086
tracking_loss,franka_cube_trackloss_default_b7e04f0_seed3_20260612_1042,3,356,2687.352783203125,0.00457000732421875,/tmp/franka_compare_tracking_vs_baseline/tracking/seed3/summaries/events.out.tfevents.1781292113.batch-block5-00086
tracking_loss,franka_cube_trackloss_default_b7e04f0_seed3_20260612_1042,3,357,2599.553955078125,0.0033111572265625,/tmp/franka_compare_tracking_vs_baseline/tracking/seed3/summaries/events.out.tfevents.1781292113.batch-block5-00086
tracking_loss,franka_cube_trackloss_default_b7e04f0_seed3_20260612_1042,3,358,2579.97314453125,0.00484466552734375,/tmp/franka_compare_tracking_vs_baseline/tracking/seed3/summaries/events.out.tfevents.1781292113.batch-block5-00086
tracking_loss,franka_cube_trackloss_default_b7e04f0_seed3_20260612_1042,3,359,2518.865478515625,0.005157470703125,/tmp/franka_compare_tracking_vs_baseline/tracking/seed3/summaries/events.out.tfevents.1781292113.batch-block5-00086
tracking_loss,franka_cube_trackloss_default_b7e04f0_seed3_20260612_1042,3,360,2607.98095703125,0.0054473876953125,/tmp/franka_compare_tracking_vs_baseline/tracking/seed3/summaries/events.out.tfevents.1781292113.batch-block5-00086
tracking_loss,franka_cube_trackloss_default_b7e04f0_seed3_20260612_1042,3,361,2656.39501953125,0.00588226318359375,/tmp/franka_compare_tracking_vs_baseline/tracking/seed3/summaries/events.out.tfevents.1781292113.batch-block5-00086
tracking_loss,franka_cube_trackloss_default_b7e04f0_seed3_20260612_1042,3,362,2639.551513671875,0.0064544677734375,/tmp/franka_compare_tracking_vs_baseline/tracking/seed3/summaries/events.out.tfevents.1781292113.batch-block5-00086
tracking_loss,franka_cube_trackloss_default_b7e04f0_seed3_20260612_1042,3,363,2577.62646484375,0.00684356689453125,/tmp/franka_compare_tracking_vs_baseline/tracking/seed3/summaries/events.out.tfevents.1781292113.batch-block5-00086
tracking_loss,franka_cube_trackloss_default_b7e04f0_seed3_20260612_1042,3,364,2787.014892578125,0.00677490234375,/tmp/franka_compare_tracking_vs_baseline/tracking/seed3/summaries/events.out.tfevents.1781292113.batch-block5-00086
tracking_loss,franka_cube_trackloss_default_b7e04f0_seed3_20260612_1042,3,365,2720.5078125,0.00606536865234375,/tmp/franka_compare_tracking_vs_baseline/tracking/seed3/summaries/events.out.tfevents.1781292113.batch-block5-00086
tracking_loss,franka_cube_trackloss_default_b7e04f0_seed3_20260612_1042,3,366,2620.3720703125,0.00380706787109375,/tmp/franka_compare_tracking_vs_baseline/tracking/seed3/summaries/events.out.tfevents.1781292113.batch-block5-00086
tracking_loss,franka_cube_trackloss_default_b7e04f0_seed3_20260612_1042,3,367,2569.390380859375,0.0043487548828125,/tmp/franka_compare_tracking_vs_baseline/tracking/seed3/summaries/events.out.tfevents.1781292113.batch-block5-00086
tracking_loss,franka_cube_trackloss_default_b7e04f0_seed3_20260612_1042,3,368,2515.4501953125,0.00417327880859375,/tmp/franka_compare_tracking_vs_baseline/tracking/seed3/summaries/events.out.tfevents.1781292113.batch-block5-00086
tracking_loss,franka_cube_trackloss_default_b7e04f0_seed3_20260612_1042,3,369,2663.55224609375,0.0041046142578125,/tmp/franka_compare_tracking_vs_baseline/tracking/seed3/summaries/events.out.tfevents.1781292113.batch-block5-00086
tracking_loss,franka_cube_trackloss_default_b7e04f0_seed3_20260612_1042,3,370,2668.193115234375,0.004058837890625,/tmp/franka_compare_tracking_vs_baseline/tracking/seed3/summaries/events.out.tfevents.1781292113.batch-block5-00086
tracking_loss,franka_cube_trackloss_default_b7e04f0_seed3_20260612_1042,3,371,2641.43994140625,0.00426483154296875,/tmp/franka_compare_tracking_vs_baseline/tracking/seed3/summaries/events.out.tfevents.1781292113.batch-block5-00086
tracking_loss,franka_cube_trackloss_default_b7e04f0_seed3_20260612_1042,3,372,2567.65234375,0.00371551513671875,/tmp/franka_compare_tracking_vs_baseline/tracking/seed3/summaries/events.out.tfevents.1781292113.batch-block5-00086
tracking_loss,franka_cube_trackloss_default_b7e04f0_seed3_20260612_1042,3,373,2548.787353515625,0.0031890869140625,/tmp/franka_compare_tracking_vs_baseline/tracking/seed3/summaries/events.out.tfevents.1781292113.batch-block5-00086
tracking_loss,franka_cube_trackloss_default_b7e04f0_seed3_20260612_1042,3,374,2578.35205078125,0.0027618408203125,/tmp/franka_compare_tracking_vs_baseline/tracking/seed3/summaries/events.out.tfevents.1781292113.batch-block5-00086
tracking_loss,franka_cube_trackloss_default_b7e04f0_seed3_20260612_1042,3,375,2493.78759765625,0.00201416015625,/tmp/franka_compare_tracking_vs_baseline/tracking/seed3/summaries/events.out.tfevents.1781292113.batch-block5-00086
tracking_loss,franka_cube_trackloss_default_b7e04f0_seed3_20260612_1042,3,376,2569.546630859375,0.002105712890625,/tmp/franka_compare_tracking_vs_baseline/tracking/seed3/summaries/events.out.tfevents.1781292113.batch-block5-00086
tracking_loss,franka_cube_trackloss_default_b7e04f0_seed3_20260612_1042,3,377,2565.441650390625,0.0023956298828125,/tmp/franka_compare_tracking_vs_baseline/tracking/seed3/summaries/events.out.tfevents.1781292113.batch-block5-00086
tracking_loss,franka_cube_trackloss_default_b7e04f0_seed3_20260612_1042,3,378,2633.40869140625,0.00177001953125,/tmp/franka_compare_tracking_vs_baseline/tracking/seed3/summaries/events.out.tfevents.1781292113.batch-block5-00086
tracking_loss,franka_cube_trackloss_default_b7e04f0_seed3_20260612_1042,3,379,2534.62451171875,0.00128936767578125,/tmp/franka_compare_tracking_vs_baseline/tracking/seed3/summaries/events.out.tfevents.1781292113.batch-block5-00086
tracking_loss,franka_cube_trackloss_default_b7e04f0_seed3_20260612_1042,3,380,2538.291748046875,0.00160980224609375,/tmp/franka_compare_tracking_vs_baseline/tracking/seed3/summaries/events.out.tfevents.1781292113.batch-block5-00086
tracking_loss,franka_cube_trackloss_default_b7e04f0_seed3_20260612_1042,3,381,2538.53466796875,0.0019683837890625,/tmp/franka_compare_tracking_vs_baseline/tracking/seed3/summaries/events.out.tfevents.1781292113.batch-block5-00086
tracking_loss,franka_cube_trackloss_default_b7e04f0_seed3_20260612_1042,3,382,2576.75048828125,0.002197265625,/tmp/franka_compare_tracking_vs_baseline/tracking/seed3/summaries/events.out.tfevents.1781292113.batch-block5-00086
tracking_loss,franka_cube_trackloss_default_b7e04f0_seed3_20260612_1042,3,383,2583.076904296875,0.00209808349609375,/tmp/franka_compare_tracking_vs_baseline/tracking/seed3/summaries/events.out.tfevents.1781292113.batch-block5-00086
tracking_loss,franka_cube_trackloss_default_b7e04f0_seed3_20260612_1042,3,384,2608.767822265625,0.0020294189453125,/tmp/franka_compare_tracking_vs_baseline/tracking/seed3/summaries/events.out.tfevents.1781292113.batch-block5-00086
tracking_loss,franka_cube_trackloss_default_b7e04f0_seed3_20260612_1042,3,385,2450.685302734375,0.00147247314453125,/tmp/franka_compare_tracking_vs_baseline/tracking/seed3/summaries/events.out.tfevents.1781292113.batch-block5-00086
tracking_loss,franka_cube_trackloss_default_b7e04f0_seed3_20260612_1042,3,386,2544.514404296875,0.00273895263671875,/tmp/franka_compare_tracking_vs_baseline/tracking/seed3/summaries/events.out.tfevents.1781292113.batch-block5-00086
tracking_loss,franka_cube_trackloss_default_b7e04f0_seed3_20260612_1042,3,387,2493.59375,0.00266265869140625,/tmp/franka_compare_tracking_vs_baseline/tracking/seed3/summaries/events.out.tfevents.1781292113.batch-block5-00086
tracking_loss,franka_cube_trackloss_default_b7e04f0_seed3_20260612_1042,3,388,2539.556884765625,0.00333404541015625,/tmp/franka_compare_tracking_vs_baseline/tracking/seed3/summaries/events.out.tfevents.1781292113.batch-block5-00086
tracking_loss,franka_cube_trackloss_default_b7e04f0_seed3_20260612_1042,3,389,2587.71728515625,0.0037841796875,/tmp/franka_compare_tracking_vs_baseline/tracking/seed3/summaries/events.out.tfevents.1781292113.batch-block5-00086
tracking_loss,franka_cube_trackloss_default_b7e04f0_seed3_20260612_1042,3,390,2561.2265625,0.00403594970703125,/tmp/franka_compare_tracking_vs_baseline/tracking/seed3/summaries/events.out.tfevents.1781292113.batch-block5-00086
tracking_loss,franka_cube_trackloss_default_b7e04f0_seed3_20260612_1042,3,391,2529.842041015625,0.00431060791015625,/tmp/franka_compare_tracking_vs_baseline/tracking/seed3/summaries/events.out.tfevents.1781292113.batch-block5-00086
tracking_loss,franka_cube_trackloss_default_b7e04f0_seed3_20260612_1042,3,392,2516.846923828125,0.00408172607421875,/tmp/franka_compare_tracking_vs_baseline/tracking/seed3/summaries/events.out.tfevents.1781292113.batch-block5-00086
tracking_loss,franka_cube_trackloss_default_b7e04f0_seed3_20260612_1042,3,393,2525.385986328125,0.0035858154296875,/tmp/franka_compare_tracking_vs_baseline/tracking/seed3/summaries/events.out.tfevents.1781292113.batch-block5-00086
tracking_loss,franka_cube_trackloss_default_b7e04f0_seed3_20260612_1042,3,394,2450.3095703125,0.00231170654296875,/tmp/franka_compare_tracking_vs_baseline/tracking/seed3/summaries/events.out.tfevents.1781292113.batch-block5-00086
tracking_loss,franka_cube_trackloss_default_b7e04f0_seed3_20260612_1042,3,395,2471.92333984375,0.003326416015625,/tmp/franka_compare_tracking_vs_baseline/tracking/seed3/summaries/events.out.tfevents.1781292113.batch-block5-00086
tracking_loss,franka_cube_trackloss_default_b7e04f0_seed3_20260612_1042,3,396,2538.30908203125,0.00328826904296875,/tmp/franka_compare_tracking_vs_baseline/tracking/seed3/summaries/events.out.tfevents.1781292113.batch-block5-00086
tracking_loss,franka_cube_trackloss_default_b7e04f0_seed3_20260612_1042,3,397,2460.417236328125,0.0034637451171875,/tmp/franka_compare_tracking_vs_baseline/tracking/seed3/summaries/events.out.tfevents.1781292113.batch-block5-00086
tracking_loss,franka_cube_trackloss_default_b7e04f0_seed3_20260612_1042,3,398,2534.975341796875,0.004058837890625,/tmp/franka_compare_tracking_vs_baseline/tracking/seed3/summaries/events.out.tfevents.1781292113.batch-block5-00086
tracking_loss,franka_cube_trackloss_default_b7e04f0_seed3_20260612_1042,3,399,2521.671875,0.00372314453125,/tmp/franka_compare_tracking_vs_baseline/tracking/seed3/summaries/events.out.tfevents.1781292113.batch-block5-00086
tracking_loss,franka_cube_trackloss_default_b7e04f0_seed3_20260612_1042,3,400,2485.809814453125,0.00426483154296875,/tmp/franka_compare_tracking_vs_baseline/tracking/seed3/summaries/events.out.tfevents.1781292113.batch-block5-00086
tracking_loss,franka_cube_trackloss_default_b7e04f0_seed3_20260612_1042,3,401,2463.494140625,0.00432586669921875,/tmp/franka_compare_tracking_vs_baseline/tracking/seed3/summaries/events.out.tfevents.1781292113.batch-block5-00086
tracking_loss,franka_cube_trackloss_default_b7e04f0_seed3_20260612_1042,3,402,2437.08740234375,0.00403594970703125,/tmp/franka_compare_tracking_vs_baseline/tracking/seed3/summaries/events.out.tfevents.1781292113.batch-block5-00086
tracking_loss,franka_cube_trackloss_default_b7e04f0_seed3_20260612_1042,3,403,2518.846923828125,0.00327301025390625,/tmp/franka_compare_tracking_vs_baseline/tracking/seed3/summaries/events.out.tfevents.1781292113.batch-block5-00086
tracking_loss,franka_cube_trackloss_default_b7e04f0_seed3_20260612_1042,3,404,2472.7548828125,0.00370025634765625,/tmp/franka_compare_tracking_vs_baseline/tracking/seed3/summaries/events.out.tfevents.1781292113.batch-block5-00086
tracking_loss,franka_cube_trackloss_default_b7e04f0_seed3_20260612_1042,3,405,2377.8310546875,0.00447845458984375,/tmp/franka_compare_tracking_vs_baseline/tracking/seed3/summaries/events.out.tfevents.1781292113.batch-block5-00086
tracking_loss,franka_cube_trackloss_default_b7e04f0_seed3_20260612_1042,3,406,2499.40869140625,0.0037994384765625,/tmp/franka_compare_tracking_vs_baseline/tracking/seed3/summaries/events.out.tfevents.1781292113.batch-block5-00086
tracking_loss,franka_cube_trackloss_default_b7e04f0_seed3_20260612_1042,3,407,2515.5908203125,0.003753662109375,/tmp/franka_compare_tracking_vs_baseline/tracking/seed3/summaries/events.out.tfevents.1781292113.batch-block5-00086
tracking_loss,franka_cube_trackloss_default_b7e04f0_seed3_20260612_1042,3,408,2506.9794921875,0.00469207763671875,/tmp/franka_compare_tracking_vs_baseline/tracking/seed3/summaries/events.out.tfevents.1781292113.batch-block5-00086
tracking_loss,franka_cube_trackloss_default_b7e04f0_seed3_20260612_1042,3,409,2558.974365234375,0.00482940673828125,/tmp/franka_compare_tracking_vs_baseline/tracking/seed3/summaries/events.out.tfevents.1781292113.batch-block5-00086
tracking_loss,franka_cube_trackloss_default_b7e04f0_seed3_20260612_1042,3,410,2574.79541015625,0.00452423095703125,/tmp/franka_compare_tracking_vs_baseline/tracking/seed3/summaries/events.out.tfevents.1781292113.batch-block5-00086
tracking_loss,franka_cube_trackloss_default_b7e04f0_seed3_20260612_1042,3,411,2509.9501953125,0.00424957275390625,/tmp/franka_compare_tracking_vs_baseline/tracking/seed3/summaries/events.out.tfevents.1781292113.batch-block5-00086
tracking_loss,franka_cube_trackloss_default_b7e04f0_seed3_20260612_1042,3,412,2577.6806640625,0.00396728515625,/tmp/franka_compare_tracking_vs_baseline/tracking/seed3/summaries/events.out.tfevents.1781292113.batch-block5-00086
tracking_loss,franka_cube_trackloss_default_b7e04f0_seed3_20260612_1042,3,413,2481.7744140625,0.00196075439453125,/tmp/franka_compare_tracking_vs_baseline/tracking/seed3/summaries/events.out.tfevents.1781292113.batch-block5-00086
tracking_loss,franka_cube_trackloss_default_b7e04f0_seed3_20260612_1042,3,414,2380.37109375,0.00315093994140625,/tmp/franka_compare_tracking_vs_baseline/tracking/seed3/summaries/events.out.tfevents.1781292113.batch-block5-00086
tracking_loss,franka_cube_trackloss_default_b7e04f0_seed3_20260612_1042,3,415,2516.520751953125,0.0037994384765625,/tmp/franka_compare_tracking_vs_baseline/tracking/seed3/summaries/events.out.tfevents.1781292113.batch-block5-00086
tracking_loss,franka_cube_trackloss_default_b7e04f0_seed3_20260612_1042,3,416,2539.178955078125,0.00417327880859375,/tmp/franka_compare_tracking_vs_baseline/tracking/seed3/summaries/events.out.tfevents.1781292113.batch-block5-00086
tracking_loss,franka_cube_trackloss_default_b7e04f0_seed3_20260612_1042,3,417,2476.459716796875,0.00446319580078125,/tmp/franka_compare_tracking_vs_baseline/tracking/seed3/summaries/events.out.tfevents.1781292113.batch-block5-00086
tracking_loss,franka_cube_trackloss_default_b7e04f0_seed3_20260612_1042,3,418,2412.47705078125,0.00547027587890625,/tmp/franka_compare_tracking_vs_baseline/tracking/seed3/summaries/events.out.tfevents.1781292113.batch-block5-00086
tracking_loss,franka_cube_trackloss_default_b7e04f0_seed3_20260612_1042,3,419,2531.2939453125,0.00649261474609375,/tmp/franka_compare_tracking_vs_baseline/tracking/seed3/summaries/events.out.tfevents.1781292113.batch-block5-00086
tracking_loss,franka_cube_trackloss_default_b7e04f0_seed3_20260612_1042,3,420,2536.217041015625,0.00640106201171875,/tmp/franka_compare_tracking_vs_baseline/tracking/seed3/summaries/events.out.tfevents.1781292113.batch-block5-00086
tracking_loss,franka_cube_trackloss_default_b7e04f0_seed3_20260612_1042,3,421,2474.430908203125,0.007080078125,/tmp/franka_compare_tracking_vs_baseline/tracking/seed3/summaries/events.out.tfevents.1781292113.batch-block5-00086
tracking_loss,franka_cube_trackloss_default_b7e04f0_seed3_20260612_1042,3,422,2487.732666015625,0.0068817138671875,/tmp/franka_compare_tracking_vs_baseline/tracking/seed3/summaries/events.out.tfevents.1781292113.batch-block5-00086
tracking_loss,franka_cube_trackloss_default_b7e04f0_seed3_20260612_1042,3,423,2544.173828125,0.011077880859375,/tmp/franka_compare_tracking_vs_baseline/tracking/seed3/summaries/events.out.tfevents.1781292113.batch-block5-00086
tracking_loss,franka_cube_trackloss_default_b7e04f0_seed3_20260612_1042,3,424,2671.42626953125,0.0124969482421875,/tmp/franka_compare_tracking_vs_baseline/tracking/seed3/summaries/events.out.tfevents.1781292113.batch-block5-00086
tracking_loss,franka_cube_trackloss_default_b7e04f0_seed3_20260612_1042,3,425,2590.53466796875,0.01287841796875,/tmp/franka_compare_tracking_vs_baseline/tracking/seed3/summaries/events.out.tfevents.1781292113.batch-block5-00086
tracking_loss,franka_cube_trackloss_default_b7e04f0_seed3_20260612_1042,3,426,2565.02685546875,0.0139923095703125,/tmp/franka_compare_tracking_vs_baseline/tracking/seed3/summaries/events.out.tfevents.1781292113.batch-block5-00086
tracking_loss,franka_cube_trackloss_default_b7e04f0_seed3_20260612_1042,3,427,2637.439208984375,0.01410675048828125,/tmp/franka_compare_tracking_vs_baseline/tracking/seed3/summaries/events.out.tfevents.1781292113.batch-block5-00086
tracking_loss,franka_cube_trackloss_default_b7e04f0_seed3_20260612_1042,3,428,2455.46240234375,0.01558685302734375,/tmp/franka_compare_tracking_vs_baseline/tracking/seed3/summaries/events.out.tfevents.1781292113.batch-block5-00086
tracking_loss,franka_cube_trackloss_default_b7e04f0_seed3_20260612_1042,3,429,2707.0126953125,0.0164642333984375,/tmp/franka_compare_tracking_vs_baseline/tracking/seed3/summaries/events.out.tfevents.1781292113.batch-block5-00086
tracking_loss,franka_cube_trackloss_default_b7e04f0_seed3_20260612_1042,3,430,2671.095458984375,0.0175628662109375,/tmp/franka_compare_tracking_vs_baseline/tracking/seed3/summaries/events.out.tfevents.1781292113.batch-block5-00086
tracking_loss,franka_cube_trackloss_default_b7e04f0_seed3_20260612_1042,3,431,2694.68701171875,0.01728057861328125,/tmp/franka_compare_tracking_vs_baseline/tracking/seed3/summaries/events.out.tfevents.1781292113.batch-block5-00086
tracking_loss,franka_cube_trackloss_default_b7e04f0_seed3_20260612_1042,3,432,2712.644287109375,0.01806640625,/tmp/franka_compare_tracking_vs_baseline/tracking/seed3/summaries/events.out.tfevents.1781292113.batch-block5-00086
tracking_loss,franka_cube_trackloss_default_b7e04f0_seed3_20260612_1042,3,433,2717.25341796875,0.0254364013671875,/tmp/franka_compare_tracking_vs_baseline/tracking/seed3/summaries/events.out.tfevents.1781292113.batch-block5-00086
tracking_loss,franka_cube_trackloss_default_b7e04f0_seed3_20260612_1042,3,434,2588.95361328125,0.025054931640625,/tmp/franka_compare_tracking_vs_baseline/tracking/seed3/summaries/events.out.tfevents.1781292113.batch-block5-00086
tracking_loss,franka_cube_trackloss_default_b7e04f0_seed3_20260612_1042,3,435,2560.87109375,0.02523040771484375,/tmp/franka_compare_tracking_vs_baseline/tracking/seed3/summaries/events.out.tfevents.1781292113.batch-block5-00086
tracking_loss,franka_cube_trackloss_default_b7e04f0_seed3_20260612_1042,3,436,2539.603271484375,0.0294952392578125,/tmp/franka_compare_tracking_vs_baseline/tracking/seed3/summaries/events.out.tfevents.1781292113.batch-block5-00086
tracking_loss,franka_cube_trackloss_default_b7e04f0_seed3_20260612_1042,3,437,2611.428955078125,0.0330963134765625,/tmp/franka_compare_tracking_vs_baseline/tracking/seed3/summaries/events.out.tfevents.1781292113.batch-block5-00086
tracking_loss,franka_cube_trackloss_default_b7e04f0_seed3_20260612_1042,3,438,2819.600830078125,0.0337371826171875,/tmp/franka_compare_tracking_vs_baseline/tracking/seed3/summaries/events.out.tfevents.1781292113.batch-block5-00086
tracking_loss,franka_cube_trackloss_default_b7e04f0_seed3_20260612_1042,3,439,2992.371826171875,0.03376007080078125,/tmp/franka_compare_tracking_vs_baseline/tracking/seed3/summaries/events.out.tfevents.1781292113.batch-block5-00086
tracking_loss,franka_cube_trackloss_default_b7e04f0_seed3_20260612_1042,3,440,2939.47021484375,0.03272247314453125,/tmp/franka_compare_tracking_vs_baseline/tracking/seed3/summaries/events.out.tfevents.1781292113.batch-block5-00086
tracking_loss,franka_cube_trackloss_default_b7e04f0_seed3_20260612_1042,3,441,2754.28662109375,0.02254486083984375,/tmp/franka_compare_tracking_vs_baseline/tracking/seed3/summaries/events.out.tfevents.1781292113.batch-block5-00086
tracking_loss,franka_cube_trackloss_default_b7e04f0_seed3_20260612_1042,3,442,2895.349609375,0.0319366455078125,/tmp/franka_compare_tracking_vs_baseline/tracking/seed3/summaries/events.out.tfevents.1781292113.batch-block5-00086
tracking_loss,franka_cube_trackloss_default_b7e04f0_seed3_20260612_1042,3,443,2844.97607421875,0.032745361328125,/tmp/franka_compare_tracking_vs_baseline/tracking/seed3/summaries/events.out.tfevents.1781292113.batch-block5-00086
tracking_loss,franka_cube_trackloss_default_b7e04f0_seed3_20260612_1042,3,444,3069.947509765625,0.03285980224609375,/tmp/franka_compare_tracking_vs_baseline/tracking/seed3/summaries/events.out.tfevents.1781292113.batch-block5-00086
tracking_loss,franka_cube_trackloss_default_b7e04f0_seed3_20260612_1042,3,445,2895.149658203125,0.03363800048828125,/tmp/franka_compare_tracking_vs_baseline/tracking/seed3/summaries/events.out.tfevents.1781292113.batch-block5-00086
tracking_loss,franka_cube_trackloss_default_b7e04f0_seed3_20260612_1042,3,446,2846.338623046875,0.03308868408203125,/tmp/franka_compare_tracking_vs_baseline/tracking/seed3/summaries/events.out.tfevents.1781292113.batch-block5-00086
tracking_loss,franka_cube_trackloss_default_b7e04f0_seed3_20260612_1042,3,447,2692.28515625,0.03217315673828125,/tmp/franka_compare_tracking_vs_baseline/tracking/seed3/summaries/events.out.tfevents.1781292113.batch-block5-00086
tracking_loss,franka_cube_trackloss_default_b7e04f0_seed3_20260612_1042,3,448,2603.87158203125,0.0337982177734375,/tmp/franka_compare_tracking_vs_baseline/tracking/seed3/summaries/events.out.tfevents.1781292113.batch-block5-00086
tracking_loss,franka_cube_trackloss_default_b7e04f0_seed3_20260612_1042,3,449,2683.581298828125,0.037384033203125,/tmp/franka_compare_tracking_vs_baseline/tracking/seed3/summaries/events.out.tfevents.1781292113.batch-block5-00086
tracking_loss,franka_cube_trackloss_default_b7e04f0_seed3_20260612_1042,3,450,2813.51025390625,0.02759552001953125,/tmp/franka_compare_tracking_vs_baseline/tracking/seed3/summaries/events.out.tfevents.1781292113.batch-block5-00086
tracking_loss,franka_cube_trackloss_default_b7e04f0_seed3_20260612_1042,3,451,2607.78076171875,0.03908538818359375,/tmp/franka_compare_tracking_vs_baseline/tracking/seed3/summaries/events.out.tfevents.1781292113.batch-block5-00086
tracking_loss,franka_cube_trackloss_default_b7e04f0_seed3_20260612_1042,3,452,2598.385498046875,0.04880523681640625,/tmp/franka_compare_tracking_vs_baseline/tracking/seed3/summaries/events.out.tfevents.1781292113.batch-block5-00086
tracking_loss,franka_cube_trackloss_default_b7e04f0_seed3_20260612_1042,3,453,2763.65380859375,0.05377197265625,/tmp/franka_compare_tracking_vs_baseline/tracking/seed3/summaries/events.out.tfevents.1781292113.batch-block5-00086
tracking_loss,franka_cube_trackloss_default_b7e04f0_seed3_20260612_1042,3,454,2802.49462890625,0.06170654296875,/tmp/franka_compare_tracking_vs_baseline/tracking/seed3/summaries/events.out.tfevents.1781292113.batch-block5-00086
tracking_loss,franka_cube_trackloss_default_b7e04f0_seed3_20260612_1042,3,455,2706.80908203125,0.06710052490234375,/tmp/franka_compare_tracking_vs_baseline/tracking/seed3/summaries/events.out.tfevents.1781292113.batch-block5-00086
tracking_loss,franka_cube_trackloss_default_b7e04f0_seed3_20260612_1042,3,456,2867.72265625,0.07163238525390625,/tmp/franka_compare_tracking_vs_baseline/tracking/seed3/summaries/events.out.tfevents.1781292113.batch-block5-00086
tracking_loss,franka_cube_trackloss_default_b7e04f0_seed3_20260612_1042,3,457,2987.734375,0.07680511474609375,/tmp/franka_compare_tracking_vs_baseline/tracking/seed3/summaries/events.out.tfevents.1781292113.batch-block5-00086
tracking_loss,franka_cube_trackloss_default_b7e04f0_seed3_20260612_1042,3,458,3072.291259765625,0.0801544189453125,/tmp/franka_compare_tracking_vs_baseline/tracking/seed3/summaries/events.out.tfevents.1781292113.batch-block5-00086
tracking_loss,franka_cube_trackloss_default_b7e04f0_seed3_20260612_1042,3,459,2966.05908203125,0.0785064697265625,/tmp/franka_compare_tracking_vs_baseline/tracking/seed3/summaries/events.out.tfevents.1781292113.batch-block5-00086
tracking_loss,franka_cube_trackloss_default_b7e04f0_seed3_20260612_1042,3,460,3069.634033203125,0.08339691162109375,/tmp/franka_compare_tracking_vs_baseline/tracking/seed3/summaries/events.out.tfevents.1781292113.batch-block5-00086
tracking_loss,franka_cube_trackloss_default_b7e04f0_seed3_20260612_1042,3,461,3778.267822265625,0.12236785888671875,/tmp/franka_compare_tracking_vs_baseline/tracking/seed3/summaries/events.out.tfevents.1781292113.batch-block5-00086
tracking_loss,franka_cube_trackloss_default_b7e04f0_seed3_20260612_1042,3,462,3759.107177734375,0.12762451171875,/tmp/franka_compare_tracking_vs_baseline/tracking/seed3/summaries/events.out.tfevents.1781292113.batch-block5-00086
tracking_loss,franka_cube_trackloss_default_b7e04f0_seed3_20260612_1042,3,463,3618.95361328125,0.13114166259765625,/tmp/franka_compare_tracking_vs_baseline/tracking/seed3/summaries/events.out.tfevents.1781292113.batch-block5-00086
tracking_loss,franka_cube_trackloss_default_b7e04f0_seed3_20260612_1042,3,464,3527.05908203125,0.14124298095703125,/tmp/franka_compare_tracking_vs_baseline/tracking/seed3/summaries/events.out.tfevents.1781292113.batch-block5-00086
tracking_loss,franka_cube_trackloss_default_b7e04f0_seed3_20260612_1042,3,465,3660.064208984375,0.1540985107421875,/tmp/franka_compare_tracking_vs_baseline/tracking/seed3/summaries/events.out.tfevents.1781292113.batch-block5-00086
tracking_loss,franka_cube_trackloss_default_b7e04f0_seed3_20260612_1042,3,466,3950.75244140625,0.16339874267578125,/tmp/franka_compare_tracking_vs_baseline/tracking/seed3/summaries/events.out.tfevents.1781292113.batch-block5-00086
tracking_loss,franka_cube_trackloss_default_b7e04f0_seed3_20260612_1042,3,467,4310.0400390625,0.165679931640625,/tmp/franka_compare_tracking_vs_baseline/tracking/seed3/summaries/events.out.tfevents.1781292113.batch-block5-00086
tracking_loss,franka_cube_trackloss_default_b7e04f0_seed3_20260612_1042,3,468,4176.8291015625,0.1674652099609375,/tmp/franka_compare_tracking_vs_baseline/tracking/seed3/summaries/events.out.tfevents.1781292113.batch-block5-00086
tracking_loss,franka_cube_trackloss_default_b7e04f0_seed3_20260612_1042,3,469,4330.01416015625,0.11837005615234375,/tmp/franka_compare_tracking_vs_baseline/tracking/seed3/summaries/events.out.tfevents.1781292113.batch-block5-00086
tracking_loss,franka_cube_trackloss_default_b7e04f0_seed3_20260612_1042,3,470,4215.11279296875,0.16780853271484375,/tmp/franka_compare_tracking_vs_baseline/tracking/seed3/summaries/events.out.tfevents.1781292113.batch-block5-00086
tracking_loss,franka_cube_trackloss_default_b7e04f0_seed3_20260612_1042,3,471,4129.42919921875,0.180450439453125,/tmp/franka_compare_tracking_vs_baseline/tracking/seed3/summaries/events.out.tfevents.1781292113.batch-block5-00086
tracking_loss,franka_cube_trackloss_default_b7e04f0_seed3_20260612_1042,3,472,4436.98046875,0.17916107177734375,/tmp/franka_compare_tracking_vs_baseline/tracking/seed3/summaries/events.out.tfevents.1781292113.batch-block5-00086
tracking_loss,franka_cube_trackloss_default_b7e04f0_seed3_20260612_1042,3,473,4561.3525390625,0.18700408935546875,/tmp/franka_compare_tracking_vs_baseline/tracking/seed3/summaries/events.out.tfevents.1781292113.batch-block5-00086
tracking_loss,franka_cube_trackloss_default_b7e04f0_seed3_20260612_1042,3,474,4259.08935546875,0.198333740234375,/tmp/franka_compare_tracking_vs_baseline/tracking/seed3/summaries/events.out.tfevents.1781292113.batch-block5-00086
tracking_loss,franka_cube_trackloss_default_b7e04f0_seed3_20260612_1042,3,475,4645.529296875,0.2104949951171875,/tmp/franka_compare_tracking_vs_baseline/tracking/seed3/summaries/events.out.tfevents.1781292113.batch-block5-00086
tracking_loss,franka_cube_trackloss_default_b7e04f0_seed3_20260612_1042,3,476,4698.9765625,0.21844482421875,/tmp/franka_compare_tracking_vs_baseline/tracking/seed3/summaries/events.out.tfevents.1781292113.batch-block5-00086
tracking_loss,franka_cube_trackloss_default_b7e04f0_seed3_20260612_1042,3,477,4721.20751953125,0.22133636474609375,/tmp/franka_compare_tracking_vs_baseline/tracking/seed3/summaries/events.out.tfevents.1781292113.batch-block5-00086
tracking_loss,franka_cube_trackloss_default_b7e04f0_seed3_20260612_1042,3,478,4801.6259765625,0.18401336669921875,/tmp/franka_compare_tracking_vs_baseline/tracking/seed3/summaries/events.out.tfevents.1781292113.batch-block5-00086
tracking_loss,franka_cube_trackloss_default_b7e04f0_seed3_20260612_1042,3,479,5131.88720703125,0.19940948486328125,/tmp/franka_compare_tracking_vs_baseline/tracking/seed3/summaries/events.out.tfevents.1781292113.batch-block5-00086
tracking_loss,franka_cube_trackloss_default_b7e04f0_seed3_20260612_1042,3,480,4738.61181640625,0.24785614013671875,/tmp/franka_compare_tracking_vs_baseline/tracking/seed3/summaries/events.out.tfevents.1781292113.batch-block5-00086
tracking_loss,franka_cube_trackloss_default_b7e04f0_seed3_20260612_1042,3,481,5307.9765625,0.25086212158203125,/tmp/franka_compare_tracking_vs_baseline/tracking/seed3/summaries/events.out.tfevents.1781292113.batch-block5-00086
tracking_loss,franka_cube_trackloss_default_b7e04f0_seed3_20260612_1042,3,482,5438.57470703125,0.2581329345703125,/tmp/franka_compare_tracking_vs_baseline/tracking/seed3/summaries/events.out.tfevents.1781292113.batch-block5-00086
tracking_loss,franka_cube_trackloss_default_b7e04f0_seed3_20260612_1042,3,483,5575.5185546875,0.27032470703125,/tmp/franka_compare_tracking_vs_baseline/tracking/seed3/summaries/events.out.tfevents.1781292113.batch-block5-00086
tracking_loss,franka_cube_trackloss_default_b7e04f0_seed3_20260612_1042,3,484,5366.5791015625,0.28408050537109375,/tmp/franka_compare_tracking_vs_baseline/tracking/seed3/summaries/events.out.tfevents.1781292113.batch-block5-00086
tracking_loss,franka_cube_trackloss_default_b7e04f0_seed3_20260612_1042,3,485,5604.515625,0.28919219970703125,/tmp/franka_compare_tracking_vs_baseline/tracking/seed3/summaries/events.out.tfevents.1781292113.batch-block5-00086
tracking_loss,franka_cube_trackloss_default_b7e04f0_seed3_20260612_1042,3,486,5745.23876953125,0.296783447265625,/tmp/franka_compare_tracking_vs_baseline/tracking/seed3/summaries/events.out.tfevents.1781292113.batch-block5-00086
tracking_loss,franka_cube_trackloss_default_b7e04f0_seed3_20260612_1042,3,487,6360.265625,0.28600311279296875,/tmp/franka_compare_tracking_vs_baseline/tracking/seed3/summaries/events.out.tfevents.1781292113.batch-block5-00086
tracking_loss,franka_cube_trackloss_default_b7e04f0_seed3_20260612_1042,3,488,6269.68212890625,0.214508056640625,/tmp/franka_compare_tracking_vs_baseline/tracking/seed3/summaries/events.out.tfevents.1781292113.batch-block5-00086
tracking_loss,franka_cube_trackloss_default_b7e04f0_seed3_20260612_1042,3,489,6509.45654296875,0.2938079833984375,/tmp/franka_compare_tracking_vs_baseline/tracking/seed3/summaries/events.out.tfevents.1781292113.batch-block5-00086
tracking_loss,franka_cube_trackloss_default_b7e04f0_seed3_20260612_1042,3,490,5890.92041015625,0.3006591796875,/tmp/franka_compare_tracking_vs_baseline/tracking/seed3/summaries/events.out.tfevents.1781292113.batch-block5-00086
tracking_loss,franka_cube_trackloss_default_b7e04f0_seed3_20260612_1042,3,491,6008.197265625,0.30230712890625,/tmp/franka_compare_tracking_vs_baseline/tracking/seed3/summaries/events.out.tfevents.1781292113.batch-block5-00086
tracking_loss,franka_cube_trackloss_default_b7e04f0_seed3_20260612_1042,3,492,5935.482421875,0.315582275390625,/tmp/franka_compare_tracking_vs_baseline/tracking/seed3/summaries/events.out.tfevents.1781292113.batch-block5-00086
tracking_loss,franka_cube_trackloss_default_b7e04f0_seed3_20260612_1042,3,493,5848.58056640625,0.3313446044921875,/tmp/franka_compare_tracking_vs_baseline/tracking/seed3/summaries/events.out.tfevents.1781292113.batch-block5-00086
tracking_loss,franka_cube_trackloss_default_b7e04f0_seed3_20260612_1042,3,494,6204.0498046875,0.34375762939453125,/tmp/franka_compare_tracking_vs_baseline/tracking/seed3/summaries/events.out.tfevents.1781292113.batch-block5-00086
tracking_loss,franka_cube_trackloss_default_b7e04f0_seed3_20260612_1042,3,495,6199.20751953125,0.35284423828125,/tmp/franka_compare_tracking_vs_baseline/tracking/seed3/summaries/events.out.tfevents.1781292113.batch-block5-00086
tracking_loss,franka_cube_trackloss_default_b7e04f0_seed3_20260612_1042,3,496,6616.45166015625,0.36753082275390625,/tmp/franka_compare_tracking_vs_baseline/tracking/seed3/summaries/events.out.tfevents.1781292113.batch-block5-00086
tracking_loss,franka_cube_trackloss_default_b7e04f0_seed3_20260612_1042,3,497,7316.2060546875,0.2569427490234375,/tmp/franka_compare_tracking_vs_baseline/tracking/seed3/summaries/events.out.tfevents.1781292113.batch-block5-00086
tracking_loss,franka_cube_trackloss_default_b7e04f0_seed3_20260612_1042,3,498,6368.6796875,0.33180999755859375,/tmp/franka_compare_tracking_vs_baseline/tracking/seed3/summaries/events.out.tfevents.1781292113.batch-block5-00086
tracking_loss,franka_cube_trackloss_default_b7e04f0_seed3_20260612_1042,3,499,6635.8447265625,0.36046600341796875,/tmp/franka_compare_tracking_vs_baseline/tracking/seed3/summaries/events.out.tfevents.1781292113.batch-block5-00086
tracking_loss,franka_cube_trackloss_default_b7e04f0_seed3_20260612_1042,3,500,6918.955078125,0.3594512939453125,/tmp/franka_compare_tracking_vs_baseline/tracking/seed3/summaries/events.out.tfevents.1781292113.batch-block5-00086
tracking_loss,franka_cube_trackloss_default_b7e04f0_seed3_20260612_1042,3,501,6987.1630859375,0.36815643310546875,/tmp/franka_compare_tracking_vs_baseline/tracking/seed3/summaries/events.out.tfevents.1781292113.batch-block5-00086
tracking_loss,franka_cube_trackloss_default_b7e04f0_seed3_20260612_1042,3,502,7141.69287109375,0.381011962890625,/tmp/franka_compare_tracking_vs_baseline/tracking/seed3/summaries/events.out.tfevents.1781292113.batch-block5-00086
tracking_loss,franka_cube_trackloss_default_b7e04f0_seed3_20260612_1042,3,503,7109.9892578125,0.40032958984375,/tmp/franka_compare_tracking_vs_baseline/tracking/seed3/summaries/events.out.tfevents.1781292113.batch-block5-00086
tracking_loss,franka_cube_trackloss_default_b7e04f0_seed3_20260612_1042,3,504,7181.29345703125,0.41809844970703125,/tmp/franka_compare_tracking_vs_baseline/tracking/seed3/summaries/events.out.tfevents.1781292113.batch-block5-00086
tracking_loss,franka_cube_trackloss_default_b7e04f0_seed3_20260612_1042,3,505,7323.7080078125,0.4329681396484375,/tmp/franka_compare_tracking_vs_baseline/tracking/seed3/summaries/events.out.tfevents.1781292113.batch-block5-00086
tracking_loss,franka_cube_trackloss_default_b7e04f0_seed3_20260612_1042,3,506,7609.599609375,0.37714385986328125,/tmp/franka_compare_tracking_vs_baseline/tracking/seed3/summaries/events.out.tfevents.1781292113.batch-block5-00086
tracking_loss,franka_cube_trackloss_default_b7e04f0_seed3_20260612_1042,3,507,7230.9453125,0.342864990234375,/tmp/franka_compare_tracking_vs_baseline/tracking/seed3/summaries/events.out.tfevents.1781292113.batch-block5-00086
tracking_loss,franka_cube_trackloss_default_b7e04f0_seed3_20260612_1042,3,508,7885.8056640625,0.42914581298828125,/tmp/franka_compare_tracking_vs_baseline/tracking/seed3/summaries/events.out.tfevents.1781292113.batch-block5-00086
tracking_loss,franka_cube_trackloss_default_b7e04f0_seed3_20260612_1042,3,509,7894.64306640625,0.430511474609375,/tmp/franka_compare_tracking_vs_baseline/tracking/seed3/summaries/events.out.tfevents.1781292113.batch-block5-00086
tracking_loss,franka_cube_trackloss_default_b7e04f0_seed3_20260612_1042,3,510,7878.671875,0.4314422607421875,/tmp/franka_compare_tracking_vs_baseline/tracking/seed3/summaries/events.out.tfevents.1781292113.batch-block5-00086
tracking_loss,franka_cube_trackloss_default_b7e04f0_seed3_20260612_1042,3,511,7686.15283203125,0.45404052734375,/tmp/franka_compare_tracking_vs_baseline/tracking/seed3/summaries/events.out.tfevents.1781292113.batch-block5-00086
tracking_loss,franka_cube_trackloss_default_b7e04f0_seed3_20260612_1042,3,512,8007.8447265625,0.470947265625,/tmp/franka_compare_tracking_vs_baseline/tracking/seed3/summaries/events.out.tfevents.1781292113.batch-block5-00086
tracking_loss,franka_cube_trackloss_default_b7e04f0_seed3_20260612_1042,3,513,7920.5517578125,0.4829864501953125,/tmp/franka_compare_tracking_vs_baseline/tracking/seed3/summaries/events.out.tfevents.1781292113.batch-block5-00086
tracking_loss,franka_cube_trackloss_default_b7e04f0_seed3_20260612_1042,3,514,8222.3974609375,0.48671722412109375,/tmp/franka_compare_tracking_vs_baseline/tracking/seed3/summaries/events.out.tfevents.1781292113.batch-block5-00086
tracking_loss,franka_cube_trackloss_default_b7e04f0_seed3_20260612_1042,3,515,9063.6259765625,0.48494720458984375,/tmp/franka_compare_tracking_vs_baseline/tracking/seed3/summaries/events.out.tfevents.1781292113.batch-block5-00086
tracking_loss,franka_cube_trackloss_default_b7e04f0_seed3_20260612_1042,3,516,8540.3359375,0.33465576171875,/tmp/franka_compare_tracking_vs_baseline/tracking/seed3/summaries/events.out.tfevents.1781292113.batch-block5-00086
tracking_loss,franka_cube_trackloss_default_b7e04f0_seed3_20260612_1042,3,517,8650.4443359375,0.45263671875,/tmp/franka_compare_tracking_vs_baseline/tracking/seed3/summaries/events.out.tfevents.1781292113.batch-block5-00086
tracking_loss,franka_cube_trackloss_default_b7e04f0_seed3_20260612_1042,3,518,8376.7265625,0.4700164794921875,/tmp/franka_compare_tracking_vs_baseline/tracking/seed3/summaries/events.out.tfevents.1781292113.batch-block5-00086
tracking_loss,franka_cube_trackloss_default_b7e04f0_seed3_20260612_1042,3,519,8377.408203125,0.46584320068359375,/tmp/franka_compare_tracking_vs_baseline/tracking/seed3/summaries/events.out.tfevents.1781292113.batch-block5-00086
tracking_loss,franka_cube_trackloss_default_b7e04f0_seed3_20260612_1042,3,520,8640.4677734375,0.46920013427734375,/tmp/franka_compare_tracking_vs_baseline/tracking/seed3/summaries/events.out.tfevents.1781292113.batch-block5-00086
tracking_loss,franka_cube_trackloss_default_b7e04f0_seed3_20260612_1042,3,521,8303.115234375,0.48889923095703125,/tmp/franka_compare_tracking_vs_baseline/tracking/seed3/summaries/events.out.tfevents.1781292113.batch-block5-00086
tracking_loss,franka_cube_trackloss_default_b7e04f0_seed3_20260612_1042,3,522,8967.318359375,0.5047988891601562,/tmp/franka_compare_tracking_vs_baseline/tracking/seed3/summaries/events.out.tfevents.1781292113.batch-block5-00086
tracking_loss,franka_cube_trackloss_default_b7e04f0_seed3_20260612_1042,3,523,8995.4443359375,0.5177459716796875,/tmp/franka_compare_tracking_vs_baseline/tracking/seed3/summaries/events.out.tfevents.1781292113.batch-block5-00086
tracking_loss,franka_cube_trackloss_default_b7e04f0_seed3_20260612_1042,3,524,8658.5087890625,0.5193634033203125,/tmp/franka_compare_tracking_vs_baseline/tracking/seed3/summaries/events.out.tfevents.1781292113.batch-block5-00086
tracking_loss,franka_cube_trackloss_default_b7e04f0_seed3_20260612_1042,3,525,9060.51953125,0.38995361328125,/tmp/franka_compare_tracking_vs_baseline/tracking/seed3/summaries/events.out.tfevents.1781292113.batch-block5-00086
tracking_loss,franka_cube_trackloss_default_b7e04f0_seed3_20260612_1042,3,526,9058.4462890625,0.44063568115234375,/tmp/franka_compare_tracking_vs_baseline/tracking/seed3/summaries/events.out.tfevents.1781292113.batch-block5-00086
tracking_loss,franka_cube_trackloss_default_b7e04f0_seed3_20260612_1042,3,527,8629.720703125,0.493621826171875,/tmp/franka_compare_tracking_vs_baseline/tracking/seed3/summaries/events.out.tfevents.1781292113.batch-block5-00086
tracking_loss,franka_cube_trackloss_default_b7e04f0_seed3_20260612_1042,3,528,8690.5419921875,0.4988250732421875,/tmp/franka_compare_tracking_vs_baseline/tracking/seed3/summaries/events.out.tfevents.1781292113.batch-block5-00086
tracking_loss,franka_cube_trackloss_default_b7e04f0_seed3_20260612_1042,3,529,9077.3896484375,0.5116729736328125,/tmp/franka_compare_tracking_vs_baseline/tracking/seed3/summaries/events.out.tfevents.1781292113.batch-block5-00086
tracking_loss,franka_cube_trackloss_default_b7e04f0_seed3_20260612_1042,3,530,9239.3349609375,0.5282135009765625,/tmp/franka_compare_tracking_vs_baseline/tracking/seed3/summaries/events.out.tfevents.1781292113.batch-block5-00086
tracking_loss,franka_cube_trackloss_default_b7e04f0_seed3_20260612_1042,3,531,9402.8798828125,0.5508956909179688,/tmp/franka_compare_tracking_vs_baseline/tracking/seed3/summaries/events.out.tfevents.1781292113.batch-block5-00086
tracking_loss,franka_cube_trackloss_default_b7e04f0_seed3_20260612_1042,3,532,9208.349609375,0.56854248046875,/tmp/franka_compare_tracking_vs_baseline/tracking/seed3/summaries/events.out.tfevents.1781292113.batch-block5-00086
tracking_loss,franka_cube_trackloss_default_b7e04f0_seed3_20260612_1042,3,533,9385.4755859375,0.5756683349609375,/tmp/franka_compare_tracking_vs_baseline/tracking/seed3/summaries/events.out.tfevents.1781292113.batch-block5-00086
tracking_loss,franka_cube_trackloss_default_b7e04f0_seed3_20260612_1042,3,534,9316.8115234375,0.5176315307617188,/tmp/franka_compare_tracking_vs_baseline/tracking/seed3/summaries/events.out.tfevents.1781292113.batch-block5-00086
tracking_loss,franka_cube_trackloss_default_b7e04f0_seed3_20260612_1042,3,535,9708.6376953125,0.44244384765625,/tmp/franka_compare_tracking_vs_baseline/tracking/seed3/summaries/events.out.tfevents.1781292113.batch-block5-00086
tracking_loss,franka_cube_trackloss_default_b7e04f0_seed3_20260612_1042,3,536,9309.296875,0.5451202392578125,/tmp/franka_compare_tracking_vs_baseline/tracking/seed3/summaries/events.out.tfevents.1781292113.batch-block5-00086
tracking_loss,franka_cube_trackloss_default_b7e04f0_seed3_20260612_1042,3,537,9786.154296875,0.5504608154296875,/tmp/franka_compare_tracking_vs_baseline/tracking/seed3/summaries/events.out.tfevents.1781292113.batch-block5-00086
tracking_loss,franka_cube_trackloss_default_b7e04f0_seed3_20260612_1042,3,538,9499.8935546875,0.561279296875,/tmp/franka_compare_tracking_vs_baseline/tracking/seed3/summaries/events.out.tfevents.1781292113.batch-block5-00086
tracking_loss,franka_cube_trackloss_default_b7e04f0_seed3_20260612_1042,3,539,10186.4208984375,0.5738449096679688,/tmp/franka_compare_tracking_vs_baseline/tracking/seed3/summaries/events.out.tfevents.1781292113.batch-block5-00086
tracking_loss,franka_cube_trackloss_default_b7e04f0_seed3_20260612_1042,3,540,9832.716796875,0.599609375,/tmp/franka_compare_tracking_vs_baseline/tracking/seed3/summaries/events.out.tfevents.1781292113.batch-block5-00086
tracking_loss,franka_cube_trackloss_default_b7e04f0_seed3_20260612_1042,3,541,9915.40625,0.6074905395507812,/tmp/franka_compare_tracking_vs_baseline/tracking/seed3/summaries/events.out.tfevents.1781292113.batch-block5-00086
tracking_loss,franka_cube_trackloss_default_b7e04f0_seed3_20260612_1042,3,542,9956.8623046875,0.612945556640625,/tmp/franka_compare_tracking_vs_baseline/tracking/seed3/summaries/events.out.tfevents.1781292113.batch-block5-00086
tracking_loss,franka_cube_trackloss_default_b7e04f0_seed3_20260612_1042,3,543,10073.3798828125,0.6186370849609375,/tmp/franka_compare_tracking_vs_baseline/tracking/seed3/summaries/events.out.tfevents.1781292113.batch-block5-00086
tracking_loss,franka_cube_trackloss_default_b7e04f0_seed3_20260612_1042,3,544,10044.876953125,0.4384307861328125,/tmp/franka_compare_tracking_vs_baseline/tracking/seed3/summaries/events.out.tfevents.1781292113.batch-block5-00086
tracking_loss,franka_cube_trackloss_default_b7e04f0_seed3_20260612_1042,3,545,9980.3203125,0.5639495849609375,/tmp/franka_compare_tracking_vs_baseline/tracking/seed3/summaries/events.out.tfevents.1781292113.batch-block5-00086
tracking_loss,franka_cube_trackloss_default_b7e04f0_seed3_20260612_1042,3,546,10203.72265625,0.5863800048828125,/tmp/franka_compare_tracking_vs_baseline/tracking/seed3/summaries/events.out.tfevents.1781292113.batch-block5-00086
tracking_loss,franka_cube_trackloss_default_b7e04f0_seed3_20260612_1042,3,547,10562.111328125,0.5847702026367188,/tmp/franka_compare_tracking_vs_baseline/tracking/seed3/summaries/events.out.tfevents.1781292113.batch-block5-00086
tracking_loss,franka_cube_trackloss_default_b7e04f0_seed3_20260612_1042,3,548,10320.27734375,0.5899658203125,/tmp/franka_compare_tracking_vs_baseline/tracking/seed3/summaries/events.out.tfevents.1781292113.batch-block5-00086
tracking_loss,franka_cube_trackloss_default_b7e04f0_seed3_20260612_1042,3,549,10426.2724609375,0.6106414794921875,/tmp/franka_compare_tracking_vs_baseline/tracking/seed3/summaries/events.out.tfevents.1781292113.batch-block5-00086
tracking_loss,franka_cube_trackloss_default_b7e04f0_seed3_20260612_1042,3,550,10521.193359375,0.6230087280273438,/tmp/franka_compare_tracking_vs_baseline/tracking/seed3/summaries/events.out.tfevents.1781292113.batch-block5-00086
tracking_loss,franka_cube_trackloss_default_b7e04f0_seed3_20260612_1042,3,551,10451.5810546875,0.6237716674804688,/tmp/franka_compare_tracking_vs_baseline/tracking/seed3/summaries/events.out.tfevents.1781292113.batch-block5-00086
tracking_loss,franka_cube_trackloss_default_b7e04f0_seed3_20260612_1042,3,552,10346.4033203125,0.6398391723632812,/tmp/franka_compare_tracking_vs_baseline/tracking/seed3/summaries/events.out.tfevents.1781292113.batch-block5-00086
tracking_loss,franka_cube_trackloss_default_b7e04f0_seed3_20260612_1042,3,553,10389.9677734375,0.506988525390625,/tmp/franka_compare_tracking_vs_baseline/tracking/seed3/summaries/events.out.tfevents.1781292113.batch-block5-00086
tracking_loss,franka_cube_trackloss_default_b7e04f0_seed3_20260612_1042,3,554,10275.8603515625,0.5372390747070312,/tmp/franka_compare_tracking_vs_baseline/tracking/seed3/summaries/events.out.tfevents.1781292113.batch-block5-00086
tracking_loss,franka_cube_trackloss_default_b7e04f0_seed3_20260612_1042,3,555,10458.4755859375,0.6057510375976562,/tmp/franka_compare_tracking_vs_baseline/tracking/seed3/summaries/events.out.tfevents.1781292113.batch-block5-00086
tracking_loss,franka_cube_trackloss_default_b7e04f0_seed3_20260612_1042,3,556,10568.9970703125,0.6146316528320312,/tmp/franka_compare_tracking_vs_baseline/tracking/seed3/summaries/events.out.tfevents.1781292113.batch-block5-00086
tracking_loss,franka_cube_trackloss_default_b7e04f0_seed3_20260612_1042,3,557,10675.802734375,0.6280593872070312,/tmp/franka_compare_tracking_vs_baseline/tracking/seed3/summaries/events.out.tfevents.1781292113.batch-block5-00086
tracking_loss,franka_cube_trackloss_default_b7e04f0_seed3_20260612_1042,3,558,10685.3193359375,0.6454544067382812,/tmp/franka_compare_tracking_vs_baseline/tracking/seed3/summaries/events.out.tfevents.1781292113.batch-block5-00086
tracking_loss,franka_cube_trackloss_default_b7e04f0_seed3_20260612_1042,3,559,10557.228515625,0.6651229858398438,/tmp/franka_compare_tracking_vs_baseline/tracking/seed3/summaries/events.out.tfevents.1781292113.batch-block5-00086
tracking_loss,franka_cube_trackloss_default_b7e04f0_seed3_20260612_1042,3,560,10549.0322265625,0.6818923950195312,/tmp/franka_compare_tracking_vs_baseline/tracking/seed3/summaries/events.out.tfevents.1781292113.batch-block5-00086
tracking_loss,franka_cube_trackloss_default_b7e04f0_seed3_20260612_1042,3,561,10752.7861328125,0.690185546875,/tmp/franka_compare_tracking_vs_baseline/tracking/seed3/summaries/events.out.tfevents.1781292113.batch-block5-00086
tracking_loss,franka_cube_trackloss_default_b7e04f0_seed3_20260612_1042,3,562,10944.220703125,0.640655517578125,/tmp/franka_compare_tracking_vs_baseline/tracking/seed3/summaries/events.out.tfevents.1781292113.batch-block5-00086
tracking_loss,franka_cube_trackloss_default_b7e04f0_seed3_20260612_1042,3,563,10738.5712890625,0.5182647705078125,/tmp/franka_compare_tracking_vs_baseline/tracking/seed3/summaries/events.out.tfevents.1781292113.batch-block5-00086
tracking_loss,franka_cube_trackloss_default_b7e04f0_seed3_20260612_1042,3,564,10828.1494140625,0.6422348022460938,/tmp/franka_compare_tracking_vs_baseline/tracking/seed3/summaries/events.out.tfevents.1781292113.batch-block5-00086
tracking_loss,franka_cube_trackloss_default_b7e04f0_seed3_20260612_1042,3,565,11092.7421875,0.656341552734375,/tmp/franka_compare_tracking_vs_baseline/tracking/seed3/summaries/events.out.tfevents.1781292113.batch-block5-00086
tracking_loss,franka_cube_trackloss_default_b7e04f0_seed3_20260612_1042,3,566,11013.296875,0.675048828125,/tmp/franka_compare_tracking_vs_baseline/tracking/seed3/summaries/events.out.tfevents.1781292113.batch-block5-00086
tracking_loss,franka_cube_trackloss_default_b7e04f0_seed3_20260612_1042,3,567,11076.5849609375,0.6865997314453125,/tmp/franka_compare_tracking_vs_baseline/tracking/seed3/summaries/events.out.tfevents.1781292113.batch-block5-00086
tracking_loss,franka_cube_trackloss_default_b7e04f0_seed3_20260612_1042,3,568,10911.658203125,0.7052230834960938,/tmp/franka_compare_tracking_vs_baseline/tracking/seed3/summaries/events.out.tfevents.1781292113.batch-block5-00086
tracking_loss,franka_cube_trackloss_default_b7e04f0_seed3_20260612_1042,3,569,11133.3369140625,0.711395263671875,/tmp/franka_compare_tracking_vs_baseline/tracking/seed3/summaries/events.out.tfevents.1781292113.batch-block5-00086
tracking_loss,franka_cube_trackloss_default_b7e04f0_seed3_20260612_1042,3,570,11037.5380859375,0.7209014892578125,/tmp/franka_compare_tracking_vs_baseline/tracking/seed3/summaries/events.out.tfevents.1781292113.batch-block5-00086
tracking_loss,franka_cube_trackloss_default_b7e04f0_seed3_20260612_1042,3,571,11416.154296875,0.7309417724609375,/tmp/franka_compare_tracking_vs_baseline/tracking/seed3/summaries/events.out.tfevents.1781292113.batch-block5-00086
tracking_loss,franka_cube_trackloss_default_b7e04f0_seed4_20260612_1042,4,1,16.690845489501953,7.62939453125e-06,/tmp/franka_compare_tracking_vs_baseline/tracking/seed4/summaries/events.out.tfevents.1781292121.batch-block5-00290
tracking_loss,franka_cube_trackloss_default_b7e04f0_seed4_20260612_1042,4,2,41.62662887573242,0.0,/tmp/franka_compare_tracking_vs_baseline/tracking/seed4/summaries/events.out.tfevents.1781292121.batch-block5-00290
tracking_loss,franka_cube_trackloss_default_b7e04f0_seed4_20260612_1042,4,3,71.77156829833984,0.0,/tmp/franka_compare_tracking_vs_baseline/tracking/seed4/summaries/events.out.tfevents.1781292121.batch-block5-00290
tracking_loss,franka_cube_trackloss_default_b7e04f0_seed4_20260612_1042,4,4,159.96337890625,0.0,/tmp/franka_compare_tracking_vs_baseline/tracking/seed4/summaries/events.out.tfevents.1781292121.batch-block5-00290
tracking_loss,franka_cube_trackloss_default_b7e04f0_seed4_20260612_1042,4,5,361.97979736328125,0.0,/tmp/franka_compare_tracking_vs_baseline/tracking/seed4/summaries/events.out.tfevents.1781292121.batch-block5-00290
tracking_loss,franka_cube_trackloss_default_b7e04f0_seed4_20260612_1042,4,6,559.5474853515625,0.0,/tmp/franka_compare_tracking_vs_baseline/tracking/seed4/summaries/events.out.tfevents.1781292121.batch-block5-00290
tracking_loss,franka_cube_trackloss_default_b7e04f0_seed4_20260612_1042,4,7,718.3313598632812,0.0,/tmp/franka_compare_tracking_vs_baseline/tracking/seed4/summaries/events.out.tfevents.1781292121.batch-block5-00290
tracking_loss,franka_cube_trackloss_default_b7e04f0_seed4_20260612_1042,4,8,894.5415649414062,0.0,/tmp/franka_compare_tracking_vs_baseline/tracking/seed4/summaries/events.out.tfevents.1781292121.batch-block5-00290
tracking_loss,franka_cube_trackloss_default_b7e04f0_seed4_20260612_1042,4,9,949.9163818359375,0.0,/tmp/franka_compare_tracking_vs_baseline/tracking/seed4/summaries/events.out.tfevents.1781292121.batch-block5-00290
tracking_loss,franka_cube_trackloss_default_b7e04f0_seed4_20260612_1042,4,10,700.0302124023438,0.00011444091796875,/tmp/franka_compare_tracking_vs_baseline/tracking/seed4/summaries/events.out.tfevents.1781292121.batch-block5-00290
tracking_loss,franka_cube_trackloss_default_b7e04f0_seed4_20260612_1042,4,11,359.58319091796875,0.0,/tmp/franka_compare_tracking_vs_baseline/tracking/seed4/summaries/events.out.tfevents.1781292121.batch-block5-00290
tracking_loss,franka_cube_trackloss_default_b7e04f0_seed4_20260612_1042,4,12,387.2874450683594,0.0,/tmp/franka_compare_tracking_vs_baseline/tracking/seed4/summaries/events.out.tfevents.1781292121.batch-block5-00290
tracking_loss,franka_cube_trackloss_default_b7e04f0_seed4_20260612_1042,4,13,520.6210327148438,0.0,/tmp/franka_compare_tracking_vs_baseline/tracking/seed4/summaries/events.out.tfevents.1781292121.batch-block5-00290
tracking_loss,franka_cube_trackloss_default_b7e04f0_seed4_20260612_1042,4,14,745.5565185546875,0.0,/tmp/franka_compare_tracking_vs_baseline/tracking/seed4/summaries/events.out.tfevents.1781292121.batch-block5-00290
tracking_loss,franka_cube_trackloss_default_b7e04f0_seed4_20260612_1042,4,15,1089.081298828125,0.0,/tmp/franka_compare_tracking_vs_baseline/tracking/seed4/summaries/events.out.tfevents.1781292121.batch-block5-00290
tracking_loss,franka_cube_trackloss_default_b7e04f0_seed4_20260612_1042,4,16,1160.3485107421875,0.0,/tmp/franka_compare_tracking_vs_baseline/tracking/seed4/summaries/events.out.tfevents.1781292121.batch-block5-00290
tracking_loss,franka_cube_trackloss_default_b7e04f0_seed4_20260612_1042,4,17,1152.4849853515625,7.62939453125e-06,/tmp/franka_compare_tracking_vs_baseline/tracking/seed4/summaries/events.out.tfevents.1781292121.batch-block5-00290
tracking_loss,franka_cube_trackloss_default_b7e04f0_seed4_20260612_1042,4,18,1092.203369140625,0.0,/tmp/franka_compare_tracking_vs_baseline/tracking/seed4/summaries/events.out.tfevents.1781292121.batch-block5-00290
tracking_loss,franka_cube_trackloss_default_b7e04f0_seed4_20260612_1042,4,19,806.3674926757812,0.0,/tmp/franka_compare_tracking_vs_baseline/tracking/seed4/summaries/events.out.tfevents.1781292121.batch-block5-00290
tracking_loss,franka_cube_trackloss_default_b7e04f0_seed4_20260612_1042,4,20,761.4959106445312,0.0,/tmp/franka_compare_tracking_vs_baseline/tracking/seed4/summaries/events.out.tfevents.1781292121.batch-block5-00290
tracking_loss,franka_cube_trackloss_default_b7e04f0_seed4_20260612_1042,4,21,1002.6704711914062,0.0,/tmp/franka_compare_tracking_vs_baseline/tracking/seed4/summaries/events.out.tfevents.1781292121.batch-block5-00290
tracking_loss,franka_cube_trackloss_default_b7e04f0_seed4_20260612_1042,4,22,1024.549072265625,0.0,/tmp/franka_compare_tracking_vs_baseline/tracking/seed4/summaries/events.out.tfevents.1781292121.batch-block5-00290
tracking_loss,franka_cube_trackloss_default_b7e04f0_seed4_20260612_1042,4,23,1012.1317138671875,0.0,/tmp/franka_compare_tracking_vs_baseline/tracking/seed4/summaries/events.out.tfevents.1781292121.batch-block5-00290
tracking_loss,franka_cube_trackloss_default_b7e04f0_seed4_20260612_1042,4,24,1049.1781005859375,8.392333984375e-05,/tmp/franka_compare_tracking_vs_baseline/tracking/seed4/summaries/events.out.tfevents.1781292121.batch-block5-00290
tracking_loss,franka_cube_trackloss_default_b7e04f0_seed4_20260612_1042,4,25,1097.4755859375,2.288818359375e-05,/tmp/franka_compare_tracking_vs_baseline/tracking/seed4/summaries/events.out.tfevents.1781292121.batch-block5-00290
tracking_loss,franka_cube_trackloss_default_b7e04f0_seed4_20260612_1042,4,26,1212.225830078125,0.00029754638671875,/tmp/franka_compare_tracking_vs_baseline/tracking/seed4/summaries/events.out.tfevents.1781292121.batch-block5-00290
tracking_loss,franka_cube_trackloss_default_b7e04f0_seed4_20260612_1042,4,27,1366.3719482421875,0.00020599365234375,/tmp/franka_compare_tracking_vs_baseline/tracking/seed4/summaries/events.out.tfevents.1781292121.batch-block5-00290
tracking_loss,franka_cube_trackloss_default_b7e04f0_seed4_20260612_1042,4,28,1535.491943359375,0.0,/tmp/franka_compare_tracking_vs_baseline/tracking/seed4/summaries/events.out.tfevents.1781292121.batch-block5-00290
tracking_loss,franka_cube_trackloss_default_b7e04f0_seed4_20260612_1042,4,29,1433.98095703125,0.0001068115234375,/tmp/franka_compare_tracking_vs_baseline/tracking/seed4/summaries/events.out.tfevents.1781292121.batch-block5-00290
tracking_loss,franka_cube_trackloss_default_b7e04f0_seed4_20260612_1042,4,30,1632.4093017578125,9.918212890625e-05,/tmp/franka_compare_tracking_vs_baseline/tracking/seed4/summaries/events.out.tfevents.1781292121.batch-block5-00290
tracking_loss,franka_cube_trackloss_default_b7e04f0_seed4_20260612_1042,4,31,1633.7296142578125,0.00016021728515625,/tmp/franka_compare_tracking_vs_baseline/tracking/seed4/summaries/events.out.tfevents.1781292121.batch-block5-00290
tracking_loss,franka_cube_trackloss_default_b7e04f0_seed4_20260612_1042,4,32,1589.917724609375,0.0005340576171875,/tmp/franka_compare_tracking_vs_baseline/tracking/seed4/summaries/events.out.tfevents.1781292121.batch-block5-00290
tracking_loss,franka_cube_trackloss_default_b7e04f0_seed4_20260612_1042,4,33,1692.84912109375,3.814697265625e-05,/tmp/franka_compare_tracking_vs_baseline/tracking/seed4/summaries/events.out.tfevents.1781292121.batch-block5-00290
tracking_loss,franka_cube_trackloss_default_b7e04f0_seed4_20260612_1042,4,34,1725.04052734375,0.00038909912109375,/tmp/franka_compare_tracking_vs_baseline/tracking/seed4/summaries/events.out.tfevents.1781292121.batch-block5-00290
tracking_loss,franka_cube_trackloss_default_b7e04f0_seed4_20260612_1042,4,35,1785.937744140625,0.00041961669921875,/tmp/franka_compare_tracking_vs_baseline/tracking/seed4/summaries/events.out.tfevents.1781292121.batch-block5-00290
tracking_loss,franka_cube_trackloss_default_b7e04f0_seed4_20260612_1042,4,36,1898.0343017578125,0.000274658203125,/tmp/franka_compare_tracking_vs_baseline/tracking/seed4/summaries/events.out.tfevents.1781292121.batch-block5-00290
tracking_loss,franka_cube_trackloss_default_b7e04f0_seed4_20260612_1042,4,37,1924.90966796875,0.00028228759765625,/tmp/franka_compare_tracking_vs_baseline/tracking/seed4/summaries/events.out.tfevents.1781292121.batch-block5-00290
tracking_loss,franka_cube_trackloss_default_b7e04f0_seed4_20260612_1042,4,38,1935.176025390625,0.000274658203125,/tmp/franka_compare_tracking_vs_baseline/tracking/seed4/summaries/events.out.tfevents.1781292121.batch-block5-00290
tracking_loss,franka_cube_trackloss_default_b7e04f0_seed4_20260612_1042,4,39,2008.1346435546875,0.0001220703125,/tmp/franka_compare_tracking_vs_baseline/tracking/seed4/summaries/events.out.tfevents.1781292121.batch-block5-00290
tracking_loss,franka_cube_trackloss_default_b7e04f0_seed4_20260612_1042,4,40,2015.349365234375,0.00043487548828125,/tmp/franka_compare_tracking_vs_baseline/tracking/seed4/summaries/events.out.tfevents.1781292121.batch-block5-00290
tracking_loss,franka_cube_trackloss_default_b7e04f0_seed4_20260612_1042,4,41,2075.414794921875,0.0004730224609375,/tmp/franka_compare_tracking_vs_baseline/tracking/seed4/summaries/events.out.tfevents.1781292121.batch-block5-00290
tracking_loss,franka_cube_trackloss_default_b7e04f0_seed4_20260612_1042,4,42,2105.66455078125,0.00045013427734375,/tmp/franka_compare_tracking_vs_baseline/tracking/seed4/summaries/events.out.tfevents.1781292121.batch-block5-00290
tracking_loss,franka_cube_trackloss_default_b7e04f0_seed4_20260612_1042,4,43,2064.851806640625,0.00019073486328125,/tmp/franka_compare_tracking_vs_baseline/tracking/seed4/summaries/events.out.tfevents.1781292121.batch-block5-00290
tracking_loss,franka_cube_trackloss_default_b7e04f0_seed4_20260612_1042,4,44,2029.0499267578125,0.00014495849609375,/tmp/franka_compare_tracking_vs_baseline/tracking/seed4/summaries/events.out.tfevents.1781292121.batch-block5-00290
tracking_loss,franka_cube_trackloss_default_b7e04f0_seed4_20260612_1042,4,45,2105.30615234375,0.0001373291015625,/tmp/franka_compare_tracking_vs_baseline/tracking/seed4/summaries/events.out.tfevents.1781292121.batch-block5-00290
tracking_loss,franka_cube_trackloss_default_b7e04f0_seed4_20260612_1042,4,46,2133.7841796875,0.00011444091796875,/tmp/franka_compare_tracking_vs_baseline/tracking/seed4/summaries/events.out.tfevents.1781292121.batch-block5-00290
tracking_loss,franka_cube_trackloss_default_b7e04f0_seed4_20260612_1042,4,47,1837.3406982421875,5.340576171875e-05,/tmp/franka_compare_tracking_vs_baseline/tracking/seed4/summaries/events.out.tfevents.1781292121.batch-block5-00290
tracking_loss,franka_cube_trackloss_default_b7e04f0_seed4_20260612_1042,4,48,2045.71728515625,0.0,/tmp/franka_compare_tracking_vs_baseline/tracking/seed4/summaries/events.out.tfevents.1781292121.batch-block5-00290
tracking_loss,franka_cube_trackloss_default_b7e04f0_seed4_20260612_1042,4,49,2115.524658203125,0.0,/tmp/franka_compare_tracking_vs_baseline/tracking/seed4/summaries/events.out.tfevents.1781292121.batch-block5-00290
tracking_loss,franka_cube_trackloss_default_b7e04f0_seed4_20260612_1042,4,50,2164.93505859375,0.00018310546875,/tmp/franka_compare_tracking_vs_baseline/tracking/seed4/summaries/events.out.tfevents.1781292121.batch-block5-00290
tracking_loss,franka_cube_trackloss_default_b7e04f0_seed4_20260612_1042,4,51,2177.72412109375,0.00029754638671875,/tmp/franka_compare_tracking_vs_baseline/tracking/seed4/summaries/events.out.tfevents.1781292121.batch-block5-00290
tracking_loss,franka_cube_trackloss_default_b7e04f0_seed4_20260612_1042,4,52,2201.162109375,0.00026702880859375,/tmp/franka_compare_tracking_vs_baseline/tracking/seed4/summaries/events.out.tfevents.1781292121.batch-block5-00290
tracking_loss,franka_cube_trackloss_default_b7e04f0_seed4_20260612_1042,4,53,2230.843994140625,0.0001373291015625,/tmp/franka_compare_tracking_vs_baseline/tracking/seed4/summaries/events.out.tfevents.1781292121.batch-block5-00290
tracking_loss,franka_cube_trackloss_default_b7e04f0_seed4_20260612_1042,4,54,2249.802490234375,0.0001983642578125,/tmp/franka_compare_tracking_vs_baseline/tracking/seed4/summaries/events.out.tfevents.1781292121.batch-block5-00290
tracking_loss,franka_cube_trackloss_default_b7e04f0_seed4_20260612_1042,4,55,2297.912353515625,0.0001373291015625,/tmp/franka_compare_tracking_vs_baseline/tracking/seed4/summaries/events.out.tfevents.1781292121.batch-block5-00290
tracking_loss,franka_cube_trackloss_default_b7e04f0_seed4_20260612_1042,4,56,2194.85595703125,0.00012969970703125,/tmp/franka_compare_tracking_vs_baseline/tracking/seed4/summaries/events.out.tfevents.1781292121.batch-block5-00290
tracking_loss,franka_cube_trackloss_default_b7e04f0_seed4_20260612_1042,4,57,2202.796875,0.00018310546875,/tmp/franka_compare_tracking_vs_baseline/tracking/seed4/summaries/events.out.tfevents.1781292121.batch-block5-00290
tracking_loss,franka_cube_trackloss_default_b7e04f0_seed4_20260612_1042,4,58,2302.19970703125,3.0517578125e-05,/tmp/franka_compare_tracking_vs_baseline/tracking/seed4/summaries/events.out.tfevents.1781292121.batch-block5-00290
tracking_loss,franka_cube_trackloss_default_b7e04f0_seed4_20260612_1042,4,59,2329.42529296875,0.0001678466796875,/tmp/franka_compare_tracking_vs_baseline/tracking/seed4/summaries/events.out.tfevents.1781292121.batch-block5-00290
tracking_loss,franka_cube_trackloss_default_b7e04f0_seed4_20260612_1042,4,60,2347.123291015625,0.00023651123046875,/tmp/franka_compare_tracking_vs_baseline/tracking/seed4/summaries/events.out.tfevents.1781292121.batch-block5-00290
tracking_loss,franka_cube_trackloss_default_b7e04f0_seed4_20260612_1042,4,61,2242.361572265625,0.00016021728515625,/tmp/franka_compare_tracking_vs_baseline/tracking/seed4/summaries/events.out.tfevents.1781292121.batch-block5-00290
tracking_loss,franka_cube_trackloss_default_b7e04f0_seed4_20260612_1042,4,62,2284.821533203125,0.0001983642578125,/tmp/franka_compare_tracking_vs_baseline/tracking/seed4/summaries/events.out.tfevents.1781292121.batch-block5-00290
tracking_loss,franka_cube_trackloss_default_b7e04f0_seed4_20260612_1042,4,63,2293.71044921875,0.000244140625,/tmp/franka_compare_tracking_vs_baseline/tracking/seed4/summaries/events.out.tfevents.1781292121.batch-block5-00290
tracking_loss,franka_cube_trackloss_default_b7e04f0_seed4_20260612_1042,4,64,2341.946533203125,0.00016021728515625,/tmp/franka_compare_tracking_vs_baseline/tracking/seed4/summaries/events.out.tfevents.1781292121.batch-block5-00290
tracking_loss,franka_cube_trackloss_default_b7e04f0_seed4_20260612_1042,4,65,2261.127685546875,0.0002288818359375,/tmp/franka_compare_tracking_vs_baseline/tracking/seed4/summaries/events.out.tfevents.1781292121.batch-block5-00290
tracking_loss,franka_cube_trackloss_default_b7e04f0_seed4_20260612_1042,4,66,2140.488037109375,6.866455078125e-05,/tmp/franka_compare_tracking_vs_baseline/tracking/seed4/summaries/events.out.tfevents.1781292121.batch-block5-00290
tracking_loss,franka_cube_trackloss_default_b7e04f0_seed4_20260612_1042,4,67,2292.552978515625,0.0,/tmp/franka_compare_tracking_vs_baseline/tracking/seed4/summaries/events.out.tfevents.1781292121.batch-block5-00290
tracking_loss,franka_cube_trackloss_default_b7e04f0_seed4_20260612_1042,4,68,2242.657958984375,3.814697265625e-05,/tmp/franka_compare_tracking_vs_baseline/tracking/seed4/summaries/events.out.tfevents.1781292121.batch-block5-00290
tracking_loss,franka_cube_trackloss_default_b7e04f0_seed4_20260612_1042,4,69,2293.904052734375,0.0003814697265625,/tmp/franka_compare_tracking_vs_baseline/tracking/seed4/summaries/events.out.tfevents.1781292121.batch-block5-00290
tracking_loss,franka_cube_trackloss_default_b7e04f0_seed4_20260612_1042,4,70,2320.4814453125,0.0001068115234375,/tmp/franka_compare_tracking_vs_baseline/tracking/seed4/summaries/events.out.tfevents.1781292121.batch-block5-00290
tracking_loss,franka_cube_trackloss_default_b7e04f0_seed4_20260612_1042,4,71,2298.2314453125,3.0517578125e-05,/tmp/franka_compare_tracking_vs_baseline/tracking/seed4/summaries/events.out.tfevents.1781292121.batch-block5-00290
tracking_loss,franka_cube_trackloss_default_b7e04f0_seed4_20260612_1042,4,72,2299.80810546875,0.0,/tmp/franka_compare_tracking_vs_baseline/tracking/seed4/summaries/events.out.tfevents.1781292121.batch-block5-00290
tracking_loss,franka_cube_trackloss_default_b7e04f0_seed4_20260612_1042,4,73,2316.89453125,0.0,/tmp/franka_compare_tracking_vs_baseline/tracking/seed4/summaries/events.out.tfevents.1781292121.batch-block5-00290
tracking_loss,franka_cube_trackloss_default_b7e04f0_seed4_20260612_1042,4,74,2392.064208984375,0.0,/tmp/franka_compare_tracking_vs_baseline/tracking/seed4/summaries/events.out.tfevents.1781292121.batch-block5-00290
tracking_loss,franka_cube_trackloss_default_b7e04f0_seed4_20260612_1042,4,75,2183.052490234375,2.288818359375e-05,/tmp/franka_compare_tracking_vs_baseline/tracking/seed4/summaries/events.out.tfevents.1781292121.batch-block5-00290
tracking_loss,franka_cube_trackloss_default_b7e04f0_seed4_20260612_1042,4,76,2338.19970703125,0.0,/tmp/franka_compare_tracking_vs_baseline/tracking/seed4/summaries/events.out.tfevents.1781292121.batch-block5-00290
tracking_loss,franka_cube_trackloss_default_b7e04f0_seed4_20260612_1042,4,77,2342.184326171875,0.00020599365234375,/tmp/franka_compare_tracking_vs_baseline/tracking/seed4/summaries/events.out.tfevents.1781292121.batch-block5-00290
tracking_loss,franka_cube_trackloss_default_b7e04f0_seed4_20260612_1042,4,78,2407.78955078125,0.000274658203125,/tmp/franka_compare_tracking_vs_baseline/tracking/seed4/summaries/events.out.tfevents.1781292121.batch-block5-00290
tracking_loss,franka_cube_trackloss_default_b7e04f0_seed4_20260612_1042,4,79,2420.209228515625,0.00040435791015625,/tmp/franka_compare_tracking_vs_baseline/tracking/seed4/summaries/events.out.tfevents.1781292121.batch-block5-00290
tracking_loss,franka_cube_trackloss_default_b7e04f0_seed4_20260612_1042,4,80,2356.926025390625,0.0002593994140625,/tmp/franka_compare_tracking_vs_baseline/tracking/seed4/summaries/events.out.tfevents.1781292121.batch-block5-00290
tracking_loss,franka_cube_trackloss_default_b7e04f0_seed4_20260612_1042,4,81,2348.292724609375,0.0001678466796875,/tmp/franka_compare_tracking_vs_baseline/tracking/seed4/summaries/events.out.tfevents.1781292121.batch-block5-00290
tracking_loss,franka_cube_trackloss_default_b7e04f0_seed4_20260612_1042,4,82,2382.379638671875,0.00020599365234375,/tmp/franka_compare_tracking_vs_baseline/tracking/seed4/summaries/events.out.tfevents.1781292121.batch-block5-00290
tracking_loss,franka_cube_trackloss_default_b7e04f0_seed4_20260612_1042,4,83,2326.41015625,0.00022125244140625,/tmp/franka_compare_tracking_vs_baseline/tracking/seed4/summaries/events.out.tfevents.1781292121.batch-block5-00290
tracking_loss,franka_cube_trackloss_default_b7e04f0_seed4_20260612_1042,4,84,2377.457275390625,0.0,/tmp/franka_compare_tracking_vs_baseline/tracking/seed4/summaries/events.out.tfevents.1781292121.batch-block5-00290
tracking_loss,franka_cube_trackloss_default_b7e04f0_seed4_20260612_1042,4,85,2255.096923828125,1.52587890625e-05,/tmp/franka_compare_tracking_vs_baseline/tracking/seed4/summaries/events.out.tfevents.1781292121.batch-block5-00290
tracking_loss,franka_cube_trackloss_default_b7e04f0_seed4_20260612_1042,4,86,2282.693115234375,0.0,/tmp/franka_compare_tracking_vs_baseline/tracking/seed4/summaries/events.out.tfevents.1781292121.batch-block5-00290
tracking_loss,franka_cube_trackloss_default_b7e04f0_seed4_20260612_1042,4,87,2305.679443359375,0.0001068115234375,/tmp/franka_compare_tracking_vs_baseline/tracking/seed4/summaries/events.out.tfevents.1781292121.batch-block5-00290
tracking_loss,franka_cube_trackloss_default_b7e04f0_seed4_20260612_1042,4,88,2338.704833984375,0.000213623046875,/tmp/franka_compare_tracking_vs_baseline/tracking/seed4/summaries/events.out.tfevents.1781292121.batch-block5-00290
tracking_loss,franka_cube_trackloss_default_b7e04f0_seed4_20260612_1042,4,89,2298.819580078125,6.103515625e-05,/tmp/franka_compare_tracking_vs_baseline/tracking/seed4/summaries/events.out.tfevents.1781292121.batch-block5-00290
tracking_loss,franka_cube_trackloss_default_b7e04f0_seed4_20260612_1042,4,90,2311.916259765625,0.00022125244140625,/tmp/franka_compare_tracking_vs_baseline/tracking/seed4/summaries/events.out.tfevents.1781292121.batch-block5-00290
tracking_loss,franka_cube_trackloss_default_b7e04f0_seed4_20260612_1042,4,91,2321.095703125,9.1552734375e-05,/tmp/franka_compare_tracking_vs_baseline/tracking/seed4/summaries/events.out.tfevents.1781292121.batch-block5-00290
tracking_loss,franka_cube_trackloss_default_b7e04f0_seed4_20260612_1042,4,92,2288.585205078125,0.0001220703125,/tmp/franka_compare_tracking_vs_baseline/tracking/seed4/summaries/events.out.tfevents.1781292121.batch-block5-00290
tracking_loss,franka_cube_trackloss_default_b7e04f0_seed4_20260612_1042,4,93,2333.64208984375,0.0001220703125,/tmp/franka_compare_tracking_vs_baseline/tracking/seed4/summaries/events.out.tfevents.1781292121.batch-block5-00290
tracking_loss,franka_cube_trackloss_default_b7e04f0_seed4_20260612_1042,4,94,2145.62255859375,0.000335693359375,/tmp/franka_compare_tracking_vs_baseline/tracking/seed4/summaries/events.out.tfevents.1781292121.batch-block5-00290
tracking_loss,franka_cube_trackloss_default_b7e04f0_seed4_20260612_1042,4,95,2341.97265625,5.340576171875e-05,/tmp/franka_compare_tracking_vs_baseline/tracking/seed4/summaries/events.out.tfevents.1781292121.batch-block5-00290
tracking_loss,franka_cube_trackloss_default_b7e04f0_seed4_20260612_1042,4,96,2387.44580078125,8.392333984375e-05,/tmp/franka_compare_tracking_vs_baseline/tracking/seed4/summaries/events.out.tfevents.1781292121.batch-block5-00290
tracking_loss,franka_cube_trackloss_default_b7e04f0_seed4_20260612_1042,4,97,2306.27392578125,0.00060272216796875,/tmp/franka_compare_tracking_vs_baseline/tracking/seed4/summaries/events.out.tfevents.1781292121.batch-block5-00290
tracking_loss,franka_cube_trackloss_default_b7e04f0_seed4_20260612_1042,4,98,2335.576904296875,0.0006103515625,/tmp/franka_compare_tracking_vs_baseline/tracking/seed4/summaries/events.out.tfevents.1781292121.batch-block5-00290
tracking_loss,franka_cube_trackloss_default_b7e04f0_seed4_20260612_1042,4,99,2354.951171875,0.00029754638671875,/tmp/franka_compare_tracking_vs_baseline/tracking/seed4/summaries/events.out.tfevents.1781292121.batch-block5-00290
tracking_loss,franka_cube_trackloss_default_b7e04f0_seed4_20260612_1042,4,100,2404.6259765625,0.000518798828125,/tmp/franka_compare_tracking_vs_baseline/tracking/seed4/summaries/events.out.tfevents.1781292121.batch-block5-00290
tracking_loss,franka_cube_trackloss_default_b7e04f0_seed4_20260612_1042,4,101,2433.89111328125,0.00054931640625,/tmp/franka_compare_tracking_vs_baseline/tracking/seed4/summaries/events.out.tfevents.1781292121.batch-block5-00290
tracking_loss,franka_cube_trackloss_default_b7e04f0_seed4_20260612_1042,4,102,2412.40478515625,0.00058746337890625,/tmp/franka_compare_tracking_vs_baseline/tracking/seed4/summaries/events.out.tfevents.1781292121.batch-block5-00290
tracking_loss,franka_cube_trackloss_default_b7e04f0_seed4_20260612_1042,4,103,2320.08837890625,0.0002899169921875,/tmp/franka_compare_tracking_vs_baseline/tracking/seed4/summaries/events.out.tfevents.1781292121.batch-block5-00290
tracking_loss,franka_cube_trackloss_default_b7e04f0_seed4_20260612_1042,4,104,2361.846435546875,0.00022125244140625,/tmp/franka_compare_tracking_vs_baseline/tracking/seed4/summaries/events.out.tfevents.1781292121.batch-block5-00290
tracking_loss,franka_cube_trackloss_default_b7e04f0_seed4_20260612_1042,4,105,2300.366943359375,0.00048828125,/tmp/franka_compare_tracking_vs_baseline/tracking/seed4/summaries/events.out.tfevents.1781292121.batch-block5-00290
tracking_loss,franka_cube_trackloss_default_b7e04f0_seed4_20260612_1042,4,106,2366.24169921875,0.00060272216796875,/tmp/franka_compare_tracking_vs_baseline/tracking/seed4/summaries/events.out.tfevents.1781292121.batch-block5-00290
tracking_loss,franka_cube_trackloss_default_b7e04f0_seed4_20260612_1042,4,107,2378.760986328125,0.00099945068359375,/tmp/franka_compare_tracking_vs_baseline/tracking/seed4/summaries/events.out.tfevents.1781292121.batch-block5-00290
tracking_loss,franka_cube_trackloss_default_b7e04f0_seed4_20260612_1042,4,108,2363.876708984375,0.00057220458984375,/tmp/franka_compare_tracking_vs_baseline/tracking/seed4/summaries/events.out.tfevents.1781292121.batch-block5-00290
tracking_loss,franka_cube_trackloss_default_b7e04f0_seed4_20260612_1042,4,109,2401.655029296875,0.000396728515625,/tmp/franka_compare_tracking_vs_baseline/tracking/seed4/summaries/events.out.tfevents.1781292121.batch-block5-00290
tracking_loss,franka_cube_trackloss_default_b7e04f0_seed4_20260612_1042,4,110,2406.306884765625,0.00038909912109375,/tmp/franka_compare_tracking_vs_baseline/tracking/seed4/summaries/events.out.tfevents.1781292121.batch-block5-00290
tracking_loss,franka_cube_trackloss_default_b7e04f0_seed4_20260612_1042,4,111,2384.7158203125,0.00023651123046875,/tmp/franka_compare_tracking_vs_baseline/tracking/seed4/summaries/events.out.tfevents.1781292121.batch-block5-00290
tracking_loss,franka_cube_trackloss_default_b7e04f0_seed4_20260612_1042,4,112,2407.977783203125,0.000335693359375,/tmp/franka_compare_tracking_vs_baseline/tracking/seed4/summaries/events.out.tfevents.1781292121.batch-block5-00290
tracking_loss,franka_cube_trackloss_default_b7e04f0_seed4_20260612_1042,4,113,2310.5673828125,0.0005950927734375,/tmp/franka_compare_tracking_vs_baseline/tracking/seed4/summaries/events.out.tfevents.1781292121.batch-block5-00290
tracking_loss,franka_cube_trackloss_default_b7e04f0_seed4_20260612_1042,4,114,2393.697509765625,0.00052642822265625,/tmp/franka_compare_tracking_vs_baseline/tracking/seed4/summaries/events.out.tfevents.1781292121.batch-block5-00290
tracking_loss,franka_cube_trackloss_default_b7e04f0_seed4_20260612_1042,4,115,2360.8984375,0.00048828125,/tmp/franka_compare_tracking_vs_baseline/tracking/seed4/summaries/events.out.tfevents.1781292121.batch-block5-00290
tracking_loss,franka_cube_trackloss_default_b7e04f0_seed4_20260612_1042,4,116,2422.228759765625,0.000701904296875,/tmp/franka_compare_tracking_vs_baseline/tracking/seed4/summaries/events.out.tfevents.1781292121.batch-block5-00290
tracking_loss,franka_cube_trackloss_default_b7e04f0_seed4_20260612_1042,4,117,2411.956298828125,0.000457763671875,/tmp/franka_compare_tracking_vs_baseline/tracking/seed4/summaries/events.out.tfevents.1781292121.batch-block5-00290
tracking_loss,franka_cube_trackloss_default_b7e04f0_seed4_20260612_1042,4,118,2440.582275390625,0.0005035400390625,/tmp/franka_compare_tracking_vs_baseline/tracking/seed4/summaries/events.out.tfevents.1781292121.batch-block5-00290
tracking_loss,franka_cube_trackloss_default_b7e04f0_seed4_20260612_1042,4,119,2419.765869140625,0.0003662109375,/tmp/franka_compare_tracking_vs_baseline/tracking/seed4/summaries/events.out.tfevents.1781292121.batch-block5-00290
tracking_loss,franka_cube_trackloss_default_b7e04f0_seed4_20260612_1042,4,120,2444.5166015625,0.00037384033203125,/tmp/franka_compare_tracking_vs_baseline/tracking/seed4/summaries/events.out.tfevents.1781292121.batch-block5-00290
tracking_loss,franka_cube_trackloss_default_b7e04f0_seed4_20260612_1042,4,121,2340.908203125,0.00051116943359375,/tmp/franka_compare_tracking_vs_baseline/tracking/seed4/summaries/events.out.tfevents.1781292121.batch-block5-00290
tracking_loss,franka_cube_trackloss_default_b7e04f0_seed4_20260612_1042,4,122,2280.513916015625,0.00031280517578125,/tmp/franka_compare_tracking_vs_baseline/tracking/seed4/summaries/events.out.tfevents.1781292121.batch-block5-00290
tracking_loss,franka_cube_trackloss_default_b7e04f0_seed4_20260612_1042,4,123,2269.716552734375,0.0003662109375,/tmp/franka_compare_tracking_vs_baseline/tracking/seed4/summaries/events.out.tfevents.1781292121.batch-block5-00290
tracking_loss,franka_cube_trackloss_default_b7e04f0_seed4_20260612_1042,4,124,2345.16064453125,0.000701904296875,/tmp/franka_compare_tracking_vs_baseline/tracking/seed4/summaries/events.out.tfevents.1781292121.batch-block5-00290
tracking_loss,franka_cube_trackloss_default_b7e04f0_seed4_20260612_1042,4,125,2329.295166015625,0.00063323974609375,/tmp/franka_compare_tracking_vs_baseline/tracking/seed4/summaries/events.out.tfevents.1781292121.batch-block5-00290
tracking_loss,franka_cube_trackloss_default_b7e04f0_seed4_20260612_1042,4,126,2326.319091796875,0.001220703125,/tmp/franka_compare_tracking_vs_baseline/tracking/seed4/summaries/events.out.tfevents.1781292121.batch-block5-00290
tracking_loss,franka_cube_trackloss_default_b7e04f0_seed4_20260612_1042,4,127,2335.600341796875,0.00164794921875,/tmp/franka_compare_tracking_vs_baseline/tracking/seed4/summaries/events.out.tfevents.1781292121.batch-block5-00290
tracking_loss,franka_cube_trackloss_default_b7e04f0_seed4_20260612_1042,4,128,2302.666015625,0.0015411376953125,/tmp/franka_compare_tracking_vs_baseline/tracking/seed4/summaries/events.out.tfevents.1781292121.batch-block5-00290
tracking_loss,franka_cube_trackloss_default_b7e04f0_seed4_20260612_1042,4,129,2333.27294921875,0.001251220703125,/tmp/franka_compare_tracking_vs_baseline/tracking/seed4/summaries/events.out.tfevents.1781292121.batch-block5-00290
tracking_loss,franka_cube_trackloss_default_b7e04f0_seed4_20260612_1042,4,130,2293.733642578125,0.00084686279296875,/tmp/franka_compare_tracking_vs_baseline/tracking/seed4/summaries/events.out.tfevents.1781292121.batch-block5-00290
tracking_loss,franka_cube_trackloss_default_b7e04f0_seed4_20260612_1042,4,131,2242.113525390625,0.000335693359375,/tmp/franka_compare_tracking_vs_baseline/tracking/seed4/summaries/events.out.tfevents.1781292121.batch-block5-00290
tracking_loss,franka_cube_trackloss_default_b7e04f0_seed4_20260612_1042,4,132,2253.696533203125,0.00038909912109375,/tmp/franka_compare_tracking_vs_baseline/tracking/seed4/summaries/events.out.tfevents.1781292121.batch-block5-00290
tracking_loss,franka_cube_trackloss_default_b7e04f0_seed4_20260612_1042,4,133,2217.556884765625,0.00042724609375,/tmp/franka_compare_tracking_vs_baseline/tracking/seed4/summaries/events.out.tfevents.1781292121.batch-block5-00290
tracking_loss,franka_cube_trackloss_default_b7e04f0_seed4_20260612_1042,4,134,2225.04345703125,0.000518798828125,/tmp/franka_compare_tracking_vs_baseline/tracking/seed4/summaries/events.out.tfevents.1781292121.batch-block5-00290
tracking_loss,franka_cube_trackloss_default_b7e04f0_seed4_20260612_1042,4,135,2250.32568359375,0.00102996826171875,/tmp/franka_compare_tracking_vs_baseline/tracking/seed4/summaries/events.out.tfevents.1781292121.batch-block5-00290
tracking_loss,franka_cube_trackloss_default_b7e04f0_seed4_20260612_1042,4,136,2221.97265625,0.00156402587890625,/tmp/franka_compare_tracking_vs_baseline/tracking/seed4/summaries/events.out.tfevents.1781292121.batch-block5-00290
tracking_loss,franka_cube_trackloss_default_b7e04f0_seed4_20260612_1042,4,137,2244.568603515625,0.00138092041015625,/tmp/franka_compare_tracking_vs_baseline/tracking/seed4/summaries/events.out.tfevents.1781292121.batch-block5-00290
tracking_loss,franka_cube_trackloss_default_b7e04f0_seed4_20260612_1042,4,138,2317.451416015625,0.0010986328125,/tmp/franka_compare_tracking_vs_baseline/tracking/seed4/summaries/events.out.tfevents.1781292121.batch-block5-00290
tracking_loss,franka_cube_trackloss_default_b7e04f0_seed4_20260612_1042,4,139,2273.0625,0.001190185546875,/tmp/franka_compare_tracking_vs_baseline/tracking/seed4/summaries/events.out.tfevents.1781292121.batch-block5-00290
tracking_loss,franka_cube_trackloss_default_b7e04f0_seed4_20260612_1042,4,140,2280.57177734375,0.00110626220703125,/tmp/franka_compare_tracking_vs_baseline/tracking/seed4/summaries/events.out.tfevents.1781292121.batch-block5-00290
tracking_loss,franka_cube_trackloss_default_b7e04f0_seed4_20260612_1042,4,141,2212.28515625,0.0008392333984375,/tmp/franka_compare_tracking_vs_baseline/tracking/seed4/summaries/events.out.tfevents.1781292121.batch-block5-00290
tracking_loss,franka_cube_trackloss_default_b7e04f0_seed4_20260612_1042,4,142,2169.13134765625,0.001678466796875,/tmp/franka_compare_tracking_vs_baseline/tracking/seed4/summaries/events.out.tfevents.1781292121.batch-block5-00290
tracking_loss,franka_cube_trackloss_default_b7e04f0_seed4_20260612_1042,4,143,2189.331787109375,0.00199127197265625,/tmp/franka_compare_tracking_vs_baseline/tracking/seed4/summaries/events.out.tfevents.1781292121.batch-block5-00290
tracking_loss,franka_cube_trackloss_default_b7e04f0_seed4_20260612_1042,4,144,2262.255615234375,0.00247955322265625,/tmp/franka_compare_tracking_vs_baseline/tracking/seed4/summaries/events.out.tfevents.1781292121.batch-block5-00290
tracking_loss,franka_cube_trackloss_default_b7e04f0_seed4_20260612_1042,4,145,2358.546630859375,0.0016937255859375,/tmp/franka_compare_tracking_vs_baseline/tracking/seed4/summaries/events.out.tfevents.1781292121.batch-block5-00290
tracking_loss,franka_cube_trackloss_default_b7e04f0_seed4_20260612_1042,4,146,2259.883056640625,0.00128936767578125,/tmp/franka_compare_tracking_vs_baseline/tracking/seed4/summaries/events.out.tfevents.1781292121.batch-block5-00290
tracking_loss,franka_cube_trackloss_default_b7e04f0_seed4_20260612_1042,4,147,2277.4814453125,0.0013885498046875,/tmp/franka_compare_tracking_vs_baseline/tracking/seed4/summaries/events.out.tfevents.1781292121.batch-block5-00290
tracking_loss,franka_cube_trackloss_default_b7e04f0_seed4_20260612_1042,4,148,2224.375244140625,0.00146484375,/tmp/franka_compare_tracking_vs_baseline/tracking/seed4/summaries/events.out.tfevents.1781292121.batch-block5-00290
tracking_loss,franka_cube_trackloss_default_b7e04f0_seed4_20260612_1042,4,149,2311.397216796875,0.00160980224609375,/tmp/franka_compare_tracking_vs_baseline/tracking/seed4/summaries/events.out.tfevents.1781292121.batch-block5-00290
tracking_loss,franka_cube_trackloss_default_b7e04f0_seed4_20260612_1042,4,150,2299.984130859375,0.0007476806640625,/tmp/franka_compare_tracking_vs_baseline/tracking/seed4/summaries/events.out.tfevents.1781292121.batch-block5-00290
tracking_loss,franka_cube_trackloss_default_b7e04f0_seed4_20260612_1042,4,151,2313.572509765625,0.00122833251953125,/tmp/franka_compare_tracking_vs_baseline/tracking/seed4/summaries/events.out.tfevents.1781292121.batch-block5-00290
tracking_loss,franka_cube_trackloss_default_b7e04f0_seed4_20260612_1042,4,152,2283.02294921875,0.00177001953125,/tmp/franka_compare_tracking_vs_baseline/tracking/seed4/summaries/events.out.tfevents.1781292121.batch-block5-00290
tracking_loss,franka_cube_trackloss_default_b7e04f0_seed4_20260612_1042,4,153,2198.78271484375,0.0018768310546875,/tmp/franka_compare_tracking_vs_baseline/tracking/seed4/summaries/events.out.tfevents.1781292121.batch-block5-00290
tracking_loss,franka_cube_trackloss_default_b7e04f0_seed4_20260612_1042,4,154,2251.9755859375,0.0013885498046875,/tmp/franka_compare_tracking_vs_baseline/tracking/seed4/summaries/events.out.tfevents.1781292121.batch-block5-00290
tracking_loss,franka_cube_trackloss_default_b7e04f0_seed4_20260612_1042,4,155,2278.7421875,0.0011138916015625,/tmp/franka_compare_tracking_vs_baseline/tracking/seed4/summaries/events.out.tfevents.1781292121.batch-block5-00290
tracking_loss,franka_cube_trackloss_default_b7e04f0_seed4_20260612_1042,4,156,2329.79345703125,0.00102996826171875,/tmp/franka_compare_tracking_vs_baseline/tracking/seed4/summaries/events.out.tfevents.1781292121.batch-block5-00290
tracking_loss,franka_cube_trackloss_default_b7e04f0_seed4_20260612_1042,4,157,2424.940185546875,0.00055694580078125,/tmp/franka_compare_tracking_vs_baseline/tracking/seed4/summaries/events.out.tfevents.1781292121.batch-block5-00290
tracking_loss,franka_cube_trackloss_default_b7e04f0_seed4_20260612_1042,4,158,2397.3955078125,0.000457763671875,/tmp/franka_compare_tracking_vs_baseline/tracking/seed4/summaries/events.out.tfevents.1781292121.batch-block5-00290
tracking_loss,franka_cube_trackloss_default_b7e04f0_seed4_20260612_1042,4,159,2349.53857421875,0.00038909912109375,/tmp/franka_compare_tracking_vs_baseline/tracking/seed4/summaries/events.out.tfevents.1781292121.batch-block5-00290
tracking_loss,franka_cube_trackloss_default_b7e04f0_seed4_20260612_1042,4,160,2206.310302734375,0.0003204345703125,/tmp/franka_compare_tracking_vs_baseline/tracking/seed4/summaries/events.out.tfevents.1781292121.batch-block5-00290
tracking_loss,franka_cube_trackloss_default_b7e04f0_seed4_20260612_1042,4,161,2355.78564453125,0.00103759765625,/tmp/franka_compare_tracking_vs_baseline/tracking/seed4/summaries/events.out.tfevents.1781292121.batch-block5-00290
tracking_loss,franka_cube_trackloss_default_b7e04f0_seed4_20260612_1042,4,162,2421.068603515625,0.00131988525390625,/tmp/franka_compare_tracking_vs_baseline/tracking/seed4/summaries/events.out.tfevents.1781292121.batch-block5-00290
tracking_loss,franka_cube_trackloss_default_b7e04f0_seed4_20260612_1042,4,163,2354.71630859375,0.00104522705078125,/tmp/franka_compare_tracking_vs_baseline/tracking/seed4/summaries/events.out.tfevents.1781292121.batch-block5-00290
tracking_loss,franka_cube_trackloss_default_b7e04f0_seed4_20260612_1042,4,164,2384.389404296875,0.00090789794921875,/tmp/franka_compare_tracking_vs_baseline/tracking/seed4/summaries/events.out.tfevents.1781292121.batch-block5-00290
tracking_loss,franka_cube_trackloss_default_b7e04f0_seed4_20260612_1042,4,165,2330.905029296875,0.00104522705078125,/tmp/franka_compare_tracking_vs_baseline/tracking/seed4/summaries/events.out.tfevents.1781292121.batch-block5-00290
tracking_loss,franka_cube_trackloss_default_b7e04f0_seed4_20260612_1042,4,166,2325.017333984375,0.00130462646484375,/tmp/franka_compare_tracking_vs_baseline/tracking/seed4/summaries/events.out.tfevents.1781292121.batch-block5-00290
tracking_loss,franka_cube_trackloss_default_b7e04f0_seed4_20260612_1042,4,167,2405.78466796875,0.00170135498046875,/tmp/franka_compare_tracking_vs_baseline/tracking/seed4/summaries/events.out.tfevents.1781292121.batch-block5-00290
tracking_loss,franka_cube_trackloss_default_b7e04f0_seed4_20260612_1042,4,168,2385.71484375,0.00148773193359375,/tmp/franka_compare_tracking_vs_baseline/tracking/seed4/summaries/events.out.tfevents.1781292121.batch-block5-00290
tracking_loss,franka_cube_trackloss_default_b7e04f0_seed4_20260612_1042,4,169,2330.116943359375,0.0013580322265625,/tmp/franka_compare_tracking_vs_baseline/tracking/seed4/summaries/events.out.tfevents.1781292121.batch-block5-00290
tracking_loss,franka_cube_trackloss_default_b7e04f0_seed4_20260612_1042,4,170,2413.861083984375,0.001861572265625,/tmp/franka_compare_tracking_vs_baseline/tracking/seed4/summaries/events.out.tfevents.1781292121.batch-block5-00290
tracking_loss,franka_cube_trackloss_default_b7e04f0_seed4_20260612_1042,4,171,2476.578125,0.00157928466796875,/tmp/franka_compare_tracking_vs_baseline/tracking/seed4/summaries/events.out.tfevents.1781292121.batch-block5-00290
tracking_loss,franka_cube_trackloss_default_b7e04f0_seed4_20260612_1042,4,172,2515.414306640625,0.00188446044921875,/tmp/franka_compare_tracking_vs_baseline/tracking/seed4/summaries/events.out.tfevents.1781292121.batch-block5-00290
tracking_loss,franka_cube_trackloss_default_b7e04f0_seed4_20260612_1042,4,173,2483.341064453125,0.00203704833984375,/tmp/franka_compare_tracking_vs_baseline/tracking/seed4/summaries/events.out.tfevents.1781292121.batch-block5-00290
tracking_loss,franka_cube_trackloss_default_b7e04f0_seed4_20260612_1042,4,174,2447.826904296875,0.00140380859375,/tmp/franka_compare_tracking_vs_baseline/tracking/seed4/summaries/events.out.tfevents.1781292121.batch-block5-00290
tracking_loss,franka_cube_trackloss_default_b7e04f0_seed4_20260612_1042,4,175,2558.639404296875,0.0008544921875,/tmp/franka_compare_tracking_vs_baseline/tracking/seed4/summaries/events.out.tfevents.1781292121.batch-block5-00290
tracking_loss,franka_cube_trackloss_default_b7e04f0_seed4_20260612_1042,4,176,2531.464111328125,0.00072479248046875,/tmp/franka_compare_tracking_vs_baseline/tracking/seed4/summaries/events.out.tfevents.1781292121.batch-block5-00290
tracking_loss,franka_cube_trackloss_default_b7e04f0_seed4_20260612_1042,4,177,2433.550048828125,0.00093841552734375,/tmp/franka_compare_tracking_vs_baseline/tracking/seed4/summaries/events.out.tfevents.1781292121.batch-block5-00290
tracking_loss,franka_cube_trackloss_default_b7e04f0_seed4_20260612_1042,4,178,2323.2734375,0.000518798828125,/tmp/franka_compare_tracking_vs_baseline/tracking/seed4/summaries/events.out.tfevents.1781292121.batch-block5-00290
tracking_loss,franka_cube_trackloss_default_b7e04f0_seed4_20260612_1042,4,179,2349.393310546875,0.00067138671875,/tmp/franka_compare_tracking_vs_baseline/tracking/seed4/summaries/events.out.tfevents.1781292121.batch-block5-00290
tracking_loss,franka_cube_trackloss_default_b7e04f0_seed4_20260612_1042,4,180,2344.55908203125,0.00070953369140625,/tmp/franka_compare_tracking_vs_baseline/tracking/seed4/summaries/events.out.tfevents.1781292121.batch-block5-00290
tracking_loss,franka_cube_trackloss_default_b7e04f0_seed4_20260612_1042,4,181,2425.995849609375,0.0009918212890625,/tmp/franka_compare_tracking_vs_baseline/tracking/seed4/summaries/events.out.tfevents.1781292121.batch-block5-00290
tracking_loss,franka_cube_trackloss_default_b7e04f0_seed4_20260612_1042,4,182,2407.32470703125,0.00084686279296875,/tmp/franka_compare_tracking_vs_baseline/tracking/seed4/summaries/events.out.tfevents.1781292121.batch-block5-00290
tracking_loss,franka_cube_trackloss_default_b7e04f0_seed4_20260612_1042,4,183,2467.00830078125,0.000457763671875,/tmp/franka_compare_tracking_vs_baseline/tracking/seed4/summaries/events.out.tfevents.1781292121.batch-block5-00290
tracking_loss,franka_cube_trackloss_default_b7e04f0_seed4_20260612_1042,4,184,2466.9482421875,0.000335693359375,/tmp/franka_compare_tracking_vs_baseline/tracking/seed4/summaries/events.out.tfevents.1781292121.batch-block5-00290
tracking_loss,franka_cube_trackloss_default_b7e04f0_seed4_20260612_1042,4,185,2460.451416015625,0.0006561279296875,/tmp/franka_compare_tracking_vs_baseline/tracking/seed4/summaries/events.out.tfevents.1781292121.batch-block5-00290
tracking_loss,franka_cube_trackloss_default_b7e04f0_seed4_20260612_1042,4,186,2429.466552734375,0.00080108642578125,/tmp/franka_compare_tracking_vs_baseline/tracking/seed4/summaries/events.out.tfevents.1781292121.batch-block5-00290
tracking_loss,franka_cube_trackloss_default_b7e04f0_seed4_20260612_1042,4,187,2505.9228515625,0.00090789794921875,/tmp/franka_compare_tracking_vs_baseline/tracking/seed4/summaries/events.out.tfevents.1781292121.batch-block5-00290
tracking_loss,franka_cube_trackloss_default_b7e04f0_seed4_20260612_1042,4,188,2426.254638671875,0.00078582763671875,/tmp/franka_compare_tracking_vs_baseline/tracking/seed4/summaries/events.out.tfevents.1781292121.batch-block5-00290
tracking_loss,franka_cube_trackloss_default_b7e04f0_seed4_20260612_1042,4,189,2392.3330078125,0.0012359619140625,/tmp/franka_compare_tracking_vs_baseline/tracking/seed4/summaries/events.out.tfevents.1781292121.batch-block5-00290
tracking_loss,franka_cube_trackloss_default_b7e04f0_seed4_20260612_1042,4,190,2454.7392578125,0.0013427734375,/tmp/franka_compare_tracking_vs_baseline/tracking/seed4/summaries/events.out.tfevents.1781292121.batch-block5-00290
tracking_loss,franka_cube_trackloss_default_b7e04f0_seed4_20260612_1042,4,191,2451.695556640625,0.0013580322265625,/tmp/franka_compare_tracking_vs_baseline/tracking/seed4/summaries/events.out.tfevents.1781292121.batch-block5-00290
tracking_loss,franka_cube_trackloss_default_b7e04f0_seed4_20260612_1042,4,192,2505.122314453125,0.00167083740234375,/tmp/franka_compare_tracking_vs_baseline/tracking/seed4/summaries/events.out.tfevents.1781292121.batch-block5-00290
tracking_loss,franka_cube_trackloss_default_b7e04f0_seed4_20260612_1042,4,193,2444.3623046875,0.0015716552734375,/tmp/franka_compare_tracking_vs_baseline/tracking/seed4/summaries/events.out.tfevents.1781292121.batch-block5-00290
tracking_loss,franka_cube_trackloss_default_b7e04f0_seed4_20260612_1042,4,194,2450.467529296875,0.00177764892578125,/tmp/franka_compare_tracking_vs_baseline/tracking/seed4/summaries/events.out.tfevents.1781292121.batch-block5-00290
tracking_loss,franka_cube_trackloss_default_b7e04f0_seed4_20260612_1042,4,195,2477.597900390625,0.0021209716796875,/tmp/franka_compare_tracking_vs_baseline/tracking/seed4/summaries/events.out.tfevents.1781292121.batch-block5-00290
tracking_loss,franka_cube_trackloss_default_b7e04f0_seed4_20260612_1042,4,196,2507.36474609375,0.0019073486328125,/tmp/franka_compare_tracking_vs_baseline/tracking/seed4/summaries/events.out.tfevents.1781292121.batch-block5-00290
tracking_loss,franka_cube_trackloss_default_b7e04f0_seed4_20260612_1042,4,197,2409.276611328125,0.0016937255859375,/tmp/franka_compare_tracking_vs_baseline/tracking/seed4/summaries/events.out.tfevents.1781292121.batch-block5-00290
tracking_loss,franka_cube_trackloss_default_b7e04f0_seed4_20260612_1042,4,198,2439.77685546875,0.00222015380859375,/tmp/franka_compare_tracking_vs_baseline/tracking/seed4/summaries/events.out.tfevents.1781292121.batch-block5-00290
tracking_loss,franka_cube_trackloss_default_b7e04f0_seed4_20260612_1042,4,199,2509.67333984375,0.0025177001953125,/tmp/franka_compare_tracking_vs_baseline/tracking/seed4/summaries/events.out.tfevents.1781292121.batch-block5-00290
tracking_loss,franka_cube_trackloss_default_b7e04f0_seed4_20260612_1042,4,200,2503.7236328125,0.0030059814453125,/tmp/franka_compare_tracking_vs_baseline/tracking/seed4/summaries/events.out.tfevents.1781292121.batch-block5-00290
tracking_loss,franka_cube_trackloss_default_b7e04f0_seed4_20260612_1042,4,201,2444.901123046875,0.0030059814453125,/tmp/franka_compare_tracking_vs_baseline/tracking/seed4/summaries/events.out.tfevents.1781292121.batch-block5-00290
tracking_loss,franka_cube_trackloss_default_b7e04f0_seed4_20260612_1042,4,202,2567.07763671875,0.00299072265625,/tmp/franka_compare_tracking_vs_baseline/tracking/seed4/summaries/events.out.tfevents.1781292121.batch-block5-00290
tracking_loss,franka_cube_trackloss_default_b7e04f0_seed4_20260612_1042,4,203,2523.806884765625,0.002044677734375,/tmp/franka_compare_tracking_vs_baseline/tracking/seed4/summaries/events.out.tfevents.1781292121.batch-block5-00290
tracking_loss,franka_cube_trackloss_default_b7e04f0_seed4_20260612_1042,4,204,2461.43798828125,0.0016937255859375,/tmp/franka_compare_tracking_vs_baseline/tracking/seed4/summaries/events.out.tfevents.1781292121.batch-block5-00290
tracking_loss,franka_cube_trackloss_default_b7e04f0_seed4_20260612_1042,4,205,2534.41455078125,0.00185394287109375,/tmp/franka_compare_tracking_vs_baseline/tracking/seed4/summaries/events.out.tfevents.1781292121.batch-block5-00290
tracking_loss,franka_cube_trackloss_default_b7e04f0_seed4_20260612_1042,4,206,2505.8427734375,0.00159454345703125,/tmp/franka_compare_tracking_vs_baseline/tracking/seed4/summaries/events.out.tfevents.1781292121.batch-block5-00290
tracking_loss,franka_cube_trackloss_default_b7e04f0_seed4_20260612_1042,4,207,2454.486083984375,0.0009002685546875,/tmp/franka_compare_tracking_vs_baseline/tracking/seed4/summaries/events.out.tfevents.1781292121.batch-block5-00290
tracking_loss,franka_cube_trackloss_default_b7e04f0_seed4_20260612_1042,4,208,2559.101806640625,0.0010833740234375,/tmp/franka_compare_tracking_vs_baseline/tracking/seed4/summaries/events.out.tfevents.1781292121.batch-block5-00290
tracking_loss,franka_cube_trackloss_default_b7e04f0_seed4_20260612_1042,4,209,2500.019775390625,0.00146484375,/tmp/franka_compare_tracking_vs_baseline/tracking/seed4/summaries/events.out.tfevents.1781292121.batch-block5-00290
tracking_loss,franka_cube_trackloss_default_b7e04f0_seed4_20260612_1042,4,210,2531.197509765625,0.00107574462890625,/tmp/franka_compare_tracking_vs_baseline/tracking/seed4/summaries/events.out.tfevents.1781292121.batch-block5-00290
tracking_loss,franka_cube_trackloss_default_b7e04f0_seed4_20260612_1042,4,211,2550.378173828125,0.000579833984375,/tmp/franka_compare_tracking_vs_baseline/tracking/seed4/summaries/events.out.tfevents.1781292121.batch-block5-00290
tracking_loss,franka_cube_trackloss_default_b7e04f0_seed4_20260612_1042,4,212,2483.399658203125,0.0006866455078125,/tmp/franka_compare_tracking_vs_baseline/tracking/seed4/summaries/events.out.tfevents.1781292121.batch-block5-00290
tracking_loss,franka_cube_trackloss_default_b7e04f0_seed4_20260612_1042,4,213,2512.932861328125,0.0006561279296875,/tmp/franka_compare_tracking_vs_baseline/tracking/seed4/summaries/events.out.tfevents.1781292121.batch-block5-00290
tracking_loss,franka_cube_trackloss_default_b7e04f0_seed4_20260612_1042,4,214,2490.40625,0.00102996826171875,/tmp/franka_compare_tracking_vs_baseline/tracking/seed4/summaries/events.out.tfevents.1781292121.batch-block5-00290
tracking_loss,franka_cube_trackloss_default_b7e04f0_seed4_20260612_1042,4,215,2466.15380859375,0.0009918212890625,/tmp/franka_compare_tracking_vs_baseline/tracking/seed4/summaries/events.out.tfevents.1781292121.batch-block5-00290
tracking_loss,franka_cube_trackloss_default_b7e04f0_seed4_20260612_1042,4,216,2429.659912109375,0.0010833740234375,/tmp/franka_compare_tracking_vs_baseline/tracking/seed4/summaries/events.out.tfevents.1781292121.batch-block5-00290
tracking_loss,franka_cube_trackloss_default_b7e04f0_seed4_20260612_1042,4,217,2520.03662109375,0.0018463134765625,/tmp/franka_compare_tracking_vs_baseline/tracking/seed4/summaries/events.out.tfevents.1781292121.batch-block5-00290
tracking_loss,franka_cube_trackloss_default_b7e04f0_seed4_20260612_1042,4,218,2519.366943359375,0.0016937255859375,/tmp/franka_compare_tracking_vs_baseline/tracking/seed4/summaries/events.out.tfevents.1781292121.batch-block5-00290
tracking_loss,franka_cube_trackloss_default_b7e04f0_seed4_20260612_1042,4,219,2570.212890625,0.0024566650390625,/tmp/franka_compare_tracking_vs_baseline/tracking/seed4/summaries/events.out.tfevents.1781292121.batch-block5-00290
tracking_loss,franka_cube_trackloss_default_b7e04f0_seed4_20260612_1042,4,220,2591.950927734375,0.00213623046875,/tmp/franka_compare_tracking_vs_baseline/tracking/seed4/summaries/events.out.tfevents.1781292121.batch-block5-00290
tracking_loss,franka_cube_trackloss_default_b7e04f0_seed4_20260612_1042,4,221,2577.396240234375,0.0018310546875,/tmp/franka_compare_tracking_vs_baseline/tracking/seed4/summaries/events.out.tfevents.1781292121.batch-block5-00290
tracking_loss,franka_cube_trackloss_default_b7e04f0_seed4_20260612_1042,4,222,2630.87158203125,0.001617431640625,/tmp/franka_compare_tracking_vs_baseline/tracking/seed4/summaries/events.out.tfevents.1781292121.batch-block5-00290
tracking_loss,franka_cube_trackloss_default_b7e04f0_seed4_20260612_1042,4,223,2576.230224609375,0.0013427734375,/tmp/franka_compare_tracking_vs_baseline/tracking/seed4/summaries/events.out.tfevents.1781292121.batch-block5-00290
tracking_loss,franka_cube_trackloss_default_b7e04f0_seed4_20260612_1042,4,224,2560.53173828125,0.001251220703125,/tmp/franka_compare_tracking_vs_baseline/tracking/seed4/summaries/events.out.tfevents.1781292121.batch-block5-00290
tracking_loss,franka_cube_trackloss_default_b7e04f0_seed4_20260612_1042,4,225,2516.567626953125,0.00130462646484375,/tmp/franka_compare_tracking_vs_baseline/tracking/seed4/summaries/events.out.tfevents.1781292121.batch-block5-00290
tracking_loss,franka_cube_trackloss_default_b7e04f0_seed4_20260612_1042,4,226,2581.770263671875,0.0014801025390625,/tmp/franka_compare_tracking_vs_baseline/tracking/seed4/summaries/events.out.tfevents.1781292121.batch-block5-00290
tracking_loss,franka_cube_trackloss_default_b7e04f0_seed4_20260612_1042,4,227,2549.25634765625,0.0014190673828125,/tmp/franka_compare_tracking_vs_baseline/tracking/seed4/summaries/events.out.tfevents.1781292121.batch-block5-00290
tracking_loss,franka_cube_trackloss_default_b7e04f0_seed4_20260612_1042,4,228,2553.275146484375,0.0017852783203125,/tmp/franka_compare_tracking_vs_baseline/tracking/seed4/summaries/events.out.tfevents.1781292121.batch-block5-00290
tracking_loss,franka_cube_trackloss_default_b7e04f0_seed4_20260612_1042,4,229,2602.546142578125,0.0016632080078125,/tmp/franka_compare_tracking_vs_baseline/tracking/seed4/summaries/events.out.tfevents.1781292121.batch-block5-00290
tracking_loss,franka_cube_trackloss_default_b7e04f0_seed4_20260612_1042,4,230,2558.697998046875,0.00127410888671875,/tmp/franka_compare_tracking_vs_baseline/tracking/seed4/summaries/events.out.tfevents.1781292121.batch-block5-00290
tracking_loss,franka_cube_trackloss_default_b7e04f0_seed4_20260612_1042,4,231,2579.32421875,0.00177764892578125,/tmp/franka_compare_tracking_vs_baseline/tracking/seed4/summaries/events.out.tfevents.1781292121.batch-block5-00290
tracking_loss,franka_cube_trackloss_default_b7e04f0_seed4_20260612_1042,4,232,2554.154296875,0.00125885009765625,/tmp/franka_compare_tracking_vs_baseline/tracking/seed4/summaries/events.out.tfevents.1781292121.batch-block5-00290
tracking_loss,franka_cube_trackloss_default_b7e04f0_seed4_20260612_1042,4,233,2554.5283203125,0.001190185546875,/tmp/franka_compare_tracking_vs_baseline/tracking/seed4/summaries/events.out.tfevents.1781292121.batch-block5-00290
tracking_loss,franka_cube_trackloss_default_b7e04f0_seed4_20260612_1042,4,234,2641.946533203125,0.0012969970703125,/tmp/franka_compare_tracking_vs_baseline/tracking/seed4/summaries/events.out.tfevents.1781292121.batch-block5-00290
tracking_loss,franka_cube_trackloss_default_b7e04f0_seed4_20260612_1042,4,235,2546.586181640625,0.0011444091796875,/tmp/franka_compare_tracking_vs_baseline/tracking/seed4/summaries/events.out.tfevents.1781292121.batch-block5-00290
tracking_loss,franka_cube_trackloss_default_b7e04f0_seed4_20260612_1042,4,236,2503.2548828125,0.0012054443359375,/tmp/franka_compare_tracking_vs_baseline/tracking/seed4/summaries/events.out.tfevents.1781292121.batch-block5-00290
tracking_loss,franka_cube_trackloss_default_b7e04f0_seed4_20260612_1042,4,237,2572.966064453125,0.00138092041015625,/tmp/franka_compare_tracking_vs_baseline/tracking/seed4/summaries/events.out.tfevents.1781292121.batch-block5-00290
tracking_loss,franka_cube_trackloss_default_b7e04f0_seed4_20260612_1042,4,238,2603.017333984375,0.00096893310546875,/tmp/franka_compare_tracking_vs_baseline/tracking/seed4/summaries/events.out.tfevents.1781292121.batch-block5-00290
tracking_loss,franka_cube_trackloss_default_b7e04f0_seed4_20260612_1042,4,239,2708.623046875,0.00092315673828125,/tmp/franka_compare_tracking_vs_baseline/tracking/seed4/summaries/events.out.tfevents.1781292121.batch-block5-00290
tracking_loss,franka_cube_trackloss_default_b7e04f0_seed4_20260612_1042,4,240,2603.756103515625,0.00072479248046875,/tmp/franka_compare_tracking_vs_baseline/tracking/seed4/summaries/events.out.tfevents.1781292121.batch-block5-00290
tracking_loss,franka_cube_trackloss_default_b7e04f0_seed4_20260612_1042,4,241,2663.92919921875,0.00058746337890625,/tmp/franka_compare_tracking_vs_baseline/tracking/seed4/summaries/events.out.tfevents.1781292121.batch-block5-00290
tracking_loss,franka_cube_trackloss_default_b7e04f0_seed4_20260612_1042,4,242,2556.440673828125,0.00052642822265625,/tmp/franka_compare_tracking_vs_baseline/tracking/seed4/summaries/events.out.tfevents.1781292121.batch-block5-00290
tracking_loss,franka_cube_trackloss_default_b7e04f0_seed4_20260612_1042,4,243,2562.26318359375,0.000518798828125,/tmp/franka_compare_tracking_vs_baseline/tracking/seed4/summaries/events.out.tfevents.1781292121.batch-block5-00290
tracking_loss,franka_cube_trackloss_default_b7e04f0_seed4_20260612_1042,4,244,2567.21728515625,0.0008544921875,/tmp/franka_compare_tracking_vs_baseline/tracking/seed4/summaries/events.out.tfevents.1781292121.batch-block5-00290
tracking_loss,franka_cube_trackloss_default_b7e04f0_seed4_20260612_1042,4,245,2566.73876953125,0.00135040283203125,/tmp/franka_compare_tracking_vs_baseline/tracking/seed4/summaries/events.out.tfevents.1781292121.batch-block5-00290
tracking_loss,franka_cube_trackloss_default_b7e04f0_seed4_20260612_1042,4,246,2590.304443359375,0.00138092041015625,/tmp/franka_compare_tracking_vs_baseline/tracking/seed4/summaries/events.out.tfevents.1781292121.batch-block5-00290
tracking_loss,franka_cube_trackloss_default_b7e04f0_seed4_20260612_1042,4,247,2573.303955078125,0.001373291015625,/tmp/franka_compare_tracking_vs_baseline/tracking/seed4/summaries/events.out.tfevents.1781292121.batch-block5-00290
tracking_loss,franka_cube_trackloss_default_b7e04f0_seed4_20260612_1042,4,248,2579.080322265625,0.00130462646484375,/tmp/franka_compare_tracking_vs_baseline/tracking/seed4/summaries/events.out.tfevents.1781292121.batch-block5-00290
tracking_loss,franka_cube_trackloss_default_b7e04f0_seed4_20260612_1042,4,249,2679.82861328125,0.00135040283203125,/tmp/franka_compare_tracking_vs_baseline/tracking/seed4/summaries/events.out.tfevents.1781292121.batch-block5-00290
tracking_loss,franka_cube_trackloss_default_b7e04f0_seed4_20260612_1042,4,250,2531.12109375,0.00127410888671875,/tmp/franka_compare_tracking_vs_baseline/tracking/seed4/summaries/events.out.tfevents.1781292121.batch-block5-00290
tracking_loss,franka_cube_trackloss_default_b7e04f0_seed4_20260612_1042,4,251,2568.0146484375,0.001190185546875,/tmp/franka_compare_tracking_vs_baseline/tracking/seed4/summaries/events.out.tfevents.1781292121.batch-block5-00290
tracking_loss,franka_cube_trackloss_default_b7e04f0_seed4_20260612_1042,4,252,2539.83056640625,0.0005950927734375,/tmp/franka_compare_tracking_vs_baseline/tracking/seed4/summaries/events.out.tfevents.1781292121.batch-block5-00290
tracking_loss,franka_cube_trackloss_default_b7e04f0_seed4_20260612_1042,4,253,2489.11328125,0.0004730224609375,/tmp/franka_compare_tracking_vs_baseline/tracking/seed4/summaries/events.out.tfevents.1781292121.batch-block5-00290
tracking_loss,franka_cube_trackloss_default_b7e04f0_seed4_20260612_1042,4,254,2548.6318359375,0.00089263916015625,/tmp/franka_compare_tracking_vs_baseline/tracking/seed4/summaries/events.out.tfevents.1781292121.batch-block5-00290
tracking_loss,franka_cube_trackloss_default_b7e04f0_seed4_20260612_1042,4,255,2560.65380859375,0.0012969970703125,/tmp/franka_compare_tracking_vs_baseline/tracking/seed4/summaries/events.out.tfevents.1781292121.batch-block5-00290
tracking_loss,franka_cube_trackloss_default_b7e04f0_seed4_20260612_1042,4,256,2562.02001953125,0.001495361328125,/tmp/franka_compare_tracking_vs_baseline/tracking/seed4/summaries/events.out.tfevents.1781292121.batch-block5-00290
tracking_loss,franka_cube_trackloss_default_b7e04f0_seed4_20260612_1042,4,257,2555.360595703125,0.0012969970703125,/tmp/franka_compare_tracking_vs_baseline/tracking/seed4/summaries/events.out.tfevents.1781292121.batch-block5-00290
tracking_loss,franka_cube_trackloss_default_b7e04f0_seed4_20260612_1042,4,258,2618.8056640625,0.0011444091796875,/tmp/franka_compare_tracking_vs_baseline/tracking/seed4/summaries/events.out.tfevents.1781292121.batch-block5-00290
tracking_loss,franka_cube_trackloss_default_b7e04f0_seed4_20260612_1042,4,259,2625.142333984375,0.0010223388671875,/tmp/franka_compare_tracking_vs_baseline/tracking/seed4/summaries/events.out.tfevents.1781292121.batch-block5-00290
tracking_loss,franka_cube_trackloss_default_b7e04f0_seed4_20260612_1042,4,260,2664.265869140625,0.0008087158203125,/tmp/franka_compare_tracking_vs_baseline/tracking/seed4/summaries/events.out.tfevents.1781292121.batch-block5-00290
tracking_loss,franka_cube_trackloss_default_b7e04f0_seed4_20260612_1042,4,261,2574.935546875,0.00075531005859375,/tmp/franka_compare_tracking_vs_baseline/tracking/seed4/summaries/events.out.tfevents.1781292121.batch-block5-00290
tracking_loss,franka_cube_trackloss_default_b7e04f0_seed4_20260612_1042,4,262,2524.59228515625,0.00083160400390625,/tmp/franka_compare_tracking_vs_baseline/tracking/seed4/summaries/events.out.tfevents.1781292121.batch-block5-00290
tracking_loss,franka_cube_trackloss_default_b7e04f0_seed4_20260612_1042,4,263,2522.661376953125,0.00106048583984375,/tmp/franka_compare_tracking_vs_baseline/tracking/seed4/summaries/events.out.tfevents.1781292121.batch-block5-00290
tracking_loss,franka_cube_trackloss_default_b7e04f0_seed4_20260612_1042,4,264,2583.237548828125,0.000823974609375,/tmp/franka_compare_tracking_vs_baseline/tracking/seed4/summaries/events.out.tfevents.1781292121.batch-block5-00290
tracking_loss,franka_cube_trackloss_default_b7e04f0_seed4_20260612_1042,4,265,2601.0771484375,0.0005645751953125,/tmp/franka_compare_tracking_vs_baseline/tracking/seed4/summaries/events.out.tfevents.1781292121.batch-block5-00290
tracking_loss,franka_cube_trackloss_default_b7e04f0_seed4_20260612_1042,4,266,2528.7880859375,0.00092315673828125,/tmp/franka_compare_tracking_vs_baseline/tracking/seed4/summaries/events.out.tfevents.1781292121.batch-block5-00290
tracking_loss,franka_cube_trackloss_default_b7e04f0_seed4_20260612_1042,4,267,2578.5634765625,0.001129150390625,/tmp/franka_compare_tracking_vs_baseline/tracking/seed4/summaries/events.out.tfevents.1781292121.batch-block5-00290
tracking_loss,franka_cube_trackloss_default_b7e04f0_seed4_20260612_1042,4,268,2605.4326171875,0.001129150390625,/tmp/franka_compare_tracking_vs_baseline/tracking/seed4/summaries/events.out.tfevents.1781292121.batch-block5-00290
tracking_loss,franka_cube_trackloss_default_b7e04f0_seed4_20260612_1042,4,269,2535.903564453125,0.00135040283203125,/tmp/franka_compare_tracking_vs_baseline/tracking/seed4/summaries/events.out.tfevents.1781292121.batch-block5-00290
tracking_loss,franka_cube_trackloss_default_b7e04f0_seed4_20260612_1042,4,270,2584.6796875,0.001495361328125,/tmp/franka_compare_tracking_vs_baseline/tracking/seed4/summaries/events.out.tfevents.1781292121.batch-block5-00290
tracking_loss,franka_cube_trackloss_default_b7e04f0_seed4_20260612_1042,4,271,2622.33203125,0.0015716552734375,/tmp/franka_compare_tracking_vs_baseline/tracking/seed4/summaries/events.out.tfevents.1781292121.batch-block5-00290
tracking_loss,franka_cube_trackloss_default_b7e04f0_seed4_20260612_1042,4,272,2452.510986328125,0.001556396484375,/tmp/franka_compare_tracking_vs_baseline/tracking/seed4/summaries/events.out.tfevents.1781292121.batch-block5-00290
tracking_loss,franka_cube_trackloss_default_b7e04f0_seed4_20260612_1042,4,273,2556.565673828125,0.0017852783203125,/tmp/franka_compare_tracking_vs_baseline/tracking/seed4/summaries/events.out.tfevents.1781292121.batch-block5-00290
tracking_loss,franka_cube_trackloss_default_b7e04f0_seed4_20260612_1042,4,274,2554.754150390625,0.00255584716796875,/tmp/franka_compare_tracking_vs_baseline/tracking/seed4/summaries/events.out.tfevents.1781292121.batch-block5-00290
tracking_loss,franka_cube_trackloss_default_b7e04f0_seed4_20260612_1042,4,275,2601.56982421875,0.002685546875,/tmp/franka_compare_tracking_vs_baseline/tracking/seed4/summaries/events.out.tfevents.1781292121.batch-block5-00290
tracking_loss,franka_cube_trackloss_default_b7e04f0_seed4_20260612_1042,4,276,2607.3017578125,0.0025634765625,/tmp/franka_compare_tracking_vs_baseline/tracking/seed4/summaries/events.out.tfevents.1781292121.batch-block5-00290
tracking_loss,franka_cube_trackloss_default_b7e04f0_seed4_20260612_1042,4,277,2589.811279296875,0.0024261474609375,/tmp/franka_compare_tracking_vs_baseline/tracking/seed4/summaries/events.out.tfevents.1781292121.batch-block5-00290
tracking_loss,franka_cube_trackloss_default_b7e04f0_seed4_20260612_1042,4,278,2644.798583984375,0.00202178955078125,/tmp/franka_compare_tracking_vs_baseline/tracking/seed4/summaries/events.out.tfevents.1781292121.batch-block5-00290
tracking_loss,franka_cube_trackloss_default_b7e04f0_seed4_20260612_1042,4,279,2575.60498046875,0.00145721435546875,/tmp/franka_compare_tracking_vs_baseline/tracking/seed4/summaries/events.out.tfevents.1781292121.batch-block5-00290
tracking_loss,franka_cube_trackloss_default_b7e04f0_seed4_20260612_1042,4,280,2619.061767578125,0.0010986328125,/tmp/franka_compare_tracking_vs_baseline/tracking/seed4/summaries/events.out.tfevents.1781292121.batch-block5-00290
tracking_loss,franka_cube_trackloss_default_b7e04f0_seed4_20260612_1042,4,281,2529.316162109375,0.00118255615234375,/tmp/franka_compare_tracking_vs_baseline/tracking/seed4/summaries/events.out.tfevents.1781292121.batch-block5-00290
tracking_loss,franka_cube_trackloss_default_b7e04f0_seed4_20260612_1042,4,282,2644.121826171875,0.00197601318359375,/tmp/franka_compare_tracking_vs_baseline/tracking/seed4/summaries/events.out.tfevents.1781292121.batch-block5-00290
tracking_loss,franka_cube_trackloss_default_b7e04f0_seed4_20260612_1042,4,283,2633.03955078125,0.00225830078125,/tmp/franka_compare_tracking_vs_baseline/tracking/seed4/summaries/events.out.tfevents.1781292121.batch-block5-00290
tracking_loss,franka_cube_trackloss_default_b7e04f0_seed4_20260612_1042,4,284,2550.23046875,0.00243377685546875,/tmp/franka_compare_tracking_vs_baseline/tracking/seed4/summaries/events.out.tfevents.1781292121.batch-block5-00290
tracking_loss,franka_cube_trackloss_default_b7e04f0_seed4_20260612_1042,4,285,2549.96484375,0.00260162353515625,/tmp/franka_compare_tracking_vs_baseline/tracking/seed4/summaries/events.out.tfevents.1781292121.batch-block5-00290
tracking_loss,franka_cube_trackloss_default_b7e04f0_seed4_20260612_1042,4,286,2599.135009765625,0.00179290771484375,/tmp/franka_compare_tracking_vs_baseline/tracking/seed4/summaries/events.out.tfevents.1781292121.batch-block5-00290
tracking_loss,franka_cube_trackloss_default_b7e04f0_seed4_20260612_1042,4,287,2649.909912109375,0.001495361328125,/tmp/franka_compare_tracking_vs_baseline/tracking/seed4/summaries/events.out.tfevents.1781292121.batch-block5-00290
tracking_loss,franka_cube_trackloss_default_b7e04f0_seed4_20260612_1042,4,288,2620.41455078125,0.001129150390625,/tmp/franka_compare_tracking_vs_baseline/tracking/seed4/summaries/events.out.tfevents.1781292121.batch-block5-00290
tracking_loss,franka_cube_trackloss_default_b7e04f0_seed4_20260612_1042,4,289,2572.28125,0.00083160400390625,/tmp/franka_compare_tracking_vs_baseline/tracking/seed4/summaries/events.out.tfevents.1781292121.batch-block5-00290
tracking_loss,franka_cube_trackloss_default_b7e04f0_seed4_20260612_1042,4,290,2512.59765625,0.00079345703125,/tmp/franka_compare_tracking_vs_baseline/tracking/seed4/summaries/events.out.tfevents.1781292121.batch-block5-00290
tracking_loss,franka_cube_trackloss_default_b7e04f0_seed4_20260612_1042,4,291,2364.1748046875,0.00095367431640625,/tmp/franka_compare_tracking_vs_baseline/tracking/seed4/summaries/events.out.tfevents.1781292121.batch-block5-00290
tracking_loss,franka_cube_trackloss_default_b7e04f0_seed4_20260612_1042,4,292,2512.4267578125,0.00193023681640625,/tmp/franka_compare_tracking_vs_baseline/tracking/seed4/summaries/events.out.tfevents.1781292121.batch-block5-00290
tracking_loss,franka_cube_trackloss_default_b7e04f0_seed4_20260612_1042,4,293,2487.3125,0.00246429443359375,/tmp/franka_compare_tracking_vs_baseline/tracking/seed4/summaries/events.out.tfevents.1781292121.batch-block5-00290
tracking_loss,franka_cube_trackloss_default_b7e04f0_seed4_20260612_1042,4,294,2549.742431640625,0.00286102294921875,/tmp/franka_compare_tracking_vs_baseline/tracking/seed4/summaries/events.out.tfevents.1781292121.batch-block5-00290
tracking_loss,franka_cube_trackloss_default_b7e04f0_seed4_20260612_1042,4,295,2472.05322265625,0.0026702880859375,/tmp/franka_compare_tracking_vs_baseline/tracking/seed4/summaries/events.out.tfevents.1781292121.batch-block5-00290
tracking_loss,franka_cube_trackloss_default_b7e04f0_seed4_20260612_1042,4,296,2480.747802734375,0.0028533935546875,/tmp/franka_compare_tracking_vs_baseline/tracking/seed4/summaries/events.out.tfevents.1781292121.batch-block5-00290
tracking_loss,franka_cube_trackloss_default_b7e04f0_seed4_20260612_1042,4,297,2553.122802734375,0.003143310546875,/tmp/franka_compare_tracking_vs_baseline/tracking/seed4/summaries/events.out.tfevents.1781292121.batch-block5-00290
tracking_loss,franka_cube_trackloss_default_b7e04f0_seed4_20260612_1042,4,298,2486.214111328125,0.00293731689453125,/tmp/franka_compare_tracking_vs_baseline/tracking/seed4/summaries/events.out.tfevents.1781292121.batch-block5-00290
tracking_loss,franka_cube_trackloss_default_b7e04f0_seed4_20260612_1042,4,299,2567.38916015625,0.00269317626953125,/tmp/franka_compare_tracking_vs_baseline/tracking/seed4/summaries/events.out.tfevents.1781292121.batch-block5-00290
tracking_loss,franka_cube_trackloss_default_b7e04f0_seed4_20260612_1042,4,300,2468.740234375,0.0021820068359375,/tmp/franka_compare_tracking_vs_baseline/tracking/seed4/summaries/events.out.tfevents.1781292121.batch-block5-00290
tracking_loss,franka_cube_trackloss_default_b7e04f0_seed4_20260612_1042,4,301,2505.721923828125,0.0023345947265625,/tmp/franka_compare_tracking_vs_baseline/tracking/seed4/summaries/events.out.tfevents.1781292121.batch-block5-00290
tracking_loss,franka_cube_trackloss_default_b7e04f0_seed4_20260612_1042,4,302,2511.89208984375,0.0030975341796875,/tmp/franka_compare_tracking_vs_baseline/tracking/seed4/summaries/events.out.tfevents.1781292121.batch-block5-00290
tracking_loss,franka_cube_trackloss_default_b7e04f0_seed4_20260612_1042,4,303,2512.13427734375,0.0031585693359375,/tmp/franka_compare_tracking_vs_baseline/tracking/seed4/summaries/events.out.tfevents.1781292121.batch-block5-00290
tracking_loss,franka_cube_trackloss_default_b7e04f0_seed4_20260612_1042,4,304,2471.07666015625,0.00322723388671875,/tmp/franka_compare_tracking_vs_baseline/tracking/seed4/summaries/events.out.tfevents.1781292121.batch-block5-00290
tracking_loss,franka_cube_trackloss_default_b7e04f0_seed4_20260612_1042,4,305,2513.759521484375,0.00225067138671875,/tmp/franka_compare_tracking_vs_baseline/tracking/seed4/summaries/events.out.tfevents.1781292121.batch-block5-00290
tracking_loss,franka_cube_trackloss_default_b7e04f0_seed4_20260612_1042,4,306,2492.581298828125,0.00209808349609375,/tmp/franka_compare_tracking_vs_baseline/tracking/seed4/summaries/events.out.tfevents.1781292121.batch-block5-00290
tracking_loss,franka_cube_trackloss_default_b7e04f0_seed4_20260612_1042,4,307,2486.256591796875,0.00176239013671875,/tmp/franka_compare_tracking_vs_baseline/tracking/seed4/summaries/events.out.tfevents.1781292121.batch-block5-00290
tracking_loss,franka_cube_trackloss_default_b7e04f0_seed4_20260612_1042,4,308,2440.994384765625,0.00168609619140625,/tmp/franka_compare_tracking_vs_baseline/tracking/seed4/summaries/events.out.tfevents.1781292121.batch-block5-00290
tracking_loss,franka_cube_trackloss_default_b7e04f0_seed4_20260612_1042,4,309,2395.749267578125,0.0014495849609375,/tmp/franka_compare_tracking_vs_baseline/tracking/seed4/summaries/events.out.tfevents.1781292121.batch-block5-00290
tracking_loss,franka_cube_trackloss_default_b7e04f0_seed4_20260612_1042,4,310,2406.98486328125,0.00142669677734375,/tmp/franka_compare_tracking_vs_baseline/tracking/seed4/summaries/events.out.tfevents.1781292121.batch-block5-00290
tracking_loss,franka_cube_trackloss_default_b7e04f0_seed4_20260612_1042,4,311,2470.19482421875,0.00247955322265625,/tmp/franka_compare_tracking_vs_baseline/tracking/seed4/summaries/events.out.tfevents.1781292121.batch-block5-00290
tracking_loss,franka_cube_trackloss_default_b7e04f0_seed4_20260612_1042,4,312,2294.328857421875,0.00284576416015625,/tmp/franka_compare_tracking_vs_baseline/tracking/seed4/summaries/events.out.tfevents.1781292121.batch-block5-00290
tracking_loss,franka_cube_trackloss_default_b7e04f0_seed4_20260612_1042,4,313,2353.012939453125,0.00272369384765625,/tmp/franka_compare_tracking_vs_baseline/tracking/seed4/summaries/events.out.tfevents.1781292121.batch-block5-00290
tracking_loss,franka_cube_trackloss_default_b7e04f0_seed4_20260612_1042,4,314,2324.994384765625,0.00267791748046875,/tmp/franka_compare_tracking_vs_baseline/tracking/seed4/summaries/events.out.tfevents.1781292121.batch-block5-00290
tracking_loss,franka_cube_trackloss_default_b7e04f0_seed4_20260612_1042,4,315,2372.27392578125,0.0023345947265625,/tmp/franka_compare_tracking_vs_baseline/tracking/seed4/summaries/events.out.tfevents.1781292121.batch-block5-00290
tracking_loss,franka_cube_trackloss_default_b7e04f0_seed4_20260612_1042,4,316,2419.186279296875,0.00191497802734375,/tmp/franka_compare_tracking_vs_baseline/tracking/seed4/summaries/events.out.tfevents.1781292121.batch-block5-00290
tracking_loss,franka_cube_trackloss_default_b7e04f0_seed4_20260612_1042,4,317,2359.4814453125,0.001922607421875,/tmp/franka_compare_tracking_vs_baseline/tracking/seed4/summaries/events.out.tfevents.1781292121.batch-block5-00290
tracking_loss,franka_cube_trackloss_default_b7e04f0_seed4_20260612_1042,4,318,2397.127685546875,0.001251220703125,/tmp/franka_compare_tracking_vs_baseline/tracking/seed4/summaries/events.out.tfevents.1781292121.batch-block5-00290
tracking_loss,franka_cube_trackloss_default_b7e04f0_seed4_20260612_1042,4,319,2228.759521484375,0.00102996826171875,/tmp/franka_compare_tracking_vs_baseline/tracking/seed4/summaries/events.out.tfevents.1781292121.batch-block5-00290
tracking_loss,franka_cube_trackloss_default_b7e04f0_seed4_20260612_1042,4,320,2302.02392578125,0.00119781494140625,/tmp/franka_compare_tracking_vs_baseline/tracking/seed4/summaries/events.out.tfevents.1781292121.batch-block5-00290
tracking_loss,franka_cube_trackloss_default_b7e04f0_seed4_20260612_1042,4,321,2311.49560546875,0.00141143798828125,/tmp/franka_compare_tracking_vs_baseline/tracking/seed4/summaries/events.out.tfevents.1781292121.batch-block5-00290
tracking_loss,franka_cube_trackloss_default_b7e04f0_seed4_20260612_1042,4,322,2242.541748046875,0.001739501953125,/tmp/franka_compare_tracking_vs_baseline/tracking/seed4/summaries/events.out.tfevents.1781292121.batch-block5-00290
tracking_loss,franka_cube_trackloss_default_b7e04f0_seed4_20260612_1042,4,323,2237.210693359375,0.00209808349609375,/tmp/franka_compare_tracking_vs_baseline/tracking/seed4/summaries/events.out.tfevents.1781292121.batch-block5-00290
tracking_loss,franka_cube_trackloss_default_b7e04f0_seed4_20260612_1042,4,324,2299.46044921875,0.002105712890625,/tmp/franka_compare_tracking_vs_baseline/tracking/seed4/summaries/events.out.tfevents.1781292121.batch-block5-00290
tracking_loss,franka_cube_trackloss_default_b7e04f0_seed4_20260612_1042,4,325,2266.798828125,0.0020599365234375,/tmp/franka_compare_tracking_vs_baseline/tracking/seed4/summaries/events.out.tfevents.1781292121.batch-block5-00290
tracking_loss,franka_cube_trackloss_default_b7e04f0_seed4_20260612_1042,4,326,2225.9873046875,0.00110626220703125,/tmp/franka_compare_tracking_vs_baseline/tracking/seed4/summaries/events.out.tfevents.1781292121.batch-block5-00290
tracking_loss,franka_cube_trackloss_default_b7e04f0_seed4_20260612_1042,4,327,2214.593017578125,0.00087738037109375,/tmp/franka_compare_tracking_vs_baseline/tracking/seed4/summaries/events.out.tfevents.1781292121.batch-block5-00290
tracking_loss,franka_cube_trackloss_default_b7e04f0_seed4_20260612_1042,4,328,2181.46484375,0.00102996826171875,/tmp/franka_compare_tracking_vs_baseline/tracking/seed4/summaries/events.out.tfevents.1781292121.batch-block5-00290
tracking_loss,franka_cube_trackloss_default_b7e04f0_seed4_20260612_1042,4,329,2255.404052734375,0.00225830078125,/tmp/franka_compare_tracking_vs_baseline/tracking/seed4/summaries/events.out.tfevents.1781292121.batch-block5-00290
tracking_loss,franka_cube_trackloss_default_b7e04f0_seed4_20260612_1042,4,330,2219.99658203125,0.00333404541015625,/tmp/franka_compare_tracking_vs_baseline/tracking/seed4/summaries/events.out.tfevents.1781292121.batch-block5-00290
tracking_loss,franka_cube_trackloss_default_b7e04f0_seed4_20260612_1042,4,331,2218.0830078125,0.0030364990234375,/tmp/franka_compare_tracking_vs_baseline/tracking/seed4/summaries/events.out.tfevents.1781292121.batch-block5-00290
tracking_loss,franka_cube_trackloss_default_b7e04f0_seed4_20260612_1042,4,332,2194.5341796875,0.00315093994140625,/tmp/franka_compare_tracking_vs_baseline/tracking/seed4/summaries/events.out.tfevents.1781292121.batch-block5-00290
tracking_loss,franka_cube_trackloss_default_b7e04f0_seed4_20260612_1042,4,333,2156.42578125,0.00290679931640625,/tmp/franka_compare_tracking_vs_baseline/tracking/seed4/summaries/events.out.tfevents.1781292121.batch-block5-00290
tracking_loss,franka_cube_trackloss_default_b7e04f0_seed4_20260612_1042,4,334,2228.1279296875,0.0028228759765625,/tmp/franka_compare_tracking_vs_baseline/tracking/seed4/summaries/events.out.tfevents.1781292121.batch-block5-00290
tracking_loss,franka_cube_trackloss_default_b7e04f0_seed4_20260612_1042,4,335,2253.49853515625,0.002471923828125,/tmp/franka_compare_tracking_vs_baseline/tracking/seed4/summaries/events.out.tfevents.1781292121.batch-block5-00290
tracking_loss,franka_cube_trackloss_default_b7e04f0_seed4_20260612_1042,4,336,2179.27587890625,0.002227783203125,/tmp/franka_compare_tracking_vs_baseline/tracking/seed4/summaries/events.out.tfevents.1781292121.batch-block5-00290
tracking_loss,franka_cube_trackloss_default_b7e04f0_seed4_20260612_1042,4,337,2249.76708984375,0.0024871826171875,/tmp/franka_compare_tracking_vs_baseline/tracking/seed4/summaries/events.out.tfevents.1781292121.batch-block5-00290
tracking_loss,franka_cube_trackloss_default_b7e04f0_seed4_20260612_1042,4,338,2231.874267578125,0.00263214111328125,/tmp/franka_compare_tracking_vs_baseline/tracking/seed4/summaries/events.out.tfevents.1781292121.batch-block5-00290
tracking_loss,franka_cube_trackloss_default_b7e04f0_seed4_20260612_1042,4,339,2154.3720703125,0.003173828125,/tmp/franka_compare_tracking_vs_baseline/tracking/seed4/summaries/events.out.tfevents.1781292121.batch-block5-00290
tracking_loss,franka_cube_trackloss_default_b7e04f0_seed4_20260612_1042,4,340,2223.775634765625,0.00328826904296875,/tmp/franka_compare_tracking_vs_baseline/tracking/seed4/summaries/events.out.tfevents.1781292121.batch-block5-00290
tracking_loss,franka_cube_trackloss_default_b7e04f0_seed4_20260612_1042,4,341,2230.725341796875,0.00237274169921875,/tmp/franka_compare_tracking_vs_baseline/tracking/seed4/summaries/events.out.tfevents.1781292121.batch-block5-00290
tracking_loss,franka_cube_trackloss_default_b7e04f0_seed4_20260612_1042,4,342,2248.894287109375,0.00191497802734375,/tmp/franka_compare_tracking_vs_baseline/tracking/seed4/summaries/events.out.tfevents.1781292121.batch-block5-00290
tracking_loss,franka_cube_trackloss_default_b7e04f0_seed4_20260612_1042,4,343,2201.5869140625,0.00122833251953125,/tmp/franka_compare_tracking_vs_baseline/tracking/seed4/summaries/events.out.tfevents.1781292121.batch-block5-00290
tracking_loss,franka_cube_trackloss_default_b7e04f0_seed4_20260612_1042,4,344,2216.89501953125,0.00099945068359375,/tmp/franka_compare_tracking_vs_baseline/tracking/seed4/summaries/events.out.tfevents.1781292121.batch-block5-00290
tracking_loss,franka_cube_trackloss_default_b7e04f0_seed4_20260612_1042,4,345,2091.580810546875,0.00124359130859375,/tmp/franka_compare_tracking_vs_baseline/tracking/seed4/summaries/events.out.tfevents.1781292121.batch-block5-00290
tracking_loss,franka_cube_trackloss_default_b7e04f0_seed4_20260612_1042,4,346,2146.833984375,0.00074005126953125,/tmp/franka_compare_tracking_vs_baseline/tracking/seed4/summaries/events.out.tfevents.1781292121.batch-block5-00290
tracking_loss,franka_cube_trackloss_default_b7e04f0_seed4_20260612_1042,4,347,2188.6240234375,0.00069427490234375,/tmp/franka_compare_tracking_vs_baseline/tracking/seed4/summaries/events.out.tfevents.1781292121.batch-block5-00290
tracking_loss,franka_cube_trackloss_default_b7e04f0_seed4_20260612_1042,4,348,2089.88330078125,6.103515625e-05,/tmp/franka_compare_tracking_vs_baseline/tracking/seed4/summaries/events.out.tfevents.1781292121.batch-block5-00290
tracking_loss,franka_cube_trackloss_default_b7e04f0_seed4_20260612_1042,4,349,2147.233154296875,0.0,/tmp/franka_compare_tracking_vs_baseline/tracking/seed4/summaries/events.out.tfevents.1781292121.batch-block5-00290
tracking_loss,franka_cube_trackloss_default_b7e04f0_seed4_20260612_1042,4,350,2090.363037109375,7.62939453125e-06,/tmp/franka_compare_tracking_vs_baseline/tracking/seed4/summaries/events.out.tfevents.1781292121.batch-block5-00290
tracking_loss,franka_cube_trackloss_default_b7e04f0_seed4_20260612_1042,4,351,2093.0205078125,0.0,/tmp/franka_compare_tracking_vs_baseline/tracking/seed4/summaries/events.out.tfevents.1781292121.batch-block5-00290
tracking_loss,franka_cube_trackloss_default_b7e04f0_seed4_20260612_1042,4,352,2129.74169921875,0.000335693359375,/tmp/franka_compare_tracking_vs_baseline/tracking/seed4/summaries/events.out.tfevents.1781292121.batch-block5-00290
tracking_loss,franka_cube_trackloss_default_b7e04f0_seed4_20260612_1042,4,353,2134.205810546875,0.00054168701171875,/tmp/franka_compare_tracking_vs_baseline/tracking/seed4/summaries/events.out.tfevents.1781292121.batch-block5-00290
tracking_loss,franka_cube_trackloss_default_b7e04f0_seed4_20260612_1042,4,354,2150.747802734375,0.00051116943359375,/tmp/franka_compare_tracking_vs_baseline/tracking/seed4/summaries/events.out.tfevents.1781292121.batch-block5-00290
tracking_loss,franka_cube_trackloss_default_b7e04f0_seed4_20260612_1042,4,355,2093.770751953125,0.0,/tmp/franka_compare_tracking_vs_baseline/tracking/seed4/summaries/events.out.tfevents.1781292121.batch-block5-00290
tracking_loss,franka_cube_trackloss_default_b7e04f0_seed4_20260612_1042,4,356,2106.2822265625,0.0001983642578125,/tmp/franka_compare_tracking_vs_baseline/tracking/seed4/summaries/events.out.tfevents.1781292121.batch-block5-00290
tracking_loss,franka_cube_trackloss_default_b7e04f0_seed4_20260612_1042,4,357,2127.83544921875,0.00064849853515625,/tmp/franka_compare_tracking_vs_baseline/tracking/seed4/summaries/events.out.tfevents.1781292121.batch-block5-00290
tracking_loss,franka_cube_trackloss_default_b7e04f0_seed4_20260612_1042,4,358,2048.09765625,0.00148773193359375,/tmp/franka_compare_tracking_vs_baseline/tracking/seed4/summaries/events.out.tfevents.1781292121.batch-block5-00290
tracking_loss,franka_cube_trackloss_default_b7e04f0_seed4_20260612_1042,4,359,2152.918212890625,0.0014495849609375,/tmp/franka_compare_tracking_vs_baseline/tracking/seed4/summaries/events.out.tfevents.1781292121.batch-block5-00290
tracking_loss,franka_cube_trackloss_default_b7e04f0_seed4_20260612_1042,4,360,2095.355224609375,0.0014495849609375,/tmp/franka_compare_tracking_vs_baseline/tracking/seed4/summaries/events.out.tfevents.1781292121.batch-block5-00290
tracking_loss,franka_cube_trackloss_default_b7e04f0_seed4_20260612_1042,4,361,2102.1650390625,0.00102996826171875,/tmp/franka_compare_tracking_vs_baseline/tracking/seed4/summaries/events.out.tfevents.1781292121.batch-block5-00290
tracking_loss,franka_cube_trackloss_default_b7e04f0_seed4_20260612_1042,4,362,2046.299072265625,0.0011749267578125,/tmp/franka_compare_tracking_vs_baseline/tracking/seed4/summaries/events.out.tfevents.1781292121.batch-block5-00290
tracking_loss,franka_cube_trackloss_default_b7e04f0_seed4_20260612_1042,4,363,2072.01611328125,0.00128936767578125,/tmp/franka_compare_tracking_vs_baseline/tracking/seed4/summaries/events.out.tfevents.1781292121.batch-block5-00290
tracking_loss,franka_cube_trackloss_default_b7e04f0_seed4_20260612_1042,4,364,2096.43994140625,0.0013580322265625,/tmp/franka_compare_tracking_vs_baseline/tracking/seed4/summaries/events.out.tfevents.1781292121.batch-block5-00290
tracking_loss,franka_cube_trackloss_default_b7e04f0_seed4_20260612_1042,4,365,2111.1015625,0.0009613037109375,/tmp/franka_compare_tracking_vs_baseline/tracking/seed4/summaries/events.out.tfevents.1781292121.batch-block5-00290
tracking_loss,franka_cube_trackloss_default_b7e04f0_seed4_20260612_1042,4,366,2070.132080078125,0.00067138671875,/tmp/franka_compare_tracking_vs_baseline/tracking/seed4/summaries/events.out.tfevents.1781292121.batch-block5-00290
tracking_loss,franka_cube_trackloss_default_b7e04f0_seed4_20260612_1042,4,367,2119.23828125,0.001068115234375,/tmp/franka_compare_tracking_vs_baseline/tracking/seed4/summaries/events.out.tfevents.1781292121.batch-block5-00290
tracking_loss,franka_cube_trackloss_default_b7e04f0_seed4_20260612_1042,4,368,2034.7685546875,0.00146484375,/tmp/franka_compare_tracking_vs_baseline/tracking/seed4/summaries/events.out.tfevents.1781292121.batch-block5-00290
tracking_loss,franka_cube_trackloss_default_b7e04f0_seed4_20260612_1042,4,369,2003.3388671875,0.0016326904296875,/tmp/franka_compare_tracking_vs_baseline/tracking/seed4/summaries/events.out.tfevents.1781292121.batch-block5-00290
tracking_loss,franka_cube_trackloss_default_b7e04f0_seed4_20260612_1042,4,370,2039.8050537109375,0.00118255615234375,/tmp/franka_compare_tracking_vs_baseline/tracking/seed4/summaries/events.out.tfevents.1781292121.batch-block5-00290
tracking_loss,franka_cube_trackloss_default_b7e04f0_seed4_20260612_1042,4,371,2076.302490234375,0.00081634521484375,/tmp/franka_compare_tracking_vs_baseline/tracking/seed4/summaries/events.out.tfevents.1781292121.batch-block5-00290
tracking_loss,franka_cube_trackloss_default_b7e04f0_seed4_20260612_1042,4,372,2044.56201171875,0.00110626220703125,/tmp/franka_compare_tracking_vs_baseline/tracking/seed4/summaries/events.out.tfevents.1781292121.batch-block5-00290
tracking_loss,franka_cube_trackloss_default_b7e04f0_seed4_20260612_1042,4,373,2048.6513671875,0.001434326171875,/tmp/franka_compare_tracking_vs_baseline/tracking/seed4/summaries/events.out.tfevents.1781292121.batch-block5-00290
tracking_loss,franka_cube_trackloss_default_b7e04f0_seed4_20260612_1042,4,374,2072.1015625,0.00153350830078125,/tmp/franka_compare_tracking_vs_baseline/tracking/seed4/summaries/events.out.tfevents.1781292121.batch-block5-00290
tracking_loss,franka_cube_trackloss_default_b7e04f0_seed4_20260612_1042,4,375,1983.4149169921875,0.0015411376953125,/tmp/franka_compare_tracking_vs_baseline/tracking/seed4/summaries/events.out.tfevents.1781292121.batch-block5-00290
tracking_loss,franka_cube_trackloss_default_b7e04f0_seed4_20260612_1042,4,376,2018.2003173828125,0.00180816650390625,/tmp/franka_compare_tracking_vs_baseline/tracking/seed4/summaries/events.out.tfevents.1781292121.batch-block5-00290
tracking_loss,franka_cube_trackloss_default_b7e04f0_seed4_20260612_1042,4,377,2043.688720703125,0.0019989013671875,/tmp/franka_compare_tracking_vs_baseline/tracking/seed4/summaries/events.out.tfevents.1781292121.batch-block5-00290
tracking_loss,franka_cube_trackloss_default_b7e04f0_seed4_20260612_1042,4,378,1944.2271728515625,0.0015411376953125,/tmp/franka_compare_tracking_vs_baseline/tracking/seed4/summaries/events.out.tfevents.1781292121.batch-block5-00290
tracking_loss,franka_cube_trackloss_default_b7e04f0_seed4_20260612_1042,4,379,2071.313720703125,0.0011444091796875,/tmp/franka_compare_tracking_vs_baseline/tracking/seed4/summaries/events.out.tfevents.1781292121.batch-block5-00290
tracking_loss,franka_cube_trackloss_default_b7e04f0_seed4_20260612_1042,4,380,2001.7181396484375,0.0009765625,/tmp/franka_compare_tracking_vs_baseline/tracking/seed4/summaries/events.out.tfevents.1781292121.batch-block5-00290
tracking_loss,franka_cube_trackloss_default_b7e04f0_seed4_20260612_1042,4,381,2029.498046875,0.0013275146484375,/tmp/franka_compare_tracking_vs_baseline/tracking/seed4/summaries/events.out.tfevents.1781292121.batch-block5-00290
tracking_loss,franka_cube_trackloss_default_b7e04f0_seed4_20260612_1042,4,382,2041.794189453125,0.00124359130859375,/tmp/franka_compare_tracking_vs_baseline/tracking/seed4/summaries/events.out.tfevents.1781292121.batch-block5-00290
tracking_loss,franka_cube_trackloss_default_b7e04f0_seed4_20260612_1042,4,383,2121.279541015625,0.00083160400390625,/tmp/franka_compare_tracking_vs_baseline/tracking/seed4/summaries/events.out.tfevents.1781292121.batch-block5-00290
tracking_loss,franka_cube_trackloss_default_b7e04f0_seed4_20260612_1042,4,384,2106.170654296875,0.0005950927734375,/tmp/franka_compare_tracking_vs_baseline/tracking/seed4/summaries/events.out.tfevents.1781292121.batch-block5-00290
tracking_loss,franka_cube_trackloss_default_b7e04f0_seed4_20260612_1042,4,385,2019.437744140625,0.00146484375,/tmp/franka_compare_tracking_vs_baseline/tracking/seed4/summaries/events.out.tfevents.1781292121.batch-block5-00290
tracking_loss,franka_cube_trackloss_default_b7e04f0_seed4_20260612_1042,4,386,2128.4013671875,0.00215911865234375,/tmp/franka_compare_tracking_vs_baseline/tracking/seed4/summaries/events.out.tfevents.1781292121.batch-block5-00290
tracking_loss,franka_cube_trackloss_default_b7e04f0_seed4_20260612_1042,4,387,2152.25537109375,0.00264739990234375,/tmp/franka_compare_tracking_vs_baseline/tracking/seed4/summaries/events.out.tfevents.1781292121.batch-block5-00290
tracking_loss,franka_cube_trackloss_default_b7e04f0_seed4_20260612_1042,4,388,2223.469482421875,0.00223541259765625,/tmp/franka_compare_tracking_vs_baseline/tracking/seed4/summaries/events.out.tfevents.1781292121.batch-block5-00290
tracking_loss,franka_cube_trackloss_default_b7e04f0_seed4_20260612_1042,4,389,2198.271728515625,0.001556396484375,/tmp/franka_compare_tracking_vs_baseline/tracking/seed4/summaries/events.out.tfevents.1781292121.batch-block5-00290
tracking_loss,franka_cube_trackloss_default_b7e04f0_seed4_20260612_1042,4,390,2091.741455078125,0.0018157958984375,/tmp/franka_compare_tracking_vs_baseline/tracking/seed4/summaries/events.out.tfevents.1781292121.batch-block5-00290
tracking_loss,franka_cube_trackloss_default_b7e04f0_seed4_20260612_1042,4,391,2107.9287109375,0.001617431640625,/tmp/franka_compare_tracking_vs_baseline/tracking/seed4/summaries/events.out.tfevents.1781292121.batch-block5-00290
tracking_loss,franka_cube_trackloss_default_b7e04f0_seed4_20260612_1042,4,392,2229.60107421875,0.001861572265625,/tmp/franka_compare_tracking_vs_baseline/tracking/seed4/summaries/events.out.tfevents.1781292121.batch-block5-00290
tracking_loss,franka_cube_trackloss_default_b7e04f0_seed4_20260612_1042,4,393,2245.614990234375,0.0017547607421875,/tmp/franka_compare_tracking_vs_baseline/tracking/seed4/summaries/events.out.tfevents.1781292121.batch-block5-00290
tracking_loss,franka_cube_trackloss_default_b7e04f0_seed4_20260612_1042,4,394,2235.583984375,0.0013275146484375,/tmp/franka_compare_tracking_vs_baseline/tracking/seed4/summaries/events.out.tfevents.1781292121.batch-block5-00290
tracking_loss,franka_cube_trackloss_default_b7e04f0_seed4_20260612_1042,4,395,2188.18408203125,0.0015411376953125,/tmp/franka_compare_tracking_vs_baseline/tracking/seed4/summaries/events.out.tfevents.1781292121.batch-block5-00290
tracking_loss,franka_cube_trackloss_default_b7e04f0_seed4_20260612_1042,4,396,2260.062255859375,0.001861572265625,/tmp/franka_compare_tracking_vs_baseline/tracking/seed4/summaries/events.out.tfevents.1781292121.batch-block5-00290
tracking_loss,franka_cube_trackloss_default_b7e04f0_seed4_20260612_1042,4,397,2310.308349609375,0.00142669677734375,/tmp/franka_compare_tracking_vs_baseline/tracking/seed4/summaries/events.out.tfevents.1781292121.batch-block5-00290
tracking_loss,franka_cube_trackloss_default_b7e04f0_seed4_20260612_1042,4,398,2271.84228515625,0.001373291015625,/tmp/franka_compare_tracking_vs_baseline/tracking/seed4/summaries/events.out.tfevents.1781292121.batch-block5-00290
tracking_loss,franka_cube_trackloss_default_b7e04f0_seed4_20260612_1042,4,399,2306.26220703125,0.00096893310546875,/tmp/franka_compare_tracking_vs_baseline/tracking/seed4/summaries/events.out.tfevents.1781292121.batch-block5-00290
tracking_loss,franka_cube_trackloss_default_b7e04f0_seed4_20260612_1042,4,400,2344.264404296875,0.0009765625,/tmp/franka_compare_tracking_vs_baseline/tracking/seed4/summaries/events.out.tfevents.1781292121.batch-block5-00290
tracking_loss,franka_cube_trackloss_default_b7e04f0_seed4_20260612_1042,4,401,2318.8984375,0.00090789794921875,/tmp/franka_compare_tracking_vs_baseline/tracking/seed4/summaries/events.out.tfevents.1781292121.batch-block5-00290
tracking_loss,franka_cube_trackloss_default_b7e04f0_seed4_20260612_1042,4,402,2442.95703125,0.0007476806640625,/tmp/franka_compare_tracking_vs_baseline/tracking/seed4/summaries/events.out.tfevents.1781292121.batch-block5-00290
tracking_loss,franka_cube_trackloss_default_b7e04f0_seed4_20260612_1042,4,403,2277.471435546875,0.00052642822265625,/tmp/franka_compare_tracking_vs_baseline/tracking/seed4/summaries/events.out.tfevents.1781292121.batch-block5-00290
tracking_loss,franka_cube_trackloss_default_b7e04f0_seed4_20260612_1042,4,404,2425.86865234375,0.00206756591796875,/tmp/franka_compare_tracking_vs_baseline/tracking/seed4/summaries/events.out.tfevents.1781292121.batch-block5-00290
tracking_loss,franka_cube_trackloss_default_b7e04f0_seed4_20260612_1042,4,405,2470.102783203125,0.00237274169921875,/tmp/franka_compare_tracking_vs_baseline/tracking/seed4/summaries/events.out.tfevents.1781292121.batch-block5-00290
tracking_loss,franka_cube_trackloss_default_b7e04f0_seed4_20260612_1042,4,406,2394.5986328125,0.00273895263671875,/tmp/franka_compare_tracking_vs_baseline/tracking/seed4/summaries/events.out.tfevents.1781292121.batch-block5-00290
tracking_loss,franka_cube_trackloss_default_b7e04f0_seed4_20260612_1042,4,407,2398.207763671875,0.00165557861328125,/tmp/franka_compare_tracking_vs_baseline/tracking/seed4/summaries/events.out.tfevents.1781292121.batch-block5-00290
tracking_loss,franka_cube_trackloss_default_b7e04f0_seed4_20260612_1042,4,408,2350.52392578125,0.0015716552734375,/tmp/franka_compare_tracking_vs_baseline/tracking/seed4/summaries/events.out.tfevents.1781292121.batch-block5-00290
tracking_loss,franka_cube_trackloss_default_b7e04f0_seed4_20260612_1042,4,409,2432.2490234375,0.00212860107421875,/tmp/franka_compare_tracking_vs_baseline/tracking/seed4/summaries/events.out.tfevents.1781292121.batch-block5-00290
tracking_loss,franka_cube_trackloss_default_b7e04f0_seed4_20260612_1042,4,410,2397.9990234375,0.00203704833984375,/tmp/franka_compare_tracking_vs_baseline/tracking/seed4/summaries/events.out.tfevents.1781292121.batch-block5-00290
tracking_loss,franka_cube_trackloss_default_b7e04f0_seed4_20260612_1042,4,411,2465.119384765625,0.0020904541015625,/tmp/franka_compare_tracking_vs_baseline/tracking/seed4/summaries/events.out.tfevents.1781292121.batch-block5-00290
tracking_loss,franka_cube_trackloss_default_b7e04f0_seed4_20260612_1042,4,412,2486.4609375,0.0018310546875,/tmp/franka_compare_tracking_vs_baseline/tracking/seed4/summaries/events.out.tfevents.1781292121.batch-block5-00290
tracking_loss,franka_cube_trackloss_default_b7e04f0_seed4_20260612_1042,4,413,2526.620849609375,0.00107574462890625,/tmp/franka_compare_tracking_vs_baseline/tracking/seed4/summaries/events.out.tfevents.1781292121.batch-block5-00290
tracking_loss,franka_cube_trackloss_default_b7e04f0_seed4_20260612_1042,4,414,2478.418701171875,0.00135040283203125,/tmp/franka_compare_tracking_vs_baseline/tracking/seed4/summaries/events.out.tfevents.1781292121.batch-block5-00290
tracking_loss,franka_cube_trackloss_default_b7e04f0_seed4_20260612_1042,4,415,2479.078125,0.0015869140625,/tmp/franka_compare_tracking_vs_baseline/tracking/seed4/summaries/events.out.tfevents.1781292121.batch-block5-00290
tracking_loss,franka_cube_trackloss_default_b7e04f0_seed4_20260612_1042,4,416,2524.19189453125,0.0011138916015625,/tmp/franka_compare_tracking_vs_baseline/tracking/seed4/summaries/events.out.tfevents.1781292121.batch-block5-00290
tracking_loss,franka_cube_trackloss_default_b7e04f0_seed4_20260612_1042,4,417,2510.9345703125,0.000518798828125,/tmp/franka_compare_tracking_vs_baseline/tracking/seed4/summaries/events.out.tfevents.1781292121.batch-block5-00290
tracking_loss,franka_cube_trackloss_default_b7e04f0_seed4_20260612_1042,4,418,2505.0751953125,0.00077056884765625,/tmp/franka_compare_tracking_vs_baseline/tracking/seed4/summaries/events.out.tfevents.1781292121.batch-block5-00290
tracking_loss,franka_cube_trackloss_default_b7e04f0_seed4_20260612_1042,4,419,2558.421142578125,0.0009307861328125,/tmp/franka_compare_tracking_vs_baseline/tracking/seed4/summaries/events.out.tfevents.1781292121.batch-block5-00290
tracking_loss,franka_cube_trackloss_default_b7e04f0_seed4_20260612_1042,4,420,2477.50439453125,0.0007171630859375,/tmp/franka_compare_tracking_vs_baseline/tracking/seed4/summaries/events.out.tfevents.1781292121.batch-block5-00290
tracking_loss,franka_cube_trackloss_default_b7e04f0_seed4_20260612_1042,4,421,2496.387939453125,0.0009918212890625,/tmp/franka_compare_tracking_vs_baseline/tracking/seed4/summaries/events.out.tfevents.1781292121.batch-block5-00290
tracking_loss,franka_cube_trackloss_default_b7e04f0_seed4_20260612_1042,4,422,2476.565673828125,0.00119781494140625,/tmp/franka_compare_tracking_vs_baseline/tracking/seed4/summaries/events.out.tfevents.1781292121.batch-block5-00290
tracking_loss,franka_cube_trackloss_default_b7e04f0_seed4_20260612_1042,4,423,2491.42431640625,0.00197601318359375,/tmp/franka_compare_tracking_vs_baseline/tracking/seed4/summaries/events.out.tfevents.1781292121.batch-block5-00290
tracking_loss,franka_cube_trackloss_default_b7e04f0_seed4_20260612_1042,4,424,2543.6875,0.00217437744140625,/tmp/franka_compare_tracking_vs_baseline/tracking/seed4/summaries/events.out.tfevents.1781292121.batch-block5-00290
tracking_loss,franka_cube_trackloss_default_b7e04f0_seed4_20260612_1042,4,425,2469.045166015625,0.0016632080078125,/tmp/franka_compare_tracking_vs_baseline/tracking/seed4/summaries/events.out.tfevents.1781292121.batch-block5-00290
tracking_loss,franka_cube_trackloss_default_b7e04f0_seed4_20260612_1042,4,426,2515.00537109375,0.0015716552734375,/tmp/franka_compare_tracking_vs_baseline/tracking/seed4/summaries/events.out.tfevents.1781292121.batch-block5-00290
tracking_loss,franka_cube_trackloss_default_b7e04f0_seed4_20260612_1042,4,427,2509.405517578125,0.00201416015625,/tmp/franka_compare_tracking_vs_baseline/tracking/seed4/summaries/events.out.tfevents.1781292121.batch-block5-00290
tracking_loss,franka_cube_trackloss_default_b7e04f0_seed4_20260612_1042,4,428,2535.4892578125,0.00232696533203125,/tmp/franka_compare_tracking_vs_baseline/tracking/seed4/summaries/events.out.tfevents.1781292121.batch-block5-00290
tracking_loss,franka_cube_trackloss_default_b7e04f0_seed4_20260612_1042,4,429,2528.91552734375,0.002655029296875,/tmp/franka_compare_tracking_vs_baseline/tracking/seed4/summaries/events.out.tfevents.1781292121.batch-block5-00290
tracking_loss,franka_cube_trackloss_default_b7e04f0_seed4_20260612_1042,4,430,2574.22119140625,0.00250244140625,/tmp/franka_compare_tracking_vs_baseline/tracking/seed4/summaries/events.out.tfevents.1781292121.batch-block5-00290
tracking_loss,franka_cube_trackloss_default_b7e04f0_seed4_20260612_1042,4,431,2505.6591796875,0.00228118896484375,/tmp/franka_compare_tracking_vs_baseline/tracking/seed4/summaries/events.out.tfevents.1781292121.batch-block5-00290
tracking_loss,franka_cube_trackloss_default_b7e04f0_seed4_20260612_1042,4,432,2574.3056640625,0.002288818359375,/tmp/franka_compare_tracking_vs_baseline/tracking/seed4/summaries/events.out.tfevents.1781292121.batch-block5-00290
tracking_loss,franka_cube_trackloss_default_b7e04f0_seed4_20260612_1042,4,433,2544.4814453125,0.002166748046875,/tmp/franka_compare_tracking_vs_baseline/tracking/seed4/summaries/events.out.tfevents.1781292121.batch-block5-00290
tracking_loss,franka_cube_trackloss_default_b7e04f0_seed4_20260612_1042,4,434,2577.09814453125,0.00225067138671875,/tmp/franka_compare_tracking_vs_baseline/tracking/seed4/summaries/events.out.tfevents.1781292121.batch-block5-00290
tracking_loss,franka_cube_trackloss_default_b7e04f0_seed4_20260612_1042,4,435,2530.1083984375,0.0019073486328125,/tmp/franka_compare_tracking_vs_baseline/tracking/seed4/summaries/events.out.tfevents.1781292121.batch-block5-00290
tracking_loss,franka_cube_trackloss_default_b7e04f0_seed4_20260612_1042,4,436,2608.62841796875,0.0013885498046875,/tmp/franka_compare_tracking_vs_baseline/tracking/seed4/summaries/events.out.tfevents.1781292121.batch-block5-00290
tracking_loss,franka_cube_trackloss_default_b7e04f0_seed4_20260612_1042,4,437,2644.78857421875,0.00101470947265625,/tmp/franka_compare_tracking_vs_baseline/tracking/seed4/summaries/events.out.tfevents.1781292121.batch-block5-00290
tracking_loss,franka_cube_trackloss_default_b7e04f0_seed4_20260612_1042,4,438,2576.32861328125,0.0009765625,/tmp/franka_compare_tracking_vs_baseline/tracking/seed4/summaries/events.out.tfevents.1781292121.batch-block5-00290
tracking_loss,franka_cube_trackloss_default_b7e04f0_seed4_20260612_1042,4,439,2579.51513671875,0.0011138916015625,/tmp/franka_compare_tracking_vs_baseline/tracking/seed4/summaries/events.out.tfevents.1781292121.batch-block5-00290
tracking_loss,franka_cube_trackloss_default_b7e04f0_seed4_20260612_1042,4,440,2514.115478515625,0.00203704833984375,/tmp/franka_compare_tracking_vs_baseline/tracking/seed4/summaries/events.out.tfevents.1781292121.batch-block5-00290
tracking_loss,franka_cube_trackloss_default_b7e04f0_seed4_20260612_1042,4,441,2515.39306640625,0.002471923828125,/tmp/franka_compare_tracking_vs_baseline/tracking/seed4/summaries/events.out.tfevents.1781292121.batch-block5-00290
tracking_loss,franka_cube_trackloss_default_b7e04f0_seed4_20260612_1042,4,442,2521.47412109375,0.002532958984375,/tmp/franka_compare_tracking_vs_baseline/tracking/seed4/summaries/events.out.tfevents.1781292121.batch-block5-00290
tracking_loss,franka_cube_trackloss_default_b7e04f0_seed4_20260612_1042,4,443,2481.28466796875,0.00232696533203125,/tmp/franka_compare_tracking_vs_baseline/tracking/seed4/summaries/events.out.tfevents.1781292121.batch-block5-00290
tracking_loss,franka_cube_trackloss_default_b7e04f0_seed4_20260612_1042,4,444,2512.509033203125,0.00237274169921875,/tmp/franka_compare_tracking_vs_baseline/tracking/seed4/summaries/events.out.tfevents.1781292121.batch-block5-00290
tracking_loss,franka_cube_trackloss_default_b7e04f0_seed4_20260612_1042,4,445,2465.193359375,0.002166748046875,/tmp/franka_compare_tracking_vs_baseline/tracking/seed4/summaries/events.out.tfevents.1781292121.batch-block5-00290
tracking_loss,franka_cube_trackloss_default_b7e04f0_seed4_20260612_1042,4,446,2470.888427734375,0.001953125,/tmp/franka_compare_tracking_vs_baseline/tracking/seed4/summaries/events.out.tfevents.1781292121.batch-block5-00290
tracking_loss,franka_cube_trackloss_default_b7e04f0_seed4_20260612_1042,4,447,2562.203369140625,0.00177764892578125,/tmp/franka_compare_tracking_vs_baseline/tracking/seed4/summaries/events.out.tfevents.1781292121.batch-block5-00290
tracking_loss,franka_cube_trackloss_default_b7e04f0_seed4_20260612_1042,4,448,2601.764892578125,0.0019989013671875,/tmp/franka_compare_tracking_vs_baseline/tracking/seed4/summaries/events.out.tfevents.1781292121.batch-block5-00290
tracking_loss,franka_cube_trackloss_default_b7e04f0_seed4_20260612_1042,4,449,2585.97216796875,0.0019378662109375,/tmp/franka_compare_tracking_vs_baseline/tracking/seed4/summaries/events.out.tfevents.1781292121.batch-block5-00290
tracking_loss,franka_cube_trackloss_default_b7e04f0_seed4_20260612_1042,4,450,2548.420654296875,0.002166748046875,/tmp/franka_compare_tracking_vs_baseline/tracking/seed4/summaries/events.out.tfevents.1781292121.batch-block5-00290
tracking_loss,franka_cube_trackloss_default_b7e04f0_seed4_20260612_1042,4,451,2505.318359375,0.00171661376953125,/tmp/franka_compare_tracking_vs_baseline/tracking/seed4/summaries/events.out.tfevents.1781292121.batch-block5-00290
tracking_loss,franka_cube_trackloss_default_b7e04f0_seed4_20260612_1042,4,452,2499.07080078125,0.00160980224609375,/tmp/franka_compare_tracking_vs_baseline/tracking/seed4/summaries/events.out.tfevents.1781292121.batch-block5-00290
tracking_loss,franka_cube_trackloss_default_b7e04f0_seed4_20260612_1042,4,453,2409.354736328125,0.00173187255859375,/tmp/franka_compare_tracking_vs_baseline/tracking/seed4/summaries/events.out.tfevents.1781292121.batch-block5-00290
tracking_loss,franka_cube_trackloss_default_b7e04f0_seed4_20260612_1042,4,454,2465.18798828125,0.00215911865234375,/tmp/franka_compare_tracking_vs_baseline/tracking/seed4/summaries/events.out.tfevents.1781292121.batch-block5-00290
tracking_loss,franka_cube_trackloss_default_b7e04f0_seed4_20260612_1042,4,455,2524.767822265625,0.00200653076171875,/tmp/franka_compare_tracking_vs_baseline/tracking/seed4/summaries/events.out.tfevents.1781292121.batch-block5-00290
tracking_loss,franka_cube_trackloss_default_b7e04f0_seed4_20260612_1042,4,456,2566.065673828125,0.00203704833984375,/tmp/franka_compare_tracking_vs_baseline/tracking/seed4/summaries/events.out.tfevents.1781292121.batch-block5-00290
tracking_loss,franka_cube_trackloss_default_b7e04f0_seed4_20260612_1042,4,457,2573.597412109375,0.00171661376953125,/tmp/franka_compare_tracking_vs_baseline/tracking/seed4/summaries/events.out.tfevents.1781292121.batch-block5-00290
tracking_loss,franka_cube_trackloss_default_b7e04f0_seed4_20260612_1042,4,458,2566.056396484375,0.00078582763671875,/tmp/franka_compare_tracking_vs_baseline/tracking/seed4/summaries/events.out.tfevents.1781292121.batch-block5-00290
tracking_loss,franka_cube_trackloss_default_b7e04f0_seed4_20260612_1042,4,459,2471.190185546875,0.0005035400390625,/tmp/franka_compare_tracking_vs_baseline/tracking/seed4/summaries/events.out.tfevents.1781292121.batch-block5-00290
tracking_loss,franka_cube_trackloss_default_b7e04f0_seed4_20260612_1042,4,460,2470.389892578125,0.00131988525390625,/tmp/franka_compare_tracking_vs_baseline/tracking/seed4/summaries/events.out.tfevents.1781292121.batch-block5-00290
tracking_loss,franka_cube_trackloss_default_b7e04f0_seed4_20260612_1042,4,461,2516.37353515625,0.0020904541015625,/tmp/franka_compare_tracking_vs_baseline/tracking/seed4/summaries/events.out.tfevents.1781292121.batch-block5-00290
tracking_loss,franka_cube_trackloss_default_b7e04f0_seed4_20260612_1042,4,462,2517.233642578125,0.002197265625,/tmp/franka_compare_tracking_vs_baseline/tracking/seed4/summaries/events.out.tfevents.1781292121.batch-block5-00290
tracking_loss,franka_cube_trackloss_default_b7e04f0_seed4_20260612_1042,4,463,2550.409423828125,0.00238037109375,/tmp/franka_compare_tracking_vs_baseline/tracking/seed4/summaries/events.out.tfevents.1781292121.batch-block5-00290
tracking_loss,franka_cube_trackloss_default_b7e04f0_seed4_20260612_1042,4,464,2592.77685546875,0.00183868408203125,/tmp/franka_compare_tracking_vs_baseline/tracking/seed4/summaries/events.out.tfevents.1781292121.batch-block5-00290
tracking_loss,franka_cube_trackloss_default_b7e04f0_seed4_20260612_1042,4,465,2542.001708984375,0.00156402587890625,/tmp/franka_compare_tracking_vs_baseline/tracking/seed4/summaries/events.out.tfevents.1781292121.batch-block5-00290
tracking_loss,franka_cube_trackloss_default_b7e04f0_seed4_20260612_1042,4,466,2452.077392578125,0.0016632080078125,/tmp/franka_compare_tracking_vs_baseline/tracking/seed4/summaries/events.out.tfevents.1781292121.batch-block5-00290
tracking_loss,franka_cube_trackloss_default_b7e04f0_seed4_20260612_1042,4,467,2454.37060546875,0.0014801025390625,/tmp/franka_compare_tracking_vs_baseline/tracking/seed4/summaries/events.out.tfevents.1781292121.batch-block5-00290
tracking_loss,franka_cube_trackloss_default_b7e04f0_seed4_20260612_1042,4,468,2542.8408203125,0.00098419189453125,/tmp/franka_compare_tracking_vs_baseline/tracking/seed4/summaries/events.out.tfevents.1781292121.batch-block5-00290
tracking_loss,franka_cube_trackloss_default_b7e04f0_seed4_20260612_1042,4,469,2553.19677734375,0.0009613037109375,/tmp/franka_compare_tracking_vs_baseline/tracking/seed4/summaries/events.out.tfevents.1781292121.batch-block5-00290
tracking_loss,franka_cube_trackloss_default_b7e04f0_seed4_20260612_1042,4,470,2461.30029296875,0.00162506103515625,/tmp/franka_compare_tracking_vs_baseline/tracking/seed4/summaries/events.out.tfevents.1781292121.batch-block5-00290
tracking_loss,franka_cube_trackloss_default_b7e04f0_seed4_20260612_1042,4,471,2562.9892578125,0.002227783203125,/tmp/franka_compare_tracking_vs_baseline/tracking/seed4/summaries/events.out.tfevents.1781292121.batch-block5-00290
tracking_loss,franka_cube_trackloss_default_b7e04f0_seed4_20260612_1042,4,472,2547.053466796875,0.0022430419921875,/tmp/franka_compare_tracking_vs_baseline/tracking/seed4/summaries/events.out.tfevents.1781292121.batch-block5-00290
tracking_loss,franka_cube_trackloss_default_b7e04f0_seed4_20260612_1042,4,473,2557.946533203125,0.002777099609375,/tmp/franka_compare_tracking_vs_baseline/tracking/seed4/summaries/events.out.tfevents.1781292121.batch-block5-00290
tracking_loss,franka_cube_trackloss_default_b7e04f0_seed4_20260612_1042,4,474,2545.23486328125,0.0026702880859375,/tmp/franka_compare_tracking_vs_baseline/tracking/seed4/summaries/events.out.tfevents.1781292121.batch-block5-00290
tracking_loss,franka_cube_trackloss_default_b7e04f0_seed4_20260612_1042,4,475,2552.135498046875,0.0022430419921875,/tmp/franka_compare_tracking_vs_baseline/tracking/seed4/summaries/events.out.tfevents.1781292121.batch-block5-00290
tracking_loss,franka_cube_trackloss_default_b7e04f0_seed4_20260612_1042,4,476,2548.92626953125,0.00165557861328125,/tmp/franka_compare_tracking_vs_baseline/tracking/seed4/summaries/events.out.tfevents.1781292121.batch-block5-00290
tracking_loss,franka_cube_trackloss_default_b7e04f0_seed4_20260612_1042,4,477,2526.84033203125,0.00164031982421875,/tmp/franka_compare_tracking_vs_baseline/tracking/seed4/summaries/events.out.tfevents.1781292121.batch-block5-00290
tracking_loss,franka_cube_trackloss_default_b7e04f0_seed4_20260612_1042,4,478,2500.039306640625,0.0022430419921875,/tmp/franka_compare_tracking_vs_baseline/tracking/seed4/summaries/events.out.tfevents.1781292121.batch-block5-00290
tracking_loss,franka_cube_trackloss_default_b7e04f0_seed4_20260612_1042,4,479,2560.117431640625,0.0023956298828125,/tmp/franka_compare_tracking_vs_baseline/tracking/seed4/summaries/events.out.tfevents.1781292121.batch-block5-00290
tracking_loss,franka_cube_trackloss_default_b7e04f0_seed4_20260612_1042,4,480,2593.599365234375,0.00243377685546875,/tmp/franka_compare_tracking_vs_baseline/tracking/seed4/summaries/events.out.tfevents.1781292121.batch-block5-00290
tracking_loss,franka_cube_trackloss_default_b7e04f0_seed4_20260612_1042,4,481,2489.775146484375,0.0023956298828125,/tmp/franka_compare_tracking_vs_baseline/tracking/seed4/summaries/events.out.tfevents.1781292121.batch-block5-00290
tracking_loss,franka_cube_trackloss_default_b7e04f0_seed4_20260612_1042,4,482,2567.281005859375,0.0016937255859375,/tmp/franka_compare_tracking_vs_baseline/tracking/seed4/summaries/events.out.tfevents.1781292121.batch-block5-00290
tracking_loss,franka_cube_trackloss_default_b7e04f0_seed4_20260612_1042,4,483,2505.6328125,0.00189208984375,/tmp/franka_compare_tracking_vs_baseline/tracking/seed4/summaries/events.out.tfevents.1781292121.batch-block5-00290
tracking_loss,franka_cube_trackloss_default_b7e04f0_seed4_20260612_1042,4,484,2506.88232421875,0.0020751953125,/tmp/franka_compare_tracking_vs_baseline/tracking/seed4/summaries/events.out.tfevents.1781292121.batch-block5-00290
tracking_loss,franka_cube_trackloss_default_b7e04f0_seed4_20260612_1042,4,485,2445.227783203125,0.0018310546875,/tmp/franka_compare_tracking_vs_baseline/tracking/seed4/summaries/events.out.tfevents.1781292121.batch-block5-00290
tracking_loss,franka_cube_trackloss_default_b7e04f0_seed4_20260612_1042,4,486,2542.6572265625,0.00194549560546875,/tmp/franka_compare_tracking_vs_baseline/tracking/seed4/summaries/events.out.tfevents.1781292121.batch-block5-00290
tracking_loss,franka_cube_trackloss_default_b7e04f0_seed4_20260612_1042,4,487,2541.135986328125,0.00130462646484375,/tmp/franka_compare_tracking_vs_baseline/tracking/seed4/summaries/events.out.tfevents.1781292121.batch-block5-00290
tracking_loss,franka_cube_trackloss_default_b7e04f0_seed4_20260612_1042,4,488,2388.582275390625,0.00186920166015625,/tmp/franka_compare_tracking_vs_baseline/tracking/seed4/summaries/events.out.tfevents.1781292121.batch-block5-00290
tracking_loss,franka_cube_trackloss_default_b7e04f0_seed4_20260612_1042,4,489,2488.386474609375,0.00260162353515625,/tmp/franka_compare_tracking_vs_baseline/tracking/seed4/summaries/events.out.tfevents.1781292121.batch-block5-00290
tracking_loss,franka_cube_trackloss_default_b7e04f0_seed4_20260612_1042,4,490,2538.9951171875,0.00347900390625,/tmp/franka_compare_tracking_vs_baseline/tracking/seed4/summaries/events.out.tfevents.1781292121.batch-block5-00290
tracking_loss,franka_cube_trackloss_default_b7e04f0_seed4_20260612_1042,4,491,2512.678955078125,0.0030059814453125,/tmp/franka_compare_tracking_vs_baseline/tracking/seed4/summaries/events.out.tfevents.1781292121.batch-block5-00290
tracking_loss,franka_cube_trackloss_default_b7e04f0_seed4_20260612_1042,4,492,2479.980712890625,0.0024566650390625,/tmp/franka_compare_tracking_vs_baseline/tracking/seed4/summaries/events.out.tfevents.1781292121.batch-block5-00290
tracking_loss,franka_cube_trackloss_default_b7e04f0_seed4_20260612_1042,4,493,2636.685791015625,0.0021209716796875,/tmp/franka_compare_tracking_vs_baseline/tracking/seed4/summaries/events.out.tfevents.1781292121.batch-block5-00290
tracking_loss,franka_cube_trackloss_default_b7e04f0_seed4_20260612_1042,4,494,2564.2978515625,0.0018768310546875,/tmp/franka_compare_tracking_vs_baseline/tracking/seed4/summaries/events.out.tfevents.1781292121.batch-block5-00290
tracking_loss,franka_cube_trackloss_default_b7e04f0_seed4_20260612_1042,4,495,2500.95849609375,0.0018768310546875,/tmp/franka_compare_tracking_vs_baseline/tracking/seed4/summaries/events.out.tfevents.1781292121.batch-block5-00290
tracking_loss,franka_cube_trackloss_default_b7e04f0_seed4_20260612_1042,4,496,2445.5322265625,0.00162506103515625,/tmp/franka_compare_tracking_vs_baseline/tracking/seed4/summaries/events.out.tfevents.1781292121.batch-block5-00290
tracking_loss,franka_cube_trackloss_default_b7e04f0_seed4_20260612_1042,4,497,2496.9140625,0.00141143798828125,/tmp/franka_compare_tracking_vs_baseline/tracking/seed4/summaries/events.out.tfevents.1781292121.batch-block5-00290
tracking_loss,franka_cube_trackloss_default_b7e04f0_seed4_20260612_1042,4,498,2534.10595703125,0.00180816650390625,/tmp/franka_compare_tracking_vs_baseline/tracking/seed4/summaries/events.out.tfevents.1781292121.batch-block5-00290
tracking_loss,franka_cube_trackloss_default_b7e04f0_seed4_20260612_1042,4,499,2484.845458984375,0.00225830078125,/tmp/franka_compare_tracking_vs_baseline/tracking/seed4/summaries/events.out.tfevents.1781292121.batch-block5-00290
tracking_loss,franka_cube_trackloss_default_b7e04f0_seed4_20260612_1042,4,500,2521.6533203125,0.0028076171875,/tmp/franka_compare_tracking_vs_baseline/tracking/seed4/summaries/events.out.tfevents.1781292121.batch-block5-00290
tracking_loss,franka_cube_trackloss_default_b7e04f0_seed4_20260612_1042,4,501,2504.61083984375,0.00191497802734375,/tmp/franka_compare_tracking_vs_baseline/tracking/seed4/summaries/events.out.tfevents.1781292121.batch-block5-00290
tracking_loss,franka_cube_trackloss_default_b7e04f0_seed4_20260612_1042,4,502,2550.1669921875,0.00164031982421875,/tmp/franka_compare_tracking_vs_baseline/tracking/seed4/summaries/events.out.tfevents.1781292121.batch-block5-00290
tracking_loss,franka_cube_trackloss_default_b7e04f0_seed4_20260612_1042,4,503,2618.845947265625,0.00138092041015625,/tmp/franka_compare_tracking_vs_baseline/tracking/seed4/summaries/events.out.tfevents.1781292121.batch-block5-00290
tracking_loss,franka_cube_trackloss_default_b7e04f0_seed4_20260612_1042,4,504,2555.730712890625,0.00167083740234375,/tmp/franka_compare_tracking_vs_baseline/tracking/seed4/summaries/events.out.tfevents.1781292121.batch-block5-00290
tracking_loss,franka_cube_trackloss_default_b7e04f0_seed4_20260612_1042,4,505,2508.3720703125,0.0016021728515625,/tmp/franka_compare_tracking_vs_baseline/tracking/seed4/summaries/events.out.tfevents.1781292121.batch-block5-00290
tracking_loss,franka_cube_trackloss_default_b7e04f0_seed4_20260612_1042,4,506,2423.417236328125,0.00142669677734375,/tmp/franka_compare_tracking_vs_baseline/tracking/seed4/summaries/events.out.tfevents.1781292121.batch-block5-00290
tracking_loss,franka_cube_trackloss_default_b7e04f0_seed4_20260612_1042,4,507,2436.917236328125,0.0030670166015625,/tmp/franka_compare_tracking_vs_baseline/tracking/seed4/summaries/events.out.tfevents.1781292121.batch-block5-00290
tracking_loss,franka_cube_trackloss_default_b7e04f0_seed4_20260612_1042,4,508,2494.676513671875,0.00402069091796875,/tmp/franka_compare_tracking_vs_baseline/tracking/seed4/summaries/events.out.tfevents.1781292121.batch-block5-00290
tracking_loss,franka_cube_trackloss_default_b7e04f0_seed4_20260612_1042,4,509,2538.93798828125,0.0045623779296875,/tmp/franka_compare_tracking_vs_baseline/tracking/seed4/summaries/events.out.tfevents.1781292121.batch-block5-00290
tracking_loss,franka_cube_trackloss_default_b7e04f0_seed4_20260612_1042,4,510,2544.384765625,0.00397491455078125,/tmp/franka_compare_tracking_vs_baseline/tracking/seed4/summaries/events.out.tfevents.1781292121.batch-block5-00290
tracking_loss,franka_cube_trackloss_default_b7e04f0_seed4_20260612_1042,4,511,2588.85888671875,0.00188446044921875,/tmp/franka_compare_tracking_vs_baseline/tracking/seed4/summaries/events.out.tfevents.1781292121.batch-block5-00290
tracking_loss,franka_cube_trackloss_default_b7e04f0_seed4_20260612_1042,4,512,2543.54833984375,0.001495361328125,/tmp/franka_compare_tracking_vs_baseline/tracking/seed4/summaries/events.out.tfevents.1781292121.batch-block5-00290
tracking_loss,franka_cube_trackloss_default_b7e04f0_seed4_20260612_1042,4,513,2584.30078125,0.00159454345703125,/tmp/franka_compare_tracking_vs_baseline/tracking/seed4/summaries/events.out.tfevents.1781292121.batch-block5-00290
tracking_loss,franka_cube_trackloss_default_b7e04f0_seed4_20260612_1042,4,514,2593.416015625,0.00122833251953125,/tmp/franka_compare_tracking_vs_baseline/tracking/seed4/summaries/events.out.tfevents.1781292121.batch-block5-00290
tracking_loss,franka_cube_trackloss_default_b7e04f0_seed4_20260612_1042,4,515,2600.2431640625,0.0011749267578125,/tmp/franka_compare_tracking_vs_baseline/tracking/seed4/summaries/events.out.tfevents.1781292121.batch-block5-00290
tracking_loss,franka_cube_trackloss_default_b7e04f0_seed4_20260612_1042,4,516,2627.9150390625,0.001373291015625,/tmp/franka_compare_tracking_vs_baseline/tracking/seed4/summaries/events.out.tfevents.1781292121.batch-block5-00290
tracking_loss,franka_cube_trackloss_default_b7e04f0_seed4_20260612_1042,4,517,2486.89892578125,0.00156402587890625,/tmp/franka_compare_tracking_vs_baseline/tracking/seed4/summaries/events.out.tfevents.1781292121.batch-block5-00290
tracking_loss,franka_cube_trackloss_default_b7e04f0_seed4_20260612_1042,4,518,2481.859375,0.00201416015625,/tmp/franka_compare_tracking_vs_baseline/tracking/seed4/summaries/events.out.tfevents.1781292121.batch-block5-00290
tracking_loss,franka_cube_trackloss_default_b7e04f0_seed4_20260612_1042,4,519,2541.686279296875,0.0019378662109375,/tmp/franka_compare_tracking_vs_baseline/tracking/seed4/summaries/events.out.tfevents.1781292121.batch-block5-00290
tracking_loss,franka_cube_trackloss_default_b7e04f0_seed4_20260612_1042,4,520,2570.05810546875,0.0015411376953125,/tmp/franka_compare_tracking_vs_baseline/tracking/seed4/summaries/events.out.tfevents.1781292121.batch-block5-00290
tracking_loss,franka_cube_trackloss_default_b7e04f0_seed4_20260612_1042,4,521,2620.93310546875,0.0015716552734375,/tmp/franka_compare_tracking_vs_baseline/tracking/seed4/summaries/events.out.tfevents.1781292121.batch-block5-00290
tracking_loss,franka_cube_trackloss_default_b7e04f0_seed4_20260612_1042,4,522,2488.47607421875,0.0012664794921875,/tmp/franka_compare_tracking_vs_baseline/tracking/seed4/summaries/events.out.tfevents.1781292121.batch-block5-00290
tracking_loss,franka_cube_trackloss_default_b7e04f0_seed4_20260612_1042,4,523,2586.09765625,0.00106048583984375,/tmp/franka_compare_tracking_vs_baseline/tracking/seed4/summaries/events.out.tfevents.1781292121.batch-block5-00290
tracking_loss,franka_cube_trackloss_default_b7e04f0_seed4_20260612_1042,4,524,2581.093017578125,0.0014190673828125,/tmp/franka_compare_tracking_vs_baseline/tracking/seed4/summaries/events.out.tfevents.1781292121.batch-block5-00290
tracking_loss,franka_cube_trackloss_default_b7e04f0_seed4_20260612_1042,4,525,2487.420654296875,0.00147247314453125,/tmp/franka_compare_tracking_vs_baseline/tracking/seed4/summaries/events.out.tfevents.1781292121.batch-block5-00290
tracking_loss,franka_cube_trackloss_default_b7e04f0_seed4_20260612_1042,4,526,2472.88330078125,0.00237274169921875,/tmp/franka_compare_tracking_vs_baseline/tracking/seed4/summaries/events.out.tfevents.1781292121.batch-block5-00290
tracking_loss,franka_cube_trackloss_default_b7e04f0_seed4_20260612_1042,4,527,2515.9921875,0.00267791748046875,/tmp/franka_compare_tracking_vs_baseline/tracking/seed4/summaries/events.out.tfevents.1781292121.batch-block5-00290
tracking_loss,franka_cube_trackloss_default_b7e04f0_seed4_20260612_1042,4,528,2489.112548828125,0.00249481201171875,/tmp/franka_compare_tracking_vs_baseline/tracking/seed4/summaries/events.out.tfevents.1781292121.batch-block5-00290
tracking_loss,franka_cube_trackloss_default_b7e04f0_seed4_20260612_1042,4,529,2495.560791015625,0.00220489501953125,/tmp/franka_compare_tracking_vs_baseline/tracking/seed4/summaries/events.out.tfevents.1781292121.batch-block5-00290
tracking_loss,franka_cube_trackloss_default_b7e04f0_seed4_20260612_1042,4,530,2575.361083984375,0.001678466796875,/tmp/franka_compare_tracking_vs_baseline/tracking/seed4/summaries/events.out.tfevents.1781292121.batch-block5-00290
tracking_loss,franka_cube_trackloss_default_b7e04f0_seed4_20260612_1042,4,531,2511.41015625,0.00131988525390625,/tmp/franka_compare_tracking_vs_baseline/tracking/seed4/summaries/events.out.tfevents.1781292121.batch-block5-00290
tracking_loss,franka_cube_trackloss_default_b7e04f0_seed4_20260612_1042,4,532,2568.329833984375,0.00146484375,/tmp/franka_compare_tracking_vs_baseline/tracking/seed4/summaries/events.out.tfevents.1781292121.batch-block5-00290
tracking_loss,franka_cube_trackloss_default_b7e04f0_seed4_20260612_1042,4,533,2603.984375,0.001007080078125,/tmp/franka_compare_tracking_vs_baseline/tracking/seed4/summaries/events.out.tfevents.1781292121.batch-block5-00290
tracking_loss,franka_cube_trackloss_default_b7e04f0_seed4_20260612_1042,4,534,2562.24560546875,0.0009002685546875,/tmp/franka_compare_tracking_vs_baseline/tracking/seed4/summaries/events.out.tfevents.1781292121.batch-block5-00290
tracking_loss,franka_cube_trackloss_default_b7e04f0_seed4_20260612_1042,4,535,2470.72021484375,0.00153350830078125,/tmp/franka_compare_tracking_vs_baseline/tracking/seed4/summaries/events.out.tfevents.1781292121.batch-block5-00290
tracking_loss,franka_cube_trackloss_default_b7e04f0_seed4_20260612_1042,4,536,2474.09765625,0.0027618408203125,/tmp/franka_compare_tracking_vs_baseline/tracking/seed4/summaries/events.out.tfevents.1781292121.batch-block5-00290
tracking_loss,franka_cube_trackloss_default_b7e04f0_seed4_20260612_1042,4,537,2499.70458984375,0.0037689208984375,/tmp/franka_compare_tracking_vs_baseline/tracking/seed4/summaries/events.out.tfevents.1781292121.batch-block5-00290
tracking_loss,franka_cube_trackloss_default_b7e04f0_seed4_20260612_1042,4,538,2508.489990234375,0.00360107421875,/tmp/franka_compare_tracking_vs_baseline/tracking/seed4/summaries/events.out.tfevents.1781292121.batch-block5-00290
tracking_loss,franka_cube_trackloss_default_b7e04f0_seed4_20260612_1042,4,539,2587.94873046875,0.0029144287109375,/tmp/franka_compare_tracking_vs_baseline/tracking/seed4/summaries/events.out.tfevents.1781292121.batch-block5-00290
tracking_loss,franka_cube_trackloss_default_b7e04f0_seed4_20260612_1042,4,540,2596.460205078125,0.00191497802734375,/tmp/franka_compare_tracking_vs_baseline/tracking/seed4/summaries/events.out.tfevents.1781292121.batch-block5-00290
tracking_loss,franka_cube_trackloss_default_b7e04f0_seed4_20260612_1042,4,541,2572.501708984375,0.00140380859375,/tmp/franka_compare_tracking_vs_baseline/tracking/seed4/summaries/events.out.tfevents.1781292121.batch-block5-00290
tracking_loss,franka_cube_trackloss_default_b7e04f0_seed4_20260612_1042,4,542,2501.798583984375,0.00203704833984375,/tmp/franka_compare_tracking_vs_baseline/tracking/seed4/summaries/events.out.tfevents.1781292121.batch-block5-00290
tracking_loss,franka_cube_trackloss_default_b7e04f0_seed4_20260612_1042,4,543,2544.82763671875,0.00257110595703125,/tmp/franka_compare_tracking_vs_baseline/tracking/seed4/summaries/events.out.tfevents.1781292121.batch-block5-00290
tracking_loss,franka_cube_trackloss_default_b7e04f0_seed4_20260612_1042,4,544,2541.7744140625,0.00272369384765625,/tmp/franka_compare_tracking_vs_baseline/tracking/seed4/summaries/events.out.tfevents.1781292121.batch-block5-00290
tracking_loss,franka_cube_trackloss_default_b7e04f0_seed4_20260612_1042,4,545,2558.71240234375,0.0040283203125,/tmp/franka_compare_tracking_vs_baseline/tracking/seed4/summaries/events.out.tfevents.1781292121.batch-block5-00290
tracking_loss,franka_cube_trackloss_default_b7e04f0_seed4_20260612_1042,4,546,2531.845703125,0.00438690185546875,/tmp/franka_compare_tracking_vs_baseline/tracking/seed4/summaries/events.out.tfevents.1781292121.batch-block5-00290
tracking_loss,franka_cube_trackloss_default_b7e04f0_seed4_20260612_1042,4,547,2498.1689453125,0.0045013427734375,/tmp/franka_compare_tracking_vs_baseline/tracking/seed4/summaries/events.out.tfevents.1781292121.batch-block5-00290
tracking_loss,franka_cube_trackloss_default_b7e04f0_seed4_20260612_1042,4,548,2565.130615234375,0.00414276123046875,/tmp/franka_compare_tracking_vs_baseline/tracking/seed4/summaries/events.out.tfevents.1781292121.batch-block5-00290
tracking_loss,franka_cube_trackloss_default_b7e04f0_seed4_20260612_1042,4,549,2542.18701171875,0.0028076171875,/tmp/franka_compare_tracking_vs_baseline/tracking/seed4/summaries/events.out.tfevents.1781292121.batch-block5-00290
tracking_loss,franka_cube_trackloss_default_b7e04f0_seed4_20260612_1042,4,550,2637.73583984375,0.00276947021484375,/tmp/franka_compare_tracking_vs_baseline/tracking/seed4/summaries/events.out.tfevents.1781292121.batch-block5-00290
tracking_loss,franka_cube_trackloss_default_b7e04f0_seed4_20260612_1042,4,551,2537.6728515625,0.0020294189453125,/tmp/franka_compare_tracking_vs_baseline/tracking/seed4/summaries/events.out.tfevents.1781292121.batch-block5-00290
tracking_loss,franka_cube_trackloss_default_b7e04f0_seed4_20260612_1042,4,552,2586.64599609375,0.0016326904296875,/tmp/franka_compare_tracking_vs_baseline/tracking/seed4/summaries/events.out.tfevents.1781292121.batch-block5-00290
tracking_loss,franka_cube_trackloss_default_b7e04f0_seed4_20260612_1042,4,553,2396.307373046875,0.00212860107421875,/tmp/franka_compare_tracking_vs_baseline/tracking/seed4/summaries/events.out.tfevents.1781292121.batch-block5-00290
tracking_loss,franka_cube_trackloss_default_b7e04f0_seed4_20260612_1042,4,554,2488.576904296875,0.0027313232421875,/tmp/franka_compare_tracking_vs_baseline/tracking/seed4/summaries/events.out.tfevents.1781292121.batch-block5-00290
tracking_loss,franka_cube_trackloss_default_b7e04f0_seed4_20260612_1042,4,555,2446.137451171875,0.0036163330078125,/tmp/franka_compare_tracking_vs_baseline/tracking/seed4/summaries/events.out.tfevents.1781292121.batch-block5-00290
tracking_loss,franka_cube_trackloss_default_b7e04f0_seed4_20260612_1042,4,556,2503.57763671875,0.00374603271484375,/tmp/franka_compare_tracking_vs_baseline/tracking/seed4/summaries/events.out.tfevents.1781292121.batch-block5-00290
tracking_loss,franka_cube_trackloss_default_b7e04f0_seed4_20260612_1042,4,557,2440.76904296875,0.00228118896484375,/tmp/franka_compare_tracking_vs_baseline/tracking/seed4/summaries/events.out.tfevents.1781292121.batch-block5-00290
tracking_loss,franka_cube_trackloss_default_b7e04f0_seed4_20260612_1042,4,558,2477.846923828125,0.002471923828125,/tmp/franka_compare_tracking_vs_baseline/tracking/seed4/summaries/events.out.tfevents.1781292121.batch-block5-00290
tracking_loss,franka_cube_trackloss_default_b7e04f0_seed4_20260612_1042,4,559,2576.742919921875,0.001800537109375,/tmp/franka_compare_tracking_vs_baseline/tracking/seed4/summaries/events.out.tfevents.1781292121.batch-block5-00290
tracking_loss,franka_cube_trackloss_default_b7e04f0_seed4_20260612_1042,4,560,2556.989990234375,0.00189208984375,/tmp/franka_compare_tracking_vs_baseline/tracking/seed4/summaries/events.out.tfevents.1781292121.batch-block5-00290
tracking_loss,franka_cube_trackloss_default_b7e04f0_seed4_20260612_1042,4,561,2617.46484375,0.00165557861328125,/tmp/franka_compare_tracking_vs_baseline/tracking/seed4/summaries/events.out.tfevents.1781292121.batch-block5-00290
tracking_loss,franka_cube_trackloss_default_b7e04f0_seed4_20260612_1042,4,562,2449.52978515625,0.001068115234375,/tmp/franka_compare_tracking_vs_baseline/tracking/seed4/summaries/events.out.tfevents.1781292121.batch-block5-00290
tracking_loss,franka_cube_trackloss_default_b7e04f0_seed4_20260612_1042,4,563,2490.06103515625,0.0019989013671875,/tmp/franka_compare_tracking_vs_baseline/tracking/seed4/summaries/events.out.tfevents.1781292121.batch-block5-00290
tracking_loss,franka_cube_trackloss_default_b7e04f0_seed4_20260612_1042,4,564,2425.2041015625,0.0030059814453125,/tmp/franka_compare_tracking_vs_baseline/tracking/seed4/summaries/events.out.tfevents.1781292121.batch-block5-00290
tracking_loss,franka_cube_trackloss_default_b7e04f0_seed4_20260612_1042,4,565,2432.7822265625,0.00347137451171875,/tmp/franka_compare_tracking_vs_baseline/tracking/seed4/summaries/events.out.tfevents.1781292121.batch-block5-00290
tracking_loss,franka_cube_trackloss_default_b7e04f0_seed4_20260612_1042,4,566,2426.5126953125,0.0024261474609375,/tmp/franka_compare_tracking_vs_baseline/tracking/seed4/summaries/events.out.tfevents.1781292121.batch-block5-00290
tracking_loss,franka_cube_trackloss_default_b7e04f0_seed4_20260612_1042,4,567,2404.028076171875,0.00199127197265625,/tmp/franka_compare_tracking_vs_baseline/tracking/seed4/summaries/events.out.tfevents.1781292121.batch-block5-00290
tracking_loss,franka_cube_trackloss_default_b7e04f0_seed4_20260612_1042,4,568,2486.98974609375,0.00200653076171875,/tmp/franka_compare_tracking_vs_baseline/tracking/seed4/summaries/events.out.tfevents.1781292121.batch-block5-00290
tracking_loss,franka_cube_trackloss_default_b7e04f0_seed4_20260612_1042,4,569,2486.692626953125,0.00209808349609375,/tmp/franka_compare_tracking_vs_baseline/tracking/seed4/summaries/events.out.tfevents.1781292121.batch-block5-00290
tracking_loss,franka_cube_trackloss_default_b7e04f0_seed4_20260612_1042,4,570,2501.61767578125,0.00260162353515625,/tmp/franka_compare_tracking_vs_baseline/tracking/seed4/summaries/events.out.tfevents.1781292121.batch-block5-00290
tracking_loss,franka_cube_trackloss_default_b7e04f0_seed4_20260612_1042,4,571,2576.7080078125,0.002716064453125,/tmp/franka_compare_tracking_vs_baseline/tracking/seed4/summaries/events.out.tfevents.1781292121.batch-block5-00290
tracking_loss,franka_cube_trackloss_default_b7e04f0_seed4_20260612_1042,4,572,2508.905029296875,0.00254058837890625,/tmp/franka_compare_tracking_vs_baseline/tracking/seed4/summaries/events.out.tfevents.1781292121.batch-block5-00290
tracking_loss,franka_cube_trackloss_default_b7e04f0_seed4_20260612_1042,4,573,2540.30126953125,0.0028076171875,/tmp/franka_compare_tracking_vs_baseline/tracking/seed4/summaries/events.out.tfevents.1781292121.batch-block5-00290
tracking_loss,franka_cube_trackloss_default_b7e04f0_seed4_20260612_1042,4,574,2413.66796875,0.00318145751953125,/tmp/franka_compare_tracking_vs_baseline/tracking/seed4/summaries/events.out.tfevents.1781292121.batch-block5-00290
tracking_loss,franka_cube_trackloss_default_b7e04f0_seed4_20260612_1042,4,575,2542.284423828125,0.00328826904296875,/tmp/franka_compare_tracking_vs_baseline/tracking/seed4/summaries/events.out.tfevents.1781292121.batch-block5-00290
tracking_loss,franka_cube_trackloss_default_b7e04f0_seed4_20260612_1042,4,576,2543.671875,0.0023956298828125,/tmp/franka_compare_tracking_vs_baseline/tracking/seed4/summaries/events.out.tfevents.1781292121.batch-block5-00290
tracking_loss,franka_cube_trackloss_default_b7e04f0_seed4_20260612_1042,4,577,2523.35302734375,0.00267791748046875,/tmp/franka_compare_tracking_vs_baseline/tracking/seed4/summaries/events.out.tfevents.1781292121.batch-block5-00290
tracking_loss,franka_cube_trackloss_default_b7e04f0_seed4_20260612_1042,4,578,2466.83837890625,0.0026092529296875,/tmp/franka_compare_tracking_vs_baseline/tracking/seed4/summaries/events.out.tfevents.1781292121.batch-block5-00290
tracking_loss,franka_cube_trackloss_default_b7e04f0_seed4_20260612_1042,4,579,2474.503173828125,0.002716064453125,/tmp/franka_compare_tracking_vs_baseline/tracking/seed4/summaries/events.out.tfevents.1781292121.batch-block5-00290
tracking_loss,franka_cube_trackloss_default_b7e04f0_seed4_20260612_1042,4,580,2498.654541015625,0.002655029296875,/tmp/franka_compare_tracking_vs_baseline/tracking/seed4/summaries/events.out.tfevents.1781292121.batch-block5-00290
tracking_loss,franka_cube_trackloss_default_b7e04f0_seed4_20260612_1042,4,581,2420.723388671875,0.00295257568359375,/tmp/franka_compare_tracking_vs_baseline/tracking/seed4/summaries/events.out.tfevents.1781292121.batch-block5-00290
tracking_loss,franka_cube_trackloss_default_b7e04f0_seed4_20260612_1042,4,582,2466.27783203125,0.00321197509765625,/tmp/franka_compare_tracking_vs_baseline/tracking/seed4/summaries/events.out.tfevents.1781292121.batch-block5-00290
tracking_loss,franka_cube_trackloss_default_b7e04f0_seed4_20260612_1042,4,583,2555.712646484375,0.003753662109375,/tmp/franka_compare_tracking_vs_baseline/tracking/seed4/summaries/events.out.tfevents.1781292121.batch-block5-00290
tracking_loss,franka_cube_trackloss_default_b7e04f0_seed4_20260612_1042,4,584,2502.61669921875,0.00395965576171875,/tmp/franka_compare_tracking_vs_baseline/tracking/seed4/summaries/events.out.tfevents.1781292121.batch-block5-00290
tracking_loss,franka_cube_trackloss_default_b7e04f0_seed4_20260612_1042,4,585,2525.54638671875,0.00415802001953125,/tmp/franka_compare_tracking_vs_baseline/tracking/seed4/summaries/events.out.tfevents.1781292121.batch-block5-00290
tracking_loss,franka_cube_trackloss_default_b7e04f0_seed5_20260612_1042,5,1,16.65300178527832,0.0,/tmp/franka_compare_tracking_vs_baseline/tracking/seed5/summaries/events.out.tfevents.1781292111.batch-block5-01188
tracking_loss,franka_cube_trackloss_default_b7e04f0_seed5_20260612_1042,5,2,35.821468353271484,0.0,/tmp/franka_compare_tracking_vs_baseline/tracking/seed5/summaries/events.out.tfevents.1781292111.batch-block5-01188
tracking_loss,franka_cube_trackloss_default_b7e04f0_seed5_20260612_1042,5,3,59.283573150634766,0.0,/tmp/franka_compare_tracking_vs_baseline/tracking/seed5/summaries/events.out.tfevents.1781292111.batch-block5-01188
tracking_loss,franka_cube_trackloss_default_b7e04f0_seed5_20260612_1042,5,4,134.16757202148438,0.0,/tmp/franka_compare_tracking_vs_baseline/tracking/seed5/summaries/events.out.tfevents.1781292111.batch-block5-01188
tracking_loss,franka_cube_trackloss_default_b7e04f0_seed5_20260612_1042,5,5,219.83851623535156,0.0,/tmp/franka_compare_tracking_vs_baseline/tracking/seed5/summaries/events.out.tfevents.1781292111.batch-block5-01188
tracking_loss,franka_cube_trackloss_default_b7e04f0_seed5_20260612_1042,5,6,305.8005676269531,0.0,/tmp/franka_compare_tracking_vs_baseline/tracking/seed5/summaries/events.out.tfevents.1781292111.batch-block5-01188
tracking_loss,franka_cube_trackloss_default_b7e04f0_seed5_20260612_1042,5,7,409.83355712890625,0.0,/tmp/franka_compare_tracking_vs_baseline/tracking/seed5/summaries/events.out.tfevents.1781292111.batch-block5-01188
tracking_loss,franka_cube_trackloss_default_b7e04f0_seed5_20260612_1042,5,8,459.0498352050781,0.0,/tmp/franka_compare_tracking_vs_baseline/tracking/seed5/summaries/events.out.tfevents.1781292111.batch-block5-01188
tracking_loss,franka_cube_trackloss_default_b7e04f0_seed5_20260612_1042,5,9,488.3874816894531,0.0,/tmp/franka_compare_tracking_vs_baseline/tracking/seed5/summaries/events.out.tfevents.1781292111.batch-block5-01188
tracking_loss,franka_cube_trackloss_default_b7e04f0_seed5_20260612_1042,5,10,490.6446228027344,3.0517578125e-05,/tmp/franka_compare_tracking_vs_baseline/tracking/seed5/summaries/events.out.tfevents.1781292111.batch-block5-01188
tracking_loss,franka_cube_trackloss_default_b7e04f0_seed5_20260612_1042,5,11,388.9042053222656,0.0,/tmp/franka_compare_tracking_vs_baseline/tracking/seed5/summaries/events.out.tfevents.1781292111.batch-block5-01188
tracking_loss,franka_cube_trackloss_default_b7e04f0_seed5_20260612_1042,5,12,392.1954345703125,0.0,/tmp/franka_compare_tracking_vs_baseline/tracking/seed5/summaries/events.out.tfevents.1781292111.batch-block5-01188
tracking_loss,franka_cube_trackloss_default_b7e04f0_seed5_20260612_1042,5,13,449.111083984375,0.0,/tmp/franka_compare_tracking_vs_baseline/tracking/seed5/summaries/events.out.tfevents.1781292111.batch-block5-01188
tracking_loss,franka_cube_trackloss_default_b7e04f0_seed5_20260612_1042,5,14,525.8861694335938,2.288818359375e-05,/tmp/franka_compare_tracking_vs_baseline/tracking/seed5/summaries/events.out.tfevents.1781292111.batch-block5-01188
tracking_loss,franka_cube_trackloss_default_b7e04f0_seed5_20260612_1042,5,15,586.4556274414062,2.288818359375e-05,/tmp/franka_compare_tracking_vs_baseline/tracking/seed5/summaries/events.out.tfevents.1781292111.batch-block5-01188
tracking_loss,franka_cube_trackloss_default_b7e04f0_seed5_20260612_1042,5,16,645.2891845703125,0.0,/tmp/franka_compare_tracking_vs_baseline/tracking/seed5/summaries/events.out.tfevents.1781292111.batch-block5-01188
tracking_loss,franka_cube_trackloss_default_b7e04f0_seed5_20260612_1042,5,17,664.9243774414062,0.0,/tmp/franka_compare_tracking_vs_baseline/tracking/seed5/summaries/events.out.tfevents.1781292111.batch-block5-01188
tracking_loss,franka_cube_trackloss_default_b7e04f0_seed5_20260612_1042,5,18,659.3856201171875,0.0,/tmp/franka_compare_tracking_vs_baseline/tracking/seed5/summaries/events.out.tfevents.1781292111.batch-block5-01188
tracking_loss,franka_cube_trackloss_default_b7e04f0_seed5_20260612_1042,5,19,706.0379028320312,3.814697265625e-05,/tmp/franka_compare_tracking_vs_baseline/tracking/seed5/summaries/events.out.tfevents.1781292111.batch-block5-01188
tracking_loss,franka_cube_trackloss_default_b7e04f0_seed5_20260612_1042,5,20,590.5694580078125,0.0,/tmp/franka_compare_tracking_vs_baseline/tracking/seed5/summaries/events.out.tfevents.1781292111.batch-block5-01188
tracking_loss,franka_cube_trackloss_default_b7e04f0_seed5_20260612_1042,5,21,676.9877319335938,0.0,/tmp/franka_compare_tracking_vs_baseline/tracking/seed5/summaries/events.out.tfevents.1781292111.batch-block5-01188
tracking_loss,franka_cube_trackloss_default_b7e04f0_seed5_20260612_1042,5,22,617.8782958984375,9.918212890625e-05,/tmp/franka_compare_tracking_vs_baseline/tracking/seed5/summaries/events.out.tfevents.1781292111.batch-block5-01188
tracking_loss,franka_cube_trackloss_default_b7e04f0_seed5_20260612_1042,5,23,680.0308227539062,0.00012969970703125,/tmp/franka_compare_tracking_vs_baseline/tracking/seed5/summaries/events.out.tfevents.1781292111.batch-block5-01188
tracking_loss,franka_cube_trackloss_default_b7e04f0_seed5_20260612_1042,5,24,768.6255493164062,0.0,/tmp/franka_compare_tracking_vs_baseline/tracking/seed5/summaries/events.out.tfevents.1781292111.batch-block5-01188
tracking_loss,franka_cube_trackloss_default_b7e04f0_seed5_20260612_1042,5,25,875.598876953125,0.0,/tmp/franka_compare_tracking_vs_baseline/tracking/seed5/summaries/events.out.tfevents.1781292111.batch-block5-01188
tracking_loss,franka_cube_trackloss_default_b7e04f0_seed5_20260612_1042,5,26,1007.5505981445312,0.0,/tmp/franka_compare_tracking_vs_baseline/tracking/seed5/summaries/events.out.tfevents.1781292111.batch-block5-01188
tracking_loss,franka_cube_trackloss_default_b7e04f0_seed5_20260612_1042,5,27,1083.55078125,0.0,/tmp/franka_compare_tracking_vs_baseline/tracking/seed5/summaries/events.out.tfevents.1781292111.batch-block5-01188
tracking_loss,franka_cube_trackloss_default_b7e04f0_seed5_20260612_1042,5,28,1269.6834716796875,0.0,/tmp/franka_compare_tracking_vs_baseline/tracking/seed5/summaries/events.out.tfevents.1781292111.batch-block5-01188
tracking_loss,franka_cube_trackloss_default_b7e04f0_seed5_20260612_1042,5,29,1324.450927734375,0.0,/tmp/franka_compare_tracking_vs_baseline/tracking/seed5/summaries/events.out.tfevents.1781292111.batch-block5-01188
tracking_loss,franka_cube_trackloss_default_b7e04f0_seed5_20260612_1042,5,30,1479.033447265625,2.288818359375e-05,/tmp/franka_compare_tracking_vs_baseline/tracking/seed5/summaries/events.out.tfevents.1781292111.batch-block5-01188
tracking_loss,franka_cube_trackloss_default_b7e04f0_seed5_20260612_1042,5,31,1444.32421875,5.340576171875e-05,/tmp/franka_compare_tracking_vs_baseline/tracking/seed5/summaries/events.out.tfevents.1781292111.batch-block5-01188
tracking_loss,franka_cube_trackloss_default_b7e04f0_seed5_20260612_1042,5,32,1387.5679931640625,0.0,/tmp/franka_compare_tracking_vs_baseline/tracking/seed5/summaries/events.out.tfevents.1781292111.batch-block5-01188
tracking_loss,franka_cube_trackloss_default_b7e04f0_seed5_20260612_1042,5,33,1500.8385009765625,0.0,/tmp/franka_compare_tracking_vs_baseline/tracking/seed5/summaries/events.out.tfevents.1781292111.batch-block5-01188
tracking_loss,franka_cube_trackloss_default_b7e04f0_seed5_20260612_1042,5,34,1589.2349853515625,0.0,/tmp/franka_compare_tracking_vs_baseline/tracking/seed5/summaries/events.out.tfevents.1781292111.batch-block5-01188
tracking_loss,franka_cube_trackloss_default_b7e04f0_seed5_20260612_1042,5,35,1604.1641845703125,0.0,/tmp/franka_compare_tracking_vs_baseline/tracking/seed5/summaries/events.out.tfevents.1781292111.batch-block5-01188
tracking_loss,franka_cube_trackloss_default_b7e04f0_seed5_20260612_1042,5,36,1617.9151611328125,9.918212890625e-05,/tmp/franka_compare_tracking_vs_baseline/tracking/seed5/summaries/events.out.tfevents.1781292111.batch-block5-01188
tracking_loss,franka_cube_trackloss_default_b7e04f0_seed5_20260612_1042,5,37,1769.728271484375,0.0,/tmp/franka_compare_tracking_vs_baseline/tracking/seed5/summaries/events.out.tfevents.1781292111.batch-block5-01188
tracking_loss,franka_cube_trackloss_default_b7e04f0_seed5_20260612_1042,5,38,1577.6693115234375,4.57763671875e-05,/tmp/franka_compare_tracking_vs_baseline/tracking/seed5/summaries/events.out.tfevents.1781292111.batch-block5-01188
tracking_loss,franka_cube_trackloss_default_b7e04f0_seed5_20260612_1042,5,39,1681.0770263671875,0.0,/tmp/franka_compare_tracking_vs_baseline/tracking/seed5/summaries/events.out.tfevents.1781292111.batch-block5-01188
tracking_loss,franka_cube_trackloss_default_b7e04f0_seed5_20260612_1042,5,40,1699.4251708984375,0.0,/tmp/franka_compare_tracking_vs_baseline/tracking/seed5/summaries/events.out.tfevents.1781292111.batch-block5-01188
tracking_loss,franka_cube_trackloss_default_b7e04f0_seed5_20260612_1042,5,41,1775.7734375,0.0,/tmp/franka_compare_tracking_vs_baseline/tracking/seed5/summaries/events.out.tfevents.1781292111.batch-block5-01188
tracking_loss,franka_cube_trackloss_default_b7e04f0_seed5_20260612_1042,5,42,1741.04833984375,4.57763671875e-05,/tmp/franka_compare_tracking_vs_baseline/tracking/seed5/summaries/events.out.tfevents.1781292111.batch-block5-01188
tracking_loss,franka_cube_trackloss_default_b7e04f0_seed5_20260612_1042,5,43,1837.3385009765625,0.0,/tmp/franka_compare_tracking_vs_baseline/tracking/seed5/summaries/events.out.tfevents.1781292111.batch-block5-01188
tracking_loss,franka_cube_trackloss_default_b7e04f0_seed5_20260612_1042,5,44,1820.5501708984375,0.0,/tmp/franka_compare_tracking_vs_baseline/tracking/seed5/summaries/events.out.tfevents.1781292111.batch-block5-01188
tracking_loss,franka_cube_trackloss_default_b7e04f0_seed5_20260612_1042,5,45,1839.2899169921875,0.0,/tmp/franka_compare_tracking_vs_baseline/tracking/seed5/summaries/events.out.tfevents.1781292111.batch-block5-01188
tracking_loss,franka_cube_trackloss_default_b7e04f0_seed5_20260612_1042,5,46,1940.7421875,0.0,/tmp/franka_compare_tracking_vs_baseline/tracking/seed5/summaries/events.out.tfevents.1781292111.batch-block5-01188
tracking_loss,franka_cube_trackloss_default_b7e04f0_seed5_20260612_1042,5,47,1684.6943359375,2.288818359375e-05,/tmp/franka_compare_tracking_vs_baseline/tracking/seed5/summaries/events.out.tfevents.1781292111.batch-block5-01188
tracking_loss,franka_cube_trackloss_default_b7e04f0_seed5_20260612_1042,5,48,1799.5626220703125,0.0,/tmp/franka_compare_tracking_vs_baseline/tracking/seed5/summaries/events.out.tfevents.1781292111.batch-block5-01188
tracking_loss,franka_cube_trackloss_default_b7e04f0_seed5_20260612_1042,5,49,1867.8104248046875,0.0,/tmp/franka_compare_tracking_vs_baseline/tracking/seed5/summaries/events.out.tfevents.1781292111.batch-block5-01188
tracking_loss,franka_cube_trackloss_default_b7e04f0_seed5_20260612_1042,5,50,1786.986572265625,0.0,/tmp/franka_compare_tracking_vs_baseline/tracking/seed5/summaries/events.out.tfevents.1781292111.batch-block5-01188
tracking_loss,franka_cube_trackloss_default_b7e04f0_seed5_20260612_1042,5,51,1864.0985107421875,0.0,/tmp/franka_compare_tracking_vs_baseline/tracking/seed5/summaries/events.out.tfevents.1781292111.batch-block5-01188
tracking_loss,franka_cube_trackloss_default_b7e04f0_seed5_20260612_1042,5,52,1904.9322509765625,0.0,/tmp/franka_compare_tracking_vs_baseline/tracking/seed5/summaries/events.out.tfevents.1781292111.batch-block5-01188
tracking_loss,franka_cube_trackloss_default_b7e04f0_seed5_20260612_1042,5,53,1976.356201171875,0.0,/tmp/franka_compare_tracking_vs_baseline/tracking/seed5/summaries/events.out.tfevents.1781292111.batch-block5-01188
tracking_loss,franka_cube_trackloss_default_b7e04f0_seed5_20260612_1042,5,54,2016.85302734375,3.814697265625e-05,/tmp/franka_compare_tracking_vs_baseline/tracking/seed5/summaries/events.out.tfevents.1781292111.batch-block5-01188
tracking_loss,franka_cube_trackloss_default_b7e04f0_seed5_20260612_1042,5,55,1967.9566650390625,9.918212890625e-05,/tmp/franka_compare_tracking_vs_baseline/tracking/seed5/summaries/events.out.tfevents.1781292111.batch-block5-01188
tracking_loss,franka_cube_trackloss_default_b7e04f0_seed5_20260612_1042,5,56,2026.439697265625,0.0,/tmp/franka_compare_tracking_vs_baseline/tracking/seed5/summaries/events.out.tfevents.1781292111.batch-block5-01188
tracking_loss,franka_cube_trackloss_default_b7e04f0_seed5_20260612_1042,5,57,1924.5068359375,0.0,/tmp/franka_compare_tracking_vs_baseline/tracking/seed5/summaries/events.out.tfevents.1781292111.batch-block5-01188
tracking_loss,franka_cube_trackloss_default_b7e04f0_seed5_20260612_1042,5,58,1989.12353515625,0.0,/tmp/franka_compare_tracking_vs_baseline/tracking/seed5/summaries/events.out.tfevents.1781292111.batch-block5-01188
tracking_loss,franka_cube_trackloss_default_b7e04f0_seed5_20260612_1042,5,59,2036.5592041015625,0.0,/tmp/franka_compare_tracking_vs_baseline/tracking/seed5/summaries/events.out.tfevents.1781292111.batch-block5-01188
tracking_loss,franka_cube_trackloss_default_b7e04f0_seed5_20260612_1042,5,60,2035.4169921875,1.52587890625e-05,/tmp/franka_compare_tracking_vs_baseline/tracking/seed5/summaries/events.out.tfevents.1781292111.batch-block5-01188
tracking_loss,franka_cube_trackloss_default_b7e04f0_seed5_20260612_1042,5,61,2070.932373046875,0.0,/tmp/franka_compare_tracking_vs_baseline/tracking/seed5/summaries/events.out.tfevents.1781292111.batch-block5-01188
tracking_loss,franka_cube_trackloss_default_b7e04f0_seed5_20260612_1042,5,62,2028.7926025390625,0.00040435791015625,/tmp/franka_compare_tracking_vs_baseline/tracking/seed5/summaries/events.out.tfevents.1781292111.batch-block5-01188
tracking_loss,franka_cube_trackloss_default_b7e04f0_seed5_20260612_1042,5,63,2028.6722412109375,0.000457763671875,/tmp/franka_compare_tracking_vs_baseline/tracking/seed5/summaries/events.out.tfevents.1781292111.batch-block5-01188
tracking_loss,franka_cube_trackloss_default_b7e04f0_seed5_20260612_1042,5,64,2120.94189453125,0.00025177001953125,/tmp/franka_compare_tracking_vs_baseline/tracking/seed5/summaries/events.out.tfevents.1781292111.batch-block5-01188
tracking_loss,franka_cube_trackloss_default_b7e04f0_seed5_20260612_1042,5,65,2168.486328125,0.00012969970703125,/tmp/franka_compare_tracking_vs_baseline/tracking/seed5/summaries/events.out.tfevents.1781292111.batch-block5-01188
tracking_loss,franka_cube_trackloss_default_b7e04f0_seed5_20260612_1042,5,66,2041.7640380859375,0.0001373291015625,/tmp/franka_compare_tracking_vs_baseline/tracking/seed5/summaries/events.out.tfevents.1781292111.batch-block5-01188
tracking_loss,franka_cube_trackloss_default_b7e04f0_seed5_20260612_1042,5,67,2136.53076171875,0.0001983642578125,/tmp/franka_compare_tracking_vs_baseline/tracking/seed5/summaries/events.out.tfevents.1781292111.batch-block5-01188
tracking_loss,franka_cube_trackloss_default_b7e04f0_seed5_20260612_1042,5,68,2103.563720703125,0.0,/tmp/franka_compare_tracking_vs_baseline/tracking/seed5/summaries/events.out.tfevents.1781292111.batch-block5-01188
tracking_loss,franka_cube_trackloss_default_b7e04f0_seed5_20260612_1042,5,69,2158.4765625,3.814697265625e-05,/tmp/franka_compare_tracking_vs_baseline/tracking/seed5/summaries/events.out.tfevents.1781292111.batch-block5-01188
tracking_loss,franka_cube_trackloss_default_b7e04f0_seed5_20260612_1042,5,70,2193.270263671875,0.0,/tmp/franka_compare_tracking_vs_baseline/tracking/seed5/summaries/events.out.tfevents.1781292111.batch-block5-01188
tracking_loss,franka_cube_trackloss_default_b7e04f0_seed5_20260612_1042,5,71,2133.59326171875,0.0,/tmp/franka_compare_tracking_vs_baseline/tracking/seed5/summaries/events.out.tfevents.1781292111.batch-block5-01188
tracking_loss,franka_cube_trackloss_default_b7e04f0_seed5_20260612_1042,5,72,2133.615234375,0.0,/tmp/franka_compare_tracking_vs_baseline/tracking/seed5/summaries/events.out.tfevents.1781292111.batch-block5-01188
tracking_loss,franka_cube_trackloss_default_b7e04f0_seed5_20260612_1042,5,73,2197.97705078125,7.62939453125e-06,/tmp/franka_compare_tracking_vs_baseline/tracking/seed5/summaries/events.out.tfevents.1781292111.batch-block5-01188
tracking_loss,franka_cube_trackloss_default_b7e04f0_seed5_20260612_1042,5,74,2150.76318359375,0.0,/tmp/franka_compare_tracking_vs_baseline/tracking/seed5/summaries/events.out.tfevents.1781292111.batch-block5-01188
tracking_loss,franka_cube_trackloss_default_b7e04f0_seed5_20260612_1042,5,75,2131.81494140625,3.0517578125e-05,/tmp/franka_compare_tracking_vs_baseline/tracking/seed5/summaries/events.out.tfevents.1781292111.batch-block5-01188
tracking_loss,franka_cube_trackloss_default_b7e04f0_seed5_20260612_1042,5,76,2085.494140625,0.0,/tmp/franka_compare_tracking_vs_baseline/tracking/seed5/summaries/events.out.tfevents.1781292111.batch-block5-01188
tracking_loss,franka_cube_trackloss_default_b7e04f0_seed5_20260612_1042,5,77,2138.295166015625,0.0,/tmp/franka_compare_tracking_vs_baseline/tracking/seed5/summaries/events.out.tfevents.1781292111.batch-block5-01188
tracking_loss,franka_cube_trackloss_default_b7e04f0_seed5_20260612_1042,5,78,2213.02001953125,0.0,/tmp/franka_compare_tracking_vs_baseline/tracking/seed5/summaries/events.out.tfevents.1781292111.batch-block5-01188
tracking_loss,franka_cube_trackloss_default_b7e04f0_seed5_20260612_1042,5,79,2085.14111328125,0.0,/tmp/franka_compare_tracking_vs_baseline/tracking/seed5/summaries/events.out.tfevents.1781292111.batch-block5-01188
tracking_loss,franka_cube_trackloss_default_b7e04f0_seed5_20260612_1042,5,80,2139.5498046875,0.0,/tmp/franka_compare_tracking_vs_baseline/tracking/seed5/summaries/events.out.tfevents.1781292111.batch-block5-01188
tracking_loss,franka_cube_trackloss_default_b7e04f0_seed5_20260612_1042,5,81,2154.85205078125,0.000152587890625,/tmp/franka_compare_tracking_vs_baseline/tracking/seed5/summaries/events.out.tfevents.1781292111.batch-block5-01188
tracking_loss,franka_cube_trackloss_default_b7e04f0_seed5_20260612_1042,5,82,2086.404296875,2.288818359375e-05,/tmp/franka_compare_tracking_vs_baseline/tracking/seed5/summaries/events.out.tfevents.1781292111.batch-block5-01188
tracking_loss,franka_cube_trackloss_default_b7e04f0_seed5_20260612_1042,5,83,2087.648193359375,0.0,/tmp/franka_compare_tracking_vs_baseline/tracking/seed5/summaries/events.out.tfevents.1781292111.batch-block5-01188
tracking_loss,franka_cube_trackloss_default_b7e04f0_seed5_20260612_1042,5,84,2066.878662109375,9.918212890625e-05,/tmp/franka_compare_tracking_vs_baseline/tracking/seed5/summaries/events.out.tfevents.1781292111.batch-block5-01188
tracking_loss,franka_cube_trackloss_default_b7e04f0_seed5_20260612_1042,5,85,1937.9095458984375,0.000152587890625,/tmp/franka_compare_tracking_vs_baseline/tracking/seed5/summaries/events.out.tfevents.1781292111.batch-block5-01188
tracking_loss,franka_cube_trackloss_default_b7e04f0_seed5_20260612_1042,5,86,1975.2933349609375,0.00041961669921875,/tmp/franka_compare_tracking_vs_baseline/tracking/seed5/summaries/events.out.tfevents.1781292111.batch-block5-01188
tracking_loss,franka_cube_trackloss_default_b7e04f0_seed5_20260612_1042,5,87,2036.20654296875,0.00066375732421875,/tmp/franka_compare_tracking_vs_baseline/tracking/seed5/summaries/events.out.tfevents.1781292111.batch-block5-01188
tracking_loss,franka_cube_trackloss_default_b7e04f0_seed5_20260612_1042,5,88,1987.2784423828125,0.00022125244140625,/tmp/franka_compare_tracking_vs_baseline/tracking/seed5/summaries/events.out.tfevents.1781292111.batch-block5-01188
tracking_loss,franka_cube_trackloss_default_b7e04f0_seed5_20260612_1042,5,89,2006.4127197265625,9.918212890625e-05,/tmp/franka_compare_tracking_vs_baseline/tracking/seed5/summaries/events.out.tfevents.1781292111.batch-block5-01188
tracking_loss,franka_cube_trackloss_default_b7e04f0_seed5_20260612_1042,5,90,2011.728759765625,9.1552734375e-05,/tmp/franka_compare_tracking_vs_baseline/tracking/seed5/summaries/events.out.tfevents.1781292111.batch-block5-01188
tracking_loss,franka_cube_trackloss_default_b7e04f0_seed5_20260612_1042,5,91,2051.630859375,5.340576171875e-05,/tmp/franka_compare_tracking_vs_baseline/tracking/seed5/summaries/events.out.tfevents.1781292111.batch-block5-01188
tracking_loss,franka_cube_trackloss_default_b7e04f0_seed5_20260612_1042,5,92,2108.9755859375,9.918212890625e-05,/tmp/franka_compare_tracking_vs_baseline/tracking/seed5/summaries/events.out.tfevents.1781292111.batch-block5-01188
tracking_loss,franka_cube_trackloss_default_b7e04f0_seed5_20260612_1042,5,93,2088.010986328125,0.0,/tmp/franka_compare_tracking_vs_baseline/tracking/seed5/summaries/events.out.tfevents.1781292111.batch-block5-01188
tracking_loss,franka_cube_trackloss_default_b7e04f0_seed5_20260612_1042,5,94,1908.633056640625,7.62939453125e-06,/tmp/franka_compare_tracking_vs_baseline/tracking/seed5/summaries/events.out.tfevents.1781292111.batch-block5-01188
tracking_loss,franka_cube_trackloss_default_b7e04f0_seed5_20260612_1042,5,95,2020.947509765625,0.0002899169921875,/tmp/franka_compare_tracking_vs_baseline/tracking/seed5/summaries/events.out.tfevents.1781292111.batch-block5-01188
tracking_loss,franka_cube_trackloss_default_b7e04f0_seed5_20260612_1042,5,96,2006.3189697265625,0.00031280517578125,/tmp/franka_compare_tracking_vs_baseline/tracking/seed5/summaries/events.out.tfevents.1781292111.batch-block5-01188
tracking_loss,franka_cube_trackloss_default_b7e04f0_seed5_20260612_1042,5,97,1957.04248046875,0.000396728515625,/tmp/franka_compare_tracking_vs_baseline/tracking/seed5/summaries/events.out.tfevents.1781292111.batch-block5-01188
tracking_loss,franka_cube_trackloss_default_b7e04f0_seed5_20260612_1042,5,98,1943.1005859375,0.00016021728515625,/tmp/franka_compare_tracking_vs_baseline/tracking/seed5/summaries/events.out.tfevents.1781292111.batch-block5-01188
tracking_loss,franka_cube_trackloss_default_b7e04f0_seed5_20260612_1042,5,99,2003.6636962890625,0.00025177001953125,/tmp/franka_compare_tracking_vs_baseline/tracking/seed5/summaries/events.out.tfevents.1781292111.batch-block5-01188
tracking_loss,franka_cube_trackloss_default_b7e04f0_seed5_20260612_1042,5,100,1980.7005615234375,0.00031280517578125,/tmp/franka_compare_tracking_vs_baseline/tracking/seed5/summaries/events.out.tfevents.1781292111.batch-block5-01188
tracking_loss,franka_cube_trackloss_default_b7e04f0_seed5_20260612_1042,5,101,2018.922607421875,0.00019073486328125,/tmp/franka_compare_tracking_vs_baseline/tracking/seed5/summaries/events.out.tfevents.1781292111.batch-block5-01188
tracking_loss,franka_cube_trackloss_default_b7e04f0_seed5_20260612_1042,5,102,2033.07373046875,7.62939453125e-06,/tmp/franka_compare_tracking_vs_baseline/tracking/seed5/summaries/events.out.tfevents.1781292111.batch-block5-01188
tracking_loss,franka_cube_trackloss_default_b7e04f0_seed5_20260612_1042,5,103,1930.1068115234375,0.0003204345703125,/tmp/franka_compare_tracking_vs_baseline/tracking/seed5/summaries/events.out.tfevents.1781292111.batch-block5-01188
tracking_loss,franka_cube_trackloss_default_b7e04f0_seed5_20260612_1042,5,104,1914.193359375,3.0517578125e-05,/tmp/franka_compare_tracking_vs_baseline/tracking/seed5/summaries/events.out.tfevents.1781292111.batch-block5-01188
tracking_loss,franka_cube_trackloss_default_b7e04f0_seed5_20260612_1042,5,105,1944.615234375,3.0517578125e-05,/tmp/franka_compare_tracking_vs_baseline/tracking/seed5/summaries/events.out.tfevents.1781292111.batch-block5-01188
tracking_loss,franka_cube_trackloss_default_b7e04f0_seed5_20260612_1042,5,106,2070.322509765625,0.00028228759765625,/tmp/franka_compare_tracking_vs_baseline/tracking/seed5/summaries/events.out.tfevents.1781292111.batch-block5-01188
tracking_loss,franka_cube_trackloss_default_b7e04f0_seed5_20260612_1042,5,107,2037.58935546875,0.00019073486328125,/tmp/franka_compare_tracking_vs_baseline/tracking/seed5/summaries/events.out.tfevents.1781292111.batch-block5-01188
tracking_loss,franka_cube_trackloss_default_b7e04f0_seed5_20260612_1042,5,108,2052.810546875,0.00054931640625,/tmp/franka_compare_tracking_vs_baseline/tracking/seed5/summaries/events.out.tfevents.1781292111.batch-block5-01188
tracking_loss,franka_cube_trackloss_default_b7e04f0_seed5_20260612_1042,5,109,2017.517578125,0.000457763671875,/tmp/franka_compare_tracking_vs_baseline/tracking/seed5/summaries/events.out.tfevents.1781292111.batch-block5-01188
tracking_loss,franka_cube_trackloss_default_b7e04f0_seed5_20260612_1042,5,110,2050.602294921875,0.0007476806640625,/tmp/franka_compare_tracking_vs_baseline/tracking/seed5/summaries/events.out.tfevents.1781292111.batch-block5-01188
tracking_loss,franka_cube_trackloss_default_b7e04f0_seed5_20260612_1042,5,111,2071.129638671875,0.0005645751953125,/tmp/franka_compare_tracking_vs_baseline/tracking/seed5/summaries/events.out.tfevents.1781292111.batch-block5-01188
tracking_loss,franka_cube_trackloss_default_b7e04f0_seed5_20260612_1042,5,112,2067.966796875,0.0002899169921875,/tmp/franka_compare_tracking_vs_baseline/tracking/seed5/summaries/events.out.tfevents.1781292111.batch-block5-01188
tracking_loss,franka_cube_trackloss_default_b7e04f0_seed5_20260612_1042,5,113,2009.83154296875,0.0001373291015625,/tmp/franka_compare_tracking_vs_baseline/tracking/seed5/summaries/events.out.tfevents.1781292111.batch-block5-01188
tracking_loss,franka_cube_trackloss_default_b7e04f0_seed5_20260612_1042,5,114,2092.72705078125,9.918212890625e-05,/tmp/franka_compare_tracking_vs_baseline/tracking/seed5/summaries/events.out.tfevents.1781292111.batch-block5-01188
tracking_loss,franka_cube_trackloss_default_b7e04f0_seed5_20260612_1042,5,115,2037.3704833984375,9.1552734375e-05,/tmp/franka_compare_tracking_vs_baseline/tracking/seed5/summaries/events.out.tfevents.1781292111.batch-block5-01188
tracking_loss,franka_cube_trackloss_default_b7e04f0_seed5_20260612_1042,5,116,2009.8167724609375,0.0006866455078125,/tmp/franka_compare_tracking_vs_baseline/tracking/seed5/summaries/events.out.tfevents.1781292111.batch-block5-01188
tracking_loss,franka_cube_trackloss_default_b7e04f0_seed5_20260612_1042,5,117,2040.467041015625,0.00093841552734375,/tmp/franka_compare_tracking_vs_baseline/tracking/seed5/summaries/events.out.tfevents.1781292111.batch-block5-01188
tracking_loss,franka_cube_trackloss_default_b7e04f0_seed5_20260612_1042,5,118,2086.52587890625,0.00051116943359375,/tmp/franka_compare_tracking_vs_baseline/tracking/seed5/summaries/events.out.tfevents.1781292111.batch-block5-01188
tracking_loss,franka_cube_trackloss_default_b7e04f0_seed5_20260612_1042,5,119,2009.3233642578125,0.00026702880859375,/tmp/franka_compare_tracking_vs_baseline/tracking/seed5/summaries/events.out.tfevents.1781292111.batch-block5-01188
tracking_loss,franka_cube_trackloss_default_b7e04f0_seed5_20260612_1042,5,120,2011.336181640625,0.00096893310546875,/tmp/franka_compare_tracking_vs_baseline/tracking/seed5/summaries/events.out.tfevents.1781292111.batch-block5-01188
tracking_loss,franka_cube_trackloss_default_b7e04f0_seed5_20260612_1042,5,121,2082.1904296875,0.000823974609375,/tmp/franka_compare_tracking_vs_baseline/tracking/seed5/summaries/events.out.tfevents.1781292111.batch-block5-01188
tracking_loss,franka_cube_trackloss_default_b7e04f0_seed5_20260612_1042,5,122,1943.7144775390625,0.0004425048828125,/tmp/franka_compare_tracking_vs_baseline/tracking/seed5/summaries/events.out.tfevents.1781292111.batch-block5-01188
tracking_loss,franka_cube_trackloss_default_b7e04f0_seed5_20260612_1042,5,123,2042.054443359375,0.0002593994140625,/tmp/franka_compare_tracking_vs_baseline/tracking/seed5/summaries/events.out.tfevents.1781292111.batch-block5-01188
tracking_loss,franka_cube_trackloss_default_b7e04f0_seed5_20260612_1042,5,124,2033.0277099609375,0.00035858154296875,/tmp/franka_compare_tracking_vs_baseline/tracking/seed5/summaries/events.out.tfevents.1781292111.batch-block5-01188
tracking_loss,franka_cube_trackloss_default_b7e04f0_seed5_20260612_1042,5,125,2005.1531982421875,0.00125885009765625,/tmp/franka_compare_tracking_vs_baseline/tracking/seed5/summaries/events.out.tfevents.1781292111.batch-block5-01188
tracking_loss,franka_cube_trackloss_default_b7e04f0_seed5_20260612_1042,5,126,2094.8359375,0.00128173828125,/tmp/franka_compare_tracking_vs_baseline/tracking/seed5/summaries/events.out.tfevents.1781292111.batch-block5-01188
tracking_loss,franka_cube_trackloss_default_b7e04f0_seed5_20260612_1042,5,127,2158.797607421875,0.001617431640625,/tmp/franka_compare_tracking_vs_baseline/tracking/seed5/summaries/events.out.tfevents.1781292111.batch-block5-01188
tracking_loss,franka_cube_trackloss_default_b7e04f0_seed5_20260612_1042,5,128,2151.505126953125,0.00140380859375,/tmp/franka_compare_tracking_vs_baseline/tracking/seed5/summaries/events.out.tfevents.1781292111.batch-block5-01188
tracking_loss,franka_cube_trackloss_default_b7e04f0_seed5_20260612_1042,5,129,2211.392333984375,0.00104522705078125,/tmp/franka_compare_tracking_vs_baseline/tracking/seed5/summaries/events.out.tfevents.1781292111.batch-block5-01188
tracking_loss,franka_cube_trackloss_default_b7e04f0_seed5_20260612_1042,5,130,2156.22265625,0.00107574462890625,/tmp/franka_compare_tracking_vs_baseline/tracking/seed5/summaries/events.out.tfevents.1781292111.batch-block5-01188
tracking_loss,franka_cube_trackloss_default_b7e04f0_seed5_20260612_1042,5,131,2213.4921875,0.00080108642578125,/tmp/franka_compare_tracking_vs_baseline/tracking/seed5/summaries/events.out.tfevents.1781292111.batch-block5-01188
tracking_loss,franka_cube_trackloss_default_b7e04f0_seed5_20260612_1042,5,132,2068.865478515625,0.0003814697265625,/tmp/franka_compare_tracking_vs_baseline/tracking/seed5/summaries/events.out.tfevents.1781292111.batch-block5-01188
tracking_loss,franka_cube_trackloss_default_b7e04f0_seed5_20260612_1042,5,133,2216.850341796875,0.000152587890625,/tmp/franka_compare_tracking_vs_baseline/tracking/seed5/summaries/events.out.tfevents.1781292111.batch-block5-01188
tracking_loss,franka_cube_trackloss_default_b7e04f0_seed5_20260612_1042,5,134,2134.424560546875,9.918212890625e-05,/tmp/franka_compare_tracking_vs_baseline/tracking/seed5/summaries/events.out.tfevents.1781292111.batch-block5-01188
tracking_loss,franka_cube_trackloss_default_b7e04f0_seed5_20260612_1042,5,135,2131.41943359375,0.00057220458984375,/tmp/franka_compare_tracking_vs_baseline/tracking/seed5/summaries/events.out.tfevents.1781292111.batch-block5-01188
tracking_loss,franka_cube_trackloss_default_b7e04f0_seed5_20260612_1042,5,136,2150.4873046875,0.00032806396484375,/tmp/franka_compare_tracking_vs_baseline/tracking/seed5/summaries/events.out.tfevents.1781292111.batch-block5-01188
tracking_loss,franka_cube_trackloss_default_b7e04f0_seed5_20260612_1042,5,137,2190.43017578125,8.392333984375e-05,/tmp/franka_compare_tracking_vs_baseline/tracking/seed5/summaries/events.out.tfevents.1781292111.batch-block5-01188
tracking_loss,franka_cube_trackloss_default_b7e04f0_seed5_20260612_1042,5,138,2158.001953125,0.0003204345703125,/tmp/franka_compare_tracking_vs_baseline/tracking/seed5/summaries/events.out.tfevents.1781292111.batch-block5-01188
tracking_loss,franka_cube_trackloss_default_b7e04f0_seed5_20260612_1042,5,139,2229.275634765625,0.0002899169921875,/tmp/franka_compare_tracking_vs_baseline/tracking/seed5/summaries/events.out.tfevents.1781292111.batch-block5-01188
tracking_loss,franka_cube_trackloss_default_b7e04f0_seed5_20260612_1042,5,140,2248.41845703125,0.00040435791015625,/tmp/franka_compare_tracking_vs_baseline/tracking/seed5/summaries/events.out.tfevents.1781292111.batch-block5-01188
tracking_loss,franka_cube_trackloss_default_b7e04f0_seed5_20260612_1042,5,141,2182.681396484375,0.0005035400390625,/tmp/franka_compare_tracking_vs_baseline/tracking/seed5/summaries/events.out.tfevents.1781292111.batch-block5-01188
tracking_loss,franka_cube_trackloss_default_b7e04f0_seed5_20260612_1042,5,142,2257.28564453125,0.00084686279296875,/tmp/franka_compare_tracking_vs_baseline/tracking/seed5/summaries/events.out.tfevents.1781292111.batch-block5-01188
tracking_loss,franka_cube_trackloss_default_b7e04f0_seed5_20260612_1042,5,143,2222.689697265625,0.00135040283203125,/tmp/franka_compare_tracking_vs_baseline/tracking/seed5/summaries/events.out.tfevents.1781292111.batch-block5-01188
tracking_loss,franka_cube_trackloss_default_b7e04f0_seed5_20260612_1042,5,144,2327.789794921875,0.00072479248046875,/tmp/franka_compare_tracking_vs_baseline/tracking/seed5/summaries/events.out.tfevents.1781292111.batch-block5-01188
tracking_loss,franka_cube_trackloss_default_b7e04f0_seed5_20260612_1042,5,145,2244.944091796875,0.00086212158203125,/tmp/franka_compare_tracking_vs_baseline/tracking/seed5/summaries/events.out.tfevents.1781292111.batch-block5-01188
tracking_loss,franka_cube_trackloss_default_b7e04f0_seed5_20260612_1042,5,146,2324.0966796875,0.001007080078125,/tmp/franka_compare_tracking_vs_baseline/tracking/seed5/summaries/events.out.tfevents.1781292111.batch-block5-01188
tracking_loss,franka_cube_trackloss_default_b7e04f0_seed5_20260612_1042,5,147,2256.814697265625,0.00058746337890625,/tmp/franka_compare_tracking_vs_baseline/tracking/seed5/summaries/events.out.tfevents.1781292111.batch-block5-01188
tracking_loss,franka_cube_trackloss_default_b7e04f0_seed5_20260612_1042,5,148,2282.111083984375,0.0004730224609375,/tmp/franka_compare_tracking_vs_baseline/tracking/seed5/summaries/events.out.tfevents.1781292111.batch-block5-01188
tracking_loss,franka_cube_trackloss_default_b7e04f0_seed5_20260612_1042,5,149,2323.077880859375,0.00061798095703125,/tmp/franka_compare_tracking_vs_baseline/tracking/seed5/summaries/events.out.tfevents.1781292111.batch-block5-01188
tracking_loss,franka_cube_trackloss_default_b7e04f0_seed5_20260612_1042,5,150,2321.71240234375,0.0009613037109375,/tmp/franka_compare_tracking_vs_baseline/tracking/seed5/summaries/events.out.tfevents.1781292111.batch-block5-01188
tracking_loss,franka_cube_trackloss_default_b7e04f0_seed5_20260612_1042,5,151,2360.15380859375,0.0004425048828125,/tmp/franka_compare_tracking_vs_baseline/tracking/seed5/summaries/events.out.tfevents.1781292111.batch-block5-01188
tracking_loss,franka_cube_trackloss_default_b7e04f0_seed5_20260612_1042,5,152,2373.902099609375,0.00020599365234375,/tmp/franka_compare_tracking_vs_baseline/tracking/seed5/summaries/events.out.tfevents.1781292111.batch-block5-01188
tracking_loss,franka_cube_trackloss_default_b7e04f0_seed5_20260612_1042,5,153,2285.06640625,0.00115203857421875,/tmp/franka_compare_tracking_vs_baseline/tracking/seed5/summaries/events.out.tfevents.1781292111.batch-block5-01188
tracking_loss,franka_cube_trackloss_default_b7e04f0_seed5_20260612_1042,5,154,2282.69482421875,0.0013580322265625,/tmp/franka_compare_tracking_vs_baseline/tracking/seed5/summaries/events.out.tfevents.1781292111.batch-block5-01188
tracking_loss,franka_cube_trackloss_default_b7e04f0_seed5_20260612_1042,5,155,2304.168701171875,0.00124359130859375,/tmp/franka_compare_tracking_vs_baseline/tracking/seed5/summaries/events.out.tfevents.1781292111.batch-block5-01188
tracking_loss,franka_cube_trackloss_default_b7e04f0_seed5_20260612_1042,5,156,2336.144287109375,0.001556396484375,/tmp/franka_compare_tracking_vs_baseline/tracking/seed5/summaries/events.out.tfevents.1781292111.batch-block5-01188
tracking_loss,franka_cube_trackloss_default_b7e04f0_seed5_20260612_1042,5,157,2385.178466796875,0.001739501953125,/tmp/franka_compare_tracking_vs_baseline/tracking/seed5/summaries/events.out.tfevents.1781292111.batch-block5-01188
tracking_loss,franka_cube_trackloss_default_b7e04f0_seed5_20260612_1042,5,158,2355.023193359375,0.0017242431640625,/tmp/franka_compare_tracking_vs_baseline/tracking/seed5/summaries/events.out.tfevents.1781292111.batch-block5-01188
tracking_loss,franka_cube_trackloss_default_b7e04f0_seed5_20260612_1042,5,159,2413.444091796875,0.00131988525390625,/tmp/franka_compare_tracking_vs_baseline/tracking/seed5/summaries/events.out.tfevents.1781292111.batch-block5-01188
tracking_loss,franka_cube_trackloss_default_b7e04f0_seed5_20260612_1042,5,160,2370.263916015625,0.0003814697265625,/tmp/franka_compare_tracking_vs_baseline/tracking/seed5/summaries/events.out.tfevents.1781292111.batch-block5-01188
tracking_loss,franka_cube_trackloss_default_b7e04f0_seed5_20260612_1042,5,161,2360.115234375,0.00048828125,/tmp/franka_compare_tracking_vs_baseline/tracking/seed5/summaries/events.out.tfevents.1781292111.batch-block5-01188
tracking_loss,franka_cube_trackloss_default_b7e04f0_seed5_20260612_1042,5,162,2397.451416015625,0.0018463134765625,/tmp/franka_compare_tracking_vs_baseline/tracking/seed5/summaries/events.out.tfevents.1781292111.batch-block5-01188
tracking_loss,franka_cube_trackloss_default_b7e04f0_seed5_20260612_1042,5,163,2322.48046875,0.00235748291015625,/tmp/franka_compare_tracking_vs_baseline/tracking/seed5/summaries/events.out.tfevents.1781292111.batch-block5-01188
tracking_loss,franka_cube_trackloss_default_b7e04f0_seed5_20260612_1042,5,164,2328.876708984375,0.002471923828125,/tmp/franka_compare_tracking_vs_baseline/tracking/seed5/summaries/events.out.tfevents.1781292111.batch-block5-01188
tracking_loss,franka_cube_trackloss_default_b7e04f0_seed5_20260612_1042,5,165,2423.7958984375,0.00200653076171875,/tmp/franka_compare_tracking_vs_baseline/tracking/seed5/summaries/events.out.tfevents.1781292111.batch-block5-01188
tracking_loss,franka_cube_trackloss_default_b7e04f0_seed5_20260612_1042,5,166,2394.829345703125,0.00189971923828125,/tmp/franka_compare_tracking_vs_baseline/tracking/seed5/summaries/events.out.tfevents.1781292111.batch-block5-01188
tracking_loss,franka_cube_trackloss_default_b7e04f0_seed5_20260612_1042,5,167,2367.12744140625,0.0014190673828125,/tmp/franka_compare_tracking_vs_baseline/tracking/seed5/summaries/events.out.tfevents.1781292111.batch-block5-01188
tracking_loss,franka_cube_trackloss_default_b7e04f0_seed5_20260612_1042,5,168,2428.9443359375,0.00157928466796875,/tmp/franka_compare_tracking_vs_baseline/tracking/seed5/summaries/events.out.tfevents.1781292111.batch-block5-01188
tracking_loss,franka_cube_trackloss_default_b7e04f0_seed5_20260612_1042,5,169,2340.083984375,0.001190185546875,/tmp/franka_compare_tracking_vs_baseline/tracking/seed5/summaries/events.out.tfevents.1781292111.batch-block5-01188
tracking_loss,franka_cube_trackloss_default_b7e04f0_seed5_20260612_1042,5,170,2395.8681640625,0.00115203857421875,/tmp/franka_compare_tracking_vs_baseline/tracking/seed5/summaries/events.out.tfevents.1781292111.batch-block5-01188
tracking_loss,franka_cube_trackloss_default_b7e04f0_seed5_20260612_1042,5,171,2423.614013671875,0.00162506103515625,/tmp/franka_compare_tracking_vs_baseline/tracking/seed5/summaries/events.out.tfevents.1781292111.batch-block5-01188
tracking_loss,franka_cube_trackloss_default_b7e04f0_seed5_20260612_1042,5,172,2390.40966796875,0.002349853515625,/tmp/franka_compare_tracking_vs_baseline/tracking/seed5/summaries/events.out.tfevents.1781292111.batch-block5-01188
tracking_loss,franka_cube_trackloss_default_b7e04f0_seed5_20260612_1042,5,173,2420.541259765625,0.00238037109375,/tmp/franka_compare_tracking_vs_baseline/tracking/seed5/summaries/events.out.tfevents.1781292111.batch-block5-01188
tracking_loss,franka_cube_trackloss_default_b7e04f0_seed5_20260612_1042,5,174,2370.43896484375,0.00223541259765625,/tmp/franka_compare_tracking_vs_baseline/tracking/seed5/summaries/events.out.tfevents.1781292111.batch-block5-01188
tracking_loss,franka_cube_trackloss_default_b7e04f0_seed5_20260612_1042,5,175,2466.37451171875,0.00215911865234375,/tmp/franka_compare_tracking_vs_baseline/tracking/seed5/summaries/events.out.tfevents.1781292111.batch-block5-01188
tracking_loss,franka_cube_trackloss_default_b7e04f0_seed5_20260612_1042,5,176,2546.0283203125,0.002044677734375,/tmp/franka_compare_tracking_vs_baseline/tracking/seed5/summaries/events.out.tfevents.1781292111.batch-block5-01188
tracking_loss,franka_cube_trackloss_default_b7e04f0_seed5_20260612_1042,5,177,2460.481201171875,0.00136566162109375,/tmp/franka_compare_tracking_vs_baseline/tracking/seed5/summaries/events.out.tfevents.1781292111.batch-block5-01188
tracking_loss,franka_cube_trackloss_default_b7e04f0_seed5_20260612_1042,5,178,2425.986083984375,0.00139617919921875,/tmp/franka_compare_tracking_vs_baseline/tracking/seed5/summaries/events.out.tfevents.1781292111.batch-block5-01188
tracking_loss,franka_cube_trackloss_default_b7e04f0_seed5_20260612_1042,5,179,2448.671142578125,0.00116729736328125,/tmp/franka_compare_tracking_vs_baseline/tracking/seed5/summaries/events.out.tfevents.1781292111.batch-block5-01188
tracking_loss,franka_cube_trackloss_default_b7e04f0_seed5_20260612_1042,5,180,2385.187255859375,0.00188446044921875,/tmp/franka_compare_tracking_vs_baseline/tracking/seed5/summaries/events.out.tfevents.1781292111.batch-block5-01188
tracking_loss,franka_cube_trackloss_default_b7e04f0_seed5_20260612_1042,5,181,2453.8740234375,0.00156402587890625,/tmp/franka_compare_tracking_vs_baseline/tracking/seed5/summaries/events.out.tfevents.1781292111.batch-block5-01188
tracking_loss,franka_cube_trackloss_default_b7e04f0_seed5_20260612_1042,5,182,2446.950927734375,0.00133514404296875,/tmp/franka_compare_tracking_vs_baseline/tracking/seed5/summaries/events.out.tfevents.1781292111.batch-block5-01188
tracking_loss,franka_cube_trackloss_default_b7e04f0_seed5_20260612_1042,5,183,2477.41162109375,0.0012969970703125,/tmp/franka_compare_tracking_vs_baseline/tracking/seed5/summaries/events.out.tfevents.1781292111.batch-block5-01188
tracking_loss,franka_cube_trackloss_default_b7e04f0_seed5_20260612_1042,5,184,2458.117919921875,0.0019073486328125,/tmp/franka_compare_tracking_vs_baseline/tracking/seed5/summaries/events.out.tfevents.1781292111.batch-block5-01188
tracking_loss,franka_cube_trackloss_default_b7e04f0_seed5_20260612_1042,5,185,2421.927978515625,0.0014190673828125,/tmp/franka_compare_tracking_vs_baseline/tracking/seed5/summaries/events.out.tfevents.1781292111.batch-block5-01188
tracking_loss,franka_cube_trackloss_default_b7e04f0_seed5_20260612_1042,5,186,2482.626708984375,0.0018157958984375,/tmp/franka_compare_tracking_vs_baseline/tracking/seed5/summaries/events.out.tfevents.1781292111.batch-block5-01188
tracking_loss,franka_cube_trackloss_default_b7e04f0_seed5_20260612_1042,5,187,2551.89453125,0.001220703125,/tmp/franka_compare_tracking_vs_baseline/tracking/seed5/summaries/events.out.tfevents.1781292111.batch-block5-01188
tracking_loss,franka_cube_trackloss_default_b7e04f0_seed5_20260612_1042,5,188,2369.3017578125,0.0003509521484375,/tmp/franka_compare_tracking_vs_baseline/tracking/seed5/summaries/events.out.tfevents.1781292111.batch-block5-01188
tracking_loss,franka_cube_trackloss_default_b7e04f0_seed5_20260612_1042,5,189,2388.7236328125,0.00083160400390625,/tmp/franka_compare_tracking_vs_baseline/tracking/seed5/summaries/events.out.tfevents.1781292111.batch-block5-01188
tracking_loss,franka_cube_trackloss_default_b7e04f0_seed5_20260612_1042,5,190,2376.47509765625,0.0014190673828125,/tmp/franka_compare_tracking_vs_baseline/tracking/seed5/summaries/events.out.tfevents.1781292111.batch-block5-01188
tracking_loss,franka_cube_trackloss_default_b7e04f0_seed5_20260612_1042,5,191,2361.49755859375,0.0016326904296875,/tmp/franka_compare_tracking_vs_baseline/tracking/seed5/summaries/events.out.tfevents.1781292111.batch-block5-01188
tracking_loss,franka_cube_trackloss_default_b7e04f0_seed5_20260612_1042,5,192,2372.318115234375,0.00135040283203125,/tmp/franka_compare_tracking_vs_baseline/tracking/seed5/summaries/events.out.tfevents.1781292111.batch-block5-01188
tracking_loss,franka_cube_trackloss_default_b7e04f0_seed5_20260612_1042,5,193,2405.19921875,0.00101470947265625,/tmp/franka_compare_tracking_vs_baseline/tracking/seed5/summaries/events.out.tfevents.1781292111.batch-block5-01188
tracking_loss,franka_cube_trackloss_default_b7e04f0_seed5_20260612_1042,5,194,2503.334716796875,0.00072479248046875,/tmp/franka_compare_tracking_vs_baseline/tracking/seed5/summaries/events.out.tfevents.1781292111.batch-block5-01188
tracking_loss,franka_cube_trackloss_default_b7e04f0_seed5_20260612_1042,5,195,2486.381591796875,0.0008544921875,/tmp/franka_compare_tracking_vs_baseline/tracking/seed5/summaries/events.out.tfevents.1781292111.batch-block5-01188
tracking_loss,franka_cube_trackloss_default_b7e04f0_seed5_20260612_1042,5,196,2470.029052734375,0.0007171630859375,/tmp/franka_compare_tracking_vs_baseline/tracking/seed5/summaries/events.out.tfevents.1781292111.batch-block5-01188
tracking_loss,franka_cube_trackloss_default_b7e04f0_seed5_20260612_1042,5,197,2460.951416015625,0.0003814697265625,/tmp/franka_compare_tracking_vs_baseline/tracking/seed5/summaries/events.out.tfevents.1781292111.batch-block5-01188
tracking_loss,franka_cube_trackloss_default_b7e04f0_seed5_20260612_1042,5,198,2509.6484375,0.00054931640625,/tmp/franka_compare_tracking_vs_baseline/tracking/seed5/summaries/events.out.tfevents.1781292111.batch-block5-01188
tracking_loss,franka_cube_trackloss_default_b7e04f0_seed5_20260612_1042,5,199,2458.60546875,0.001007080078125,/tmp/franka_compare_tracking_vs_baseline/tracking/seed5/summaries/events.out.tfevents.1781292111.batch-block5-01188
tracking_loss,franka_cube_trackloss_default_b7e04f0_seed5_20260612_1042,5,200,2417.058349609375,0.001373291015625,/tmp/franka_compare_tracking_vs_baseline/tracking/seed5/summaries/events.out.tfevents.1781292111.batch-block5-01188
tracking_loss,franka_cube_trackloss_default_b7e04f0_seed5_20260612_1042,5,201,2403.41064453125,0.0012969970703125,/tmp/franka_compare_tracking_vs_baseline/tracking/seed5/summaries/events.out.tfevents.1781292111.batch-block5-01188
tracking_loss,franka_cube_trackloss_default_b7e04f0_seed5_20260612_1042,5,202,2452.888916015625,0.00133514404296875,/tmp/franka_compare_tracking_vs_baseline/tracking/seed5/summaries/events.out.tfevents.1781292111.batch-block5-01188
tracking_loss,franka_cube_trackloss_default_b7e04f0_seed5_20260612_1042,5,203,2518.35400390625,0.00153350830078125,/tmp/franka_compare_tracking_vs_baseline/tracking/seed5/summaries/events.out.tfevents.1781292111.batch-block5-01188
tracking_loss,franka_cube_trackloss_default_b7e04f0_seed5_20260612_1042,5,204,2416.79296875,0.001495361328125,/tmp/franka_compare_tracking_vs_baseline/tracking/seed5/summaries/events.out.tfevents.1781292111.batch-block5-01188
tracking_loss,franka_cube_trackloss_default_b7e04f0_seed5_20260612_1042,5,205,2446.66943359375,0.00131988525390625,/tmp/franka_compare_tracking_vs_baseline/tracking/seed5/summaries/events.out.tfevents.1781292111.batch-block5-01188
tracking_loss,franka_cube_trackloss_default_b7e04f0_seed5_20260612_1042,5,206,2418.872802734375,0.0012664794921875,/tmp/franka_compare_tracking_vs_baseline/tracking/seed5/summaries/events.out.tfevents.1781292111.batch-block5-01188
tracking_loss,franka_cube_trackloss_default_b7e04f0_seed5_20260612_1042,5,207,2483.784423828125,0.00107574462890625,/tmp/franka_compare_tracking_vs_baseline/tracking/seed5/summaries/events.out.tfevents.1781292111.batch-block5-01188
tracking_loss,franka_cube_trackloss_default_b7e04f0_seed5_20260612_1042,5,208,2487.533447265625,0.000762939453125,/tmp/franka_compare_tracking_vs_baseline/tracking/seed5/summaries/events.out.tfevents.1781292111.batch-block5-01188
tracking_loss,franka_cube_trackloss_default_b7e04f0_seed5_20260612_1042,5,209,2533.846435546875,0.00064849853515625,/tmp/franka_compare_tracking_vs_baseline/tracking/seed5/summaries/events.out.tfevents.1781292111.batch-block5-01188
tracking_loss,franka_cube_trackloss_default_b7e04f0_seed5_20260612_1042,5,210,2393.66845703125,0.00096893310546875,/tmp/franka_compare_tracking_vs_baseline/tracking/seed5/summaries/events.out.tfevents.1781292111.batch-block5-01188
tracking_loss,franka_cube_trackloss_default_b7e04f0_seed5_20260612_1042,5,211,2481.460205078125,0.00078582763671875,/tmp/franka_compare_tracking_vs_baseline/tracking/seed5/summaries/events.out.tfevents.1781292111.batch-block5-01188
tracking_loss,franka_cube_trackloss_default_b7e04f0_seed5_20260612_1042,5,212,2516.240966796875,0.0003814697265625,/tmp/franka_compare_tracking_vs_baseline/tracking/seed5/summaries/events.out.tfevents.1781292111.batch-block5-01188
tracking_loss,franka_cube_trackloss_default_b7e04f0_seed5_20260612_1042,5,213,2526.003662109375,0.00020599365234375,/tmp/franka_compare_tracking_vs_baseline/tracking/seed5/summaries/events.out.tfevents.1781292111.batch-block5-01188
tracking_loss,franka_cube_trackloss_default_b7e04f0_seed5_20260612_1042,5,214,2480.4765625,0.00063323974609375,/tmp/franka_compare_tracking_vs_baseline/tracking/seed5/summaries/events.out.tfevents.1781292111.batch-block5-01188
tracking_loss,franka_cube_trackloss_default_b7e04f0_seed5_20260612_1042,5,215,2482.25830078125,0.000396728515625,/tmp/franka_compare_tracking_vs_baseline/tracking/seed5/summaries/events.out.tfevents.1781292111.batch-block5-01188
tracking_loss,franka_cube_trackloss_default_b7e04f0_seed5_20260612_1042,5,216,2348.859619140625,0.00079345703125,/tmp/franka_compare_tracking_vs_baseline/tracking/seed5/summaries/events.out.tfevents.1781292111.batch-block5-01188
tracking_loss,franka_cube_trackloss_default_b7e04f0_seed5_20260612_1042,5,217,2450.6572265625,0.00090789794921875,/tmp/franka_compare_tracking_vs_baseline/tracking/seed5/summaries/events.out.tfevents.1781292111.batch-block5-01188
tracking_loss,franka_cube_trackloss_default_b7e04f0_seed5_20260612_1042,5,218,2403.2353515625,0.001007080078125,/tmp/franka_compare_tracking_vs_baseline/tracking/seed5/summaries/events.out.tfevents.1781292111.batch-block5-01188
tracking_loss,franka_cube_trackloss_default_b7e04f0_seed5_20260612_1042,5,219,2454.792724609375,0.00063323974609375,/tmp/franka_compare_tracking_vs_baseline/tracking/seed5/summaries/events.out.tfevents.1781292111.batch-block5-01188
tracking_loss,franka_cube_trackloss_default_b7e04f0_seed5_20260612_1042,5,220,2426.0546875,0.00075531005859375,/tmp/franka_compare_tracking_vs_baseline/tracking/seed5/summaries/events.out.tfevents.1781292111.batch-block5-01188
tracking_loss,franka_cube_trackloss_default_b7e04f0_seed5_20260612_1042,5,221,2424.420654296875,0.00080108642578125,/tmp/franka_compare_tracking_vs_baseline/tracking/seed5/summaries/events.out.tfevents.1781292111.batch-block5-01188
tracking_loss,franka_cube_trackloss_default_b7e04f0_seed5_20260612_1042,5,222,2478.87890625,0.00110626220703125,/tmp/franka_compare_tracking_vs_baseline/tracking/seed5/summaries/events.out.tfevents.1781292111.batch-block5-01188
tracking_loss,franka_cube_trackloss_default_b7e04f0_seed5_20260612_1042,5,223,2499.9453125,0.001007080078125,/tmp/franka_compare_tracking_vs_baseline/tracking/seed5/summaries/events.out.tfevents.1781292111.batch-block5-01188
tracking_loss,franka_cube_trackloss_default_b7e04f0_seed5_20260612_1042,5,224,2488.44091796875,0.001068115234375,/tmp/franka_compare_tracking_vs_baseline/tracking/seed5/summaries/events.out.tfevents.1781292111.batch-block5-01188
tracking_loss,franka_cube_trackloss_default_b7e04f0_seed5_20260612_1042,5,225,2319.397705078125,0.00093841552734375,/tmp/franka_compare_tracking_vs_baseline/tracking/seed5/summaries/events.out.tfevents.1781292111.batch-block5-01188
tracking_loss,franka_cube_trackloss_default_b7e04f0_seed5_20260612_1042,5,226,2384.534423828125,0.00160980224609375,/tmp/franka_compare_tracking_vs_baseline/tracking/seed5/summaries/events.out.tfevents.1781292111.batch-block5-01188
tracking_loss,franka_cube_trackloss_default_b7e04f0_seed5_20260612_1042,5,227,2426.54833984375,0.00199127197265625,/tmp/franka_compare_tracking_vs_baseline/tracking/seed5/summaries/events.out.tfevents.1781292111.batch-block5-01188
tracking_loss,franka_cube_trackloss_default_b7e04f0_seed5_20260612_1042,5,228,2474.363037109375,0.00220489501953125,/tmp/franka_compare_tracking_vs_baseline/tracking/seed5/summaries/events.out.tfevents.1781292111.batch-block5-01188
tracking_loss,franka_cube_trackloss_default_b7e04f0_seed5_20260612_1042,5,229,2477.060791015625,0.00131988525390625,/tmp/franka_compare_tracking_vs_baseline/tracking/seed5/summaries/events.out.tfevents.1781292111.batch-block5-01188
tracking_loss,franka_cube_trackloss_default_b7e04f0_seed5_20260612_1042,5,230,2501.0791015625,0.0014190673828125,/tmp/franka_compare_tracking_vs_baseline/tracking/seed5/summaries/events.out.tfevents.1781292111.batch-block5-01188
tracking_loss,franka_cube_trackloss_default_b7e04f0_seed5_20260612_1042,5,231,2438.9677734375,0.0017547607421875,/tmp/franka_compare_tracking_vs_baseline/tracking/seed5/summaries/events.out.tfevents.1781292111.batch-block5-01188
tracking_loss,franka_cube_trackloss_default_b7e04f0_seed5_20260612_1042,5,232,2330.432373046875,0.00156402587890625,/tmp/franka_compare_tracking_vs_baseline/tracking/seed5/summaries/events.out.tfevents.1781292111.batch-block5-01188
tracking_loss,franka_cube_trackloss_default_b7e04f0_seed5_20260612_1042,5,233,2397.217529296875,0.00142669677734375,/tmp/franka_compare_tracking_vs_baseline/tracking/seed5/summaries/events.out.tfevents.1781292111.batch-block5-01188
tracking_loss,franka_cube_trackloss_default_b7e04f0_seed5_20260612_1042,5,234,2609.668701171875,0.00139617919921875,/tmp/franka_compare_tracking_vs_baseline/tracking/seed5/summaries/events.out.tfevents.1781292111.batch-block5-01188
tracking_loss,franka_cube_trackloss_default_b7e04f0_seed5_20260612_1042,5,235,2354.54931640625,0.00141143798828125,/tmp/franka_compare_tracking_vs_baseline/tracking/seed5/summaries/events.out.tfevents.1781292111.batch-block5-01188
tracking_loss,franka_cube_trackloss_default_b7e04f0_seed5_20260612_1042,5,236,2393.23193359375,0.00139617919921875,/tmp/franka_compare_tracking_vs_baseline/tracking/seed5/summaries/events.out.tfevents.1781292111.batch-block5-01188
tracking_loss,franka_cube_trackloss_default_b7e04f0_seed5_20260612_1042,5,237,2439.02783203125,0.00119781494140625,/tmp/franka_compare_tracking_vs_baseline/tracking/seed5/summaries/events.out.tfevents.1781292111.batch-block5-01188
tracking_loss,franka_cube_trackloss_default_b7e04f0_seed5_20260612_1042,5,238,2487.17236328125,0.0007781982421875,/tmp/franka_compare_tracking_vs_baseline/tracking/seed5/summaries/events.out.tfevents.1781292111.batch-block5-01188
tracking_loss,franka_cube_trackloss_default_b7e04f0_seed5_20260612_1042,5,239,2480.81201171875,0.00096893310546875,/tmp/franka_compare_tracking_vs_baseline/tracking/seed5/summaries/events.out.tfevents.1781292111.batch-block5-01188
tracking_loss,franka_cube_trackloss_default_b7e04f0_seed5_20260612_1042,5,240,2471.073486328125,0.0010833740234375,/tmp/franka_compare_tracking_vs_baseline/tracking/seed5/summaries/events.out.tfevents.1781292111.batch-block5-01188
tracking_loss,franka_cube_trackloss_default_b7e04f0_seed5_20260612_1042,5,241,2447.19921875,0.00104522705078125,/tmp/franka_compare_tracking_vs_baseline/tracking/seed5/summaries/events.out.tfevents.1781292111.batch-block5-01188
tracking_loss,franka_cube_trackloss_default_b7e04f0_seed5_20260612_1042,5,242,2474.51171875,0.000762939453125,/tmp/franka_compare_tracking_vs_baseline/tracking/seed5/summaries/events.out.tfevents.1781292111.batch-block5-01188
tracking_loss,franka_cube_trackloss_default_b7e04f0_seed5_20260612_1042,5,243,2456.76220703125,0.00054931640625,/tmp/franka_compare_tracking_vs_baseline/tracking/seed5/summaries/events.out.tfevents.1781292111.batch-block5-01188
tracking_loss,franka_cube_trackloss_default_b7e04f0_seed5_20260612_1042,5,244,2401.787841796875,0.0003509521484375,/tmp/franka_compare_tracking_vs_baseline/tracking/seed5/summaries/events.out.tfevents.1781292111.batch-block5-01188
tracking_loss,franka_cube_trackloss_default_b7e04f0_seed5_20260612_1042,5,245,2477.89501953125,0.0006866455078125,/tmp/franka_compare_tracking_vs_baseline/tracking/seed5/summaries/events.out.tfevents.1781292111.batch-block5-01188
tracking_loss,franka_cube_trackloss_default_b7e04f0_seed5_20260612_1042,5,246,2423.791015625,0.00070953369140625,/tmp/franka_compare_tracking_vs_baseline/tracking/seed5/summaries/events.out.tfevents.1781292111.batch-block5-01188
tracking_loss,franka_cube_trackloss_default_b7e04f0_seed5_20260612_1042,5,247,2413.90576171875,0.00061798095703125,/tmp/franka_compare_tracking_vs_baseline/tracking/seed5/summaries/events.out.tfevents.1781292111.batch-block5-01188
tracking_loss,franka_cube_trackloss_default_b7e04f0_seed5_20260612_1042,5,248,2447.20458984375,0.00051116943359375,/tmp/franka_compare_tracking_vs_baseline/tracking/seed5/summaries/events.out.tfevents.1781292111.batch-block5-01188
tracking_loss,franka_cube_trackloss_default_b7e04f0_seed5_20260612_1042,5,249,2373.189208984375,0.00086212158203125,/tmp/franka_compare_tracking_vs_baseline/tracking/seed5/summaries/events.out.tfevents.1781292111.batch-block5-01188
tracking_loss,franka_cube_trackloss_default_b7e04f0_seed5_20260612_1042,5,250,2470.921630859375,0.00121307373046875,/tmp/franka_compare_tracking_vs_baseline/tracking/seed5/summaries/events.out.tfevents.1781292111.batch-block5-01188
tracking_loss,franka_cube_trackloss_default_b7e04f0_seed5_20260612_1042,5,251,2449.639404296875,0.00182342529296875,/tmp/franka_compare_tracking_vs_baseline/tracking/seed5/summaries/events.out.tfevents.1781292111.batch-block5-01188
tracking_loss,franka_cube_trackloss_default_b7e04f0_seed5_20260612_1042,5,252,2493.751708984375,0.001556396484375,/tmp/franka_compare_tracking_vs_baseline/tracking/seed5/summaries/events.out.tfevents.1781292111.batch-block5-01188
tracking_loss,franka_cube_trackloss_default_b7e04f0_seed5_20260612_1042,5,253,2446.632080078125,0.00171661376953125,/tmp/franka_compare_tracking_vs_baseline/tracking/seed5/summaries/events.out.tfevents.1781292111.batch-block5-01188
tracking_loss,franka_cube_trackloss_default_b7e04f0_seed5_20260612_1042,5,254,2438.427734375,0.00173187255859375,/tmp/franka_compare_tracking_vs_baseline/tracking/seed5/summaries/events.out.tfevents.1781292111.batch-block5-01188
tracking_loss,franka_cube_trackloss_default_b7e04f0_seed5_20260612_1042,5,255,2401.974365234375,0.00183868408203125,/tmp/franka_compare_tracking_vs_baseline/tracking/seed5/summaries/events.out.tfevents.1781292111.batch-block5-01188
tracking_loss,franka_cube_trackloss_default_b7e04f0_seed5_20260612_1042,5,256,2363.0244140625,0.00215911865234375,/tmp/franka_compare_tracking_vs_baseline/tracking/seed5/summaries/events.out.tfevents.1781292111.batch-block5-01188
tracking_loss,franka_cube_trackloss_default_b7e04f0_seed5_20260612_1042,5,257,2440.509033203125,0.00194549560546875,/tmp/franka_compare_tracking_vs_baseline/tracking/seed5/summaries/events.out.tfevents.1781292111.batch-block5-01188
tracking_loss,franka_cube_trackloss_default_b7e04f0_seed5_20260612_1042,5,258,2464.80908203125,0.0021209716796875,/tmp/franka_compare_tracking_vs_baseline/tracking/seed5/summaries/events.out.tfevents.1781292111.batch-block5-01188
tracking_loss,franka_cube_trackloss_default_b7e04f0_seed5_20260612_1042,5,259,2522.395263671875,0.00164031982421875,/tmp/franka_compare_tracking_vs_baseline/tracking/seed5/summaries/events.out.tfevents.1781292111.batch-block5-01188
tracking_loss,franka_cube_trackloss_default_b7e04f0_seed5_20260612_1042,5,260,2450.57275390625,0.00162506103515625,/tmp/franka_compare_tracking_vs_baseline/tracking/seed5/summaries/events.out.tfevents.1781292111.batch-block5-01188
tracking_loss,franka_cube_trackloss_default_b7e04f0_seed5_20260612_1042,5,261,2467.029541015625,0.0015716552734375,/tmp/franka_compare_tracking_vs_baseline/tracking/seed5/summaries/events.out.tfevents.1781292111.batch-block5-01188
tracking_loss,franka_cube_trackloss_default_b7e04f0_seed5_20260612_1042,5,262,2500.96533203125,0.00102996826171875,/tmp/franka_compare_tracking_vs_baseline/tracking/seed5/summaries/events.out.tfevents.1781292111.batch-block5-01188
tracking_loss,franka_cube_trackloss_default_b7e04f0_seed5_20260612_1042,5,263,2355.46484375,0.0008544921875,/tmp/franka_compare_tracking_vs_baseline/tracking/seed5/summaries/events.out.tfevents.1781292111.batch-block5-01188
tracking_loss,franka_cube_trackloss_default_b7e04f0_seed5_20260612_1042,5,264,2446.9619140625,0.00081634521484375,/tmp/franka_compare_tracking_vs_baseline/tracking/seed5/summaries/events.out.tfevents.1781292111.batch-block5-01188
tracking_loss,franka_cube_trackloss_default_b7e04f0_seed5_20260612_1042,5,265,2459.68896484375,0.000823974609375,/tmp/franka_compare_tracking_vs_baseline/tracking/seed5/summaries/events.out.tfevents.1781292111.batch-block5-01188
tracking_loss,franka_cube_trackloss_default_b7e04f0_seed5_20260612_1042,5,266,2491.2353515625,0.0007171630859375,/tmp/franka_compare_tracking_vs_baseline/tracking/seed5/summaries/events.out.tfevents.1781292111.batch-block5-01188
tracking_loss,franka_cube_trackloss_default_b7e04f0_seed5_20260612_1042,5,267,2483.1611328125,0.001007080078125,/tmp/franka_compare_tracking_vs_baseline/tracking/seed5/summaries/events.out.tfevents.1781292111.batch-block5-01188
tracking_loss,franka_cube_trackloss_default_b7e04f0_seed5_20260612_1042,5,268,2424.28515625,0.0012969970703125,/tmp/franka_compare_tracking_vs_baseline/tracking/seed5/summaries/events.out.tfevents.1781292111.batch-block5-01188
tracking_loss,franka_cube_trackloss_default_b7e04f0_seed5_20260612_1042,5,269,2515.181884765625,0.001312255859375,/tmp/franka_compare_tracking_vs_baseline/tracking/seed5/summaries/events.out.tfevents.1781292111.batch-block5-01188
tracking_loss,franka_cube_trackloss_default_b7e04f0_seed5_20260612_1042,5,270,2486.9814453125,0.0011138916015625,/tmp/franka_compare_tracking_vs_baseline/tracking/seed5/summaries/events.out.tfevents.1781292111.batch-block5-01188
tracking_loss,franka_cube_trackloss_default_b7e04f0_seed5_20260612_1042,5,271,2455.74755859375,0.0010833740234375,/tmp/franka_compare_tracking_vs_baseline/tracking/seed5/summaries/events.out.tfevents.1781292111.batch-block5-01188
tracking_loss,franka_cube_trackloss_default_b7e04f0_seed5_20260612_1042,5,272,2400.616455078125,0.00086212158203125,/tmp/franka_compare_tracking_vs_baseline/tracking/seed5/summaries/events.out.tfevents.1781292111.batch-block5-01188
tracking_loss,franka_cube_trackloss_default_b7e04f0_seed5_20260612_1042,5,273,2438.822998046875,0.00180816650390625,/tmp/franka_compare_tracking_vs_baseline/tracking/seed5/summaries/events.out.tfevents.1781292111.batch-block5-01188
tracking_loss,franka_cube_trackloss_default_b7e04f0_seed5_20260612_1042,5,274,2451.186767578125,0.002105712890625,/tmp/franka_compare_tracking_vs_baseline/tracking/seed5/summaries/events.out.tfevents.1781292111.batch-block5-01188
tracking_loss,franka_cube_trackloss_default_b7e04f0_seed5_20260612_1042,5,275,2522.475830078125,0.0021820068359375,/tmp/franka_compare_tracking_vs_baseline/tracking/seed5/summaries/events.out.tfevents.1781292111.batch-block5-01188
tracking_loss,franka_cube_trackloss_default_b7e04f0_seed5_20260612_1042,5,276,2445.697998046875,0.00182342529296875,/tmp/franka_compare_tracking_vs_baseline/tracking/seed5/summaries/events.out.tfevents.1781292111.batch-block5-01188
tracking_loss,franka_cube_trackloss_default_b7e04f0_seed5_20260612_1042,5,277,2440.39697265625,0.0019989013671875,/tmp/franka_compare_tracking_vs_baseline/tracking/seed5/summaries/events.out.tfevents.1781292111.batch-block5-01188
tracking_loss,franka_cube_trackloss_default_b7e04f0_seed5_20260612_1042,5,278,2442.84228515625,0.002288818359375,/tmp/franka_compare_tracking_vs_baseline/tracking/seed5/summaries/events.out.tfevents.1781292111.batch-block5-01188
tracking_loss,franka_cube_trackloss_default_b7e04f0_seed5_20260612_1042,5,279,2429.49267578125,0.00223541259765625,/tmp/franka_compare_tracking_vs_baseline/tracking/seed5/summaries/events.out.tfevents.1781292111.batch-block5-01188
tracking_loss,franka_cube_trackloss_default_b7e04f0_seed5_20260612_1042,5,280,2438.709716796875,0.0021209716796875,/tmp/franka_compare_tracking_vs_baseline/tracking/seed5/summaries/events.out.tfevents.1781292111.batch-block5-01188
tracking_loss,franka_cube_trackloss_default_b7e04f0_seed5_20260612_1042,5,281,2477.998779296875,0.0019989013671875,/tmp/franka_compare_tracking_vs_baseline/tracking/seed5/summaries/events.out.tfevents.1781292111.batch-block5-01188
tracking_loss,franka_cube_trackloss_default_b7e04f0_seed5_20260612_1042,5,282,2329.41015625,0.00153350830078125,/tmp/franka_compare_tracking_vs_baseline/tracking/seed5/summaries/events.out.tfevents.1781292111.batch-block5-01188
tracking_loss,franka_cube_trackloss_default_b7e04f0_seed5_20260612_1042,5,283,2451.97607421875,0.0025482177734375,/tmp/franka_compare_tracking_vs_baseline/tracking/seed5/summaries/events.out.tfevents.1781292111.batch-block5-01188
tracking_loss,franka_cube_trackloss_default_b7e04f0_seed5_20260612_1042,5,284,2445.263916015625,0.0024261474609375,/tmp/franka_compare_tracking_vs_baseline/tracking/seed5/summaries/events.out.tfevents.1781292111.batch-block5-01188
tracking_loss,franka_cube_trackloss_default_b7e04f0_seed5_20260612_1042,5,285,2438.49462890625,0.0023345947265625,/tmp/franka_compare_tracking_vs_baseline/tracking/seed5/summaries/events.out.tfevents.1781292111.batch-block5-01188
tracking_loss,franka_cube_trackloss_default_b7e04f0_seed5_20260612_1042,5,286,2427.25537109375,0.002410888671875,/tmp/franka_compare_tracking_vs_baseline/tracking/seed5/summaries/events.out.tfevents.1781292111.batch-block5-01188
tracking_loss,franka_cube_trackloss_default_b7e04f0_seed5_20260612_1042,5,287,2410.15869140625,0.00299072265625,/tmp/franka_compare_tracking_vs_baseline/tracking/seed5/summaries/events.out.tfevents.1781292111.batch-block5-01188
tracking_loss,franka_cube_trackloss_default_b7e04f0_seed5_20260612_1042,5,288,2406.39111328125,0.00348663330078125,/tmp/franka_compare_tracking_vs_baseline/tracking/seed5/summaries/events.out.tfevents.1781292111.batch-block5-01188
tracking_loss,franka_cube_trackloss_default_b7e04f0_seed5_20260612_1042,5,289,2402.43798828125,0.00348663330078125,/tmp/franka_compare_tracking_vs_baseline/tracking/seed5/summaries/events.out.tfevents.1781292111.batch-block5-01188
tracking_loss,franka_cube_trackloss_default_b7e04f0_seed5_20260612_1042,5,290,2519.4453125,0.00313568115234375,/tmp/franka_compare_tracking_vs_baseline/tracking/seed5/summaries/events.out.tfevents.1781292111.batch-block5-01188
tracking_loss,franka_cube_trackloss_default_b7e04f0_seed5_20260612_1042,5,291,2431.44091796875,0.00247955322265625,/tmp/franka_compare_tracking_vs_baseline/tracking/seed5/summaries/events.out.tfevents.1781292111.batch-block5-01188
tracking_loss,franka_cube_trackloss_default_b7e04f0_seed5_20260612_1042,5,292,2450.642333984375,0.00263214111328125,/tmp/franka_compare_tracking_vs_baseline/tracking/seed5/summaries/events.out.tfevents.1781292111.batch-block5-01188
tracking_loss,franka_cube_trackloss_default_b7e04f0_seed5_20260612_1042,5,293,2434.39404296875,0.003631591796875,/tmp/franka_compare_tracking_vs_baseline/tracking/seed5/summaries/events.out.tfevents.1781292111.batch-block5-01188
tracking_loss,franka_cube_trackloss_default_b7e04f0_seed5_20260612_1042,5,294,2322.662353515625,0.0049896240234375,/tmp/franka_compare_tracking_vs_baseline/tracking/seed5/summaries/events.out.tfevents.1781292111.batch-block5-01188
tracking_loss,franka_cube_trackloss_default_b7e04f0_seed5_20260612_1042,5,295,2472.88623046875,0.00534820556640625,/tmp/franka_compare_tracking_vs_baseline/tracking/seed5/summaries/events.out.tfevents.1781292111.batch-block5-01188
tracking_loss,franka_cube_trackloss_default_b7e04f0_seed5_20260612_1042,5,296,2443.823486328125,0.00656890869140625,/tmp/franka_compare_tracking_vs_baseline/tracking/seed5/summaries/events.out.tfevents.1781292111.batch-block5-01188
tracking_loss,franka_cube_trackloss_default_b7e04f0_seed5_20260612_1042,5,297,2456.57861328125,0.00640106201171875,/tmp/franka_compare_tracking_vs_baseline/tracking/seed5/summaries/events.out.tfevents.1781292111.batch-block5-01188
tracking_loss,franka_cube_trackloss_default_b7e04f0_seed5_20260612_1042,5,298,2325.564208984375,0.0111236572265625,/tmp/franka_compare_tracking_vs_baseline/tracking/seed5/summaries/events.out.tfevents.1781292111.batch-block5-01188
tracking_loss,franka_cube_trackloss_default_b7e04f0_seed5_20260612_1042,5,299,2355.894775390625,0.017608642578125,/tmp/franka_compare_tracking_vs_baseline/tracking/seed5/summaries/events.out.tfevents.1781292111.batch-block5-01188
tracking_loss,franka_cube_trackloss_default_b7e04f0_seed5_20260612_1042,5,300,2340.2177734375,0.021026611328125,/tmp/franka_compare_tracking_vs_baseline/tracking/seed5/summaries/events.out.tfevents.1781292111.batch-block5-01188
tracking_loss,franka_cube_trackloss_default_b7e04f0_seed5_20260612_1042,5,301,2409.2646484375,0.02297210693359375,/tmp/franka_compare_tracking_vs_baseline/tracking/seed5/summaries/events.out.tfevents.1781292111.batch-block5-01188
tracking_loss,franka_cube_trackloss_default_b7e04f0_seed5_20260612_1042,5,302,2395.822021484375,0.04308319091796875,/tmp/franka_compare_tracking_vs_baseline/tracking/seed5/summaries/events.out.tfevents.1781292111.batch-block5-01188
tracking_loss,franka_cube_trackloss_default_b7e04f0_seed5_20260612_1042,5,303,2572.9453125,0.06903076171875,/tmp/franka_compare_tracking_vs_baseline/tracking/seed5/summaries/events.out.tfevents.1781292111.batch-block5-01188
tracking_loss,franka_cube_trackloss_default_b7e04f0_seed5_20260612_1042,5,304,2514.209716796875,0.07404327392578125,/tmp/franka_compare_tracking_vs_baseline/tracking/seed5/summaries/events.out.tfevents.1781292111.batch-block5-01188
tracking_loss,franka_cube_trackloss_default_b7e04f0_seed5_20260612_1042,5,305,2769.7587890625,0.0799560546875,/tmp/franka_compare_tracking_vs_baseline/tracking/seed5/summaries/events.out.tfevents.1781292111.batch-block5-01188
tracking_loss,franka_cube_trackloss_default_b7e04f0_seed5_20260612_1042,5,306,2953.620361328125,0.08585357666015625,/tmp/franka_compare_tracking_vs_baseline/tracking/seed5/summaries/events.out.tfevents.1781292111.batch-block5-01188
tracking_loss,franka_cube_trackloss_default_b7e04f0_seed5_20260612_1042,5,307,3038.607177734375,0.0950469970703125,/tmp/franka_compare_tracking_vs_baseline/tracking/seed5/summaries/events.out.tfevents.1781292111.batch-block5-01188
tracking_loss,franka_cube_trackloss_default_b7e04f0_seed5_20260612_1042,5,308,2762.84912109375,0.10028839111328125,/tmp/franka_compare_tracking_vs_baseline/tracking/seed5/summaries/events.out.tfevents.1781292111.batch-block5-01188
tracking_loss,franka_cube_trackloss_default_b7e04f0_seed5_20260612_1042,5,309,3223.08056640625,0.1050567626953125,/tmp/franka_compare_tracking_vs_baseline/tracking/seed5/summaries/events.out.tfevents.1781292111.batch-block5-01188
tracking_loss,franka_cube_trackloss_default_b7e04f0_seed5_20260612_1042,5,310,3261.208740234375,0.08773040771484375,/tmp/franka_compare_tracking_vs_baseline/tracking/seed5/summaries/events.out.tfevents.1781292111.batch-block5-01188
tracking_loss,franka_cube_trackloss_default_b7e04f0_seed5_20260612_1042,5,311,3303.9296875,0.1041259765625,/tmp/franka_compare_tracking_vs_baseline/tracking/seed5/summaries/events.out.tfevents.1781292111.batch-block5-01188
tracking_loss,franka_cube_trackloss_default_b7e04f0_seed5_20260612_1042,5,312,3472.706787109375,0.1592559814453125,/tmp/franka_compare_tracking_vs_baseline/tracking/seed5/summaries/events.out.tfevents.1781292111.batch-block5-01188
tracking_loss,franka_cube_trackloss_default_b7e04f0_seed5_20260612_1042,5,313,3467.311279296875,0.17162322998046875,/tmp/franka_compare_tracking_vs_baseline/tracking/seed5/summaries/events.out.tfevents.1781292111.batch-block5-01188
tracking_loss,franka_cube_trackloss_default_b7e04f0_seed5_20260612_1042,5,314,3691.854248046875,0.19066619873046875,/tmp/franka_compare_tracking_vs_baseline/tracking/seed5/summaries/events.out.tfevents.1781292111.batch-block5-01188
tracking_loss,franka_cube_trackloss_default_b7e04f0_seed5_20260612_1042,5,315,4021.1396484375,0.20178985595703125,/tmp/franka_compare_tracking_vs_baseline/tracking/seed5/summaries/events.out.tfevents.1781292111.batch-block5-01188
tracking_loss,franka_cube_trackloss_default_b7e04f0_seed5_20260612_1042,5,316,4071.247802734375,0.216949462890625,/tmp/franka_compare_tracking_vs_baseline/tracking/seed5/summaries/events.out.tfevents.1781292111.batch-block5-01188
tracking_loss,franka_cube_trackloss_default_b7e04f0_seed5_20260612_1042,5,317,4002.853759765625,0.23236083984375,/tmp/franka_compare_tracking_vs_baseline/tracking/seed5/summaries/events.out.tfevents.1781292111.batch-block5-01188
tracking_loss,franka_cube_trackloss_default_b7e04f0_seed5_20260612_1042,5,318,4307.5810546875,0.24297332763671875,/tmp/franka_compare_tracking_vs_baseline/tracking/seed5/summaries/events.out.tfevents.1781292111.batch-block5-01188
tracking_loss,franka_cube_trackloss_default_b7e04f0_seed5_20260612_1042,5,319,5086.92626953125,0.22122955322265625,/tmp/franka_compare_tracking_vs_baseline/tracking/seed5/summaries/events.out.tfevents.1781292111.batch-block5-01188
tracking_loss,franka_cube_trackloss_default_b7e04f0_seed5_20260612_1042,5,320,4834.27880859375,0.21085357666015625,/tmp/franka_compare_tracking_vs_baseline/tracking/seed5/summaries/events.out.tfevents.1781292111.batch-block5-01188
tracking_loss,franka_cube_trackloss_default_b7e04f0_seed5_20260612_1042,5,321,5529.6953125,0.316558837890625,/tmp/franka_compare_tracking_vs_baseline/tracking/seed5/summaries/events.out.tfevents.1781292111.batch-block5-01188
tracking_loss,franka_cube_trackloss_default_b7e04f0_seed5_20260612_1042,5,322,5629.1005859375,0.34848785400390625,/tmp/franka_compare_tracking_vs_baseline/tracking/seed5/summaries/events.out.tfevents.1781292111.batch-block5-01188
tracking_loss,franka_cube_trackloss_default_b7e04f0_seed5_20260612_1042,5,323,5672.603515625,0.37171173095703125,/tmp/franka_compare_tracking_vs_baseline/tracking/seed5/summaries/events.out.tfevents.1781292111.batch-block5-01188
tracking_loss,franka_cube_trackloss_default_b7e04f0_seed5_20260612_1042,5,324,5720.5537109375,0.387115478515625,/tmp/franka_compare_tracking_vs_baseline/tracking/seed5/summaries/events.out.tfevents.1781292111.batch-block5-01188
tracking_loss,franka_cube_trackloss_default_b7e04f0_seed5_20260612_1042,5,325,5634.904296875,0.40447235107421875,/tmp/franka_compare_tracking_vs_baseline/tracking/seed5/summaries/events.out.tfevents.1781292111.batch-block5-01188
tracking_loss,franka_cube_trackloss_default_b7e04f0_seed5_20260612_1042,5,326,6430.77099609375,0.4071044921875,/tmp/franka_compare_tracking_vs_baseline/tracking/seed5/summaries/events.out.tfevents.1781292111.batch-block5-01188
tracking_loss,franka_cube_trackloss_default_b7e04f0_seed5_20260612_1042,5,327,7005.73974609375,0.4081268310546875,/tmp/franka_compare_tracking_vs_baseline/tracking/seed5/summaries/events.out.tfevents.1781292111.batch-block5-01188
tracking_loss,franka_cube_trackloss_default_b7e04f0_seed5_20260612_1042,5,328,6931.10693359375,0.38156890869140625,/tmp/franka_compare_tracking_vs_baseline/tracking/seed5/summaries/events.out.tfevents.1781292111.batch-block5-01188
tracking_loss,franka_cube_trackloss_default_b7e04f0_seed5_20260612_1042,5,329,7438.0029296875,0.31432342529296875,/tmp/franka_compare_tracking_vs_baseline/tracking/seed5/summaries/events.out.tfevents.1781292111.batch-block5-01188
tracking_loss,franka_cube_trackloss_default_b7e04f0_seed5_20260612_1042,5,330,7354.7841796875,0.40094757080078125,/tmp/franka_compare_tracking_vs_baseline/tracking/seed5/summaries/events.out.tfevents.1781292111.batch-block5-01188
tracking_loss,franka_cube_trackloss_default_b7e04f0_seed5_20260612_1042,5,331,7706.201171875,0.467559814453125,/tmp/franka_compare_tracking_vs_baseline/tracking/seed5/summaries/events.out.tfevents.1781292111.batch-block5-01188
tracking_loss,franka_cube_trackloss_default_b7e04f0_seed5_20260612_1042,5,332,7542.8349609375,0.48509979248046875,/tmp/franka_compare_tracking_vs_baseline/tracking/seed5/summaries/events.out.tfevents.1781292111.batch-block5-01188
tracking_loss,franka_cube_trackloss_default_b7e04f0_seed5_20260612_1042,5,333,7649.9365234375,0.5000762939453125,/tmp/franka_compare_tracking_vs_baseline/tracking/seed5/summaries/events.out.tfevents.1781292111.batch-block5-01188
tracking_loss,franka_cube_trackloss_default_b7e04f0_seed5_20260612_1042,5,334,7905.021484375,0.494140625,/tmp/franka_compare_tracking_vs_baseline/tracking/seed5/summaries/events.out.tfevents.1781292111.batch-block5-01188
tracking_loss,franka_cube_trackloss_default_b7e04f0_seed5_20260612_1042,5,335,8233.9619140625,0.50775146484375,/tmp/franka_compare_tracking_vs_baseline/tracking/seed5/summaries/events.out.tfevents.1781292111.batch-block5-01188
tracking_loss,franka_cube_trackloss_default_b7e04f0_seed5_20260612_1042,5,336,8066.4208984375,0.5198974609375,/tmp/franka_compare_tracking_vs_baseline/tracking/seed5/summaries/events.out.tfevents.1781292111.batch-block5-01188
tracking_loss,franka_cube_trackloss_default_b7e04f0_seed5_20260612_1042,5,337,8556.6123046875,0.5253067016601562,/tmp/franka_compare_tracking_vs_baseline/tracking/seed5/summaries/events.out.tfevents.1781292111.batch-block5-01188
tracking_loss,franka_cube_trackloss_default_b7e04f0_seed5_20260612_1042,5,338,8461.505859375,0.41668701171875,/tmp/franka_compare_tracking_vs_baseline/tracking/seed5/summaries/events.out.tfevents.1781292111.batch-block5-01188
tracking_loss,franka_cube_trackloss_default_b7e04f0_seed5_20260612_1042,5,339,8633.607421875,0.44891357421875,/tmp/franka_compare_tracking_vs_baseline/tracking/seed5/summaries/events.out.tfevents.1781292111.batch-block5-01188
tracking_loss,franka_cube_trackloss_default_b7e04f0_seed5_20260612_1042,5,340,8867.310546875,0.553192138671875,/tmp/franka_compare_tracking_vs_baseline/tracking/seed5/summaries/events.out.tfevents.1781292111.batch-block5-01188
tracking_loss,franka_cube_trackloss_default_b7e04f0_seed5_20260612_1042,5,341,9002.8349609375,0.5633926391601562,/tmp/franka_compare_tracking_vs_baseline/tracking/seed5/summaries/events.out.tfevents.1781292111.batch-block5-01188
tracking_loss,franka_cube_trackloss_default_b7e04f0_seed5_20260612_1042,5,342,8684.7158203125,0.5808563232421875,/tmp/franka_compare_tracking_vs_baseline/tracking/seed5/summaries/events.out.tfevents.1781292111.batch-block5-01188
tracking_loss,franka_cube_trackloss_default_b7e04f0_seed5_20260612_1042,5,343,9035.0654296875,0.590362548828125,/tmp/franka_compare_tracking_vs_baseline/tracking/seed5/summaries/events.out.tfevents.1781292111.batch-block5-01188
tracking_loss,franka_cube_trackloss_default_b7e04f0_seed5_20260612_1042,5,344,9234.38671875,0.5996017456054688,/tmp/franka_compare_tracking_vs_baseline/tracking/seed5/summaries/events.out.tfevents.1781292111.batch-block5-01188
tracking_loss,franka_cube_trackloss_default_b7e04f0_seed5_20260612_1042,5,345,9282.3408203125,0.6104736328125,/tmp/franka_compare_tracking_vs_baseline/tracking/seed5/summaries/events.out.tfevents.1781292111.batch-block5-01188
tracking_loss,franka_cube_trackloss_default_b7e04f0_seed5_20260612_1042,5,346,9271.1357421875,0.6150665283203125,/tmp/franka_compare_tracking_vs_baseline/tracking/seed5/summaries/events.out.tfevents.1781292111.batch-block5-01188
tracking_loss,franka_cube_trackloss_default_b7e04f0_seed5_20260612_1042,5,347,9700.3447265625,0.528472900390625,/tmp/franka_compare_tracking_vs_baseline/tracking/seed5/summaries/events.out.tfevents.1781292111.batch-block5-01188
tracking_loss,franka_cube_trackloss_default_b7e04f0_seed5_20260612_1042,5,348,9427.4765625,0.46450042724609375,/tmp/franka_compare_tracking_vs_baseline/tracking/seed5/summaries/events.out.tfevents.1781292111.batch-block5-01188
tracking_loss,franka_cube_trackloss_default_b7e04f0_seed5_20260612_1042,5,349,9052.11328125,0.6143951416015625,/tmp/franka_compare_tracking_vs_baseline/tracking/seed5/summaries/events.out.tfevents.1781292111.batch-block5-01188
tracking_loss,franka_cube_trackloss_default_b7e04f0_seed5_20260612_1042,5,350,9773.291015625,0.635894775390625,/tmp/franka_compare_tracking_vs_baseline/tracking/seed5/summaries/events.out.tfevents.1781292111.batch-block5-01188
tracking_loss,franka_cube_trackloss_default_b7e04f0_seed5_20260612_1042,5,351,9595.3212890625,0.6640853881835938,/tmp/franka_compare_tracking_vs_baseline/tracking/seed5/summaries/events.out.tfevents.1781292111.batch-block5-01188
tracking_loss,franka_cube_trackloss_default_b7e04f0_seed5_20260612_1042,5,352,9891.396484375,0.6609268188476562,/tmp/franka_compare_tracking_vs_baseline/tracking/seed5/summaries/events.out.tfevents.1781292111.batch-block5-01188
tracking_loss,franka_cube_trackloss_default_b7e04f0_seed5_20260612_1042,5,353,10277.0439453125,0.6495437622070312,/tmp/franka_compare_tracking_vs_baseline/tracking/seed5/summaries/events.out.tfevents.1781292111.batch-block5-01188
tracking_loss,franka_cube_trackloss_default_b7e04f0_seed5_20260612_1042,5,354,10305.69140625,0.6682662963867188,/tmp/franka_compare_tracking_vs_baseline/tracking/seed5/summaries/events.out.tfevents.1781292111.batch-block5-01188
tracking_loss,franka_cube_trackloss_default_b7e04f0_seed5_20260612_1042,5,355,10288.501953125,0.6710968017578125,/tmp/franka_compare_tracking_vs_baseline/tracking/seed5/summaries/events.out.tfevents.1781292111.batch-block5-01188
tracking_loss,franka_cube_trackloss_default_b7e04f0_seed5_20260612_1042,5,356,10503.4306640625,0.6331787109375,/tmp/franka_compare_tracking_vs_baseline/tracking/seed5/summaries/events.out.tfevents.1781292111.batch-block5-01188
tracking_loss,franka_cube_trackloss_default_b7e04f0_seed5_20260612_1042,5,357,10433.396484375,0.5077362060546875,/tmp/franka_compare_tracking_vs_baseline/tracking/seed5/summaries/events.out.tfevents.1781292111.batch-block5-01188
tracking_loss,franka_cube_trackloss_default_b7e04f0_seed5_20260612_1042,5,358,10382.3251953125,0.6073074340820312,/tmp/franka_compare_tracking_vs_baseline/tracking/seed5/summaries/events.out.tfevents.1781292111.batch-block5-01188
tracking_loss,franka_cube_trackloss_default_b7e04f0_seed5_20260612_1042,5,359,10230.1689453125,0.6625823974609375,/tmp/franka_compare_tracking_vs_baseline/tracking/seed5/summaries/events.out.tfevents.1781292111.batch-block5-01188
tracking_loss,franka_cube_trackloss_default_b7e04f0_seed5_20260612_1042,5,360,10454.8994140625,0.6814346313476562,/tmp/franka_compare_tracking_vs_baseline/tracking/seed5/summaries/events.out.tfevents.1781292111.batch-block5-01188
tracking_loss,franka_cube_trackloss_default_b7e04f0_seed5_20260612_1042,5,361,10346.32421875,0.6884078979492188,/tmp/franka_compare_tracking_vs_baseline/tracking/seed5/summaries/events.out.tfevents.1781292111.batch-block5-01188
tracking_loss,franka_cube_trackloss_default_b7e04f0_seed5_20260612_1042,5,362,10478.19140625,0.6778182983398438,/tmp/franka_compare_tracking_vs_baseline/tracking/seed5/summaries/events.out.tfevents.1781292111.batch-block5-01188
tracking_loss,franka_cube_trackloss_default_b7e04f0_seed5_20260612_1042,5,363,10484.0888671875,0.6921463012695312,/tmp/franka_compare_tracking_vs_baseline/tracking/seed5/summaries/events.out.tfevents.1781292111.batch-block5-01188
tracking_loss,franka_cube_trackloss_default_b7e04f0_seed5_20260612_1042,5,364,10360.03125,0.704986572265625,/tmp/franka_compare_tracking_vs_baseline/tracking/seed5/summaries/events.out.tfevents.1781292111.batch-block5-01188
tracking_loss,franka_cube_trackloss_default_b7e04f0_seed5_20260612_1042,5,365,10563.916015625,0.6975479125976562,/tmp/franka_compare_tracking_vs_baseline/tracking/seed5/summaries/events.out.tfevents.1781292111.batch-block5-01188
tracking_loss,franka_cube_trackloss_default_b7e04f0_seed5_20260612_1042,5,366,10505.1171875,0.5555343627929688,/tmp/franka_compare_tracking_vs_baseline/tracking/seed5/summaries/events.out.tfevents.1781292111.batch-block5-01188
tracking_loss,franka_cube_trackloss_default_b7e04f0_seed5_20260612_1042,5,367,10392.3984375,0.5773239135742188,/tmp/franka_compare_tracking_vs_baseline/tracking/seed5/summaries/events.out.tfevents.1781292111.batch-block5-01188
tracking_loss,franka_cube_trackloss_default_b7e04f0_seed5_20260612_1042,5,368,10553.6005859375,0.6810989379882812,/tmp/franka_compare_tracking_vs_baseline/tracking/seed5/summaries/events.out.tfevents.1781292111.batch-block5-01188
tracking_loss,franka_cube_trackloss_default_b7e04f0_seed5_20260612_1042,5,369,10387.3349609375,0.696624755859375,/tmp/franka_compare_tracking_vs_baseline/tracking/seed5/summaries/events.out.tfevents.1781292111.batch-block5-01188
tracking_loss,franka_cube_trackloss_default_b7e04f0_seed5_20260612_1042,5,370,10782.1201171875,0.7078018188476562,/tmp/franka_compare_tracking_vs_baseline/tracking/seed5/summaries/events.out.tfevents.1781292111.batch-block5-01188
tracking_loss,franka_cube_trackloss_default_b7e04f0_seed5_20260612_1042,5,371,10817.90625,0.7034912109375,/tmp/franka_compare_tracking_vs_baseline/tracking/seed5/summaries/events.out.tfevents.1781292111.batch-block5-01188
tracking_loss,franka_cube_trackloss_default_b7e04f0_seed5_20260612_1042,5,372,10486.357421875,0.7116928100585938,/tmp/franka_compare_tracking_vs_baseline/tracking/seed5/summaries/events.out.tfevents.1781292111.batch-block5-01188
tracking_loss,franka_cube_trackloss_default_b7e04f0_seed5_20260612_1042,5,373,10334.892578125,0.7245559692382812,/tmp/franka_compare_tracking_vs_baseline/tracking/seed5/summaries/events.out.tfevents.1781292111.batch-block5-01188
tracking_loss,franka_cube_trackloss_default_b7e04f0_seed5_20260612_1042,5,374,10348.7138671875,0.72381591796875,/tmp/franka_compare_tracking_vs_baseline/tracking/seed5/summaries/events.out.tfevents.1781292111.batch-block5-01188
tracking_loss,franka_cube_trackloss_default_b7e04f0_seed5_20260612_1042,5,375,10946.853515625,0.6414566040039062,/tmp/franka_compare_tracking_vs_baseline/tracking/seed5/summaries/events.out.tfevents.1781292111.batch-block5-01188
tracking_loss,franka_cube_trackloss_default_b7e04f0_seed5_20260612_1042,5,376,10557.2275390625,0.5595550537109375,/tmp/franka_compare_tracking_vs_baseline/tracking/seed5/summaries/events.out.tfevents.1781292111.batch-block5-01188
tracking_loss,franka_cube_trackloss_default_b7e04f0_seed5_20260612_1042,5,377,10742.8857421875,0.6929702758789062,/tmp/franka_compare_tracking_vs_baseline/tracking/seed5/summaries/events.out.tfevents.1781292111.batch-block5-01188
tracking_loss,franka_cube_trackloss_default_b7e04f0_seed5_20260612_1042,5,378,10889.7685546875,0.7050857543945312,/tmp/franka_compare_tracking_vs_baseline/tracking/seed5/summaries/events.out.tfevents.1781292111.batch-block5-01188
tracking_loss,franka_cube_trackloss_default_b7e04f0_seed5_20260612_1042,5,379,10514.001953125,0.7254409790039062,/tmp/franka_compare_tracking_vs_baseline/tracking/seed5/summaries/events.out.tfevents.1781292111.batch-block5-01188
tracking_loss,franka_cube_trackloss_default_b7e04f0_seed5_20260612_1042,5,380,10679.998046875,0.7217559814453125,/tmp/franka_compare_tracking_vs_baseline/tracking/seed5/summaries/events.out.tfevents.1781292111.batch-block5-01188
tracking_loss,franka_cube_trackloss_default_b7e04f0_seed5_20260612_1042,5,381,11192.6796875,0.7224197387695312,/tmp/franka_compare_tracking_vs_baseline/tracking/seed5/summaries/events.out.tfevents.1781292111.batch-block5-01188
tracking_loss,franka_cube_trackloss_default_b7e04f0_seed5_20260612_1042,5,382,10748.0224609375,0.73834228515625,/tmp/franka_compare_tracking_vs_baseline/tracking/seed5/summaries/events.out.tfevents.1781292111.batch-block5-01188
tracking_loss,franka_cube_trackloss_default_b7e04f0_seed5_20260612_1042,5,383,11117.3701171875,0.7428054809570312,/tmp/franka_compare_tracking_vs_baseline/tracking/seed5/summaries/events.out.tfevents.1781292111.batch-block5-01188
tracking_loss,franka_cube_trackloss_default_b7e04f0_seed5_20260612_1042,5,384,10892.904296875,0.714111328125,/tmp/franka_compare_tracking_vs_baseline/tracking/seed5/summaries/events.out.tfevents.1781292111.batch-block5-01188
tracking_loss,franka_cube_trackloss_default_b7e04f0_seed5_20260612_1042,5,385,10675.9111328125,0.5804367065429688,/tmp/franka_compare_tracking_vs_baseline/tracking/seed5/summaries/events.out.tfevents.1781292111.batch-block5-01188
tracking_loss,franka_cube_trackloss_default_b7e04f0_seed5_20260612_1042,5,386,10439.8544921875,0.679046630859375,/tmp/franka_compare_tracking_vs_baseline/tracking/seed5/summaries/events.out.tfevents.1781292111.batch-block5-01188
tracking_loss,franka_cube_trackloss_default_b7e04f0_seed5_20260612_1042,5,387,10716.5908203125,0.7300033569335938,/tmp/franka_compare_tracking_vs_baseline/tracking/seed5/summaries/events.out.tfevents.1781292111.batch-block5-01188
tracking_loss,franka_cube_trackloss_default_b7e04f0_seed5_20260612_1042,5,388,10393.728515625,0.7491302490234375,/tmp/franka_compare_tracking_vs_baseline/tracking/seed5/summaries/events.out.tfevents.1781292111.batch-block5-01188
tracking_loss,franka_cube_trackloss_default_b7e04f0_seed5_20260612_1042,5,389,10911.927734375,0.7454605102539062,/tmp/franka_compare_tracking_vs_baseline/tracking/seed5/summaries/events.out.tfevents.1781292111.batch-block5-01188
tracking_loss,franka_cube_trackloss_default_b7e04f0_seed5_20260612_1042,5,390,11215.302734375,0.7358551025390625,/tmp/franka_compare_tracking_vs_baseline/tracking/seed5/summaries/events.out.tfevents.1781292111.batch-block5-01188
tracking_loss,franka_cube_trackloss_default_b7e04f0_seed5_20260612_1042,5,391,11090.5546875,0.7535934448242188,/tmp/franka_compare_tracking_vs_baseline/tracking/seed5/summaries/events.out.tfevents.1781292111.batch-block5-01188
tracking_loss,franka_cube_trackloss_default_b7e04f0_seed5_20260612_1042,5,392,11100.5234375,0.762969970703125,/tmp/franka_compare_tracking_vs_baseline/tracking/seed5/summaries/events.out.tfevents.1781292111.batch-block5-01188
tracking_loss,franka_cube_trackloss_default_b7e04f0_seed5_20260612_1042,5,393,11044.6962890625,0.7606658935546875,/tmp/franka_compare_tracking_vs_baseline/tracking/seed5/summaries/events.out.tfevents.1781292111.batch-block5-01188
tracking_loss,franka_cube_trackloss_default_b7e04f0_seed5_20260612_1042,5,394,11409.162109375,0.6353988647460938,/tmp/franka_compare_tracking_vs_baseline/tracking/seed5/summaries/events.out.tfevents.1781292111.batch-block5-01188
tracking_loss,franka_cube_trackloss_default_b7e04f0_seed5_20260612_1042,5,395,11393.71484375,0.6388778686523438,/tmp/franka_compare_tracking_vs_baseline/tracking/seed5/summaries/events.out.tfevents.1781292111.batch-block5-01188
tracking_loss,franka_cube_trackloss_default_b7e04f0_seed5_20260612_1042,5,396,11366.3525390625,0.7376708984375,/tmp/franka_compare_tracking_vs_baseline/tracking/seed5/summaries/events.out.tfevents.1781292111.batch-block5-01188
tracking_loss,franka_cube_trackloss_default_b7e04f0_seed5_20260612_1042,5,397,11113.263671875,0.7387008666992188,/tmp/franka_compare_tracking_vs_baseline/tracking/seed5/summaries/events.out.tfevents.1781292111.batch-block5-01188
tracking_loss,franka_cube_trackloss_default_b7e04f0_seed5_20260612_1042,5,398,11202.5693359375,0.7476806640625,/tmp/franka_compare_tracking_vs_baseline/tracking/seed5/summaries/events.out.tfevents.1781292111.batch-block5-01188
tracking_loss,franka_cube_trackloss_default_b7e04f0_seed5_20260612_1042,5,399,11061.908203125,0.743377685546875,/tmp/franka_compare_tracking_vs_baseline/tracking/seed5/summaries/events.out.tfevents.1781292111.batch-block5-01188
tracking_loss,franka_cube_trackloss_default_b7e04f0_seed5_20260612_1042,5,400,11139.013671875,0.753753662109375,/tmp/franka_compare_tracking_vs_baseline/tracking/seed5/summaries/events.out.tfevents.1781292111.batch-block5-01188
tracking_loss,franka_cube_trackloss_default_b7e04f0_seed5_20260612_1042,5,401,11279.33984375,0.7700576782226562,/tmp/franka_compare_tracking_vs_baseline/tracking/seed5/summaries/events.out.tfevents.1781292111.batch-block5-01188
tracking_loss,franka_cube_trackloss_default_b7e04f0_seed5_20260612_1042,5,402,11477.1474609375,0.7643280029296875,/tmp/franka_compare_tracking_vs_baseline/tracking/seed5/summaries/events.out.tfevents.1781292111.batch-block5-01188
tracking_loss,franka_cube_trackloss_default_b7e04f0_seed5_20260612_1042,5,403,11331.310546875,0.7000579833984375,/tmp/franka_compare_tracking_vs_baseline/tracking/seed5/summaries/events.out.tfevents.1781292111.batch-block5-01188
tracking_loss,franka_cube_trackloss_default_b7e04f0_seed5_20260612_1042,5,404,11292.6181640625,0.602783203125,/tmp/franka_compare_tracking_vs_baseline/tracking/seed5/summaries/events.out.tfevents.1781292111.batch-block5-01188
tracking_loss,franka_cube_trackloss_default_b7e04f0_seed5_20260612_1042,5,405,11312.658203125,0.733978271484375,/tmp/franka_compare_tracking_vs_baseline/tracking/seed5/summaries/events.out.tfevents.1781292111.batch-block5-01188
tracking_loss,franka_cube_trackloss_default_b7e04f0_seed5_20260612_1042,5,406,11005.9375,0.7380294799804688,/tmp/franka_compare_tracking_vs_baseline/tracking/seed5/summaries/events.out.tfevents.1781292111.batch-block5-01188
tracking_loss,franka_cube_trackloss_default_b7e04f0_seed5_20260612_1042,5,407,11511.1455078125,0.7547683715820312,/tmp/franka_compare_tracking_vs_baseline/tracking/seed5/summaries/events.out.tfevents.1781292111.batch-block5-01188
tracking_loss,franka_cube_trackloss_default_b7e04f0_seed5_20260612_1042,5,408,11323.537109375,0.7470626831054688,/tmp/franka_compare_tracking_vs_baseline/tracking/seed5/summaries/events.out.tfevents.1781292111.batch-block5-01188
tracking_loss,franka_cube_trackloss_default_b7e04f0_seed5_20260612_1042,5,409,11275.8134765625,0.7509536743164062,/tmp/franka_compare_tracking_vs_baseline/tracking/seed5/summaries/events.out.tfevents.1781292111.batch-block5-01188
tracking_loss,franka_cube_trackloss_default_b7e04f0_seed5_20260612_1042,5,410,11434.8076171875,0.7704620361328125,/tmp/franka_compare_tracking_vs_baseline/tracking/seed5/summaries/events.out.tfevents.1781292111.batch-block5-01188
tracking_loss,franka_cube_trackloss_default_b7e04f0_seed5_20260612_1042,5,411,11514.7763671875,0.7747573852539062,/tmp/franka_compare_tracking_vs_baseline/tracking/seed5/summaries/events.out.tfevents.1781292111.batch-block5-01188
tracking_loss,franka_cube_trackloss_default_b7e04f0_seed5_20260612_1042,5,412,11709.3056640625,0.7621994018554688,/tmp/franka_compare_tracking_vs_baseline/tracking/seed5/summaries/events.out.tfevents.1781292111.batch-block5-01188
tracking_loss,franka_cube_trackloss_default_b7e04f0_seed5_20260612_1042,5,413,11656.220703125,0.612213134765625,/tmp/franka_compare_tracking_vs_baseline/tracking/seed5/summaries/events.out.tfevents.1781292111.batch-block5-01188
tracking_loss,franka_cube_trackloss_default_b7e04f0_seed5_20260612_1042,5,414,11434.2197265625,0.6896209716796875,/tmp/franka_compare_tracking_vs_baseline/tracking/seed5/summaries/events.out.tfevents.1781292111.batch-block5-01188
tracking_loss,franka_cube_trackloss_default_b7e04f0_seed5_20260612_1042,5,415,11060.6259765625,0.7380142211914062,/tmp/franka_compare_tracking_vs_baseline/tracking/seed5/summaries/events.out.tfevents.1781292111.batch-block5-01188
tracking_loss,franka_cube_trackloss_default_b7e04f0_seed5_20260612_1042,5,416,11224.27734375,0.7467575073242188,/tmp/franka_compare_tracking_vs_baseline/tracking/seed5/summaries/events.out.tfevents.1781292111.batch-block5-01188
tracking_loss,franka_cube_trackloss_default_b7e04f0_seed5_20260612_1042,5,417,11326.427734375,0.7492141723632812,/tmp/franka_compare_tracking_vs_baseline/tracking/seed5/summaries/events.out.tfevents.1781292111.batch-block5-01188
tracking_loss,franka_cube_trackloss_default_b7e04f0_seed5_20260612_1042,5,418,11336.2744140625,0.7484359741210938,/tmp/franka_compare_tracking_vs_baseline/tracking/seed5/summaries/events.out.tfevents.1781292111.batch-block5-01188
tracking_loss,franka_cube_trackloss_default_b7e04f0_seed5_20260612_1042,5,419,11571.5869140625,0.7630386352539062,/tmp/franka_compare_tracking_vs_baseline/tracking/seed5/summaries/events.out.tfevents.1781292111.batch-block5-01188
tracking_loss,franka_cube_trackloss_default_b7e04f0_seed5_20260612_1042,5,420,11548.9931640625,0.7756271362304688,/tmp/franka_compare_tracking_vs_baseline/tracking/seed5/summaries/events.out.tfevents.1781292111.batch-block5-01188
tracking_loss,franka_cube_trackloss_default_b7e04f0_seed5_20260612_1042,5,421,11412.9521484375,0.7721710205078125,/tmp/franka_compare_tracking_vs_baseline/tracking/seed5/summaries/events.out.tfevents.1781292111.batch-block5-01188
tracking_loss,franka_cube_trackloss_default_b7e04f0_seed5_20260612_1042,5,422,11474.630859375,0.6633148193359375,/tmp/franka_compare_tracking_vs_baseline/tracking/seed5/summaries/events.out.tfevents.1781292111.batch-block5-01188
tracking_loss,franka_cube_trackloss_default_b7e04f0_seed5_20260612_1042,5,423,11549.1005859375,0.6469192504882812,/tmp/franka_compare_tracking_vs_baseline/tracking/seed5/summaries/events.out.tfevents.1781292111.batch-block5-01188
tracking_loss,franka_cube_trackloss_default_b7e04f0_seed5_20260612_1042,5,424,11480.53125,0.7421875,/tmp/franka_compare_tracking_vs_baseline/tracking/seed5/summaries/events.out.tfevents.1781292111.batch-block5-01188
tracking_loss,franka_cube_trackloss_default_b7e04f0_seed5_20260612_1042,5,425,11383.1494140625,0.7380447387695312,/tmp/franka_compare_tracking_vs_baseline/tracking/seed5/summaries/events.out.tfevents.1781292111.batch-block5-01188
tracking_loss,franka_cube_trackloss_default_b7e04f0_seed5_20260612_1042,5,426,11456.984375,0.7527008056640625,/tmp/franka_compare_tracking_vs_baseline/tracking/seed5/summaries/events.out.tfevents.1781292111.batch-block5-01188
tracking_loss,franka_cube_trackloss_default_b7e04f0_seed5_20260612_1042,5,427,11343.3623046875,0.742828369140625,/tmp/franka_compare_tracking_vs_baseline/tracking/seed5/summaries/events.out.tfevents.1781292111.batch-block5-01188
tracking_loss,franka_cube_trackloss_default_b7e04f0_seed5_20260612_1042,5,428,11280.27734375,0.7547607421875,/tmp/franka_compare_tracking_vs_baseline/tracking/seed5/summaries/events.out.tfevents.1781292111.batch-block5-01188
tracking_loss,franka_cube_trackloss_default_b7e04f0_seed5_20260612_1042,5,429,11407.0458984375,0.7683792114257812,/tmp/franka_compare_tracking_vs_baseline/tracking/seed5/summaries/events.out.tfevents.1781292111.batch-block5-01188
tracking_loss,franka_cube_trackloss_default_b7e04f0_seed5_20260612_1042,5,430,11509.818359375,0.770355224609375,/tmp/franka_compare_tracking_vs_baseline/tracking/seed5/summaries/events.out.tfevents.1781292111.batch-block5-01188
tracking_loss,franka_cube_trackloss_default_b7e04f0_seed5_20260612_1042,5,431,11636.34765625,0.7201080322265625,/tmp/franka_compare_tracking_vs_baseline/tracking/seed5/summaries/events.out.tfevents.1781292111.batch-block5-01188
tracking_loss,franka_cube_trackloss_default_b7e04f0_seed5_20260612_1042,5,432,11407.486328125,0.6131744384765625,/tmp/franka_compare_tracking_vs_baseline/tracking/seed5/summaries/events.out.tfevents.1781292111.batch-block5-01188
tracking_loss,franka_cube_trackloss_default_b7e04f0_seed5_20260612_1042,5,433,11548.4287109375,0.738800048828125,/tmp/franka_compare_tracking_vs_baseline/tracking/seed5/summaries/events.out.tfevents.1781292111.batch-block5-01188
tracking_loss,franka_cube_trackloss_default_b7e04f0_seed5_20260612_1042,5,434,11631.0673828125,0.7407608032226562,/tmp/franka_compare_tracking_vs_baseline/tracking/seed5/summaries/events.out.tfevents.1781292111.batch-block5-01188
tracking_loss,franka_cube_trackloss_default_b7e04f0_seed5_20260612_1042,5,435,11562.99609375,0.75128173828125,/tmp/franka_compare_tracking_vs_baseline/tracking/seed5/summaries/events.out.tfevents.1781292111.batch-block5-01188
tracking_loss,franka_cube_trackloss_default_b7e04f0_seed5_20260612_1042,5,436,11434.0,0.7477951049804688,/tmp/franka_compare_tracking_vs_baseline/tracking/seed5/summaries/events.out.tfevents.1781292111.batch-block5-01188
tracking_loss,franka_cube_trackloss_default_b7e04f0_seed5_20260612_1042,5,437,11705.4169921875,0.7516021728515625,/tmp/franka_compare_tracking_vs_baseline/tracking/seed5/summaries/events.out.tfevents.1781292111.batch-block5-01188
tracking_loss,franka_cube_trackloss_default_b7e04f0_seed5_20260612_1042,5,438,11325.6171875,0.765411376953125,/tmp/franka_compare_tracking_vs_baseline/tracking/seed5/summaries/events.out.tfevents.1781292111.batch-block5-01188
tracking_loss,franka_cube_trackloss_default_b7e04f0_seed5_20260612_1042,5,439,11593.5888671875,0.77630615234375,/tmp/franka_compare_tracking_vs_baseline/tracking/seed5/summaries/events.out.tfevents.1781292111.batch-block5-01188
tracking_loss,franka_cube_trackloss_default_b7e04f0_seed5_20260612_1042,5,440,11763.4482421875,0.7714920043945312,/tmp/franka_compare_tracking_vs_baseline/tracking/seed5/summaries/events.out.tfevents.1781292111.batch-block5-01188
tracking_loss,franka_cube_trackloss_default_b7e04f0_seed5_20260612_1042,5,441,11539.7763671875,0.629180908203125,/tmp/franka_compare_tracking_vs_baseline/tracking/seed5/summaries/events.out.tfevents.1781292111.batch-block5-01188
tracking_loss,franka_cube_trackloss_default_b7e04f0_seed5_20260612_1042,5,442,11562.111328125,0.7014999389648438,/tmp/franka_compare_tracking_vs_baseline/tracking/seed5/summaries/events.out.tfevents.1781292111.batch-block5-01188
tracking_loss,franka_cube_trackloss_default_b7e04f0_seed5_20260612_1042,5,443,11433.7900390625,0.7523345947265625,/tmp/franka_compare_tracking_vs_baseline/tracking/seed5/summaries/events.out.tfevents.1781292111.batch-block5-01188
tracking_loss,franka_cube_trackloss_default_b7e04f0_seed5_20260612_1042,5,444,11600.3935546875,0.7595138549804688,/tmp/franka_compare_tracking_vs_baseline/tracking/seed5/summaries/events.out.tfevents.1781292111.batch-block5-01188
tracking_loss,franka_cube_trackloss_default_b7e04f0_seed5_20260612_1042,5,445,11707.2314453125,0.7595596313476562,/tmp/franka_compare_tracking_vs_baseline/tracking/seed5/summaries/events.out.tfevents.1781292111.batch-block5-01188
tracking_loss,franka_cube_trackloss_default_b7e04f0_seed5_20260612_1042,5,446,11585.03515625,0.7580718994140625,/tmp/franka_compare_tracking_vs_baseline/tracking/seed5/summaries/events.out.tfevents.1781292111.batch-block5-01188
tracking_loss,franka_cube_trackloss_default_b7e04f0_seed5_20260612_1042,5,447,11669.2568359375,0.7746658325195312,/tmp/franka_compare_tracking_vs_baseline/tracking/seed5/summaries/events.out.tfevents.1781292111.batch-block5-01188
tracking_loss,franka_cube_trackloss_default_b7e04f0_seed5_20260612_1042,5,448,11642.0185546875,0.7843704223632812,/tmp/franka_compare_tracking_vs_baseline/tracking/seed5/summaries/events.out.tfevents.1781292111.batch-block5-01188
tracking_loss,franka_cube_trackloss_default_b7e04f0_seed5_20260612_1042,5,449,11907.486328125,0.7835922241210938,/tmp/franka_compare_tracking_vs_baseline/tracking/seed5/summaries/events.out.tfevents.1781292111.batch-block5-01188
tracking_loss,franka_cube_trackloss_default_b7e04f0_seed5_20260612_1042,5,450,11810.515625,0.6922607421875,/tmp/franka_compare_tracking_vs_baseline/tracking/seed5/summaries/events.out.tfevents.1781292111.batch-block5-01188
tracking_loss,franka_cube_trackloss_default_b7e04f0_seed5_20260612_1042,5,451,11725.0556640625,0.6616287231445312,/tmp/franka_compare_tracking_vs_baseline/tracking/seed5/summaries/events.out.tfevents.1781292111.batch-block5-01188
tracking_loss,franka_cube_trackloss_default_b7e04f0_seed5_20260612_1042,5,452,11759.4873046875,0.7635116577148438,/tmp/franka_compare_tracking_vs_baseline/tracking/seed5/summaries/events.out.tfevents.1781292111.batch-block5-01188
tracking_loss,franka_cube_trackloss_default_b7e04f0_seed5_20260612_1042,5,453,11718.193359375,0.7630538940429688,/tmp/franka_compare_tracking_vs_baseline/tracking/seed5/summaries/events.out.tfevents.1781292111.batch-block5-01188
tracking_loss,franka_cube_trackloss_default_b7e04f0_seed5_20260612_1042,5,454,11742.42578125,0.7746200561523438,/tmp/franka_compare_tracking_vs_baseline/tracking/seed5/summaries/events.out.tfevents.1781292111.batch-block5-01188
tracking_loss,franka_cube_trackloss_default_b7e04f0_seed5_20260612_1042,5,455,11622.705078125,0.7665023803710938,/tmp/franka_compare_tracking_vs_baseline/tracking/seed5/summaries/events.out.tfevents.1781292111.batch-block5-01188
tracking_loss,franka_cube_trackloss_default_b7e04f0_seed5_20260612_1042,5,456,11941.89453125,0.7745132446289062,/tmp/franka_compare_tracking_vs_baseline/tracking/seed5/summaries/events.out.tfevents.1781292111.batch-block5-01188
tracking_loss,franka_cube_trackloss_default_b7e04f0_seed5_20260612_1042,5,457,12053.484375,0.787353515625,/tmp/franka_compare_tracking_vs_baseline/tracking/seed5/summaries/events.out.tfevents.1781292111.batch-block5-01188
tracking_loss,franka_cube_trackloss_default_b7e04f0_seed5_20260612_1042,5,458,11963.6171875,0.7873611450195312,/tmp/franka_compare_tracking_vs_baseline/tracking/seed5/summaries/events.out.tfevents.1781292111.batch-block5-01188
tracking_loss,franka_cube_trackloss_default_b7e04f0_seed5_20260612_1042,5,459,11936.5126953125,0.7485122680664062,/tmp/franka_compare_tracking_vs_baseline/tracking/seed5/summaries/events.out.tfevents.1781292111.batch-block5-01188
tracking_loss,franka_cube_trackloss_default_b7e04f0_seed5_20260612_1042,5,460,12079.4267578125,0.6314544677734375,/tmp/franka_compare_tracking_vs_baseline/tracking/seed5/summaries/events.out.tfevents.1781292111.batch-block5-01188
tracking_loss,franka_cube_trackloss_default_b7e04f0_seed5_20260612_1042,5,461,12019.4931640625,0.75201416015625,/tmp/franka_compare_tracking_vs_baseline/tracking/seed5/summaries/events.out.tfevents.1781292111.batch-block5-01188
tracking_loss,franka_cube_trackloss_default_b7e04f0_seed5_20260612_1042,5,462,11728.4931640625,0.7538909912109375,/tmp/franka_compare_tracking_vs_baseline/tracking/seed5/summaries/events.out.tfevents.1781292111.batch-block5-01188
tracking_loss,franka_cube_trackloss_default_b7e04f0_seed5_20260612_1042,5,463,11676.6474609375,0.7699127197265625,/tmp/franka_compare_tracking_vs_baseline/tracking/seed5/summaries/events.out.tfevents.1781292111.batch-block5-01188
tracking_loss,franka_cube_trackloss_default_b7e04f0_seed5_20260612_1042,5,464,11818.8505859375,0.7677154541015625,/tmp/franka_compare_tracking_vs_baseline/tracking/seed5/summaries/events.out.tfevents.1781292111.batch-block5-01188
tracking_loss,franka_cube_trackloss_default_b7e04f0_seed5_20260612_1042,5,465,12008.669921875,0.772430419921875,/tmp/franka_compare_tracking_vs_baseline/tracking/seed5/summaries/events.out.tfevents.1781292111.batch-block5-01188
tracking_loss,franka_cube_trackloss_default_b7e04f0_seed5_20260612_1042,5,466,11799.42578125,0.7842178344726562,/tmp/franka_compare_tracking_vs_baseline/tracking/seed5/summaries/events.out.tfevents.1781292111.batch-block5-01188
tracking_loss,franka_cube_trackloss_default_b7e04f0_seed5_20260612_1042,5,467,11834.1689453125,0.7897491455078125,/tmp/franka_compare_tracking_vs_baseline/tracking/seed5/summaries/events.out.tfevents.1781292111.batch-block5-01188
tracking_loss,franka_cube_trackloss_default_b7e04f0_seed5_20260612_1042,5,468,12013.3994140625,0.7902984619140625,/tmp/franka_compare_tracking_vs_baseline/tracking/seed5/summaries/events.out.tfevents.1781292111.batch-block5-01188
tracking_loss,franka_cube_trackloss_default_b7e04f0_seed5_20260612_1042,5,469,12076.828125,0.6559677124023438,/tmp/franka_compare_tracking_vs_baseline/tracking/seed5/summaries/events.out.tfevents.1781292111.batch-block5-01188
tracking_loss,franka_cube_trackloss_default_b7e04f0_seed5_20260612_1042,5,470,11831.353515625,0.715789794921875,/tmp/franka_compare_tracking_vs_baseline/tracking/seed5/summaries/events.out.tfevents.1781292111.batch-block5-01188
tracking_loss,franka_cube_trackloss_default_b7e04f0_seed5_20260612_1042,5,471,12023.1669921875,0.7651443481445312,/tmp/franka_compare_tracking_vs_baseline/tracking/seed5/summaries/events.out.tfevents.1781292111.batch-block5-01188
tracking_loss,franka_cube_trackloss_default_b7e04f0_seed5_20260612_1042,5,472,12167.2744140625,0.7714462280273438,/tmp/franka_compare_tracking_vs_baseline/tracking/seed5/summaries/events.out.tfevents.1781292111.batch-block5-01188
tracking_loss,franka_cube_trackloss_default_b7e04f0_seed5_20260612_1042,5,473,11984.7548828125,0.7720947265625,/tmp/franka_compare_tracking_vs_baseline/tracking/seed5/summaries/events.out.tfevents.1781292111.batch-block5-01188
tracking_loss,franka_cube_trackloss_default_b7e04f0_seed5_20260612_1042,5,474,11955.9384765625,0.7680282592773438,/tmp/franka_compare_tracking_vs_baseline/tracking/seed5/summaries/events.out.tfevents.1781292111.batch-block5-01188
tracking_loss,franka_cube_trackloss_default_b7e04f0_seed5_20260612_1042,5,475,12120.2705078125,0.7789230346679688,/tmp/franka_compare_tracking_vs_baseline/tracking/seed5/summaries/events.out.tfevents.1781292111.batch-block5-01188
tracking_loss,franka_cube_trackloss_default_b7e04f0_seed5_20260612_1042,5,476,12123.92578125,0.7878646850585938,/tmp/franka_compare_tracking_vs_baseline/tracking/seed5/summaries/events.out.tfevents.1781292111.batch-block5-01188
tracking_loss,franka_cube_trackloss_default_b7e04f0_seed5_20260612_1042,5,477,11945.0439453125,0.7863235473632812,/tmp/franka_compare_tracking_vs_baseline/tracking/seed5/summaries/events.out.tfevents.1781292111.batch-block5-01188
tracking_loss,franka_cube_trackloss_default_b7e04f0_seed5_20260612_1042,5,478,12036.76953125,0.7105636596679688,/tmp/franka_compare_tracking_vs_baseline/tracking/seed5/summaries/events.out.tfevents.1781292111.batch-block5-01188
tracking_loss,franka_cube_trackloss_default_b7e04f0_seed5_20260612_1042,5,479,12107.6171875,0.6637649536132812,/tmp/franka_compare_tracking_vs_baseline/tracking/seed5/summaries/events.out.tfevents.1781292111.batch-block5-01188
tracking_loss,franka_cube_trackloss_default_b7e04f0_seed5_20260612_1042,5,480,11792.3359375,0.7664718627929688,/tmp/franka_compare_tracking_vs_baseline/tracking/seed5/summaries/events.out.tfevents.1781292111.batch-block5-01188
tracking_loss,franka_cube_trackloss_default_b7e04f0_seed5_20260612_1042,5,481,11875.96484375,0.7628936767578125,/tmp/franka_compare_tracking_vs_baseline/tracking/seed5/summaries/events.out.tfevents.1781292111.batch-block5-01188
tracking_loss,franka_cube_trackloss_default_b7e04f0_seed5_20260612_1042,5,482,12078.33203125,0.7754135131835938,/tmp/franka_compare_tracking_vs_baseline/tracking/seed5/summaries/events.out.tfevents.1781292111.batch-block5-01188
tracking_loss,franka_cube_trackloss_default_b7e04f0_seed5_20260612_1042,5,483,11923.0439453125,0.7692947387695312,/tmp/franka_compare_tracking_vs_baseline/tracking/seed5/summaries/events.out.tfevents.1781292111.batch-block5-01188
tracking_loss,franka_cube_trackloss_default_b7e04f0_seed5_20260612_1042,5,484,11821.724609375,0.7766571044921875,/tmp/franka_compare_tracking_vs_baseline/tracking/seed5/summaries/events.out.tfevents.1781292111.batch-block5-01188
tracking_loss,franka_cube_trackloss_default_b7e04f0_seed5_20260612_1042,5,485,11978.67578125,0.7891387939453125,/tmp/franka_compare_tracking_vs_baseline/tracking/seed5/summaries/events.out.tfevents.1781292111.batch-block5-01188
tracking_loss,franka_cube_trackloss_default_b7e04f0_seed5_20260612_1042,5,486,11790.0224609375,0.7929000854492188,/tmp/franka_compare_tracking_vs_baseline/tracking/seed5/summaries/events.out.tfevents.1781292111.batch-block5-01188
tracking_loss,franka_cube_trackloss_default_b7e04f0_seed5_20260612_1042,5,487,11936.671875,0.7681503295898438,/tmp/franka_compare_tracking_vs_baseline/tracking/seed5/summaries/events.out.tfevents.1781292111.batch-block5-01188
tracking_loss,franka_cube_trackloss_default_b7e04f0_seed5_20260612_1042,5,488,11975.3671875,0.6429824829101562,/tmp/franka_compare_tracking_vs_baseline/tracking/seed5/summaries/events.out.tfevents.1781292111.batch-block5-01188
tracking_loss,franka_cube_trackloss_default_b7e04f0_seed5_20260612_1042,5,489,12137.3095703125,0.7615280151367188,/tmp/franka_compare_tracking_vs_baseline/tracking/seed5/summaries/events.out.tfevents.1781292111.batch-block5-01188
tracking_loss,franka_cube_trackloss_default_b7e04f0_seed5_20260612_1042,5,490,12120.798828125,0.7665634155273438,/tmp/franka_compare_tracking_vs_baseline/tracking/seed5/summaries/events.out.tfevents.1781292111.batch-block5-01188
tracking_loss,franka_cube_trackloss_default_b7e04f0_seed5_20260612_1042,5,491,11938.423828125,0.7798004150390625,/tmp/franka_compare_tracking_vs_baseline/tracking/seed5/summaries/events.out.tfevents.1781292111.batch-block5-01188
tracking_loss,franka_cube_trackloss_default_b7e04f0_seed5_20260612_1042,5,492,12092.6357421875,0.776214599609375,/tmp/franka_compare_tracking_vs_baseline/tracking/seed5/summaries/events.out.tfevents.1781292111.batch-block5-01188
tracking_loss,franka_cube_trackloss_default_b7e04f0_seed5_20260612_1042,5,493,12169.2470703125,0.776580810546875,/tmp/franka_compare_tracking_vs_baseline/tracking/seed5/summaries/events.out.tfevents.1781292111.batch-block5-01188
tracking_loss,franka_cube_trackloss_default_b7e04f0_seed5_20260612_1042,5,494,12068.31640625,0.7871475219726562,/tmp/franka_compare_tracking_vs_baseline/tracking/seed5/summaries/events.out.tfevents.1781292111.batch-block5-01188
tracking_loss,franka_cube_trackloss_default_b7e04f0_seed5_20260612_1042,5,495,12120.015625,0.7951507568359375,/tmp/franka_compare_tracking_vs_baseline/tracking/seed5/summaries/events.out.tfevents.1781292111.batch-block5-01188
tracking_loss,franka_cube_trackloss_default_b7e04f0_seed5_20260612_1042,5,496,12251.5,0.7916641235351562,/tmp/franka_compare_tracking_vs_baseline/tracking/seed5/summaries/events.out.tfevents.1781292111.batch-block5-01188
tracking_loss,franka_cube_trackloss_default_b7e04f0_seed5_20260612_1042,5,497,11977.92578125,0.6732711791992188,/tmp/franka_compare_tracking_vs_baseline/tracking/seed5/summaries/events.out.tfevents.1781292111.batch-block5-01188
tracking_loss,franka_cube_trackloss_default_b7e04f0_seed5_20260612_1042,5,498,12115.3896484375,0.7161483764648438,/tmp/franka_compare_tracking_vs_baseline/tracking/seed5/summaries/events.out.tfevents.1781292111.batch-block5-01188
tracking_loss,franka_cube_trackloss_default_b7e04f0_seed5_20260612_1042,5,499,12221.2548828125,0.7718429565429688,/tmp/franka_compare_tracking_vs_baseline/tracking/seed5/summaries/events.out.tfevents.1781292111.batch-block5-01188
tracking_loss,franka_cube_trackloss_default_b7e04f0_seed5_20260612_1042,5,500,12347.3681640625,0.7746124267578125,/tmp/franka_compare_tracking_vs_baseline/tracking/seed5/summaries/events.out.tfevents.1781292111.batch-block5-01188
tracking_loss,franka_cube_trackloss_default_b7e04f0_seed5_20260612_1042,5,501,12194.0185546875,0.7793502807617188,/tmp/franka_compare_tracking_vs_baseline/tracking/seed5/summaries/events.out.tfevents.1781292111.batch-block5-01188
tracking_loss,franka_cube_trackloss_default_b7e04f0_seed5_20260612_1042,5,502,12148.880859375,0.7764739990234375,/tmp/franka_compare_tracking_vs_baseline/tracking/seed5/summaries/events.out.tfevents.1781292111.batch-block5-01188
tracking_loss,franka_cube_trackloss_default_b7e04f0_seed5_20260612_1042,5,503,12294.830078125,0.7837753295898438,/tmp/franka_compare_tracking_vs_baseline/tracking/seed5/summaries/events.out.tfevents.1781292111.batch-block5-01188
tracking_loss,franka_cube_trackloss_default_b7e04f0_seed5_20260612_1042,5,504,12220.826171875,0.7970733642578125,/tmp/franka_compare_tracking_vs_baseline/tracking/seed5/summaries/events.out.tfevents.1781292111.batch-block5-01188
tracking_loss,franka_cube_trackloss_default_b7e04f0_seed5_20260612_1042,5,505,12135.9658203125,0.7948837280273438,/tmp/franka_compare_tracking_vs_baseline/tracking/seed5/summaries/events.out.tfevents.1781292111.batch-block5-01188
tracking_loss,franka_cube_trackloss_default_b7e04f0_seed5_20260612_1042,5,506,12252.5869140625,0.7308120727539062,/tmp/franka_compare_tracking_vs_baseline/tracking/seed5/summaries/events.out.tfevents.1781292111.batch-block5-01188
tracking_loss,franka_cube_trackloss_default_b7e04f0_seed5_20260612_1042,5,507,11849.484375,0.6740493774414062,/tmp/franka_compare_tracking_vs_baseline/tracking/seed5/summaries/events.out.tfevents.1781292111.batch-block5-01188
tracking_loss,franka_cube_trackloss_default_b7e04f0_seed5_20260612_1042,5,508,12050.822265625,0.7769088745117188,/tmp/franka_compare_tracking_vs_baseline/tracking/seed5/summaries/events.out.tfevents.1781292111.batch-block5-01188
tracking_loss,franka_cube_trackloss_default_b7e04f0_seed5_20260612_1042,5,509,12224.390625,0.7716598510742188,/tmp/franka_compare_tracking_vs_baseline/tracking/seed5/summaries/events.out.tfevents.1781292111.batch-block5-01188
tracking_loss,franka_cube_trackloss_default_b7e04f0_seed5_20260612_1042,5,510,12244.189453125,0.7855987548828125,/tmp/franka_compare_tracking_vs_baseline/tracking/seed5/summaries/events.out.tfevents.1781292111.batch-block5-01188
tracking_loss,franka_cube_trackloss_default_b7e04f0_seed5_20260612_1042,5,511,12105.9912109375,0.777862548828125,/tmp/franka_compare_tracking_vs_baseline/tracking/seed5/summaries/events.out.tfevents.1781292111.batch-block5-01188
tracking_loss,franka_cube_trackloss_default_b7e04f0_seed5_20260612_1042,5,512,12091.0908203125,0.7811965942382812,/tmp/franka_compare_tracking_vs_baseline/tracking/seed5/summaries/events.out.tfevents.1781292111.batch-block5-01188
tracking_loss,franka_cube_trackloss_default_b7e04f0_seed5_20260612_1042,5,513,12162.5087890625,0.796295166015625,/tmp/franka_compare_tracking_vs_baseline/tracking/seed5/summaries/events.out.tfevents.1781292111.batch-block5-01188
tracking_loss,franka_cube_trackloss_default_b7e04f0_seed5_20260612_1042,5,514,12238.8095703125,0.8001785278320312,/tmp/franka_compare_tracking_vs_baseline/tracking/seed5/summaries/events.out.tfevents.1781292111.batch-block5-01188
tracking_loss,franka_cube_trackloss_default_b7e04f0_seed5_20260612_1042,5,515,12360.203125,0.78192138671875,/tmp/franka_compare_tracking_vs_baseline/tracking/seed5/summaries/events.out.tfevents.1781292111.batch-block5-01188
tracking_loss,franka_cube_trackloss_default_b7e04f0_seed5_20260612_1042,5,516,12408.5556640625,0.6492767333984375,/tmp/franka_compare_tracking_vs_baseline/tracking/seed5/summaries/events.out.tfevents.1781292111.batch-block5-01188
tracking_loss,franka_cube_trackloss_default_b7e04f0_seed5_20260612_1042,5,517,12239.626953125,0.7657089233398438,/tmp/franka_compare_tracking_vs_baseline/tracking/seed5/summaries/events.out.tfevents.1781292111.batch-block5-01188
tracking_loss,franka_cube_trackloss_default_b7e04f0_seed5_20260612_1042,5,518,12448.6171875,0.775177001953125,/tmp/franka_compare_tracking_vs_baseline/tracking/seed5/summaries/events.out.tfevents.1781292111.batch-block5-01188
tracking_loss,franka_cube_trackloss_default_b7e04f0_seed5_20260612_1042,5,519,12373.982421875,0.7854537963867188,/tmp/franka_compare_tracking_vs_baseline/tracking/seed5/summaries/events.out.tfevents.1781292111.batch-block5-01188
tracking_loss,franka_cube_trackloss_default_b7e04f0_seed5_20260612_1042,5,520,12178.9033203125,0.7839736938476562,/tmp/franka_compare_tracking_vs_baseline/tracking/seed5/summaries/events.out.tfevents.1781292111.batch-block5-01188
tracking_loss,franka_cube_trackloss_default_b7e04f0_seed5_20260612_1042,5,521,12212.9482421875,0.7836151123046875,/tmp/franka_compare_tracking_vs_baseline/tracking/seed5/summaries/events.out.tfevents.1781292111.batch-block5-01188
tracking_loss,franka_cube_trackloss_default_b7e04f0_seed5_20260612_1042,5,522,12381.39453125,0.7966156005859375,/tmp/franka_compare_tracking_vs_baseline/tracking/seed5/summaries/events.out.tfevents.1781292111.batch-block5-01188
tracking_loss,franka_cube_trackloss_default_b7e04f0_seed5_20260612_1042,5,523,12298.7646484375,0.8043441772460938,/tmp/franka_compare_tracking_vs_baseline/tracking/seed5/summaries/events.out.tfevents.1781292111.batch-block5-01188
tracking_loss,franka_cube_trackloss_default_b7e04f0_seed5_20260612_1042,5,524,12376.2001953125,0.802459716796875,/tmp/franka_compare_tracking_vs_baseline/tracking/seed5/summaries/events.out.tfevents.1781292111.batch-block5-01188
tracking_loss,franka_cube_trackloss_default_b7e04f0_seed5_20260612_1042,5,525,12414.970703125,0.6946640014648438,/tmp/franka_compare_tracking_vs_baseline/tracking/seed5/summaries/events.out.tfevents.1781292111.batch-block5-01188
tracking_loss,franka_cube_trackloss_default_b7e04f0_seed5_20260612_1042,5,526,12418.5849609375,0.7207489013671875,/tmp/franka_compare_tracking_vs_baseline/tracking/seed5/summaries/events.out.tfevents.1781292111.batch-block5-01188
tracking_loss,franka_cube_trackloss_default_b7e04f0_seed5_20260612_1042,5,527,12415.630859375,0.7816696166992188,/tmp/franka_compare_tracking_vs_baseline/tracking/seed5/summaries/events.out.tfevents.1781292111.batch-block5-01188
tracking_loss,franka_cube_trackloss_default_b7e04f0_seed5_20260612_1042,5,528,12565.6826171875,0.7805557250976562,/tmp/franka_compare_tracking_vs_baseline/tracking/seed5/summaries/events.out.tfevents.1781292111.batch-block5-01188
tracking_loss,franka_cube_trackloss_default_b7e04f0_seed5_20260612_1042,5,529,12542.357421875,0.7904510498046875,/tmp/franka_compare_tracking_vs_baseline/tracking/seed5/summaries/events.out.tfevents.1781292111.batch-block5-01188
tracking_loss,franka_cube_trackloss_default_b7e04f0_seed5_20260612_1042,5,530,12545.888671875,0.784881591796875,/tmp/franka_compare_tracking_vs_baseline/tracking/seed5/summaries/events.out.tfevents.1781292111.batch-block5-01188
tracking_loss,franka_cube_trackloss_default_b7e04f0_seed5_20260612_1042,5,531,12317.0673828125,0.7906646728515625,/tmp/franka_compare_tracking_vs_baseline/tracking/seed5/summaries/events.out.tfevents.1781292111.batch-block5-01188
tracking_loss,franka_cube_trackloss_default_b7e04f0_seed5_20260612_1042,5,532,12423.11328125,0.80377197265625,/tmp/franka_compare_tracking_vs_baseline/tracking/seed5/summaries/events.out.tfevents.1781292111.batch-block5-01188
tracking_loss,franka_cube_trackloss_default_b7e04f0_seed5_20260612_1042,5,533,12515.4306640625,0.8005523681640625,/tmp/franka_compare_tracking_vs_baseline/tracking/seed5/summaries/events.out.tfevents.1781292111.batch-block5-01188
tracking_loss,franka_cube_trackloss_default_b7e04f0_seed5_20260612_1042,5,534,12325.4697265625,0.74737548828125,/tmp/franka_compare_tracking_vs_baseline/tracking/seed5/summaries/events.out.tfevents.1781292111.batch-block5-01188
tracking_loss,franka_cube_trackloss_default_b7e04f0_seed5_20260612_1042,5,535,12094.6181640625,0.674102783203125,/tmp/franka_compare_tracking_vs_baseline/tracking/seed5/summaries/events.out.tfevents.1781292111.batch-block5-01188
tracking_loss,franka_cube_trackloss_default_b7e04f0_seed5_20260612_1042,5,536,12375.724609375,0.78546142578125,/tmp/franka_compare_tracking_vs_baseline/tracking/seed5/summaries/events.out.tfevents.1781292111.batch-block5-01188
tracking_loss,franka_cube_trackloss_default_b7e04f0_seed5_20260612_1042,5,537,12538.390625,0.7751922607421875,/tmp/franka_compare_tracking_vs_baseline/tracking/seed5/summaries/events.out.tfevents.1781292111.batch-block5-01188
tracking_loss,franka_cube_trackloss_default_b7e04f0_seed5_20260612_1042,5,538,12435.341796875,0.7906265258789062,/tmp/franka_compare_tracking_vs_baseline/tracking/seed5/summaries/events.out.tfevents.1781292111.batch-block5-01188
tracking_loss,franka_cube_trackloss_default_b7e04f0_seed5_20260612_1042,5,539,12566.1513671875,0.7840805053710938,/tmp/franka_compare_tracking_vs_baseline/tracking/seed5/summaries/events.out.tfevents.1781292111.batch-block5-01188
tracking_loss,franka_cube_trackloss_default_b7e04f0_seed5_20260612_1042,5,540,12276.470703125,0.7885818481445312,/tmp/franka_compare_tracking_vs_baseline/tracking/seed5/summaries/events.out.tfevents.1781292111.batch-block5-01188
tracking_loss,franka_cube_trackloss_default_b7e04f0_seed5_20260612_1042,5,541,12298.5712890625,0.80108642578125,/tmp/franka_compare_tracking_vs_baseline/tracking/seed5/summaries/events.out.tfevents.1781292111.batch-block5-01188
tracking_loss,franka_cube_trackloss_default_b7e04f0_seed5_20260612_1042,5,542,12393.888671875,0.8064804077148438,/tmp/franka_compare_tracking_vs_baseline/tracking/seed5/summaries/events.out.tfevents.1781292111.batch-block5-01188
tracking_loss,franka_cube_trackloss_default_b7e04f0_seed5_20260612_1042,5,543,12644.8984375,0.796051025390625,/tmp/franka_compare_tracking_vs_baseline/tracking/seed5/summaries/events.out.tfevents.1781292111.batch-block5-01188
tracking_loss,franka_cube_trackloss_default_b7e04f0_seed5_20260612_1042,5,544,12437.125,0.6582260131835938,/tmp/franka_compare_tracking_vs_baseline/tracking/seed5/summaries/events.out.tfevents.1781292111.batch-block5-01188
tracking_loss,franka_cube_trackloss_default_b7e04f0_seed5_20260612_1042,5,545,12429.015625,0.770904541015625,/tmp/franka_compare_tracking_vs_baseline/tracking/seed5/summaries/events.out.tfevents.1781292111.batch-block5-01188
tracking_loss,franka_cube_trackloss_default_b7e04f0_seed5_20260612_1042,5,546,12636.25,0.7853469848632812,/tmp/franka_compare_tracking_vs_baseline/tracking/seed5/summaries/events.out.tfevents.1781292111.batch-block5-01188
tracking_loss,franka_cube_trackloss_default_b7e04f0_seed5_20260612_1042,5,547,12374.1357421875,0.7926864624023438,/tmp/franka_compare_tracking_vs_baseline/tracking/seed5/summaries/events.out.tfevents.1781292111.batch-block5-01188
tracking_loss,franka_cube_trackloss_default_b7e04f0_seed5_20260612_1042,5,548,12454.5634765625,0.7937164306640625,/tmp/franka_compare_tracking_vs_baseline/tracking/seed5/summaries/events.out.tfevents.1781292111.batch-block5-01188
tracking_loss,franka_cube_trackloss_default_b7e04f0_seed5_20260612_1042,5,549,12422.3369140625,0.7934799194335938,/tmp/franka_compare_tracking_vs_baseline/tracking/seed5/summaries/events.out.tfevents.1781292111.batch-block5-01188
tracking_loss,franka_cube_trackloss_default_b7e04f0_seed5_20260612_1042,5,550,12575.1494140625,0.8042221069335938,/tmp/franka_compare_tracking_vs_baseline/tracking/seed5/summaries/events.out.tfevents.1781292111.batch-block5-01188
tracking_loss,franka_cube_trackloss_default_b7e04f0_seed5_20260612_1042,5,551,12520.421875,0.8116683959960938,/tmp/franka_compare_tracking_vs_baseline/tracking/seed5/summaries/events.out.tfevents.1781292111.batch-block5-01188
tracking_loss,franka_cube_trackloss_default_b7e04f0_seed5_20260612_1042,5,552,12570.2158203125,0.80682373046875,/tmp/franka_compare_tracking_vs_baseline/tracking/seed5/summaries/events.out.tfevents.1781292111.batch-block5-01188
tracking_loss,franka_cube_trackloss_default_b7e04f0_seed5_20260612_1042,5,553,12531.0771484375,0.7101364135742188,/tmp/franka_compare_tracking_vs_baseline/tracking/seed5/summaries/events.out.tfevents.1781292111.batch-block5-01188
tracking_loss,franka_cube_trackloss_default_b7e04f0_seed5_20260612_1042,5,554,12508.671875,0.716552734375,/tmp/franka_compare_tracking_vs_baseline/tracking/seed5/summaries/events.out.tfevents.1781292111.batch-block5-01188
tracking_loss,franka_cube_trackloss_default_b7e04f0_seed5_20260612_1042,5,555,12500.74609375,0.7896804809570312,/tmp/franka_compare_tracking_vs_baseline/tracking/seed5/summaries/events.out.tfevents.1781292111.batch-block5-01188
tracking_loss,franka_cube_trackloss_default_b7e04f0_seed5_20260612_1042,5,556,12550.26953125,0.78399658203125,/tmp/franka_compare_tracking_vs_baseline/tracking/seed5/summaries/events.out.tfevents.1781292111.batch-block5-01188
tracking_loss,franka_cube_trackloss_default_b7e04f0_seed5_20260612_1042,5,557,12506.861328125,0.7928848266601562,/tmp/franka_compare_tracking_vs_baseline/tracking/seed5/summaries/events.out.tfevents.1781292111.batch-block5-01188
tracking_loss,franka_cube_trackloss_default_b7e04f0_seed5_20260612_1042,5,558,12501.9599609375,0.7898788452148438,/tmp/franka_compare_tracking_vs_baseline/tracking/seed5/summaries/events.out.tfevents.1781292111.batch-block5-01188
tracking_loss,franka_cube_trackloss_default_b7e04f0_seed5_20260612_1042,5,559,12255.2744140625,0.7952117919921875,/tmp/franka_compare_tracking_vs_baseline/tracking/seed5/summaries/events.out.tfevents.1781292111.batch-block5-01188
tracking_loss,franka_cube_trackloss_default_b7e04f0_seed5_20260612_1042,5,560,12576.693359375,0.8052978515625,/tmp/franka_compare_tracking_vs_baseline/tracking/seed5/summaries/events.out.tfevents.1781292111.batch-block5-01188
tracking_loss,franka_cube_trackloss_default_b7e04f0_seed5_20260612_1042,5,561,12529.423828125,0.8025588989257812,/tmp/franka_compare_tracking_vs_baseline/tracking/seed5/summaries/events.out.tfevents.1781292111.batch-block5-01188
tracking_loss,franka_cube_trackloss_default_b7e04f0_seed5_20260612_1042,5,562,12642.017578125,0.7595367431640625,/tmp/franka_compare_tracking_vs_baseline/tracking/seed5/summaries/events.out.tfevents.1781292111.batch-block5-01188
tracking_loss,franka_cube_trackloss_default_b7e04f0_seed5_20260612_1042,5,563,12634.90625,0.6669082641601562,/tmp/franka_compare_tracking_vs_baseline/tracking/seed5/summaries/events.out.tfevents.1781292111.batch-block5-01188
tracking_loss,franka_cube_trackloss_default_b7e04f0_seed5_20260612_1042,5,564,12465.8681640625,0.7890853881835938,/tmp/franka_compare_tracking_vs_baseline/tracking/seed5/summaries/events.out.tfevents.1781292111.batch-block5-01188
tracking_loss,franka_cube_trackloss_default_b7e04f0_seed5_20260612_1042,5,565,12642.107421875,0.7815933227539062,/tmp/franka_compare_tracking_vs_baseline/tracking/seed5/summaries/events.out.tfevents.1781292111.batch-block5-01188
tracking_loss,franka_cube_trackloss_default_b7e04f0_seed5_20260612_1042,5,566,12454.20703125,0.794952392578125,/tmp/franka_compare_tracking_vs_baseline/tracking/seed5/summaries/events.out.tfevents.1781292111.batch-block5-01188
tracking_loss,franka_cube_trackloss_default_b7e04f0_seed5_20260612_1042,5,567,12380.5146484375,0.79150390625,/tmp/franka_compare_tracking_vs_baseline/tracking/seed5/summaries/events.out.tfevents.1781292111.batch-block5-01188
tracking_loss,franka_cube_trackloss_default_b7e04f0_seed5_20260612_1042,5,568,12595.3544921875,0.795135498046875,/tmp/franka_compare_tracking_vs_baseline/tracking/seed5/summaries/events.out.tfevents.1781292111.batch-block5-01188
tracking_loss,franka_cube_trackloss_default_b7e04f0_seed5_20260612_1042,5,569,12582.876953125,0.8066253662109375,/tmp/franka_compare_tracking_vs_baseline/tracking/seed5/summaries/events.out.tfevents.1781292111.batch-block5-01188
tracking_loss,franka_cube_trackloss_default_b7e04f0_seed5_20260612_1042,5,570,12686.30859375,0.8111343383789062,/tmp/franka_compare_tracking_vs_baseline/tracking/seed5/summaries/events.out.tfevents.1781292111.batch-block5-01188
tracking_loss,franka_cube_trackloss_default_b7e04f0_seed5_20260612_1042,5,571,12713.3662109375,0.806243896484375,/tmp/franka_compare_tracking_vs_baseline/tracking/seed5/summaries/events.out.tfevents.1781292111.batch-block5-01188
tracking_loss,franka_cube_trackloss_default_b7e04f0_seed5_20260612_1042,5,572,12664.748046875,0.6698226928710938,/tmp/franka_compare_tracking_vs_baseline/tracking/seed5/summaries/events.out.tfevents.1781292111.batch-block5-01188
tracking_loss,franka_cube_trackloss_default_b7e04f0_seed5_20260612_1042,5,573,12633.4287109375,0.7674484252929688,/tmp/franka_compare_tracking_vs_baseline/tracking/seed5/summaries/events.out.tfevents.1781292111.batch-block5-01188
tracking_loss,franka_cube_trackloss_default_b7e04f0_seed5_20260612_1042,5,574,12488.0224609375,0.7879180908203125,/tmp/franka_compare_tracking_vs_baseline/tracking/seed5/summaries/events.out.tfevents.1781292111.batch-block5-01188
tracking_loss,franka_cube_trackloss_default_b7e04f0_seed5_20260612_1042,5,575,12618.728515625,0.7944183349609375,/tmp/franka_compare_tracking_vs_baseline/tracking/seed5/summaries/events.out.tfevents.1781292111.batch-block5-01188
tracking_loss,franka_cube_trackloss_default_b7e04f0_seed5_20260612_1042,5,576,12556.3671875,0.794830322265625,/tmp/franka_compare_tracking_vs_baseline/tracking/seed5/summaries/events.out.tfevents.1781292111.batch-block5-01188
tracking_loss,franka_cube_trackloss_default_b7e04f0_seed5_20260612_1042,5,577,12545.6767578125,0.7962722778320312,/tmp/franka_compare_tracking_vs_baseline/tracking/seed5/summaries/events.out.tfevents.1781292111.batch-block5-01188
tracking_loss,franka_cube_trackloss_default_b7e04f0_seed5_20260612_1042,5,578,12632.2587890625,0.806365966796875,/tmp/franka_compare_tracking_vs_baseline/tracking/seed5/summaries/events.out.tfevents.1781292111.batch-block5-01188
tracking_loss,franka_cube_trackloss_default_b7e04f0_seed5_20260612_1042,5,579,12715.2744140625,0.813507080078125,/tmp/franka_compare_tracking_vs_baseline/tracking/seed5/summaries/events.out.tfevents.1781292111.batch-block5-01188
tracking_loss,franka_cube_trackloss_default_b7e04f0_seed5_20260612_1042,5,580,12813.43359375,0.8081893920898438,/tmp/franka_compare_tracking_vs_baseline/tracking/seed5/summaries/events.out.tfevents.1781292111.batch-block5-01188
tracking_loss,franka_cube_trackloss_default_b7e04f0_seed5_20260612_1042,5,581,12704.3369140625,0.7257232666015625,/tmp/franka_compare_tracking_vs_baseline/tracking/seed5/summaries/events.out.tfevents.1781292111.batch-block5-01188
tracking_loss,franka_cube_trackloss_default_b7e04f0_seed5_20260612_1042,5,582,12787.984375,0.7130508422851562,/tmp/franka_compare_tracking_vs_baseline/tracking/seed5/summaries/events.out.tfevents.1781292111.batch-block5-01188
tracking_loss,franka_cube_trackloss_default_b7e04f0_seed5_20260612_1042,5,583,12767.7958984375,0.795440673828125,/tmp/franka_compare_tracking_vs_baseline/tracking/seed5/summaries/events.out.tfevents.1781292111.batch-block5-01188
tracking_loss,franka_cube_trackloss_default_b7e04f0_seed5_20260612_1042,5,584,12812.2119140625,0.7868804931640625,/tmp/franka_compare_tracking_vs_baseline/tracking/seed5/summaries/events.out.tfevents.1781292111.batch-block5-01188
tracking_loss,franka_cube_trackloss_default_b7e04f0_seed5_20260612_1042,5,585,12558.5869140625,0.79443359375,/tmp/franka_compare_tracking_vs_baseline/tracking/seed5/summaries/events.out.tfevents.1781292111.batch-block5-01188
